<?xml version="1.0" encoding="UTF-8"?>
<gpx xmlns="http://www.topografix.com/GPX/1/1" xmlns:gpxtpx="http://www.garmin.com/xmlschemas/TrackPointExtension/v1" xmlns:xsi="http://www.w3.org/2001/XMLSchema-instance" xsi:schemaLocation="http://www.topografix.com/GPX/1/1 http://www.topografix.com/GPX/1/1/gpx.xsd" version="1.1" creator="gpx.py -- https://github.com/tkrajina/gpxpy">
  <trk>
    <name>gpx from keep</name>
    <type>Run</type>
    <trkseg>
      <trkpt lat="28.23192522105037" lon="112.90301561452168">
        <ele>63.48092654440552</ele>
        <time>2026-09-14T23:06:24.285000Z</time>
      </trkpt>
      <trkpt lat="28.2319235464526" lon="112.90301624640993">
        <ele>63.454427127726376</ele>
        <time>2026-09-14T22:43:59Z</time>
        <extensions>
          <gpxtpx:TrackPointExtension>
            <gpxtpx:hr>93</gpxtpx:hr>
          </gpxtpx:TrackPointExtension>
        </extensions>
      </trkpt>
      <trkpt lat="28.23192234722791" lon="112.90301666692672">
        <ele>63.430520004592836</ele>
        <time>2026-09-14T22:43:59.500000Z</time>
        <extensions>
          <gpxtpx:TrackPointExtension>
            <gpxtpx:hr>93</gpxtpx:hr>
          </gpxtpx:TrackPointExtension>
        </extensions>
      </trkpt>
      <trkpt lat="28.231920365050847" lon="112.903017147743">
        <ele>63.41029311064631</ele>
        <time>2026-09-14T22:44:00.500000Z</time>
        <extensions>
          <gpxtpx:TrackPointExtension>
            <gpxtpx:hr>93</gpxtpx:hr>
          </gpxtpx:TrackPointExtension>
        </extensions>
      </trkpt>
      <trkpt lat="28.23191803822469" lon="112.90301749113347">
        <ele>63.394994395785034</ele>
        <time>2026-09-14T22:44:01.500000Z</time>
        <extensions>
          <gpxtpx:TrackPointExtension>
            <gpxtpx:hr>93</gpxtpx:hr>
          </gpxtpx:TrackPointExtension>
        </extensions>
      </trkpt>
      <trkpt lat="28.231915302759624" lon="112.90301755232781">
        <ele>63.37719663511962</ele>
        <time>2026-09-14T22:44:02.500000Z</time>
        <extensions>
          <gpxtpx:TrackPointExtension>
            <gpxtpx:hr>93</gpxtpx:hr>
          </gpxtpx:TrackPointExtension>
        </extensions>
      </trkpt>
      <trkpt lat="28.231912069166178" lon="112.90301711076803">
        <ele>63.36391757428646</ele>
        <time>2026-09-14T22:44:03.500000Z</time>
        <extensions>
          <gpxtpx:TrackPointExtension>
            <gpxtpx:hr>94</gpxtpx:hr>
          </gpxtpx:TrackPointExtension>
        </extensions>
      </trkpt>
      <trkpt lat="28.231908431367494" lon="112.90301632209692">
        <ele>63.356162949465215</ele>
        <time>2026-09-14T22:44:04.500000Z</time>
        <extensions>
          <gpxtpx:TrackPointExtension>
            <gpxtpx:hr>94</gpxtpx:hr>
          </gpxtpx:TrackPointExtension>
        </extensions>
      </trkpt>
      <trkpt lat="28.231904554387768" lon="112.90301569713888">
        <ele>63.25211289152503</ele>
        <time>2026-09-14T22:44:05.500000Z</time>
        <extensions>
          <gpxtpx:TrackPointExtension>
            <gpxtpx:hr>94</gpxtpx:hr>
          </gpxtpx:TrackPointExtension>
        </extensions>
      </trkpt>
      <trkpt lat="28.231900937204962" lon="112.90301531766073">
        <ele>63.234370816498995</ele>
        <time>2026-09-14T22:44:06.500000Z</time>
        <extensions>
          <gpxtpx:TrackPointExtension>
            <gpxtpx:hr>97</gpxtpx:hr>
          </gpxtpx:TrackPointExtension>
        </extensions>
      </trkpt>
      <trkpt lat="28.231897966317877" lon="112.9030148268986">
        <ele>63.22063323762268</ele>
        <time>2026-09-14T22:44:07.500000Z</time>
        <extensions>
          <gpxtpx:TrackPointExtension>
            <gpxtpx:hr>97</gpxtpx:hr>
          </gpxtpx:TrackPointExtension>
        </extensions>
      </trkpt>
      <trkpt lat="28.23189558261996" lon="112.90301384854394">
        <ele>63.205273509025574</ele>
        <time>2026-09-14T22:44:08.500000Z</time>
        <extensions>
          <gpxtpx:TrackPointExtension>
            <gpxtpx:hr>97</gpxtpx:hr>
          </gpxtpx:TrackPointExtension>
        </extensions>
      </trkpt>
      <trkpt lat="28.23189354778332" lon="112.9030116977067">
        <ele>63.186451884917915</ele>
        <time>2026-09-14T22:44:09.500000Z</time>
        <extensions>
          <gpxtpx:TrackPointExtension>
            <gpxtpx:hr>97</gpxtpx:hr>
          </gpxtpx:TrackPointExtension>
        </extensions>
      </trkpt>
      <trkpt lat="28.231891399362105" lon="112.90300716791826">
        <ele>63.16277066990733</ele>
        <time>2026-09-14T22:44:10.500000Z</time>
        <extensions>
          <gpxtpx:TrackPointExtension>
            <gpxtpx:hr>97</gpxtpx:hr>
          </gpxtpx:TrackPointExtension>
        </extensions>
      </trkpt>
      <trkpt lat="28.231889772288618" lon="112.90300084230503">
        <ele>63.13293053675443</ele>
        <time>2026-09-14T22:44:11.500000Z</time>
        <extensions>
          <gpxtpx:TrackPointExtension>
            <gpxtpx:hr>99</gpxtpx:hr>
          </gpxtpx:TrackPointExtension>
        </extensions>
      </trkpt>
      <trkpt lat="28.231889611866126" lon="112.90299400750084">
        <ele>63.095655049197376</ele>
        <time>2026-09-14T22:44:12.500000Z</time>
        <extensions>
          <gpxtpx:TrackPointExtension>
            <gpxtpx:hr>99</gpxtpx:hr>
          </gpxtpx:TrackPointExtension>
        </extensions>
      </trkpt>
      <trkpt lat="28.23189120912154" lon="112.90298642871551">
        <ele>63.04969679377973</ele>
        <time>2026-09-14T22:44:13.500000Z</time>
        <extensions>
          <gpxtpx:TrackPointExtension>
            <gpxtpx:hr>99</gpxtpx:hr>
          </gpxtpx:TrackPointExtension>
        </extensions>
      </trkpt>
      <trkpt lat="28.231894170663498" lon="112.90297796484381">
        <ele>62.99381154123694</ele>
        <time>2026-09-14T22:44:14.500000Z</time>
        <extensions>
          <gpxtpx:TrackPointExtension>
            <gpxtpx:hr>99</gpxtpx:hr>
          </gpxtpx:TrackPointExtension>
        </extensions>
      </trkpt>
      <trkpt lat="28.231897837099197" lon="112.90296864893078">
        <ele>62.92675946652889</ele>
        <time>2026-09-14T22:44:15.500000Z</time>
        <extensions>
          <gpxtpx:TrackPointExtension>
            <gpxtpx:hr>99</gpxtpx:hr>
          </gpxtpx:TrackPointExtension>
        </extensions>
      </trkpt>
      <trkpt lat="28.23190229510437" lon="112.9029584079285">
        <ele>62.84739861730486</ele>
        <time>2026-09-14T22:44:16.500000Z</time>
        <extensions>
          <gpxtpx:TrackPointExtension>
            <gpxtpx:hr>99</gpxtpx:hr>
          </gpxtpx:TrackPointExtension>
        </extensions>
      </trkpt>
      <trkpt lat="28.23190772016599" lon="112.9029472645357">
        <ele>62.75472143199295</ele>
        <time>2026-09-14T22:44:17.500000Z</time>
        <extensions>
          <gpxtpx:TrackPointExtension>
            <gpxtpx:hr>99</gpxtpx:hr>
          </gpxtpx:TrackPointExtension>
        </extensions>
      </trkpt>
      <trkpt lat="28.231913812448227" lon="112.90293565576233">
        <ele>62.647951098158956</ele>
        <time>2026-09-14T22:44:18.500000Z</time>
        <extensions>
          <gpxtpx:TrackPointExtension>
            <gpxtpx:hr>100</gpxtpx:hr>
          </gpxtpx:TrackPointExtension>
        </extensions>
      </trkpt>
      <trkpt lat="28.231919938569202" lon="112.90292411704297">
        <ele>62.52659746166319</ele>
        <time>2026-09-14T22:44:19.500000Z</time>
        <extensions>
          <gpxtpx:TrackPointExtension>
            <gpxtpx:hr>100</gpxtpx:hr>
          </gpxtpx:TrackPointExtension>
        </extensions>
      </trkpt>
      <trkpt lat="28.231925132417828" lon="112.90291287990674">
        <ele>62.39049336966127</ele>
        <time>2026-09-14T22:44:20.500000Z</time>
        <extensions>
          <gpxtpx:TrackPointExtension>
            <gpxtpx:hr>100</gpxtpx:hr>
          </gpxtpx:TrackPointExtension>
        </extensions>
      </trkpt>
      <trkpt lat="28.231928978659905" lon="112.90290200248613">
        <ele>62.23985636420548</ele>
        <time>2026-09-14T22:44:21.500000Z</time>
        <extensions>
          <gpxtpx:TrackPointExtension>
            <gpxtpx:hr>100</gpxtpx:hr>
          </gpxtpx:TrackPointExtension>
        </extensions>
      </trkpt>
      <trkpt lat="28.23193180167177" lon="112.90289164391169">
        <ele>62.07533176243305</ele>
        <time>2026-09-14T22:44:22.500000Z</time>
        <extensions>
          <gpxtpx:TrackPointExtension>
            <gpxtpx:hr>100</gpxtpx:hr>
          </gpxtpx:TrackPointExtension>
        </extensions>
      </trkpt>
      <trkpt lat="28.23193486028979" lon="112.90288224766475">
        <ele>61.898043321445584</ele>
        <time>2026-09-14T22:44:23.500000Z</time>
        <extensions>
          <gpxtpx:TrackPointExtension>
            <gpxtpx:hr>100</gpxtpx:hr>
          </gpxtpx:TrackPointExtension>
        </extensions>
      </trkpt>
      <trkpt lat="28.231939458527805" lon="112.90287425430756">
        <ele>61.70961809158325</ele>
        <time>2026-09-14T22:44:24.500000Z</time>
        <extensions>
          <gpxtpx:TrackPointExtension>
            <gpxtpx:hr>100</gpxtpx:hr>
          </gpxtpx:TrackPointExtension>
        </extensions>
      </trkpt>
      <trkpt lat="28.231945460204354" lon="112.90286759089933">
        <ele>61.512119269929826</ele>
        <time>2026-09-14T22:44:25.500000Z</time>
        <extensions>
          <gpxtpx:TrackPointExtension>
            <gpxtpx:hr>100</gpxtpx:hr>
          </gpxtpx:TrackPointExtension>
        </extensions>
      </trkpt>
      <trkpt lat="28.231952364542728" lon="112.90286181450702">
        <ele>61.307929212227464</ele>
        <time>2026-09-14T22:44:26.500000Z</time>
        <extensions>
          <gpxtpx:TrackPointExtension>
            <gpxtpx:hr>100</gpxtpx:hr>
          </gpxtpx:TrackPointExtension>
        </extensions>
      </trkpt>
      <trkpt lat="28.231959944389985" lon="112.90285662924342">
        <ele>61.099623835645616</ele>
        <time>2026-09-14T22:44:27.500000Z</time>
        <extensions>
          <gpxtpx:TrackPointExtension>
            <gpxtpx:hr>100</gpxtpx:hr>
          </gpxtpx:TrackPointExtension>
        </extensions>
      </trkpt>
      <trkpt lat="28.231968087743848" lon="112.90285208470259">
        <ele>60.88990816567093</ele>
        <time>2026-09-14T22:44:28.500000Z</time>
        <extensions>
          <gpxtpx:TrackPointExtension>
            <gpxtpx:hr>100</gpxtpx:hr>
          </gpxtpx:TrackPointExtension>
        </extensions>
      </trkpt>
      <trkpt lat="28.23197632993786" lon="112.90284847898717">
        <ele>60.68169057555497</ele>
        <time>2026-09-14T22:44:29.500000Z</time>
        <extensions>
          <gpxtpx:TrackPointExtension>
            <gpxtpx:hr>100</gpxtpx:hr>
          </gpxtpx:TrackPointExtension>
        </extensions>
      </trkpt>
      <trkpt lat="28.23198368635075" lon="112.90284600512379">
        <ele>60.478245075792074</ele>
        <time>2026-09-14T22:44:30.500000Z</time>
        <extensions>
          <gpxtpx:TrackPointExtension>
            <gpxtpx:hr>102</gpxtpx:hr>
          </gpxtpx:TrackPointExtension>
        </extensions>
      </trkpt>
      <trkpt lat="28.231989958796746" lon="112.90284438632702">
        <ele>60.28280805144459</ele>
        <time>2026-09-14T22:44:31.400000Z</time>
        <extensions>
          <gpxtpx:TrackPointExtension>
            <gpxtpx:hr>102</gpxtpx:hr>
          </gpxtpx:TrackPointExtension>
        </extensions>
      </trkpt>
      <trkpt lat="28.231995691214024" lon="112.90284324324601">
        <ele>60.097639073617756</ele>
        <time>2026-09-14T22:44:32.400000Z</time>
        <extensions>
          <gpxtpx:TrackPointExtension>
            <gpxtpx:hr>102</gpxtpx:hr>
          </gpxtpx:TrackPointExtension>
        </extensions>
      </trkpt>
      <trkpt lat="28.23200139663854" lon="112.90284226561704">
        <ele>59.923784599639475</ele>
        <time>2026-09-14T22:44:33.400000Z</time>
        <extensions>
          <gpxtpx:TrackPointExtension>
            <gpxtpx:hr>101</gpxtpx:hr>
          </gpxtpx:TrackPointExtension>
        </extensions>
      </trkpt>
      <trkpt lat="28.23200737847547" lon="112.90284131322105">
        <ele>59.76154779922217</ele>
        <time>2026-09-14T22:44:34.400000Z</time>
        <extensions>
          <gpxtpx:TrackPointExtension>
            <gpxtpx:hr>101</gpxtpx:hr>
          </gpxtpx:TrackPointExtension>
        </extensions>
      </trkpt>
      <trkpt lat="28.232013577033058" lon="112.90284039709637">
        <ele>59.61081891879439</ele>
        <time>2026-09-14T22:44:35.400000Z</time>
        <extensions>
          <gpxtpx:TrackPointExtension>
            <gpxtpx:hr>101</gpxtpx:hr>
          </gpxtpx:TrackPointExtension>
        </extensions>
      </trkpt>
      <trkpt lat="28.23201991775672" lon="112.90283946209314">
        <ele>59.471146238036454</ele>
        <time>2026-09-14T22:44:36.400000Z</time>
        <extensions>
          <gpxtpx:TrackPointExtension>
            <gpxtpx:hr>101</gpxtpx:hr>
          </gpxtpx:TrackPointExtension>
        </extensions>
      </trkpt>
      <trkpt lat="28.232026272694185" lon="112.90283850922201">
        <ele>59.34176314435899</ele>
        <time>2026-09-14T22:44:37.400000Z</time>
        <extensions>
          <gpxtpx:TrackPointExtension>
            <gpxtpx:hr>97</gpxtpx:hr>
          </gpxtpx:TrackPointExtension>
        </extensions>
      </trkpt>
      <trkpt lat="28.232032710634787" lon="112.90283738742735">
        <ele>59.22167220059782</ele>
        <time>2026-09-14T22:44:38.400000Z</time>
        <extensions>
          <gpxtpx:TrackPointExtension>
            <gpxtpx:hr>97</gpxtpx:hr>
          </gpxtpx:TrackPointExtension>
        </extensions>
      </trkpt>
      <trkpt lat="28.232039533143627" lon="112.90283607921641">
        <ele>59.109725343063474</ele>
        <time>2026-09-14T22:44:39.400000Z</time>
        <extensions>
          <gpxtpx:TrackPointExtension>
            <gpxtpx:hr>97</gpxtpx:hr>
          </gpxtpx:TrackPointExtension>
        </extensions>
      </trkpt>
      <trkpt lat="28.23204713791842" lon="112.90283469050141">
        <ele>59.00474794115871</ele>
        <time>2026-09-14T22:44:40.400000Z</time>
        <extensions>
          <gpxtpx:TrackPointExtension>
            <gpxtpx:hr>97</gpxtpx:hr>
          </gpxtpx:TrackPointExtension>
        </extensions>
      </trkpt>
      <trkpt lat="28.232055425667863" lon="112.90283333853715">
        <ele>58.905602376908064</ele>
        <time>2026-09-14T22:44:41.400000Z</time>
        <extensions>
          <gpxtpx:TrackPointExtension>
            <gpxtpx:hr>97</gpxtpx:hr>
          </gpxtpx:TrackPointExtension>
        </extensions>
      </trkpt>
      <trkpt lat="28.232063319794623" lon="112.90283220037774">
        <ele>58.81119186710566</ele>
        <time>2026-09-14T22:44:42.400000Z</time>
        <extensions>
          <gpxtpx:TrackPointExtension>
            <gpxtpx:hr>97</gpxtpx:hr>
          </gpxtpx:TrackPointExtension>
        </extensions>
      </trkpt>
      <trkpt lat="28.23206994779711" lon="112.90283123952598">
        <ele>58.720551365055144</ele>
        <time>2026-09-14T22:44:43.400000Z</time>
        <extensions>
          <gpxtpx:TrackPointExtension>
            <gpxtpx:hr>97</gpxtpx:hr>
          </gpxtpx:TrackPointExtension>
        </extensions>
      </trkpt>
      <trkpt lat="28.232075102150343" lon="112.90283011136246">
        <ele>58.63301362004131</ele>
        <time>2026-09-14T22:44:44.400000Z</time>
        <extensions>
          <gpxtpx:TrackPointExtension>
            <gpxtpx:hr>100</gpxtpx:hr>
          </gpxtpx:TrackPointExtension>
        </extensions>
      </trkpt>
      <trkpt lat="28.232078639981445" lon="112.9028281919698">
        <ele>58.548246655613184</ele>
        <time>2026-09-14T22:44:45.400000Z</time>
        <extensions>
          <gpxtpx:TrackPointExtension>
            <gpxtpx:hr>100</gpxtpx:hr>
          </gpxtpx:TrackPointExtension>
        </extensions>
      </trkpt>
      <trkpt lat="28.23208027365478" lon="112.9028245197708">
        <ele>58.46617436222732</ele>
        <time>2026-09-14T22:44:46.400000Z</time>
        <extensions>
          <gpxtpx:TrackPointExtension>
            <gpxtpx:hr>100</gpxtpx:hr>
          </gpxtpx:TrackPointExtension>
        </extensions>
      </trkpt>
      <trkpt lat="28.23208075401197" lon="112.90281894651348">
        <ele>58.38693395443261</ele>
        <time>2026-09-14T22:44:47.400000Z</time>
        <extensions>
          <gpxtpx:TrackPointExtension>
            <gpxtpx:hr>100</gpxtpx:hr>
          </gpxtpx:TrackPointExtension>
        </extensions>
      </trkpt>
      <trkpt lat="28.23208160762768" lon="112.90281245920788">
        <ele>58.31075121834874</ele>
        <time>2026-09-14T22:44:48.400000Z</time>
        <extensions>
          <gpxtpx:TrackPointExtension>
            <gpxtpx:hr>100</gpxtpx:hr>
          </gpxtpx:TrackPointExtension>
        </extensions>
      </trkpt>
      <trkpt lat="28.232084014872633" lon="112.90280707186827">
        <ele>58.2378296116367</ele>
        <time>2026-09-14T22:44:49.400000Z</time>
        <extensions>
          <gpxtpx:TrackPointExtension>
            <gpxtpx:hr>103</gpxtpx:hr>
          </gpxtpx:TrackPointExtension>
        </extensions>
      </trkpt>
      <trkpt lat="28.23208807551249" lon="112.90280363883888">
        <ele>58.16841422300786</ele>
        <time>2026-09-14T22:44:50.400000Z</time>
        <extensions>
          <gpxtpx:TrackPointExtension>
            <gpxtpx:hr>103</gpxtpx:hr>
          </gpxtpx:TrackPointExtension>
        </extensions>
      </trkpt>
      <trkpt lat="28.23209310771966" lon="112.9028012456381">
        <ele>58.102877925150096</ele>
        <time>2026-09-14T22:44:51.400000Z</time>
        <extensions>
          <gpxtpx:TrackPointExtension>
            <gpxtpx:hr>103</gpxtpx:hr>
          </gpxtpx:TrackPointExtension>
        </extensions>
      </trkpt>
      <trkpt lat="28.232098837025298" lon="112.90279933925115">
        <ele>58.04181226249784</ele>
        <time>2026-09-14T22:44:52.400000Z</time>
        <extensions>
          <gpxtpx:TrackPointExtension>
            <gpxtpx:hr>104</gpxtpx:hr>
          </gpxtpx:TrackPointExtension>
        </extensions>
      </trkpt>
      <trkpt lat="28.232105118900467" lon="112.90279762340191">
        <ele>57.98612009175122</ele>
        <time>2026-09-14T22:44:53.400000Z</time>
        <extensions>
          <gpxtpx:TrackPointExtension>
            <gpxtpx:hr>104</gpxtpx:hr>
          </gpxtpx:TrackPointExtension>
        </extensions>
      </trkpt>
      <trkpt lat="28.232112073007514" lon="112.90279590553341">
        <ele>57.937073450535536</ele>
        <time>2026-09-14T22:44:54.400000Z</time>
        <extensions>
          <gpxtpx:TrackPointExtension>
            <gpxtpx:hr>104</gpxtpx:hr>
          </gpxtpx:TrackPointExtension>
        </extensions>
      </trkpt>
      <trkpt lat="28.232118453323817" lon="112.90279430651262">
        <ele>57.901992411352694</ele>
        <time>2026-09-14T22:44:55.200000Z</time>
        <extensions>
          <gpxtpx:TrackPointExtension>
            <gpxtpx:hr>104</gpxtpx:hr>
          </gpxtpx:TrackPointExtension>
        </extensions>
      </trkpt>
      <trkpt lat="28.23212682913774" lon="112.90279198986339">
        <ele>57.86778004094958</ele>
        <time>2026-09-14T22:44:56.200000Z</time>
        <extensions>
          <gpxtpx:TrackPointExtension>
            <gpxtpx:hr>104</gpxtpx:hr>
          </gpxtpx:TrackPointExtension>
        </extensions>
      </trkpt>
      <trkpt lat="28.232135736870113" lon="112.90278924268782">
        <ele>57.84323829226196</ele>
        <time>2026-09-14T22:44:57.200000Z</time>
        <extensions>
          <gpxtpx:TrackPointExtension>
            <gpxtpx:hr>104</gpxtpx:hr>
          </gpxtpx:TrackPointExtension>
        </extensions>
      </trkpt>
      <trkpt lat="28.232144984283696" lon="112.90278613242623">
        <ele>57.82751949876547</ele>
        <time>2026-09-14T22:44:58.200000Z</time>
        <extensions>
          <gpxtpx:TrackPointExtension>
            <gpxtpx:hr>106</gpxtpx:hr>
          </gpxtpx:TrackPointExtension>
        </extensions>
      </trkpt>
      <trkpt lat="28.232154469337377" lon="112.90278264109213">
        <ele>57.819249640218914</ele>
        <time>2026-09-14T22:44:59.200000Z</time>
        <extensions>
          <gpxtpx:TrackPointExtension>
            <gpxtpx:hr>106</gpxtpx:hr>
          </gpxtpx:TrackPointExtension>
        </extensions>
      </trkpt>
      <trkpt lat="28.232164262764332" lon="112.90277866972069">
        <ele>57.81689998693764</ele>
        <time>2026-09-14T22:45:00.200000Z</time>
        <extensions>
          <gpxtpx:TrackPointExtension>
            <gpxtpx:hr>106</gpxtpx:hr>
          </gpxtpx:TrackPointExtension>
        </extensions>
      </trkpt>
      <trkpt lat="28.23217443071788" lon="112.90277416500254">
        <ele>57.818988838233054</ele>
        <time>2026-09-14T22:45:01.200000Z</time>
        <extensions>
          <gpxtpx:TrackPointExtension>
            <gpxtpx:hr>106</gpxtpx:hr>
          </gpxtpx:TrackPointExtension>
        </extensions>
      </trkpt>
      <trkpt lat="28.23218478129092" lon="112.90276925822718">
        <ele>57.82420376781374</ele>
        <time>2026-09-14T22:45:02.200000Z</time>
        <extensions>
          <gpxtpx:TrackPointExtension>
            <gpxtpx:hr>106</gpxtpx:hr>
          </gpxtpx:TrackPointExtension>
        </extensions>
      </trkpt>
      <trkpt lat="28.232195204690704" lon="112.90276413503892">
        <ele>57.83145589567721</ele>
        <time>2026-09-14T22:45:03.200000Z</time>
        <extensions>
          <gpxtpx:TrackPointExtension>
            <gpxtpx:hr>106</gpxtpx:hr>
          </gpxtpx:TrackPointExtension>
        </extensions>
      </trkpt>
      <trkpt lat="28.232205683278597" lon="112.90275883222537">
        <ele>57.83987124916166</ele>
        <time>2026-09-14T22:45:04.200000Z</time>
        <extensions>
          <gpxtpx:TrackPointExtension>
            <gpxtpx:hr>106</gpxtpx:hr>
          </gpxtpx:TrackPointExtension>
        </extensions>
      </trkpt>
      <trkpt lat="28.232216173056734" lon="112.90275331223548">
        <ele>57.84874606784433</ele>
        <time>2026-09-14T22:45:05.200000Z</time>
        <extensions>
          <gpxtpx:TrackPointExtension>
            <gpxtpx:hr>108</gpxtpx:hr>
          </gpxtpx:TrackPointExtension>
        </extensions>
      </trkpt>
      <trkpt lat="28.232226468470728" lon="112.90274763705193">
        <ele>57.857513879425824</ele>
        <time>2026-09-14T22:45:06.200000Z</time>
        <extensions>
          <gpxtpx:TrackPointExtension>
            <gpxtpx:hr>108</gpxtpx:hr>
          </gpxtpx:TrackPointExtension>
        </extensions>
      </trkpt>
      <trkpt lat="28.23223635961722" lon="112.90274188679078">
        <ele>57.86576361767948</ele>
        <time>2026-09-14T22:45:07.200000Z</time>
        <extensions>
          <gpxtpx:TrackPointExtension>
            <gpxtpx:hr>108</gpxtpx:hr>
          </gpxtpx:TrackPointExtension>
        </extensions>
      </trkpt>
      <trkpt lat="28.232245855879775" lon="112.90273614684594">
        <ele>57.87326945178211</ele>
        <time>2026-09-14T22:45:08.200000Z</time>
        <extensions>
          <gpxtpx:TrackPointExtension>
            <gpxtpx:hr>108</gpxtpx:hr>
          </gpxtpx:TrackPointExtension>
        </extensions>
      </trkpt>
      <trkpt lat="28.2322551469868" lon="112.90273055710493">
        <ele>57.879956719465554</ele>
        <time>2026-09-14T22:45:09.200000Z</time>
        <extensions>
          <gpxtpx:TrackPointExtension>
            <gpxtpx:hr>108</gpxtpx:hr>
          </gpxtpx:TrackPointExtension>
        </extensions>
      </trkpt>
      <trkpt lat="28.23226444973684" lon="112.90272516030603">
        <ele>57.885822276584804</ele>
        <time>2026-09-14T22:45:10.200000Z</time>
        <extensions>
          <gpxtpx:TrackPointExtension>
            <gpxtpx:hr>103</gpxtpx:hr>
          </gpxtpx:TrackPointExtension>
        </extensions>
      </trkpt>
      <trkpt lat="28.2322739927691" lon="112.90271979476309">
        <ele>57.89087367989123</ele>
        <time>2026-09-14T22:45:11.200000Z</time>
        <extensions>
          <gpxtpx:TrackPointExtension>
            <gpxtpx:hr>103</gpxtpx:hr>
          </gpxtpx:TrackPointExtension>
        </extensions>
      </trkpt>
      <trkpt lat="28.232284061388835" lon="112.90271427530836">
        <ele>57.89515698514879</ele>
        <time>2026-09-14T22:45:12.200000Z</time>
        <extensions>
          <gpxtpx:TrackPointExtension>
            <gpxtpx:hr>103</gpxtpx:hr>
          </gpxtpx:TrackPointExtension>
        </extensions>
      </trkpt>
      <trkpt lat="28.232294843991237" lon="112.90270854454509">
        <ele>57.898810918442905</ele>
        <time>2026-09-14T22:45:13.200000Z</time>
        <extensions>
          <gpxtpx:TrackPointExtension>
            <gpxtpx:hr>103</gpxtpx:hr>
          </gpxtpx:TrackPointExtension>
        </extensions>
      </trkpt>
      <trkpt lat="28.23230619183923" lon="112.90270264440028">
        <ele>57.90207695774734</ele>
        <time>2026-09-14T22:45:14.200000Z</time>
        <extensions>
          <gpxtpx:TrackPointExtension>
            <gpxtpx:hr>103</gpxtpx:hr>
          </gpxtpx:TrackPointExtension>
        </extensions>
      </trkpt>
      <trkpt lat="28.232317846026714" lon="112.9026965851535">
        <ele>57.905271521769464</ele>
        <time>2026-09-14T22:45:15.200000Z</time>
        <extensions>
          <gpxtpx:TrackPointExtension>
            <gpxtpx:hr>103</gpxtpx:hr>
          </gpxtpx:TrackPointExtension>
        </extensions>
      </trkpt>
      <trkpt lat="28.232329543292593" lon="112.90269047958274">
        <ele>57.90869933180511</ele>
        <time>2026-09-14T22:45:16.200000Z</time>
        <extensions>
          <gpxtpx:TrackPointExtension>
            <gpxtpx:hr>103</gpxtpx:hr>
          </gpxtpx:TrackPointExtension>
        </extensions>
      </trkpt>
      <trkpt lat="28.232341041270683" lon="112.90268461801963">
        <ele>57.91261219698936</ele>
        <time>2026-09-14T22:45:17.200000Z</time>
        <extensions>
          <gpxtpx:TrackPointExtension>
            <gpxtpx:hr>103</gpxtpx:hr>
          </gpxtpx:TrackPointExtension>
        </extensions>
      </trkpt>
      <trkpt lat="28.232352475597835" lon="112.90267916579629">
        <ele>57.91719847545028</ele>
        <time>2026-09-14T22:45:18.200000Z</time>
        <extensions>
          <gpxtpx:TrackPointExtension>
            <gpxtpx:hr>102</gpxtpx:hr>
          </gpxtpx:TrackPointExtension>
        </extensions>
      </trkpt>
      <trkpt lat="28.232364127419693" lon="112.90267414177283">
        <ele>57.92260293941945</ele>
        <time>2026-09-14T22:45:19.200000Z</time>
        <extensions>
          <gpxtpx:TrackPointExtension>
            <gpxtpx:hr>102</gpxtpx:hr>
          </gpxtpx:TrackPointExtension>
        </extensions>
      </trkpt>
      <trkpt lat="28.232376081340682" lon="112.9026696379429">
        <ele>57.92905683722347</ele>
        <time>2026-09-14T22:45:20.200000Z</time>
        <extensions>
          <gpxtpx:TrackPointExtension>
            <gpxtpx:hr>102</gpxtpx:hr>
          </gpxtpx:TrackPointExtension>
        </extensions>
      </trkpt>
      <trkpt lat="28.232388190718535" lon="112.90266572931102">
        <ele>57.93696404527873</ele>
        <time>2026-09-14T22:45:21.200000Z</time>
        <extensions>
          <gpxtpx:TrackPointExtension>
            <gpxtpx:hr>102</gpxtpx:hr>
          </gpxtpx:TrackPointExtension>
        </extensions>
      </trkpt>
      <trkpt lat="28.23240025882191" lon="112.90266236234532">
        <ele>57.94712954759598</ele>
        <time>2026-09-14T22:45:22.200000Z</time>
        <extensions>
          <gpxtpx:TrackPointExtension>
            <gpxtpx:hr>102</gpxtpx:hr>
          </gpxtpx:TrackPointExtension>
        </extensions>
      </trkpt>
      <trkpt lat="28.23241239519009" lon="112.90265946359068">
        <ele>57.96099944598973</ele>
        <time>2026-09-14T22:45:23.200000Z</time>
        <extensions>
          <gpxtpx:TrackPointExtension>
            <gpxtpx:hr>101</gpxtpx:hr>
          </gpxtpx:TrackPointExtension>
        </extensions>
      </trkpt>
      <trkpt lat="28.232424951602354" lon="112.90265689284153">
        <ele>57.98078121803701</ele>
        <time>2026-09-14T22:45:24.200000Z</time>
        <extensions>
          <gpxtpx:TrackPointExtension>
            <gpxtpx:hr>101</gpxtpx:hr>
          </gpxtpx:TrackPointExtension>
        </extensions>
      </trkpt>
      <trkpt lat="28.23243811496547" lon="112.90265463424528">
        <ele>58.00948692020029</ele>
        <time>2026-09-14T22:45:25.200000Z</time>
        <extensions>
          <gpxtpx:TrackPointExtension>
            <gpxtpx:hr>101</gpxtpx:hr>
          </gpxtpx:TrackPointExtension>
        </extensions>
      </trkpt>
      <trkpt lat="28.23245190946063" lon="112.90265243422293">
        <ele>58.05091142747551</ele>
        <time>2026-09-14T22:45:26.200000Z</time>
        <extensions>
          <gpxtpx:TrackPointExtension>
            <gpxtpx:hr>101</gpxtpx:hr>
          </gpxtpx:TrackPointExtension>
        </extensions>
      </trkpt>
      <trkpt lat="28.232466156371032" lon="112.9026497033903">
        <ele>58.10948432981968</ele>
        <time>2026-09-14T22:45:27.200000Z</time>
        <extensions>
          <gpxtpx:TrackPointExtension>
            <gpxtpx:hr>102</gpxtpx:hr>
          </gpxtpx:TrackPointExtension>
        </extensions>
      </trkpt>
      <trkpt lat="28.232480395587668" lon="112.90264653781486">
        <ele>58.18977444153279</ele>
        <time>2026-09-14T22:45:28.200000Z</time>
        <extensions>
          <gpxtpx:TrackPointExtension>
            <gpxtpx:hr>102</gpxtpx:hr>
          </gpxtpx:TrackPointExtension>
        </extensions>
      </trkpt>
      <trkpt lat="28.23249416557798" lon="112.90264329919171">
        <ele>58.29552061483264</ele>
        <time>2026-09-14T22:45:29.200000Z</time>
        <extensions>
          <gpxtpx:TrackPointExtension>
            <gpxtpx:hr>102</gpxtpx:hr>
          </gpxtpx:TrackPointExtension>
        </extensions>
      </trkpt>
      <trkpt lat="28.23250744339216" lon="112.90264007328362">
        <ele>58.42813241761178</ele>
        <time>2026-09-14T22:45:30.200000Z</time>
        <extensions>
          <gpxtpx:TrackPointExtension>
            <gpxtpx:hr>102</gpxtpx:hr>
          </gpxtpx:TrackPointExtension>
        </extensions>
      </trkpt>
      <trkpt lat="28.232521914327315" lon="112.90263664831703">
        <ele>58.60216425266117</ele>
        <time>2026-09-14T22:45:31.300000Z</time>
        <extensions>
          <gpxtpx:TrackPointExtension>
            <gpxtpx:hr>102</gpxtpx:hr>
          </gpxtpx:TrackPointExtension>
        </extensions>
      </trkpt>
      <trkpt lat="28.232535028871265" lon="112.90263360503207">
        <ele>58.77557217422873</ele>
        <time>2026-09-14T22:45:32.300000Z</time>
        <extensions>
          <gpxtpx:TrackPointExtension>
            <gpxtpx:hr>103</gpxtpx:hr>
          </gpxtpx:TrackPointExtension>
        </extensions>
      </trkpt>
      <trkpt lat="28.232548212469332" lon="112.90263047830025">
        <ele>58.954984495416284</ele>
        <time>2026-09-14T22:45:33.300000Z</time>
        <extensions>
          <gpxtpx:TrackPointExtension>
            <gpxtpx:hr>103</gpxtpx:hr>
          </gpxtpx:TrackPointExtension>
        </extensions>
      </trkpt>
      <trkpt lat="28.232561282810718" lon="112.90262724703017">
        <ele>59.1352258073166</ele>
        <time>2026-09-14T22:45:34.300000Z</time>
        <extensions>
          <gpxtpx:TrackPointExtension>
            <gpxtpx:hr>103</gpxtpx:hr>
          </gpxtpx:TrackPointExtension>
        </extensions>
      </trkpt>
      <trkpt lat="28.232574012524726" lon="112.9026239524736">
        <ele>59.31233080569655</ele>
        <time>2026-09-14T22:45:35.300000Z</time>
        <extensions>
          <gpxtpx:TrackPointExtension>
            <gpxtpx:hr>103</gpxtpx:hr>
          </gpxtpx:TrackPointExtension>
        </extensions>
      </trkpt>
      <trkpt lat="28.232586634281073" lon="112.90262051007313">
        <ele>59.484131360426545</ele>
        <time>2026-09-14T22:45:36.300000Z</time>
        <extensions>
          <gpxtpx:TrackPointExtension>
            <gpxtpx:hr>101</gpxtpx:hr>
          </gpxtpx:TrackPointExtension>
        </extensions>
      </trkpt>
      <trkpt lat="28.23259941083827" lon="112.90261677424049">
        <ele>59.648813270032406</ele>
        <time>2026-09-14T22:45:37.300000Z</time>
        <extensions>
          <gpxtpx:TrackPointExtension>
            <gpxtpx:hr>101</gpxtpx:hr>
          </gpxtpx:TrackPointExtension>
        </extensions>
      </trkpt>
      <trkpt lat="28.23261223874989" lon="112.9026127459479">
        <ele>59.804941864684224</ele>
        <time>2026-09-14T22:45:38.300000Z</time>
        <extensions>
          <gpxtpx:TrackPointExtension>
            <gpxtpx:hr>101</gpxtpx:hr>
          </gpxtpx:TrackPointExtension>
        </extensions>
      </trkpt>
      <trkpt lat="28.232625027686943" lon="112.90260856333302">
        <ele>59.93659960664809</ele>
        <time>2026-09-14T22:45:39.300000Z</time>
        <extensions>
          <gpxtpx:TrackPointExtension>
            <gpxtpx:hr>101</gpxtpx:hr>
          </gpxtpx:TrackPointExtension>
        </extensions>
      </trkpt>
      <trkpt lat="28.232637689380905" lon="112.90260439203747">
        <ele>60.07095392327756</ele>
        <time>2026-09-14T22:45:40.300000Z</time>
        <extensions>
          <gpxtpx:TrackPointExtension>
            <gpxtpx:hr>101</gpxtpx:hr>
          </gpxtpx:TrackPointExtension>
        </extensions>
      </trkpt>
      <trkpt lat="28.232649859170284" lon="112.90260027180788">
        <ele>60.19495370052755</ele>
        <time>2026-09-14T22:45:41.300000Z</time>
        <extensions>
          <gpxtpx:TrackPointExtension>
            <gpxtpx:hr>102</gpxtpx:hr>
          </gpxtpx:TrackPointExtension>
        </extensions>
      </trkpt>
      <trkpt lat="28.232661254652797" lon="112.90259620905596">
        <ele>60.30826189275831</ele>
        <time>2026-09-14T22:45:42.300000Z</time>
        <extensions>
          <gpxtpx:TrackPointExtension>
            <gpxtpx:hr>102</gpxtpx:hr>
          </gpxtpx:TrackPointExtension>
        </extensions>
      </trkpt>
      <trkpt lat="28.232672287937458" lon="112.902592069653">
        <ele>60.41048466414213</ele>
        <time>2026-09-14T22:45:43.300000Z</time>
        <extensions>
          <gpxtpx:TrackPointExtension>
            <gpxtpx:hr>102</gpxtpx:hr>
          </gpxtpx:TrackPointExtension>
        </extensions>
      </trkpt>
      <trkpt lat="28.2326833654122" lon="112.90258771676822">
        <ele>60.5013931337744</ele>
        <time>2026-09-14T22:45:44.300000Z</time>
        <extensions>
          <gpxtpx:TrackPointExtension>
            <gpxtpx:hr>102</gpxtpx:hr>
          </gpxtpx:TrackPointExtension>
        </extensions>
      </trkpt>
      <trkpt lat="28.232694476932938" lon="112.90258323150503">
        <ele>60.58051978144795</ele>
        <time>2026-09-14T22:45:45.300000Z</time>
        <extensions>
          <gpxtpx:TrackPointExtension>
            <gpxtpx:hr>102</gpxtpx:hr>
          </gpxtpx:TrackPointExtension>
        </extensions>
      </trkpt>
      <trkpt lat="28.232705637429405" lon="112.90257874465976">
        <ele>60.647832905873656</ele>
        <time>2026-09-14T22:45:46.300000Z</time>
        <extensions>
          <gpxtpx:TrackPointExtension>
            <gpxtpx:hr>102</gpxtpx:hr>
          </gpxtpx:TrackPointExtension>
        </extensions>
      </trkpt>
      <trkpt lat="28.23271666315316" lon="112.90257437180281">
        <ele>60.70322644151747</ele>
        <time>2026-09-14T22:45:47.300000Z</time>
        <extensions>
          <gpxtpx:TrackPointExtension>
            <gpxtpx:hr>102</gpxtpx:hr>
          </gpxtpx:TrackPointExtension>
        </extensions>
      </trkpt>
      <trkpt lat="28.23272720362179" lon="112.90257049567043">
        <ele>60.74702549632639</ele>
        <time>2026-09-14T22:45:48.300000Z</time>
        <extensions>
          <gpxtpx:TrackPointExtension>
            <gpxtpx:hr>101</gpxtpx:hr>
          </gpxtpx:TrackPointExtension>
        </extensions>
      </trkpt>
      <trkpt lat="28.23273686690752" lon="112.90256784763554">
        <ele>60.779264602810144</ele>
        <time>2026-09-14T22:45:49.300000Z</time>
        <extensions>
          <gpxtpx:TrackPointExtension>
            <gpxtpx:hr>101</gpxtpx:hr>
          </gpxtpx:TrackPointExtension>
        </extensions>
      </trkpt>
      <trkpt lat="28.23274512109775" lon="112.90256785727621">
        <ele>60.80065942276269</ele>
        <time>2026-09-14T22:45:50.300000Z</time>
        <extensions>
          <gpxtpx:TrackPointExtension>
            <gpxtpx:hr>101</gpxtpx:hr>
          </gpxtpx:TrackPointExtension>
        </extensions>
      </trkpt>
      <trkpt lat="28.232752508478022" lon="112.9025700422467">
        <ele>60.81188707612455</ele>
        <time>2026-09-14T22:45:51.300000Z</time>
        <extensions>
          <gpxtpx:TrackPointExtension>
            <gpxtpx:hr>101</gpxtpx:hr>
          </gpxtpx:TrackPointExtension>
        </extensions>
      </trkpt>
      <trkpt lat="28.232759706439218" lon="112.90257198589555">
        <ele>60.81404541246593</ele>
        <time>2026-09-14T22:45:52.300000Z</time>
        <extensions>
          <gpxtpx:TrackPointExtension>
            <gpxtpx:hr>101</gpxtpx:hr>
          </gpxtpx:TrackPointExtension>
        </extensions>
      </trkpt>
      <trkpt lat="28.232767012364015" lon="112.9025721636575">
        <ele>60.80790850427002</ele>
        <time>2026-09-14T22:45:53.300000Z</time>
        <extensions>
          <gpxtpx:TrackPointExtension>
            <gpxtpx:hr>101</gpxtpx:hr>
          </gpxtpx:TrackPointExtension>
        </extensions>
      </trkpt>
      <trkpt lat="28.23277473586408" lon="112.90257012582893">
        <ele>60.794400124810636</ele>
        <time>2026-09-14T22:45:54.300000Z</time>
        <extensions>
          <gpxtpx:TrackPointExtension>
            <gpxtpx:hr>101</gpxtpx:hr>
          </gpxtpx:TrackPointExtension>
        </extensions>
      </trkpt>
      <trkpt lat="28.23278273963183" lon="112.90256644208715">
        <ele>60.77419674489647</ele>
        <time>2026-09-14T22:45:55.300000Z</time>
        <extensions>
          <gpxtpx:TrackPointExtension>
            <gpxtpx:hr>103</gpxtpx:hr>
          </gpxtpx:TrackPointExtension>
        </extensions>
      </trkpt>
      <trkpt lat="28.232790926441115" lon="112.90256193150599">
        <ele>60.747995518147945</ele>
        <time>2026-09-14T22:45:56.300000Z</time>
        <extensions>
          <gpxtpx:TrackPointExtension>
            <gpxtpx:hr>103</gpxtpx:hr>
          </gpxtpx:TrackPointExtension>
        </extensions>
      </trkpt>
      <trkpt lat="28.232799147402723" lon="112.90255738413569">
        <ele>60.71634793933481</ele>
        <time>2026-09-14T22:45:57.300000Z</time>
        <extensions>
          <gpxtpx:TrackPointExtension>
            <gpxtpx:hr>103</gpxtpx:hr>
          </gpxtpx:TrackPointExtension>
        </extensions>
      </trkpt>
      <trkpt lat="28.23280713135483" lon="112.90255308818229">
        <ele>60.67948780115694</ele>
        <time>2026-09-14T22:45:58.300000Z</time>
        <extensions>
          <gpxtpx:TrackPointExtension>
            <gpxtpx:hr>103</gpxtpx:hr>
          </gpxtpx:TrackPointExtension>
        </extensions>
      </trkpt>
      <trkpt lat="28.23281452537089" lon="112.9025496125557">
        <ele>60.63755019940436</ele>
        <time>2026-09-14T22:45:59.300000Z</time>
        <extensions>
          <gpxtpx:TrackPointExtension>
            <gpxtpx:hr>103</gpxtpx:hr>
          </gpxtpx:TrackPointExtension>
        </extensions>
      </trkpt>
      <trkpt lat="28.23282120251691" lon="112.90254876852897">
        <ele>60.590534714981914</ele>
        <time>2026-09-14T22:46:00.300000Z</time>
        <extensions>
          <gpxtpx:TrackPointExtension>
            <gpxtpx:hr>103</gpxtpx:hr>
          </gpxtpx:TrackPointExtension>
        </extensions>
      </trkpt>
      <trkpt lat="28.232827777373412" lon="112.90255089154184">
        <ele>60.53840866405517</ele>
        <time>2026-09-14T22:46:01.300000Z</time>
        <extensions>
          <gpxtpx:TrackPointExtension>
            <gpxtpx:hr>103</gpxtpx:hr>
          </gpxtpx:TrackPointExtension>
        </extensions>
      </trkpt>
      <trkpt lat="28.232834782832228" lon="112.90255469626723">
        <ele>60.48151881247759</ele>
        <time>2026-09-14T22:46:02.300000Z</time>
        <extensions>
          <gpxtpx:TrackPointExtension>
            <gpxtpx:hr>103</gpxtpx:hr>
          </gpxtpx:TrackPointExtension>
        </extensions>
      </trkpt>
      <trkpt lat="28.232842051381173" lon="112.90255949195286">
        <ele>60.419804736971855</ele>
        <time>2026-09-14T22:46:03.300000Z</time>
        <extensions>
          <gpxtpx:TrackPointExtension>
            <gpxtpx:hr>103</gpxtpx:hr>
          </gpxtpx:TrackPointExtension>
        </extensions>
      </trkpt>
      <trkpt lat="28.232849631927216" lon="112.90256480278298">
        <ele>60.353708343580365</ele>
        <time>2026-09-14T22:46:04.300000Z</time>
        <extensions>
          <gpxtpx:TrackPointExtension>
            <gpxtpx:hr>103</gpxtpx:hr>
          </gpxtpx:TrackPointExtension>
        </extensions>
      </trkpt>
      <trkpt lat="28.23285776735991" lon="112.90257043046266">
        <ele>60.2836728207767</ele>
        <time>2026-09-14T22:46:05.300000Z</time>
        <extensions>
          <gpxtpx:TrackPointExtension>
            <gpxtpx:hr>103</gpxtpx:hr>
          </gpxtpx:TrackPointExtension>
        </extensions>
      </trkpt>
      <trkpt lat="28.232866488804152" lon="112.90257585127965">
        <ele>60.21083701308817</ele>
        <time>2026-09-14T22:46:06.300000Z</time>
        <extensions>
          <gpxtpx:TrackPointExtension>
            <gpxtpx:hr>106</gpxtpx:hr>
          </gpxtpx:TrackPointExtension>
        </extensions>
      </trkpt>
      <trkpt lat="28.232875520881105" lon="112.90257977678036">
        <ele>60.1363859269768</ele>
        <time>2026-09-14T22:46:07.300000Z</time>
        <extensions>
          <gpxtpx:TrackPointExtension>
            <gpxtpx:hr>106</gpxtpx:hr>
          </gpxtpx:TrackPointExtension>
        </extensions>
      </trkpt>
      <trkpt lat="28.23288497473104" lon="112.90258076187482">
        <ele>60.06141536682844</ele>
        <time>2026-09-14T22:46:08.300000Z</time>
        <extensions>
          <gpxtpx:TrackPointExtension>
            <gpxtpx:hr>106</gpxtpx:hr>
          </gpxtpx:TrackPointExtension>
        </extensions>
      </trkpt>
      <trkpt lat="28.23289531998008" lon="112.90257913595046">
        <ele>59.98671013023704</ele>
        <time>2026-09-14T22:46:09.300000Z</time>
        <extensions>
          <gpxtpx:TrackPointExtension>
            <gpxtpx:hr>106</gpxtpx:hr>
          </gpxtpx:TrackPointExtension>
        </extensions>
      </trkpt>
      <trkpt lat="28.232906687657405" lon="112.90257616213965">
        <ele>59.9128408851102</ele>
        <time>2026-09-14T22:46:10.300000Z</time>
        <extensions>
          <gpxtpx:TrackPointExtension>
            <gpxtpx:hr>106</gpxtpx:hr>
          </gpxtpx:TrackPointExtension>
        </extensions>
      </trkpt>
      <trkpt lat="28.23291885161687" lon="112.90257255872841">
        <ele>59.840341431088746</ele>
        <time>2026-09-14T22:46:11.300000Z</time>
        <extensions>
          <gpxtpx:TrackPointExtension>
            <gpxtpx:hr>106</gpxtpx:hr>
          </gpxtpx:TrackPointExtension>
        </extensions>
      </trkpt>
      <trkpt lat="28.23293136557002" lon="112.90256888692596">
        <ele>59.76941076107323</ele>
        <time>2026-09-14T22:46:12.300000Z</time>
        <extensions>
          <gpxtpx:TrackPointExtension>
            <gpxtpx:hr>106</gpxtpx:hr>
          </gpxtpx:TrackPointExtension>
        </extensions>
      </trkpt>
      <trkpt lat="28.232943713399976" lon="112.902565552156">
        <ele>59.700080377049744</ele>
        <time>2026-09-14T22:46:13.300000Z</time>
        <extensions>
          <gpxtpx:TrackPointExtension>
            <gpxtpx:hr>106</gpxtpx:hr>
          </gpxtpx:TrackPointExtension>
        </extensions>
      </trkpt>
      <trkpt lat="28.232955633963098" lon="112.90256236244593">
        <ele>59.632150899618864</ele>
        <time>2026-09-14T22:46:14.300000Z</time>
        <extensions>
          <gpxtpx:TrackPointExtension>
            <gpxtpx:hr>106</gpxtpx:hr>
          </gpxtpx:TrackPointExtension>
        </extensions>
      </trkpt>
      <trkpt lat="28.23296726804478" lon="112.90255902520106">
        <ele>59.56559934280813</ele>
        <time>2026-09-14T22:46:15.300000Z</time>
        <extensions>
          <gpxtpx:TrackPointExtension>
            <gpxtpx:hr>106</gpxtpx:hr>
          </gpxtpx:TrackPointExtension>
        </extensions>
      </trkpt>
      <trkpt lat="28.23297847314775" lon="112.90255568462496">
        <ele>59.50008819065988</ele>
        <time>2026-09-14T22:46:16.300000Z</time>
        <extensions>
          <gpxtpx:TrackPointExtension>
            <gpxtpx:hr>106</gpxtpx:hr>
          </gpxtpx:TrackPointExtension>
        </extensions>
      </trkpt>
      <trkpt lat="28.232989155129857" lon="112.90255239554442">
        <ele>59.434787863865495</ele>
        <time>2026-09-14T22:46:17.300000Z</time>
        <extensions>
          <gpxtpx:TrackPointExtension>
            <gpxtpx:hr>106</gpxtpx:hr>
          </gpxtpx:TrackPointExtension>
        </extensions>
      </trkpt>
      <trkpt lat="28.232999739872604" lon="112.90254915858785">
        <ele>59.36903783213347</ele>
        <time>2026-09-14T22:46:18.300000Z</time>
        <extensions>
          <gpxtpx:TrackPointExtension>
            <gpxtpx:hr>108</gpxtpx:hr>
          </gpxtpx:TrackPointExtension>
        </extensions>
      </trkpt>
      <trkpt lat="28.233010866223456" lon="112.90254585622478">
        <ele>59.30189326964319</ele>
        <time>2026-09-14T22:46:19.300000Z</time>
        <extensions>
          <gpxtpx:TrackPointExtension>
            <gpxtpx:hr>108</gpxtpx:hr>
          </gpxtpx:TrackPointExtension>
        </extensions>
      </trkpt>
      <trkpt lat="28.23302284401045" lon="112.9025423030008">
        <ele>59.232830323278904</ele>
        <time>2026-09-14T22:46:20.300000Z</time>
        <extensions>
          <gpxtpx:TrackPointExtension>
            <gpxtpx:hr>108</gpxtpx:hr>
          </gpxtpx:TrackPointExtension>
        </extensions>
      </trkpt>
      <trkpt lat="28.23303539468601" lon="112.90253846164755">
        <ele>59.161664369516075</ele>
        <time>2026-09-14T22:46:21.300000Z</time>
        <extensions>
          <gpxtpx:TrackPointExtension>
            <gpxtpx:hr>108</gpxtpx:hr>
          </gpxtpx:TrackPointExtension>
        </extensions>
      </trkpt>
      <trkpt lat="28.233047943780406" lon="112.90253447652952">
        <ele>59.08866235613823</ele>
        <time>2026-09-14T22:46:22.300000Z</time>
        <extensions>
          <gpxtpx:TrackPointExtension>
            <gpxtpx:hr>108</gpxtpx:hr>
          </gpxtpx:TrackPointExtension>
        </extensions>
      </trkpt>
      <trkpt lat="28.2330600181836" lon="112.90253042629128">
        <ele>59.014780645258725</ele>
        <time>2026-09-14T22:46:23.300000Z</time>
        <extensions>
          <gpxtpx:TrackPointExtension>
            <gpxtpx:hr>108</gpxtpx:hr>
          </gpxtpx:TrackPointExtension>
        </extensions>
      </trkpt>
      <trkpt lat="28.2330713254018" lon="112.90252616303795">
        <ele>58.94060304388404</ele>
        <time>2026-09-14T22:46:24.200000Z</time>
        <extensions>
          <gpxtpx:TrackPointExtension>
            <gpxtpx:hr>108</gpxtpx:hr>
          </gpxtpx:TrackPointExtension>
        </extensions>
      </trkpt>
      <trkpt lat="28.233082150545098" lon="112.90252121743168">
        <ele>58.86772457603365</ele>
        <time>2026-09-14T22:46:25.200000Z</time>
        <extensions>
          <gpxtpx:TrackPointExtension>
            <gpxtpx:hr>110</gpxtpx:hr>
          </gpxtpx:TrackPointExtension>
        </extensions>
      </trkpt>
      <trkpt lat="28.233092928576426" lon="112.9025156075923">
        <ele>58.79817524366081</ele>
        <time>2026-09-14T22:46:26.200000Z</time>
        <extensions>
          <gpxtpx:TrackPointExtension>
            <gpxtpx:hr>110</gpxtpx:hr>
          </gpxtpx:TrackPointExtension>
        </extensions>
      </trkpt>
      <trkpt lat="28.233103898496918" lon="112.90250975029925">
        <ele>58.73410637769848</ele>
        <time>2026-09-14T22:46:27.200000Z</time>
        <extensions>
          <gpxtpx:TrackPointExtension>
            <gpxtpx:hr>110</gpxtpx:hr>
          </gpxtpx:TrackPointExtension>
        </extensions>
      </trkpt>
      <trkpt lat="28.233114913272097" lon="112.90250370894263">
        <ele>58.67849421314895</ele>
        <time>2026-09-14T22:46:28.200000Z</time>
        <extensions>
          <gpxtpx:TrackPointExtension>
            <gpxtpx:hr>110</gpxtpx:hr>
          </gpxtpx:TrackPointExtension>
        </extensions>
      </trkpt>
      <trkpt lat="28.233126051932224" lon="112.902497350794">
        <ele>58.63550453539938</ele>
        <time>2026-09-14T22:46:29.200000Z</time>
        <extensions>
          <gpxtpx:TrackPointExtension>
            <gpxtpx:hr>110</gpxtpx:hr>
          </gpxtpx:TrackPointExtension>
        </extensions>
      </trkpt>
      <trkpt lat="28.23313735277962" lon="112.90249054053942">
        <ele>58.60571554675698</ele>
        <time>2026-09-14T22:46:30.200000Z</time>
        <extensions>
          <gpxtpx:TrackPointExtension>
            <gpxtpx:hr>107</gpxtpx:hr>
          </gpxtpx:TrackPointExtension>
        </extensions>
      </trkpt>
      <trkpt lat="28.233148743176944" lon="112.90248310799153">
        <ele>58.58795148413628</ele>
        <time>2026-09-14T22:46:31.200000Z</time>
        <extensions>
          <gpxtpx:TrackPointExtension>
            <gpxtpx:hr>107</gpxtpx:hr>
          </gpxtpx:TrackPointExtension>
        </extensions>
      </trkpt>
      <trkpt lat="28.23316030981723" lon="112.90247487157676">
        <ele>58.57780432887375</ele>
        <time>2026-09-14T22:46:32.200000Z</time>
        <extensions>
          <gpxtpx:TrackPointExtension>
            <gpxtpx:hr>107</gpxtpx:hr>
          </gpxtpx:TrackPointExtension>
        </extensions>
      </trkpt>
      <trkpt lat="28.2331719801528" lon="112.90246558397598">
        <ele>58.57202844880521</ele>
        <time>2026-09-14T22:46:33.200000Z</time>
        <extensions>
          <gpxtpx:TrackPointExtension>
            <gpxtpx:hr>107</gpxtpx:hr>
          </gpxtpx:TrackPointExtension>
        </extensions>
      </trkpt>
      <trkpt lat="28.233183765767038" lon="112.9024556026915">
        <ele>58.56826967652887</ele>
        <time>2026-09-14T22:46:34.200000Z</time>
        <extensions>
          <gpxtpx:TrackPointExtension>
            <gpxtpx:hr>107</gpxtpx:hr>
          </gpxtpx:TrackPointExtension>
        </extensions>
      </trkpt>
      <trkpt lat="28.23319620394748" lon="112.90244607590826">
        <ele>58.564795373007655</ele>
        <time>2026-09-14T22:46:35.200000Z</time>
        <extensions>
          <gpxtpx:TrackPointExtension>
            <gpxtpx:hr>107</gpxtpx:hr>
          </gpxtpx:TrackPointExtension>
        </extensions>
      </trkpt>
      <trkpt lat="28.233209216017936" lon="112.90243702239619">
        <ele>58.56046773120761</ele>
        <time>2026-09-14T22:46:36.200000Z</time>
        <extensions>
          <gpxtpx:TrackPointExtension>
            <gpxtpx:hr>107</gpxtpx:hr>
          </gpxtpx:TrackPointExtension>
        </extensions>
      </trkpt>
      <trkpt lat="28.2332224196239" lon="112.90242779529851">
        <ele>58.55457210261375</ele>
        <time>2026-09-14T22:46:37.200000Z</time>
        <extensions>
          <gpxtpx:TrackPointExtension>
            <gpxtpx:hr>107</gpxtpx:hr>
          </gpxtpx:TrackPointExtension>
        </extensions>
      </trkpt>
      <trkpt lat="28.23323570419849" lon="112.90241847590704">
        <ele>58.54705965612084</ele>
        <time>2026-09-14T22:46:38.200000Z</time>
        <extensions>
          <gpxtpx:TrackPointExtension>
            <gpxtpx:hr>104</gpxtpx:hr>
          </gpxtpx:TrackPointExtension>
        </extensions>
      </trkpt>
      <trkpt lat="28.23324905311392" lon="112.90240898888179">
        <ele>58.53794532548636</ele>
        <time>2026-09-14T22:46:39.200000Z</time>
        <extensions>
          <gpxtpx:TrackPointExtension>
            <gpxtpx:hr>104</gpxtpx:hr>
          </gpxtpx:TrackPointExtension>
        </extensions>
      </trkpt>
      <trkpt lat="28.233262536334113" lon="112.90239939213123">
        <ele>58.52752104122192</ele>
        <time>2026-09-14T22:46:40.200000Z</time>
        <extensions>
          <gpxtpx:TrackPointExtension>
            <gpxtpx:hr>104</gpxtpx:hr>
          </gpxtpx:TrackPointExtension>
        </extensions>
      </trkpt>
      <trkpt lat="28.233276171284054" lon="112.90238963285559">
        <ele>58.516241361387074</ele>
        <time>2026-09-14T22:46:41.200000Z</time>
        <extensions>
          <gpxtpx:TrackPointExtension>
            <gpxtpx:hr>104</gpxtpx:hr>
          </gpxtpx:TrackPointExtension>
        </extensions>
      </trkpt>
      <trkpt lat="28.2332900362524" lon="112.90237914097855">
        <ele>58.50465598516166</ele>
        <time>2026-09-14T22:46:42.200000Z</time>
        <extensions>
          <gpxtpx:TrackPointExtension>
            <gpxtpx:hr>104</gpxtpx:hr>
          </gpxtpx:TrackPointExtension>
        </extensions>
      </trkpt>
      <trkpt lat="28.233304468624617" lon="112.90236722866162">
        <ele>58.4933720016852</ele>
        <time>2026-09-14T22:46:43.200000Z</time>
        <extensions>
          <gpxtpx:TrackPointExtension>
            <gpxtpx:hr>104</gpxtpx:hr>
          </gpxtpx:TrackPointExtension>
        </extensions>
      </trkpt>
      <trkpt lat="28.23332051719581" lon="112.90235378652113">
        <ele>58.48299228679389</ele>
        <time>2026-09-14T22:46:44.200000Z</time>
        <extensions>
          <gpxtpx:TrackPointExtension>
            <gpxtpx:hr>104</gpxtpx:hr>
          </gpxtpx:TrackPointExtension>
        </extensions>
      </trkpt>
      <trkpt lat="28.233338400825" lon="112.90233937545393">
        <ele>58.47417819593102</ele>
        <time>2026-09-14T22:46:45.200000Z</time>
        <extensions>
          <gpxtpx:TrackPointExtension>
            <gpxtpx:hr>105</gpxtpx:hr>
          </gpxtpx:TrackPointExtension>
        </extensions>
      </trkpt>
      <trkpt lat="28.233357134917775" lon="112.90232442060486">
        <ele>58.4674033196643</ele>
        <time>2026-09-14T22:46:46.200000Z</time>
        <extensions>
          <gpxtpx:TrackPointExtension>
            <gpxtpx:hr>105</gpxtpx:hr>
          </gpxtpx:TrackPointExtension>
        </extensions>
      </trkpt>
      <trkpt lat="28.233376211953644" lon="112.90230910207485">
        <ele>58.4632838210091</ele>
        <time>2026-09-14T22:46:47.200000Z</time>
        <extensions>
          <gpxtpx:TrackPointExtension>
            <gpxtpx:hr>105</gpxtpx:hr>
          </gpxtpx:TrackPointExtension>
        </extensions>
      </trkpt>
      <trkpt lat="28.233395608579574" lon="112.9022935328166">
        <ele>58.4621315440163</ele>
        <time>2026-09-14T22:46:48.200000Z</time>
        <extensions>
          <gpxtpx:TrackPointExtension>
            <gpxtpx:hr>105</gpxtpx:hr>
          </gpxtpx:TrackPointExtension>
        </extensions>
      </trkpt>
      <trkpt lat="28.2334151544705" lon="112.90227785793715">
        <ele>58.46419289428741</ele>
        <time>2026-09-14T22:46:49.200000Z</time>
        <extensions>
          <gpxtpx:TrackPointExtension>
            <gpxtpx:hr>106</gpxtpx:hr>
          </gpxtpx:TrackPointExtension>
        </extensions>
      </trkpt>
      <trkpt lat="28.233434535261203" lon="112.90226218262642">
        <ele>58.46956607140601</ele>
        <time>2026-09-14T22:46:50.200000Z</time>
        <extensions>
          <gpxtpx:TrackPointExtension>
            <gpxtpx:hr>106</gpxtpx:hr>
          </gpxtpx:TrackPointExtension>
        </extensions>
      </trkpt>
      <trkpt lat="28.23345369022643" lon="112.90224685859053">
        <ele>58.47831031214446</ele>
        <time>2026-09-14T22:46:51.200000Z</time>
        <extensions>
          <gpxtpx:TrackPointExtension>
            <gpxtpx:hr>106</gpxtpx:hr>
          </gpxtpx:TrackPointExtension>
        </extensions>
      </trkpt>
      <trkpt lat="28.2334729968805" lon="112.90223239323295">
        <ele>58.49011764861643</ele>
        <time>2026-09-14T22:46:52.200000Z</time>
        <extensions>
          <gpxtpx:TrackPointExtension>
            <gpxtpx:hr>109</gpxtpx:hr>
          </gpxtpx:TrackPointExtension>
        </extensions>
      </trkpt>
      <trkpt lat="28.233492845504784" lon="112.90221907101653">
        <ele>58.504468460567296</ele>
        <time>2026-09-14T22:46:53.200000Z</time>
        <extensions>
          <gpxtpx:TrackPointExtension>
            <gpxtpx:hr>109</gpxtpx:hr>
          </gpxtpx:TrackPointExtension>
        </extensions>
      </trkpt>
      <trkpt lat="28.233513424950328" lon="112.90220710350725">
        <ele>58.520529970526695</ele>
        <time>2026-09-14T22:46:54.200000Z</time>
        <extensions>
          <gpxtpx:TrackPointExtension>
            <gpxtpx:hr>109</gpxtpx:hr>
          </gpxtpx:TrackPointExtension>
        </extensions>
      </trkpt>
      <trkpt lat="28.233534781933983" lon="112.90219699369625">
        <ele>58.53768888115883</ele>
        <time>2026-09-14T22:46:55.200000Z</time>
        <extensions>
          <gpxtpx:TrackPointExtension>
            <gpxtpx:hr>109</gpxtpx:hr>
          </gpxtpx:TrackPointExtension>
        </extensions>
      </trkpt>
      <trkpt lat="28.233556843994972" lon="112.90218968437632">
        <ele>58.55538040678948</ele>
        <time>2026-09-14T22:46:56.200000Z</time>
        <extensions>
          <gpxtpx:TrackPointExtension>
            <gpxtpx:hr>109</gpxtpx:hr>
          </gpxtpx:TrackPointExtension>
        </extensions>
      </trkpt>
      <trkpt lat="28.233579301579763" lon="112.90218614852306">
        <ele>58.573270281776786</ele>
        <time>2026-09-14T22:46:57.200000Z</time>
        <extensions>
          <gpxtpx:TrackPointExtension>
            <gpxtpx:hr>118</gpxtpx:hr>
          </gpxtpx:TrackPointExtension>
        </extensions>
      </trkpt>
      <trkpt lat="28.233601802721505" lon="112.90218682467132">
        <ele>58.590999838896096</ele>
        <time>2026-09-14T22:46:58.200000Z</time>
        <extensions>
          <gpxtpx:TrackPointExtension>
            <gpxtpx:hr>118</gpxtpx:hr>
          </gpxtpx:TrackPointExtension>
        </extensions>
      </trkpt>
      <trkpt lat="28.233623991984395" lon="112.9021914516209">
        <ele>58.612380085512996</ele>
        <time>2026-09-14T22:46:59.200000Z</time>
        <extensions>
          <gpxtpx:TrackPointExtension>
            <gpxtpx:hr>118</gpxtpx:hr>
          </gpxtpx:TrackPointExtension>
        </extensions>
      </trkpt>
      <trkpt lat="28.233645485461604" lon="112.90219936848526">
        <ele>58.63275286462158</ele>
        <time>2026-09-14T22:47:00.200000Z</time>
        <extensions>
          <gpxtpx:TrackPointExtension>
            <gpxtpx:hr>118</gpxtpx:hr>
          </gpxtpx:TrackPointExtension>
        </extensions>
      </trkpt>
      <trkpt lat="28.233665967096822" lon="112.90221002982284">
        <ele>58.6515976479277</ele>
        <time>2026-09-14T22:47:01.200000Z</time>
        <extensions>
          <gpxtpx:TrackPointExtension>
            <gpxtpx:hr>118</gpxtpx:hr>
          </gpxtpx:TrackPointExtension>
        </extensions>
      </trkpt>
      <trkpt lat="28.233685311148278" lon="112.90222314747093">
        <ele>58.66818566713482</ele>
        <time>2026-09-14T22:47:02.200000Z</time>
        <extensions>
          <gpxtpx:TrackPointExtension>
            <gpxtpx:hr>118</gpxtpx:hr>
          </gpxtpx:TrackPointExtension>
        </extensions>
      </trkpt>
      <trkpt lat="28.2337034831977" lon="112.90223871741539">
        <ele>58.68204872030765</ele>
        <time>2026-09-14T22:47:03.200000Z</time>
        <extensions>
          <gpxtpx:TrackPointExtension>
            <gpxtpx:hr>118</gpxtpx:hr>
          </gpxtpx:TrackPointExtension>
        </extensions>
      </trkpt>
      <trkpt lat="28.233720502123578" lon="112.9022563567833">
        <ele>58.69255359657109</ele>
        <time>2026-09-14T22:47:04.200000Z</time>
        <extensions>
          <gpxtpx:TrackPointExtension>
            <gpxtpx:hr>124</gpxtpx:hr>
          </gpxtpx:TrackPointExtension>
        </extensions>
      </trkpt>
      <trkpt lat="28.23373614127014" lon="112.90227556208204">
        <ele>58.69969476480037</ele>
        <time>2026-09-14T22:47:05.200000Z</time>
        <extensions>
          <gpxtpx:TrackPointExtension>
            <gpxtpx:hr>124</gpxtpx:hr>
          </gpxtpx:TrackPointExtension>
        </extensions>
      </trkpt>
      <trkpt lat="28.23375009802691" lon="112.90229599049069">
        <ele>58.70260814670473</ele>
        <time>2026-09-14T22:47:06.200000Z</time>
        <extensions>
          <gpxtpx:TrackPointExtension>
            <gpxtpx:hr>124</gpxtpx:hr>
          </gpxtpx:TrackPointExtension>
        </extensions>
      </trkpt>
      <trkpt lat="28.233762549721956" lon="112.90231731773062">
        <ele>58.701021674089134</ele>
        <time>2026-09-14T22:47:07.200000Z</time>
        <extensions>
          <gpxtpx:TrackPointExtension>
            <gpxtpx:hr>124</gpxtpx:hr>
          </gpxtpx:TrackPointExtension>
        </extensions>
      </trkpt>
      <trkpt lat="28.233773431348762" lon="112.90233911552791">
        <ele>58.694587709382176</ele>
        <time>2026-09-14T22:47:08.200000Z</time>
        <extensions>
          <gpxtpx:TrackPointExtension>
            <gpxtpx:hr>123</gpxtpx:hr>
          </gpxtpx:TrackPointExtension>
        </extensions>
      </trkpt>
      <trkpt lat="28.233782712697757" lon="112.90236108034414">
        <ele>58.68274690117687</ele>
        <time>2026-09-14T22:47:09.200000Z</time>
        <extensions>
          <gpxtpx:TrackPointExtension>
            <gpxtpx:hr>123</gpxtpx:hr>
          </gpxtpx:TrackPointExtension>
        </extensions>
      </trkpt>
      <trkpt lat="28.233790607710436" lon="112.90238337352005">
        <ele>58.66504609398544</ele>
        <time>2026-09-14T22:47:10.200000Z</time>
        <extensions>
          <gpxtpx:TrackPointExtension>
            <gpxtpx:hr>123</gpxtpx:hr>
          </gpxtpx:TrackPointExtension>
        </extensions>
      </trkpt>
      <trkpt lat="28.233797300105355" lon="112.90240616579705">
        <ele>58.64068891853094</ele>
        <time>2026-09-14T22:47:11.200000Z</time>
        <extensions>
          <gpxtpx:TrackPointExtension>
            <gpxtpx:hr>123</gpxtpx:hr>
          </gpxtpx:TrackPointExtension>
        </extensions>
      </trkpt>
      <trkpt lat="28.233803163272086" lon="112.90242938509463">
        <ele>58.60922471899539</ele>
        <time>2026-09-14T22:47:12.200000Z</time>
        <extensions>
          <gpxtpx:TrackPointExtension>
            <gpxtpx:hr>130</gpxtpx:hr>
          </gpxtpx:TrackPointExtension>
        </extensions>
      </trkpt>
      <trkpt lat="28.23380868358964" lon="112.90245306948003">
        <ele>58.57008320931345</ele>
        <time>2026-09-14T22:47:13.200000Z</time>
        <extensions>
          <gpxtpx:TrackPointExtension>
            <gpxtpx:hr>130</gpxtpx:hr>
          </gpxtpx:TrackPointExtension>
        </extensions>
      </trkpt>
      <trkpt lat="28.23381391812432" lon="112.90247735360273">
        <ele>58.52264113724232</ele>
        <time>2026-09-14T22:47:14.200000Z</time>
        <extensions>
          <gpxtpx:TrackPointExtension>
            <gpxtpx:hr>130</gpxtpx:hr>
          </gpxtpx:TrackPointExtension>
        </extensions>
      </trkpt>
      <trkpt lat="28.233818819953715" lon="112.90250210205997">
        <ele>58.46628358028829</ele>
        <time>2026-09-14T22:47:15.200000Z</time>
        <extensions>
          <gpxtpx:TrackPointExtension>
            <gpxtpx:hr>130</gpxtpx:hr>
          </gpxtpx:TrackPointExtension>
        </extensions>
      </trkpt>
      <trkpt lat="28.233823535783642" lon="112.90252718167572">
        <ele>58.401147436350584</ele>
        <time>2026-09-14T22:47:16.200000Z</time>
        <extensions>
          <gpxtpx:TrackPointExtension>
            <gpxtpx:hr>130</gpxtpx:hr>
          </gpxtpx:TrackPointExtension>
        </extensions>
      </trkpt>
      <trkpt lat="28.23382816217079" lon="112.90255247960893">
        <ele>58.32736503891647</ele>
        <time>2026-09-14T22:47:17.200000Z</time>
        <extensions>
          <gpxtpx:TrackPointExtension>
            <gpxtpx:hr>132</gpxtpx:hr>
          </gpxtpx:TrackPointExtension>
        </extensions>
      </trkpt>
      <trkpt lat="28.233832840443846" lon="112.9025780176479">
        <ele>58.24601329024881</ele>
        <time>2026-09-14T22:47:18.200000Z</time>
        <extensions>
          <gpxtpx:TrackPointExtension>
            <gpxtpx:hr>132</gpxtpx:hr>
          </gpxtpx:TrackPointExtension>
        </extensions>
      </trkpt>
      <trkpt lat="28.233837751125073" lon="112.90260392066226">
        <ele>58.15981777571142</ele>
        <time>2026-09-14T22:47:19.100000Z</time>
        <extensions>
          <gpxtpx:TrackPointExtension>
            <gpxtpx:hr>132</gpxtpx:hr>
          </gpxtpx:TrackPointExtension>
        </extensions>
      </trkpt>
      <trkpt lat="28.233842813727524" lon="112.90263049129933">
        <ele>58.07296674512327</ele>
        <time>2026-09-14T22:47:20.100000Z</time>
        <extensions>
          <gpxtpx:TrackPointExtension>
            <gpxtpx:hr>132</gpxtpx:hr>
          </gpxtpx:TrackPointExtension>
        </extensions>
      </trkpt>
      <trkpt lat="28.233847623640262" lon="112.90265774522494">
        <ele>57.99091766960919</ele>
        <time>2026-09-14T22:47:21.100000Z</time>
        <extensions>
          <gpxtpx:TrackPointExtension>
            <gpxtpx:hr>132</gpxtpx:hr>
          </gpxtpx:TrackPointExtension>
        </extensions>
      </trkpt>
      <trkpt lat="28.233852364983974" lon="112.90268534614279">
        <ele>57.91796971857548</ele>
        <time>2026-09-14T22:47:22.100000Z</time>
        <extensions>
          <gpxtpx:TrackPointExtension>
            <gpxtpx:hr>132</gpxtpx:hr>
          </gpxtpx:TrackPointExtension>
        </extensions>
      </trkpt>
      <trkpt lat="28.233856991333212" lon="112.90271309594604">
        <ele>57.85737567115575</ele>
        <time>2026-09-14T22:47:23.100000Z</time>
        <extensions>
          <gpxtpx:TrackPointExtension>
            <gpxtpx:hr>135</gpxtpx:hr>
          </gpxtpx:TrackPointExtension>
        </extensions>
      </trkpt>
      <trkpt lat="28.233861085071524" lon="112.90274088464821">
        <ele>57.81104529928416</ele>
        <time>2026-09-14T22:47:24.100000Z</time>
        <extensions>
          <gpxtpx:TrackPointExtension>
            <gpxtpx:hr>135</gpxtpx:hr>
          </gpxtpx:TrackPointExtension>
        </extensions>
      </trkpt>
      <trkpt lat="28.233865680317663" lon="112.90276848537489">
        <ele>57.780220817774534</ele>
        <time>2026-09-14T22:47:25.100000Z</time>
        <extensions>
          <gpxtpx:TrackPointExtension>
            <gpxtpx:hr>135</gpxtpx:hr>
          </gpxtpx:TrackPointExtension>
        </extensions>
      </trkpt>
      <trkpt lat="28.233871975616907" lon="112.90279561345052">
        <ele>57.765259427949786</ele>
        <time>2026-09-14T22:47:26.100000Z</time>
        <extensions>
          <gpxtpx:TrackPointExtension>
            <gpxtpx:hr>135</gpxtpx:hr>
          </gpxtpx:TrackPointExtension>
        </extensions>
      </trkpt>
      <trkpt lat="28.23387941973157" lon="112.90282235586844">
        <ele>57.76624146848917</ele>
        <time>2026-09-14T22:47:27.100000Z</time>
        <extensions>
          <gpxtpx:TrackPointExtension>
            <gpxtpx:hr>135</gpxtpx:hr>
          </gpxtpx:TrackPointExtension>
        </extensions>
      </trkpt>
      <trkpt lat="28.233887200854216" lon="112.90284892604603">
        <ele>57.78243416547775</ele>
        <time>2026-09-14T22:47:28.100000Z</time>
        <extensions>
          <gpxtpx:TrackPointExtension>
            <gpxtpx:hr>135</gpxtpx:hr>
          </gpxtpx:TrackPointExtension>
        </extensions>
      </trkpt>
      <trkpt lat="28.233895397024217" lon="112.90287526035681">
        <ele>57.813133873045444</ele>
        <time>2026-09-14T22:47:29.100000Z</time>
        <extensions>
          <gpxtpx:TrackPointExtension>
            <gpxtpx:hr>135</gpxtpx:hr>
          </gpxtpx:TrackPointExtension>
        </extensions>
      </trkpt>
      <trkpt lat="28.233903927057455" lon="112.90290144806664">
        <ele>57.85745853278786</ele>
        <time>2026-09-14T22:47:30.100000Z</time>
        <extensions>
          <gpxtpx:TrackPointExtension>
            <gpxtpx:hr>135</gpxtpx:hr>
          </gpxtpx:TrackPointExtension>
        </extensions>
      </trkpt>
      <trkpt lat="28.23391261843859" lon="112.90292760618965">
        <ele>57.91440773382783</ele>
        <time>2026-09-14T22:47:31.100000Z</time>
        <extensions>
          <gpxtpx:TrackPointExtension>
            <gpxtpx:hr>135</gpxtpx:hr>
          </gpxtpx:TrackPointExtension>
        </extensions>
      </trkpt>
      <trkpt lat="28.23392138799119" lon="112.90295383308512">
        <ele>57.9833658374846</ele>
        <time>2026-09-14T22:47:32.100000Z</time>
        <extensions>
          <gpxtpx:TrackPointExtension>
            <gpxtpx:hr>135</gpxtpx:hr>
          </gpxtpx:TrackPointExtension>
        </extensions>
      </trkpt>
      <trkpt lat="28.233930299114494" lon="112.90298008931987">
        <ele>58.063839761540294</ele>
        <time>2026-09-14T22:47:33.100000Z</time>
        <extensions>
          <gpxtpx:TrackPointExtension>
            <gpxtpx:hr>135</gpxtpx:hr>
          </gpxtpx:TrackPointExtension>
        </extensions>
      </trkpt>
      <trkpt lat="28.23393918522589" lon="112.90300636552028">
        <ele>58.155185636132956</ele>
        <time>2026-09-14T22:47:34.100000Z</time>
        <extensions>
          <gpxtpx:TrackPointExtension>
            <gpxtpx:hr>135</gpxtpx:hr>
          </gpxtpx:TrackPointExtension>
        </extensions>
      </trkpt>
      <trkpt lat="28.233948028577657" lon="112.90303259349649">
        <ele>58.257394147105515</ele>
        <time>2026-09-14T22:47:35.100000Z</time>
        <extensions>
          <gpxtpx:TrackPointExtension>
            <gpxtpx:hr>137</gpxtpx:hr>
          </gpxtpx:TrackPointExtension>
        </extensions>
      </trkpt>
      <trkpt lat="28.233956779920025" lon="112.90305868901964">
        <ele>58.370395180769265</ele>
        <time>2026-09-14T22:47:36.100000Z</time>
        <extensions>
          <gpxtpx:TrackPointExtension>
            <gpxtpx:hr>137</gpxtpx:hr>
          </gpxtpx:TrackPointExtension>
        </extensions>
      </trkpt>
      <trkpt lat="28.233965126767092" lon="112.90308472059326">
        <ele>58.49421796668321</ele>
        <time>2026-09-14T22:47:37.100000Z</time>
        <extensions>
          <gpxtpx:TrackPointExtension>
            <gpxtpx:hr>137</gpxtpx:hr>
          </gpxtpx:TrackPointExtension>
        </extensions>
      </trkpt>
      <trkpt lat="28.233973012339206" lon="112.90311065573113">
        <ele>58.628993353806436</ele>
        <time>2026-09-14T22:47:38.100000Z</time>
        <extensions>
          <gpxtpx:TrackPointExtension>
            <gpxtpx:hr>137</gpxtpx:hr>
          </gpxtpx:TrackPointExtension>
        </extensions>
      </trkpt>
      <trkpt lat="28.233980610891457" lon="112.90313641373277">
        <ele>58.77460096310824</ele>
        <time>2026-09-14T22:47:39.100000Z</time>
        <extensions>
          <gpxtpx:TrackPointExtension>
            <gpxtpx:hr>137</gpxtpx:hr>
          </gpxtpx:TrackPointExtension>
        </extensions>
      </trkpt>
      <trkpt lat="28.233988323544875" lon="112.9031619121637">
        <ele>58.931153416633606</ele>
        <time>2026-09-14T22:47:40.100000Z</time>
        <extensions>
          <gpxtpx:TrackPointExtension>
            <gpxtpx:hr>138</gpxtpx:hr>
          </gpxtpx:TrackPointExtension>
        </extensions>
      </trkpt>
      <trkpt lat="28.233996387464693" lon="112.90318706064461">
        <ele>59.098648712038994</ele>
        <time>2026-09-14T22:47:41.100000Z</time>
        <extensions>
          <gpxtpx:TrackPointExtension>
            <gpxtpx:hr>138</gpxtpx:hr>
          </gpxtpx:TrackPointExtension>
        </extensions>
      </trkpt>
      <trkpt lat="28.23400453415667" lon="112.90321196768092">
        <ele>59.27680504322052</ele>
        <time>2026-09-14T22:47:42.100000Z</time>
        <extensions>
          <gpxtpx:TrackPointExtension>
            <gpxtpx:hr>138</gpxtpx:hr>
          </gpxtpx:TrackPointExtension>
        </extensions>
      </trkpt>
      <trkpt lat="28.2340122083346" lon="112.90323690018666">
        <ele>59.46522632148117</ele>
        <time>2026-09-14T22:47:43.100000Z</time>
        <extensions>
          <gpxtpx:TrackPointExtension>
            <gpxtpx:hr>138</gpxtpx:hr>
          </gpxtpx:TrackPointExtension>
        </extensions>
      </trkpt>
      <trkpt lat="28.234019029160596" lon="112.90326207284535">
        <ele>59.663044260814786</ele>
        <time>2026-09-14T22:47:44.100000Z</time>
        <extensions>
          <gpxtpx:TrackPointExtension>
            <gpxtpx:hr>138</gpxtpx:hr>
          </gpxtpx:TrackPointExtension>
        </extensions>
      </trkpt>
      <trkpt lat="28.23402483256047" lon="112.90328760029675">
        <ele>59.869320856407285</ele>
        <time>2026-09-14T22:47:45.100000Z</time>
        <extensions>
          <gpxtpx:TrackPointExtension>
            <gpxtpx:hr>141</gpxtpx:hr>
          </gpxtpx:TrackPointExtension>
        </extensions>
      </trkpt>
      <trkpt lat="28.234029527995098" lon="112.90331344488573">
        <ele>60.082786625251174</ele>
        <time>2026-09-14T22:47:46.100000Z</time>
        <extensions>
          <gpxtpx:TrackPointExtension>
            <gpxtpx:hr>141</gpxtpx:hr>
          </gpxtpx:TrackPointExtension>
        </extensions>
      </trkpt>
      <trkpt lat="28.234033432310664" lon="112.90333943525519">
        <ele>60.3014815794304</ele>
        <time>2026-09-14T22:47:47.100000Z</time>
        <extensions>
          <gpxtpx:TrackPointExtension>
            <gpxtpx:hr>141</gpxtpx:hr>
          </gpxtpx:TrackPointExtension>
        </extensions>
      </trkpt>
      <trkpt lat="28.234037290735007" lon="112.90336527770278">
        <ele>60.522862469777465</ele>
        <time>2026-09-14T22:47:48.100000Z</time>
        <extensions>
          <gpxtpx:TrackPointExtension>
            <gpxtpx:hr>141</gpxtpx:hr>
          </gpxtpx:TrackPointExtension>
        </extensions>
      </trkpt>
      <trkpt lat="28.234041385236697" lon="112.90339066853446">
        <ele>60.7429995527491</ele>
        <time>2026-09-14T22:47:49.100000Z</time>
        <extensions>
          <gpxtpx:TrackPointExtension>
            <gpxtpx:hr>141</gpxtpx:hr>
          </gpxtpx:TrackPointExtension>
        </extensions>
      </trkpt>
      <trkpt lat="28.23404564888378" lon="112.90341571397519">
        <ele>60.957249102182686</ele>
        <time>2026-09-14T22:47:50.100000Z</time>
        <extensions>
          <gpxtpx:TrackPointExtension>
            <gpxtpx:hr>141</gpxtpx:hr>
          </gpxtpx:TrackPointExtension>
        </extensions>
      </trkpt>
      <trkpt lat="28.23404990122185" lon="112.90344083754029">
        <ele>61.1612637154758</ele>
        <time>2026-09-14T22:47:51.100000Z</time>
        <extensions>
          <gpxtpx:TrackPointExtension>
            <gpxtpx:hr>142</gpxtpx:hr>
          </gpxtpx:TrackPointExtension>
        </extensions>
      </trkpt>
      <trkpt lat="28.23405367858294" lon="112.90346622785431">
        <ele>61.35191339068115</ele>
        <time>2026-09-14T22:47:52.100000Z</time>
        <extensions>
          <gpxtpx:TrackPointExtension>
            <gpxtpx:hr>142</gpxtpx:hr>
          </gpxtpx:TrackPointExtension>
        </extensions>
      </trkpt>
      <trkpt lat="28.234056888302" lon="112.90349174918903">
        <ele>61.527261136099696</ele>
        <time>2026-09-14T22:47:53.100000Z</time>
        <extensions>
          <gpxtpx:TrackPointExtension>
            <gpxtpx:hr>142</gpxtpx:hr>
          </gpxtpx:TrackPointExtension>
        </extensions>
      </trkpt>
      <trkpt lat="28.234059829569656" lon="112.90351716812906">
        <ele>61.68625797983259</ele>
        <time>2026-09-14T22:47:54.100000Z</time>
        <extensions>
          <gpxtpx:TrackPointExtension>
            <gpxtpx:hr>142</gpxtpx:hr>
          </gpxtpx:TrackPointExtension>
        </extensions>
      </trkpt>
      <trkpt lat="28.23406249417019" lon="112.9035425295257">
        <ele>61.82882683072239</ele>
        <time>2026-09-14T22:47:55.100000Z</time>
        <extensions>
          <gpxtpx:TrackPointExtension>
            <gpxtpx:hr>141</gpxtpx:hr>
          </gpxtpx:TrackPointExtension>
        </extensions>
      </trkpt>
      <trkpt lat="28.234064963637927" lon="112.90356806393824">
        <ele>61.955435022711754</ele>
        <time>2026-09-14T22:47:56.100000Z</time>
        <extensions>
          <gpxtpx:TrackPointExtension>
            <gpxtpx:hr>141</gpxtpx:hr>
          </gpxtpx:TrackPointExtension>
        </extensions>
      </trkpt>
      <trkpt lat="28.234067291865863" lon="112.90359366248256">
        <ele>62.067137270234525</ele>
        <time>2026-09-14T22:47:57.100000Z</time>
        <extensions>
          <gpxtpx:TrackPointExtension>
            <gpxtpx:hr>141</gpxtpx:hr>
          </gpxtpx:TrackPointExtension>
        </extensions>
      </trkpt>
      <trkpt lat="28.234069406686057" lon="112.90361915613376">
        <ele>62.165329904295504</ele>
        <time>2026-09-14T22:47:58.100000Z</time>
        <extensions>
          <gpxtpx:TrackPointExtension>
            <gpxtpx:hr>143</gpxtpx:hr>
          </gpxtpx:TrackPointExtension>
        </extensions>
      </trkpt>
      <trkpt lat="28.234071320142093" lon="112.90364461886001">
        <ele>62.25135611649603</ele>
        <time>2026-09-14T22:47:59.100000Z</time>
        <extensions>
          <gpxtpx:TrackPointExtension>
            <gpxtpx:hr>143</gpxtpx:hr>
          </gpxtpx:TrackPointExtension>
        </extensions>
      </trkpt>
      <trkpt lat="28.23407284875512" lon="112.9036701266121">
        <ele>62.32660276815295</ele>
        <time>2026-09-14T22:48:00.100000Z</time>
        <extensions>
          <gpxtpx:TrackPointExtension>
            <gpxtpx:hr>143</gpxtpx:hr>
          </gpxtpx:TrackPointExtension>
        </extensions>
      </trkpt>
      <trkpt lat="28.2340739028048" lon="112.90369586950034">
        <ele>62.39253647997975</ele>
        <time>2026-09-14T22:48:01.100000Z</time>
        <extensions>
          <gpxtpx:TrackPointExtension>
            <gpxtpx:hr>143</gpxtpx:hr>
          </gpxtpx:TrackPointExtension>
        </extensions>
      </trkpt>
      <trkpt lat="28.23407449711913" lon="112.90372213278428">
        <ele>62.45106741413474</ele>
        <time>2026-09-14T22:48:02.100000Z</time>
        <extensions>
          <gpxtpx:TrackPointExtension>
            <gpxtpx:hr>143</gpxtpx:hr>
          </gpxtpx:TrackPointExtension>
        </extensions>
      </trkpt>
      <trkpt lat="28.23407457732364" lon="112.90374921172678">
        <ele>62.50422459188849</ele>
        <time>2026-09-14T22:48:03.100000Z</time>
        <extensions>
          <gpxtpx:TrackPointExtension>
            <gpxtpx:hr>143</gpxtpx:hr>
          </gpxtpx:TrackPointExtension>
        </extensions>
      </trkpt>
      <trkpt lat="28.234074219536126" lon="112.90377702734888">
        <ele>62.55386895965785</ele>
        <time>2026-09-14T22:48:04.100000Z</time>
        <extensions>
          <gpxtpx:TrackPointExtension>
            <gpxtpx:hr>144</gpxtpx:hr>
          </gpxtpx:TrackPointExtension>
        </extensions>
      </trkpt>
      <trkpt lat="28.234073708630874" lon="112.9038051691189">
        <ele>62.60214640107006</ele>
        <time>2026-09-14T22:48:05.100000Z</time>
        <extensions>
          <gpxtpx:TrackPointExtension>
            <gpxtpx:hr>144</gpxtpx:hr>
          </gpxtpx:TrackPointExtension>
        </extensions>
      </trkpt>
      <trkpt lat="28.23407323007798" lon="112.90383324088494">
        <ele>62.651149093173444</ele>
        <time>2026-09-14T22:48:06.100000Z</time>
        <extensions>
          <gpxtpx:TrackPointExtension>
            <gpxtpx:hr>144</gpxtpx:hr>
          </gpxtpx:TrackPointExtension>
        </extensions>
      </trkpt>
      <trkpt lat="28.234072753405044" lon="112.9038610729954">
        <ele>62.70270698610693</ele>
        <time>2026-09-14T22:48:07.100000Z</time>
        <extensions>
          <gpxtpx:TrackPointExtension>
            <gpxtpx:hr>144</gpxtpx:hr>
          </gpxtpx:TrackPointExtension>
        </extensions>
      </trkpt>
      <trkpt lat="28.2340720590776" lon="112.90388881161073">
        <ele>62.758019521832466</ele>
        <time>2026-09-14T22:48:08.100000Z</time>
        <extensions>
          <gpxtpx:TrackPointExtension>
            <gpxtpx:hr>144</gpxtpx:hr>
          </gpxtpx:TrackPointExtension>
        </extensions>
      </trkpt>
      <trkpt lat="28.23407111574005" lon="112.90391671646796">
        <ele>62.818042191676795</ele>
        <time>2026-09-14T22:48:09.100000Z</time>
        <extensions>
          <gpxtpx:TrackPointExtension>
            <gpxtpx:hr>144</gpxtpx:hr>
          </gpxtpx:TrackPointExtension>
        </extensions>
      </trkpt>
      <trkpt lat="28.234070106173434" lon="112.90394488579413">
        <ele>62.88312133587897</ele>
        <time>2026-09-14T22:48:10.100000Z</time>
        <extensions>
          <gpxtpx:TrackPointExtension>
            <gpxtpx:hr>145</gpxtpx:hr>
          </gpxtpx:TrackPointExtension>
        </extensions>
      </trkpt>
      <trkpt lat="28.234068913894248" lon="112.90397304847828">
        <ele>62.953282781876624</ele>
        <time>2026-09-14T22:48:11.100000Z</time>
        <extensions>
          <gpxtpx:TrackPointExtension>
            <gpxtpx:hr>145</gpxtpx:hr>
          </gpxtpx:TrackPointExtension>
        </extensions>
      </trkpt>
      <trkpt lat="28.234067311054737" lon="112.90400067736489">
        <ele>63.02876603975892</ele>
        <time>2026-09-14T22:48:12.100000Z</time>
        <extensions>
          <gpxtpx:TrackPointExtension>
            <gpxtpx:hr>145</gpxtpx:hr>
          </gpxtpx:TrackPointExtension>
        </extensions>
      </trkpt>
      <trkpt lat="28.23406520647387" lon="112.90402753891088">
        <ele>63.10968288127333</ele>
        <time>2026-09-14T22:48:13.100000Z</time>
        <extensions>
          <gpxtpx:TrackPointExtension>
            <gpxtpx:hr>145</gpxtpx:hr>
          </gpxtpx:TrackPointExtension>
        </extensions>
      </trkpt>
      <trkpt lat="28.23406262508611" lon="112.90405364502915">
        <ele>63.19626680854708</ele>
        <time>2026-09-14T22:48:14Z</time>
        <extensions>
          <gpxtpx:TrackPointExtension>
            <gpxtpx:hr>145</gpxtpx:hr>
          </gpxtpx:TrackPointExtension>
        </extensions>
      </trkpt>
      <trkpt lat="28.23405995896113" lon="112.90407915573768">
        <ele>63.28861716296524</ele>
        <time>2026-09-14T22:48:15Z</time>
        <extensions>
          <gpxtpx:TrackPointExtension>
            <gpxtpx:hr>145</gpxtpx:hr>
          </gpxtpx:TrackPointExtension>
        </extensions>
      </trkpt>
      <trkpt lat="28.23405805203512" lon="112.90410452084396">
        <ele>63.38640790246427</ele>
        <time>2026-09-14T22:48:16Z</time>
        <extensions>
          <gpxtpx:TrackPointExtension>
            <gpxtpx:hr>145</gpxtpx:hr>
          </gpxtpx:TrackPointExtension>
        </extensions>
      </trkpt>
      <trkpt lat="28.23405735643676" lon="112.90413029910464">
        <ele>63.48918347992003</ele>
        <time>2026-09-14T22:48:17Z</time>
        <extensions>
          <gpxtpx:TrackPointExtension>
            <gpxtpx:hr>145</gpxtpx:hr>
          </gpxtpx:TrackPointExtension>
        </extensions>
      </trkpt>
      <trkpt lat="28.234058066351377" lon="112.90415661710689">
        <ele>63.59612863045186</ele>
        <time>2026-09-14T22:48:18Z</time>
        <extensions>
          <gpxtpx:TrackPointExtension>
            <gpxtpx:hr>145</gpxtpx:hr>
          </gpxtpx:TrackPointExtension>
        </extensions>
      </trkpt>
      <trkpt lat="28.234060004602462" lon="112.90418312393616">
        <ele>63.70656960643828</ele>
        <time>2026-09-14T22:48:19Z</time>
        <extensions>
          <gpxtpx:TrackPointExtension>
            <gpxtpx:hr>145</gpxtpx:hr>
          </gpxtpx:TrackPointExtension>
        </extensions>
      </trkpt>
      <trkpt lat="28.234062343964997" lon="112.90420954937507">
        <ele>63.819649618119</ele>
        <time>2026-09-14T22:48:20Z</time>
        <extensions>
          <gpxtpx:TrackPointExtension>
            <gpxtpx:hr>147</gpxtpx:hr>
          </gpxtpx:TrackPointExtension>
        </extensions>
      </trkpt>
      <trkpt lat="28.234064590931364" lon="112.90423597617799">
        <ele>63.93449196219444</ele>
        <time>2026-09-14T22:48:21Z</time>
        <extensions>
          <gpxtpx:TrackPointExtension>
            <gpxtpx:hr>147</gpxtpx:hr>
          </gpxtpx:TrackPointExtension>
        </extensions>
      </trkpt>
      <trkpt lat="28.23406641157183" lon="112.9042625210769">
        <ele>64.05026685073972</ele>
        <time>2026-09-14T22:48:22Z</time>
        <extensions>
          <gpxtpx:TrackPointExtension>
            <gpxtpx:hr>147</gpxtpx:hr>
          </gpxtpx:TrackPointExtension>
        </extensions>
      </trkpt>
      <trkpt lat="28.2340674109891" lon="112.90428896171045">
        <ele>64.16622890904546</ele>
        <time>2026-09-14T22:48:23Z</time>
        <extensions>
          <gpxtpx:TrackPointExtension>
            <gpxtpx:hr>147</gpxtpx:hr>
          </gpxtpx:TrackPointExtension>
        </extensions>
      </trkpt>
      <trkpt lat="28.234067688842856" lon="112.90431493871492">
        <ele>64.28179736249149</ele>
        <time>2026-09-14T22:48:24Z</time>
        <extensions>
          <gpxtpx:TrackPointExtension>
            <gpxtpx:hr>147</gpxtpx:hr>
          </gpxtpx:TrackPointExtension>
        </extensions>
      </trkpt>
      <trkpt lat="28.23406767929526" lon="112.9043403805219">
        <ele>64.39646764099598</ele>
        <time>2026-09-14T22:48:25Z</time>
        <extensions>
          <gpxtpx:TrackPointExtension>
            <gpxtpx:hr>147</gpxtpx:hr>
          </gpxtpx:TrackPointExtension>
        </extensions>
      </trkpt>
      <trkpt lat="28.234067279189954" lon="112.9043654008269">
        <ele>64.50964740104973</ele>
        <time>2026-09-14T22:48:26Z</time>
        <extensions>
          <gpxtpx:TrackPointExtension>
            <gpxtpx:hr>147</gpxtpx:hr>
          </gpxtpx:TrackPointExtension>
        </extensions>
      </trkpt>
      <trkpt lat="28.23406627724867" lon="112.90439009631137">
        <ele>64.62036637496203</ele>
        <time>2026-09-14T22:48:27Z</time>
        <extensions>
          <gpxtpx:TrackPointExtension>
            <gpxtpx:hr>147</gpxtpx:hr>
          </gpxtpx:TrackPointExtension>
        </extensions>
      </trkpt>
      <trkpt lat="28.23406492870992" lon="112.90441450187494">
        <ele>64.72719040419906</ele>
        <time>2026-09-14T22:48:28Z</time>
        <extensions>
          <gpxtpx:TrackPointExtension>
            <gpxtpx:hr>147</gpxtpx:hr>
          </gpxtpx:TrackPointExtension>
        </extensions>
      </trkpt>
      <trkpt lat="28.23406349022429" lon="112.90443858927051">
        <ele>64.82909676153213</ele>
        <time>2026-09-14T22:48:29Z</time>
        <extensions>
          <gpxtpx:TrackPointExtension>
            <gpxtpx:hr>149</gpxtpx:hr>
          </gpxtpx:TrackPointExtension>
        </extensions>
      </trkpt>
      <trkpt lat="28.234062037969856" lon="112.90446234204772">
        <ele>64.92511277087033</ele>
        <time>2026-09-14T22:48:30Z</time>
        <extensions>
          <gpxtpx:TrackPointExtension>
            <gpxtpx:hr>149</gpxtpx:hr>
          </gpxtpx:TrackPointExtension>
        </extensions>
      </trkpt>
      <trkpt lat="28.23406085258267" lon="112.90448625676063">
        <ele>65.01449675112963</ele>
        <time>2026-09-14T22:48:31Z</time>
        <extensions>
          <gpxtpx:TrackPointExtension>
            <gpxtpx:hr>149</gpxtpx:hr>
          </gpxtpx:TrackPointExtension>
        </extensions>
      </trkpt>
      <trkpt lat="28.234060203337393" lon="112.90451088058254">
        <ele>65.09614077862352</ele>
        <time>2026-09-14T22:48:32Z</time>
        <extensions>
          <gpxtpx:TrackPointExtension>
            <gpxtpx:hr>149</gpxtpx:hr>
          </gpxtpx:TrackPointExtension>
        </extensions>
      </trkpt>
      <trkpt lat="28.234060141505715" lon="112.90453612774681">
        <ele>65.16927594132721</ele>
        <time>2026-09-14T22:48:33Z</time>
        <extensions>
          <gpxtpx:TrackPointExtension>
            <gpxtpx:hr>149</gpxtpx:hr>
          </gpxtpx:TrackPointExtension>
        </extensions>
      </trkpt>
      <trkpt lat="28.234060457522038" lon="112.90456186502583">
        <ele>65.23345663025975</ele>
        <time>2026-09-14T22:48:34Z</time>
        <extensions>
          <gpxtpx:TrackPointExtension>
            <gpxtpx:hr>149</gpxtpx:hr>
          </gpxtpx:TrackPointExtension>
        </extensions>
      </trkpt>
      <trkpt lat="28.234060716512346" lon="112.9045876776614">
        <ele>65.28800301160663</ele>
        <time>2026-09-14T22:48:35Z</time>
        <extensions>
          <gpxtpx:TrackPointExtension>
            <gpxtpx:hr>149</gpxtpx:hr>
          </gpxtpx:TrackPointExtension>
        </extensions>
      </trkpt>
      <trkpt lat="28.234060632001558" lon="112.90461336149285">
        <ele>65.33334244880825</ele>
        <time>2026-09-14T22:48:36Z</time>
        <extensions>
          <gpxtpx:TrackPointExtension>
            <gpxtpx:hr>149</gpxtpx:hr>
          </gpxtpx:TrackPointExtension>
        </extensions>
      </trkpt>
      <trkpt lat="28.234060058276643" lon="112.90463913422542">
        <ele>65.36971703637391</ele>
        <time>2026-09-14T22:48:37Z</time>
        <extensions>
          <gpxtpx:TrackPointExtension>
            <gpxtpx:hr>149</gpxtpx:hr>
          </gpxtpx:TrackPointExtension>
        </extensions>
      </trkpt>
      <trkpt lat="28.234059109639933" lon="112.9046650850816">
        <ele>65.39812711253762</ele>
        <time>2026-09-14T22:48:38Z</time>
        <extensions>
          <gpxtpx:TrackPointExtension>
            <gpxtpx:hr>150</gpxtpx:hr>
          </gpxtpx:TrackPointExtension>
        </extensions>
      </trkpt>
      <trkpt lat="28.23405789044436" lon="112.90469114651913">
        <ele>65.41938419919461</ele>
        <time>2026-09-14T22:48:39Z</time>
        <extensions>
          <gpxtpx:TrackPointExtension>
            <gpxtpx:hr>150</gpxtpx:hr>
          </gpxtpx:TrackPointExtension>
        </extensions>
      </trkpt>
      <trkpt lat="28.23405653844549" lon="112.90471719781704">
        <ele>65.43420446198434</ele>
        <time>2026-09-14T22:48:40Z</time>
        <extensions>
          <gpxtpx:TrackPointExtension>
            <gpxtpx:hr>150</gpxtpx:hr>
          </gpxtpx:TrackPointExtension>
        </extensions>
      </trkpt>
      <trkpt lat="28.234055281587143" lon="112.9047431168896">
        <ele>65.4438448548317</ele>
        <time>2026-09-14T22:48:41Z</time>
        <extensions>
          <gpxtpx:TrackPointExtension>
            <gpxtpx:hr>150</gpxtpx:hr>
          </gpxtpx:TrackPointExtension>
        </extensions>
      </trkpt>
      <trkpt lat="28.234054334467483" lon="112.9047690986504">
        <ele>65.44930469989777</ele>
        <time>2026-09-14T22:48:42Z</time>
        <extensions>
          <gpxtpx:TrackPointExtension>
            <gpxtpx:hr>150</gpxtpx:hr>
          </gpxtpx:TrackPointExtension>
        </extensions>
      </trkpt>
      <trkpt lat="28.234053791272153" lon="112.9047953418384">
        <ele>65.45213060546666</ele>
        <time>2026-09-14T22:48:43Z</time>
        <extensions>
          <gpxtpx:TrackPointExtension>
            <gpxtpx:hr>150</gpxtpx:hr>
          </gpxtpx:TrackPointExtension>
        </extensions>
      </trkpt>
      <trkpt lat="28.23405301197315" lon="112.90482157579021">
        <ele>65.45368140749633</ele>
        <time>2026-09-14T22:48:44Z</time>
        <extensions>
          <gpxtpx:TrackPointExtension>
            <gpxtpx:hr>150</gpxtpx:hr>
          </gpxtpx:TrackPointExtension>
        </extensions>
      </trkpt>
      <trkpt lat="28.234051467474657" lon="112.90484758958647">
        <ele>65.45531677361578</ele>
        <time>2026-09-14T22:48:45Z</time>
        <extensions>
          <gpxtpx:TrackPointExtension>
            <gpxtpx:hr>152</gpxtpx:hr>
          </gpxtpx:TrackPointExtension>
        </extensions>
      </trkpt>
      <trkpt lat="28.234049545147876" lon="112.90487355804576">
        <ele>65.45878892950714</ele>
        <time>2026-09-14T22:48:46Z</time>
        <extensions>
          <gpxtpx:TrackPointExtension>
            <gpxtpx:hr>152</gpxtpx:hr>
          </gpxtpx:TrackPointExtension>
        </extensions>
      </trkpt>
      <trkpt lat="28.23404778377892" lon="112.90489969856164">
        <ele>65.4651618488133</ele>
        <time>2026-09-14T22:48:47Z</time>
        <extensions>
          <gpxtpx:TrackPointExtension>
            <gpxtpx:hr>152</gpxtpx:hr>
          </gpxtpx:TrackPointExtension>
        </extensions>
      </trkpt>
      <trkpt lat="28.234046471937027" lon="112.90492598051281">
        <ele>65.47538479976356</ele>
        <time>2026-09-14T22:48:48Z</time>
        <extensions>
          <gpxtpx:TrackPointExtension>
            <gpxtpx:hr>152</gpxtpx:hr>
          </gpxtpx:TrackPointExtension>
        </extensions>
      </trkpt>
      <trkpt lat="28.23404561678493" lon="112.90495213468641">
        <ele>65.4899506252259</ele>
        <time>2026-09-14T22:48:49Z</time>
        <extensions>
          <gpxtpx:TrackPointExtension>
            <gpxtpx:hr>152</gpxtpx:hr>
          </gpxtpx:TrackPointExtension>
        </extensions>
      </trkpt>
      <trkpt lat="28.23404501243132" lon="112.90497790315298">
        <ele>65.50887937657535</ele>
        <time>2026-09-14T22:48:50Z</time>
        <extensions>
          <gpxtpx:TrackPointExtension>
            <gpxtpx:hr>153</gpxtpx:hr>
          </gpxtpx:TrackPointExtension>
        </extensions>
      </trkpt>
      <trkpt lat="28.234044666537024" lon="112.90500312648753">
        <ele>65.53255417197943</ele>
        <time>2026-09-14T22:48:51Z</time>
        <extensions>
          <gpxtpx:TrackPointExtension>
            <gpxtpx:hr>153</gpxtpx:hr>
          </gpxtpx:TrackPointExtension>
        </extensions>
      </trkpt>
      <trkpt lat="28.234044891986304" lon="112.90502782042789">
        <ele>65.56104111112654</ele>
        <time>2026-09-14T22:48:52Z</time>
        <extensions>
          <gpxtpx:TrackPointExtension>
            <gpxtpx:hr>153</gpxtpx:hr>
          </gpxtpx:TrackPointExtension>
        </extensions>
      </trkpt>
      <trkpt lat="28.234045814753436" lon="112.9050521400302">
        <ele>65.5943240141496</ele>
        <time>2026-09-14T22:48:53Z</time>
        <extensions>
          <gpxtpx:TrackPointExtension>
            <gpxtpx:hr>153</gpxtpx:hr>
          </gpxtpx:TrackPointExtension>
        </extensions>
      </trkpt>
      <trkpt lat="28.23404734191229" lon="112.90507636063535">
        <ele>65.63186939619482</ele>
        <time>2026-09-14T22:48:54Z</time>
        <extensions>
          <gpxtpx:TrackPointExtension>
            <gpxtpx:hr>153</gpxtpx:hr>
          </gpxtpx:TrackPointExtension>
        </extensions>
      </trkpt>
      <trkpt lat="28.234049331048737" lon="112.90510080943258">
        <ele>65.67268283944577</ele>
        <time>2026-09-14T22:48:55Z</time>
        <extensions>
          <gpxtpx:TrackPointExtension>
            <gpxtpx:hr>154</gpxtpx:hr>
          </gpxtpx:TrackPointExtension>
        </extensions>
      </trkpt>
      <trkpt lat="28.234051166515588" lon="112.90512581831817">
        <ele>65.71632391121238</ele>
        <time>2026-09-14T22:48:56Z</time>
        <extensions>
          <gpxtpx:TrackPointExtension>
            <gpxtpx:hr>154</gpxtpx:hr>
          </gpxtpx:TrackPointExtension>
        </extensions>
      </trkpt>
      <trkpt lat="28.2340521982995" lon="112.9051515933557">
        <ele>65.76153552066535</ele>
        <time>2026-09-14T22:48:57Z</time>
        <extensions>
          <gpxtpx:TrackPointExtension>
            <gpxtpx:hr>154</gpxtpx:hr>
          </gpxtpx:TrackPointExtension>
        </extensions>
      </trkpt>
      <trkpt lat="28.23405226111902" lon="112.90517799599407">
        <ele>65.80727248173207</ele>
        <time>2026-09-14T22:48:58Z</time>
        <extensions>
          <gpxtpx:TrackPointExtension>
            <gpxtpx:hr>154</gpxtpx:hr>
          </gpxtpx:TrackPointExtension>
        </extensions>
      </trkpt>
      <trkpt lat="28.234051632380243" lon="112.90520458233016">
        <ele>65.85354175977409</ele>
        <time>2026-09-14T22:48:59Z</time>
        <extensions>
          <gpxtpx:TrackPointExtension>
            <gpxtpx:hr>154</gpxtpx:hr>
          </gpxtpx:TrackPointExtension>
        </extensions>
      </trkpt>
      <trkpt lat="28.234050770262165" lon="112.90523092418657">
        <ele>65.8991855289787</ele>
        <time>2026-09-14T22:49:00Z</time>
        <extensions>
          <gpxtpx:TrackPointExtension>
            <gpxtpx:hr>155</gpxtpx:hr>
          </gpxtpx:TrackPointExtension>
        </extensions>
      </trkpt>
      <trkpt lat="28.234049627700117" lon="112.90525669677969">
        <ele>65.94481080025434</ele>
        <time>2026-09-14T22:49:01Z</time>
        <extensions>
          <gpxtpx:TrackPointExtension>
            <gpxtpx:hr>155</gpxtpx:hr>
          </gpxtpx:TrackPointExtension>
        </extensions>
      </trkpt>
      <trkpt lat="28.234047795457077" lon="112.90528135166568">
        <ele>65.98950857203454</ele>
        <time>2026-09-14T22:49:02Z</time>
        <extensions>
          <gpxtpx:TrackPointExtension>
            <gpxtpx:hr>155</gpxtpx:hr>
          </gpxtpx:TrackPointExtension>
        </extensions>
      </trkpt>
      <trkpt lat="28.234045029636427" lon="112.90530442263085">
        <ele>66.03357851784676</ele>
        <time>2026-09-14T22:49:03Z</time>
        <extensions>
          <gpxtpx:TrackPointExtension>
            <gpxtpx:hr>155</gpxtpx:hr>
          </gpxtpx:TrackPointExtension>
        </extensions>
      </trkpt>
      <trkpt lat="28.234040979454836" lon="112.90532561034684">
        <ele>66.07619342859834</ele>
        <time>2026-09-14T22:49:04Z</time>
        <extensions>
          <gpxtpx:TrackPointExtension>
            <gpxtpx:hr>155</gpxtpx:hr>
          </gpxtpx:TrackPointExtension>
        </extensions>
      </trkpt>
      <trkpt lat="28.234035367251405" lon="112.90534492611727">
        <ele>66.1169761409983</ele>
        <time>2026-09-14T22:49:05Z</time>
        <extensions>
          <gpxtpx:TrackPointExtension>
            <gpxtpx:hr>155</gpxtpx:hr>
          </gpxtpx:TrackPointExtension>
        </extensions>
      </trkpt>
      <trkpt lat="28.23402850274245" lon="112.9053628486384">
        <ele>66.15446840692312</ele>
        <time>2026-09-14T22:49:06Z</time>
        <extensions>
          <gpxtpx:TrackPointExtension>
            <gpxtpx:hr>155</gpxtpx:hr>
          </gpxtpx:TrackPointExtension>
        </extensions>
      </trkpt>
      <trkpt lat="28.234020771796935" lon="112.90537987177879">
        <ele>66.18797662761062</ele>
        <time>2026-09-14T22:49:07Z</time>
        <extensions>
          <gpxtpx:TrackPointExtension>
            <gpxtpx:hr>155</gpxtpx:hr>
          </gpxtpx:TrackPointExtension>
        </extensions>
      </trkpt>
      <trkpt lat="28.2340125380761" lon="112.9053963926168">
        <ele>66.217281059362</ele>
        <time>2026-09-14T22:49:07.900000Z</time>
        <extensions>
          <gpxtpx:TrackPointExtension>
            <gpxtpx:hr>155</gpxtpx:hr>
          </gpxtpx:TrackPointExtension>
        </extensions>
      </trkpt>
      <trkpt lat="28.234004310375813" lon="112.9054128339047">
        <ele>66.24177504796535</ele>
        <time>2026-09-14T22:49:08.900000Z</time>
        <extensions>
          <gpxtpx:TrackPointExtension>
            <gpxtpx:hr>155</gpxtpx:hr>
          </gpxtpx:TrackPointExtension>
        </extensions>
      </trkpt>
      <trkpt lat="28.23399666452185" lon="112.90542938534828">
        <ele>66.26143238786608</ele>
        <time>2026-09-14T22:49:09.900000Z</time>
        <extensions>
          <gpxtpx:TrackPointExtension>
            <gpxtpx:hr>155</gpxtpx:hr>
          </gpxtpx:TrackPointExtension>
        </extensions>
      </trkpt>
      <trkpt lat="28.23398994251748" lon="112.90544615698809">
        <ele>66.27615459263325</ele>
        <time>2026-09-14T22:49:10.900000Z</time>
        <extensions>
          <gpxtpx:TrackPointExtension>
            <gpxtpx:hr>155</gpxtpx:hr>
          </gpxtpx:TrackPointExtension>
        </extensions>
      </trkpt>
      <trkpt lat="28.233984176947025" lon="112.90546339001241">
        <ele>66.28601449914277</ele>
        <time>2026-09-14T22:49:11.900000Z</time>
        <extensions>
          <gpxtpx:TrackPointExtension>
            <gpxtpx:hr>158</gpxtpx:hr>
          </gpxtpx:TrackPointExtension>
        </extensions>
      </trkpt>
      <trkpt lat="28.23397913126853" lon="112.90548080732498">
        <ele>66.29134796652943</ele>
        <time>2026-09-14T22:49:12.900000Z</time>
        <extensions>
          <gpxtpx:TrackPointExtension>
            <gpxtpx:hr>158</gpxtpx:hr>
          </gpxtpx:TrackPointExtension>
        </extensions>
      </trkpt>
      <trkpt lat="28.233974714624242" lon="112.90549766486608">
        <ele>66.29256044887006</ele>
        <time>2026-09-14T22:49:13.900000Z</time>
        <extensions>
          <gpxtpx:TrackPointExtension>
            <gpxtpx:hr>158</gpxtpx:hr>
          </gpxtpx:TrackPointExtension>
        </extensions>
      </trkpt>
      <trkpt lat="28.23397145762735" lon="112.90551354894491">
        <ele>66.2897850908339</ele>
        <time>2026-09-14T22:49:14.900000Z</time>
        <extensions>
          <gpxtpx:TrackPointExtension>
            <gpxtpx:hr>158</gpxtpx:hr>
          </gpxtpx:TrackPointExtension>
        </extensions>
      </trkpt>
      <trkpt lat="28.2339691911037" lon="112.90552903264042">
        <ele>66.28341195266694</ele>
        <time>2026-09-14T22:49:15.900000Z</time>
        <extensions>
          <gpxtpx:TrackPointExtension>
            <gpxtpx:hr>158</gpxtpx:hr>
          </gpxtpx:TrackPointExtension>
        </extensions>
      </trkpt>
      <trkpt lat="28.233967275426398" lon="112.9055452856257">
        <ele>66.27364510111511</ele>
        <time>2026-09-14T22:49:16.900000Z</time>
        <extensions>
          <gpxtpx:TrackPointExtension>
            <gpxtpx:hr>158</gpxtpx:hr>
          </gpxtpx:TrackPointExtension>
        </extensions>
      </trkpt>
      <trkpt lat="28.233965745005605" lon="112.90556294780804">
        <ele>66.26118448656052</ele>
        <time>2026-09-14T22:49:17.900000Z</time>
        <extensions>
          <gpxtpx:TrackPointExtension>
            <gpxtpx:hr>158</gpxtpx:hr>
          </gpxtpx:TrackPointExtension>
        </extensions>
      </trkpt>
      <trkpt lat="28.23396469501031" lon="112.90558113265728">
        <ele>66.24679878447205</ele>
        <time>2026-09-14T22:49:18.900000Z</time>
        <extensions>
          <gpxtpx:TrackPointExtension>
            <gpxtpx:hr>159</gpxtpx:hr>
          </gpxtpx:TrackPointExtension>
        </extensions>
      </trkpt>
      <trkpt lat="28.23396412525531" lon="112.90559913086622">
        <ele>66.2302585169673</ele>
        <time>2026-09-14T22:49:19.900000Z</time>
        <extensions>
          <gpxtpx:TrackPointExtension>
            <gpxtpx:hr>159</gpxtpx:hr>
          </gpxtpx:TrackPointExtension>
        </extensions>
      </trkpt>
      <trkpt lat="28.233963936152204" lon="112.90561748959891">
        <ele>66.2129581021145</ele>
        <time>2026-09-14T22:49:20.900000Z</time>
        <extensions>
          <gpxtpx:TrackPointExtension>
            <gpxtpx:hr>159</gpxtpx:hr>
          </gpxtpx:TrackPointExtension>
        </extensions>
      </trkpt>
      <trkpt lat="28.23396391498739" lon="112.90563630148591">
        <ele>66.1948057031259</ele>
        <time>2026-09-14T22:49:21.900000Z</time>
        <extensions>
          <gpxtpx:TrackPointExtension>
            <gpxtpx:hr>159</gpxtpx:hr>
          </gpxtpx:TrackPointExtension>
        </extensions>
      </trkpt>
      <trkpt lat="28.23396380002486" lon="112.90565600236071">
        <ele>66.17691587284207</ele>
        <time>2026-09-14T22:49:22.900000Z</time>
        <extensions>
          <gpxtpx:TrackPointExtension>
            <gpxtpx:hr>159</gpxtpx:hr>
          </gpxtpx:TrackPointExtension>
        </extensions>
      </trkpt>
      <trkpt lat="28.23396329875815" lon="112.90567763574597">
        <ele>66.15931214485317</ele>
        <time>2026-09-14T22:49:23.900000Z</time>
        <extensions>
          <gpxtpx:TrackPointExtension>
            <gpxtpx:hr>159</gpxtpx:hr>
          </gpxtpx:TrackPointExtension>
        </extensions>
      </trkpt>
      <trkpt lat="28.233962109083595" lon="112.90570151276003">
        <ele>66.14314415026456</ele>
        <time>2026-09-14T22:49:24.900000Z</time>
        <extensions>
          <gpxtpx:TrackPointExtension>
            <gpxtpx:hr>159</gpxtpx:hr>
          </gpxtpx:TrackPointExtension>
        </extensions>
      </trkpt>
      <trkpt lat="28.23396006940224" lon="112.90572744006948">
        <ele>66.1280515389517</ele>
        <time>2026-09-14T22:49:25.900000Z</time>
        <extensions>
          <gpxtpx:TrackPointExtension>
            <gpxtpx:hr>159</gpxtpx:hr>
          </gpxtpx:TrackPointExtension>
        </extensions>
      </trkpt>
      <trkpt lat="28.233957477646666" lon="112.90575506105098">
        <ele>66.11516521964222</ele>
        <time>2026-09-14T22:49:26.900000Z</time>
        <extensions>
          <gpxtpx:TrackPointExtension>
            <gpxtpx:hr>157</gpxtpx:hr>
          </gpxtpx:TrackPointExtension>
        </extensions>
      </trkpt>
      <trkpt lat="28.233954900527227" lon="112.90578360447715">
        <ele>66.10516563523561</ele>
        <time>2026-09-14T22:49:27.900000Z</time>
        <extensions>
          <gpxtpx:TrackPointExtension>
            <gpxtpx:hr>157</gpxtpx:hr>
          </gpxtpx:TrackPointExtension>
        </extensions>
      </trkpt>
      <trkpt lat="28.233952873055465" lon="112.90581226485286">
        <ele>66.09924768935889</ele>
        <time>2026-09-14T22:49:28.900000Z</time>
        <extensions>
          <gpxtpx:TrackPointExtension>
            <gpxtpx:hr>157</gpxtpx:hr>
          </gpxtpx:TrackPointExtension>
        </extensions>
      </trkpt>
      <trkpt lat="28.233951452120884" lon="112.90584058407157">
        <ele>66.09870527684689</ele>
        <time>2026-09-14T22:49:29.900000Z</time>
        <extensions>
          <gpxtpx:TrackPointExtension>
            <gpxtpx:hr>157</gpxtpx:hr>
          </gpxtpx:TrackPointExtension>
        </extensions>
      </trkpt>
      <trkpt lat="28.233950258300272" lon="112.90586858766345">
        <ele>66.10405833367258</ele>
        <time>2026-09-14T22:49:30.900000Z</time>
        <extensions>
          <gpxtpx:TrackPointExtension>
            <gpxtpx:hr>157</gpxtpx:hr>
          </gpxtpx:TrackPointExtension>
        </extensions>
      </trkpt>
      <trkpt lat="28.23394914888815" lon="112.9058963999646">
        <ele>66.11596483085304</ele>
        <time>2026-09-14T22:49:31.900000Z</time>
        <extensions>
          <gpxtpx:TrackPointExtension>
            <gpxtpx:hr>157</gpxtpx:hr>
          </gpxtpx:TrackPointExtension>
        </extensions>
      </trkpt>
      <trkpt lat="28.233948183624285" lon="112.90592390799348">
        <ele>66.1350914137438</ele>
        <time>2026-09-14T22:49:32.900000Z</time>
        <extensions>
          <gpxtpx:TrackPointExtension>
            <gpxtpx:hr>157</gpxtpx:hr>
          </gpxtpx:TrackPointExtension>
        </extensions>
      </trkpt>
      <trkpt lat="28.233947488488646" lon="112.90595120455095">
        <ele>66.16181289870292</ele>
        <time>2026-09-14T22:49:33.900000Z</time>
        <extensions>
          <gpxtpx:TrackPointExtension>
            <gpxtpx:hr>155</gpxtpx:hr>
          </gpxtpx:TrackPointExtension>
        </extensions>
      </trkpt>
      <trkpt lat="28.233947044468344" lon="112.90597855606626">
        <ele>66.19619618728757</ele>
        <time>2026-09-14T22:49:34.900000Z</time>
        <extensions>
          <gpxtpx:TrackPointExtension>
            <gpxtpx:hr>155</gpxtpx:hr>
          </gpxtpx:TrackPointExtension>
        </extensions>
      </trkpt>
      <trkpt lat="28.23394672800197" lon="112.906005935834">
        <ele>66.23785097524524</ele>
        <time>2026-09-14T22:49:35.900000Z</time>
        <extensions>
          <gpxtpx:TrackPointExtension>
            <gpxtpx:hr>155</gpxtpx:hr>
          </gpxtpx:TrackPointExtension>
        </extensions>
      </trkpt>
      <trkpt lat="28.23394647193368" lon="112.90603315795204">
        <ele>66.28671214729548</ele>
        <time>2026-09-14T22:49:36.900000Z</time>
        <extensions>
          <gpxtpx:TrackPointExtension>
            <gpxtpx:hr>155</gpxtpx:hr>
          </gpxtpx:TrackPointExtension>
        </extensions>
      </trkpt>
      <trkpt lat="28.233946169175223" lon="112.90605991368933">
        <ele>66.3416257770732</ele>
        <time>2026-09-14T22:49:37.900000Z</time>
        <extensions>
          <gpxtpx:TrackPointExtension>
            <gpxtpx:hr>155</gpxtpx:hr>
          </gpxtpx:TrackPointExtension>
        </extensions>
      </trkpt>
      <trkpt lat="28.233945451992327" lon="112.9060861488935">
        <ele>66.40162890404463</ele>
        <time>2026-09-14T22:49:38.900000Z</time>
        <extensions>
          <gpxtpx:TrackPointExtension>
            <gpxtpx:hr>155</gpxtpx:hr>
          </gpxtpx:TrackPointExtension>
        </extensions>
      </trkpt>
      <trkpt lat="28.23394404641911" lon="112.90611221206538">
        <ele>66.46577247604728</ele>
        <time>2026-09-14T22:49:39.900000Z</time>
        <extensions>
          <gpxtpx:TrackPointExtension>
            <gpxtpx:hr>155</gpxtpx:hr>
          </gpxtpx:TrackPointExtension>
        </extensions>
      </trkpt>
      <trkpt lat="28.23394234347127" lon="112.90613830883511">
        <ele>66.53332949522883</ele>
        <time>2026-09-14T22:49:40.900000Z</time>
        <extensions>
          <gpxtpx:TrackPointExtension>
            <gpxtpx:hr>155</gpxtpx:hr>
          </gpxtpx:TrackPointExtension>
        </extensions>
      </trkpt>
      <trkpt lat="28.2339409682314" lon="112.90616440583132">
        <ele>66.60387893673033</ele>
        <time>2026-09-14T22:49:41.900000Z</time>
        <extensions>
          <gpxtpx:TrackPointExtension>
            <gpxtpx:hr>155</gpxtpx:hr>
          </gpxtpx:TrackPointExtension>
        </extensions>
      </trkpt>
      <trkpt lat="28.233940097107187" lon="112.90619063276093">
        <ele>66.676614115946</ele>
        <time>2026-09-14T22:49:42.900000Z</time>
        <extensions>
          <gpxtpx:TrackPointExtension>
            <gpxtpx:hr>155</gpxtpx:hr>
          </gpxtpx:TrackPointExtension>
        </extensions>
      </trkpt>
      <trkpt lat="28.23393968034124" lon="112.9062172412305">
        <ele>66.75086767878383</ele>
        <time>2026-09-14T22:49:43.900000Z</time>
        <extensions>
          <gpxtpx:TrackPointExtension>
            <gpxtpx:hr>155</gpxtpx:hr>
          </gpxtpx:TrackPointExtension>
        </extensions>
      </trkpt>
      <trkpt lat="28.233939485980656" lon="112.9062443689377">
        <ele>66.8258164646104</ele>
        <time>2026-09-14T22:49:44.900000Z</time>
        <extensions>
          <gpxtpx:TrackPointExtension>
            <gpxtpx:hr>153</gpxtpx:hr>
          </gpxtpx:TrackPointExtension>
        </extensions>
      </trkpt>
      <trkpt lat="28.233939284501712" lon="112.90627193625906">
        <ele>66.90108841191977</ele>
        <time>2026-09-14T22:49:45.900000Z</time>
        <extensions>
          <gpxtpx:TrackPointExtension>
            <gpxtpx:hr>153</gpxtpx:hr>
          </gpxtpx:TrackPointExtension>
        </extensions>
      </trkpt>
      <trkpt lat="28.233939088145295" lon="112.90629983922847">
        <ele>66.97605630941689</ele>
        <time>2026-09-14T22:49:46.900000Z</time>
        <extensions>
          <gpxtpx:TrackPointExtension>
            <gpxtpx:hr>153</gpxtpx:hr>
          </gpxtpx:TrackPointExtension>
        </extensions>
      </trkpt>
      <trkpt lat="28.233938942396293" lon="112.9063279745074">
        <ele>67.0501405633986</ele>
        <time>2026-09-14T22:49:47.900000Z</time>
        <extensions>
          <gpxtpx:TrackPointExtension>
            <gpxtpx:hr>153</gpxtpx:hr>
          </gpxtpx:TrackPointExtension>
        </extensions>
      </trkpt>
      <trkpt lat="28.233938898609395" lon="112.90635606001472">
        <ele>67.12320734467357</ele>
        <time>2026-09-14T22:49:48.900000Z</time>
        <extensions>
          <gpxtpx:TrackPointExtension>
            <gpxtpx:hr>153</gpxtpx:hr>
          </gpxtpx:TrackPointExtension>
        </extensions>
      </trkpt>
      <trkpt lat="28.233938941572177" lon="112.90638382638902">
        <ele>67.19445167016238</ele>
        <time>2026-09-14T22:49:49.900000Z</time>
        <extensions>
          <gpxtpx:TrackPointExtension>
            <gpxtpx:hr>153</gpxtpx:hr>
          </gpxtpx:TrackPointExtension>
        </extensions>
      </trkpt>
      <trkpt lat="28.2339389233841" lon="112.90641134682278">
        <ele>67.26370785571635</ele>
        <time>2026-09-14T22:49:50.900000Z</time>
        <extensions>
          <gpxtpx:TrackPointExtension>
            <gpxtpx:hr>155</gpxtpx:hr>
          </gpxtpx:TrackPointExtension>
        </extensions>
      </trkpt>
      <trkpt lat="28.233938761070565" lon="112.90643901831518">
        <ele>67.33098174352199</ele>
        <time>2026-09-14T22:49:51.900000Z</time>
        <extensions>
          <gpxtpx:TrackPointExtension>
            <gpxtpx:hr>155</gpxtpx:hr>
          </gpxtpx:TrackPointExtension>
        </extensions>
      </trkpt>
      <trkpt lat="28.233938685448866" lon="112.90646694044187">
        <ele>67.39554144535214</ele>
        <time>2026-09-14T22:49:52.900000Z</time>
        <extensions>
          <gpxtpx:TrackPointExtension>
            <gpxtpx:hr>155</gpxtpx:hr>
          </gpxtpx:TrackPointExtension>
        </extensions>
      </trkpt>
      <trkpt lat="28.233939234338127" lon="112.90649490750212">
        <ele>67.45818344410509</ele>
        <time>2026-09-14T22:49:53.900000Z</time>
        <extensions>
          <gpxtpx:TrackPointExtension>
            <gpxtpx:hr>155</gpxtpx:hr>
          </gpxtpx:TrackPointExtension>
        </extensions>
      </trkpt>
      <trkpt lat="28.233940600880132" lon="112.90652263000801">
        <ele>67.51831292081624</ele>
        <time>2026-09-14T22:49:54.900000Z</time>
        <extensions>
          <gpxtpx:TrackPointExtension>
            <gpxtpx:hr>156</gpxtpx:hr>
          </gpxtpx:TrackPointExtension>
        </extensions>
      </trkpt>
      <trkpt lat="28.23394232478604" lon="112.90654995131787">
        <ele>67.57637741137296</ele>
        <time>2026-09-14T22:49:55.900000Z</time>
        <extensions>
          <gpxtpx:TrackPointExtension>
            <gpxtpx:hr>156</gpxtpx:hr>
          </gpxtpx:TrackPointExtension>
        </extensions>
      </trkpt>
      <trkpt lat="28.233943837083242" lon="112.90657678769344">
        <ele>67.63228577096015</ele>
        <time>2026-09-14T22:49:56.900000Z</time>
        <extensions>
          <gpxtpx:TrackPointExtension>
            <gpxtpx:hr>156</gpxtpx:hr>
          </gpxtpx:TrackPointExtension>
        </extensions>
      </trkpt>
      <trkpt lat="28.233944813423438" lon="112.90660319002973">
        <ele>67.68679726962</ele>
        <time>2026-09-14T22:49:57.900000Z</time>
        <extensions>
          <gpxtpx:TrackPointExtension>
            <gpxtpx:hr>156</gpxtpx:hr>
          </gpxtpx:TrackPointExtension>
        </extensions>
      </trkpt>
      <trkpt lat="28.233945255921387" lon="112.90662952569053">
        <ele>67.73982318863273</ele>
        <time>2026-09-14T22:49:58.900000Z</time>
        <extensions>
          <gpxtpx:TrackPointExtension>
            <gpxtpx:hr>156</gpxtpx:hr>
          </gpxtpx:TrackPointExtension>
        </extensions>
      </trkpt>
      <trkpt lat="28.233945373531714" lon="112.90665616789354">
        <ele>67.79145946446806</ele>
        <time>2026-09-14T22:49:59.900000Z</time>
        <extensions>
          <gpxtpx:TrackPointExtension>
            <gpxtpx:hr>156</gpxtpx:hr>
          </gpxtpx:TrackPointExtension>
        </extensions>
      </trkpt>
      <trkpt lat="28.23394541135964" lon="112.90668313948784">
        <ele>67.84215518739074</ele>
        <time>2026-09-14T22:50:00.900000Z</time>
        <extensions>
          <gpxtpx:TrackPointExtension>
            <gpxtpx:hr>156</gpxtpx:hr>
          </gpxtpx:TrackPointExtension>
        </extensions>
      </trkpt>
      <trkpt lat="28.23394549215495" lon="112.90671016610627">
        <ele>67.89162984117866</ele>
        <time>2026-09-14T22:50:01.800000Z</time>
        <extensions>
          <gpxtpx:TrackPointExtension>
            <gpxtpx:hr>156</gpxtpx:hr>
          </gpxtpx:TrackPointExtension>
        </extensions>
      </trkpt>
      <trkpt lat="28.23394568159254" lon="112.90673713047224">
        <ele>67.94026738591492</ele>
        <time>2026-09-14T22:50:02.800000Z</time>
        <extensions>
          <gpxtpx:TrackPointExtension>
            <gpxtpx:hr>156</gpxtpx:hr>
          </gpxtpx:TrackPointExtension>
        </extensions>
      </trkpt>
      <trkpt lat="28.233945928704628" lon="112.906764229013">
        <ele>67.98775629606098</ele>
        <time>2026-09-14T22:50:03.800000Z</time>
        <extensions>
          <gpxtpx:TrackPointExtension>
            <gpxtpx:hr>156</gpxtpx:hr>
          </gpxtpx:TrackPointExtension>
        </extensions>
      </trkpt>
      <trkpt lat="28.233946157391724" lon="112.90679163003206">
        <ele>68.03377908561379</ele>
        <time>2026-09-14T22:50:04.800000Z</time>
        <extensions>
          <gpxtpx:TrackPointExtension>
            <gpxtpx:hr>156</gpxtpx:hr>
          </gpxtpx:TrackPointExtension>
        </extensions>
      </trkpt>
      <trkpt lat="28.233946188179697" lon="112.90681929041322">
        <ele>68.07826633378863</ele>
        <time>2026-09-14T22:50:05.800000Z</time>
        <extensions>
          <gpxtpx:TrackPointExtension>
            <gpxtpx:hr>156</gpxtpx:hr>
          </gpxtpx:TrackPointExtension>
        </extensions>
      </trkpt>
      <trkpt lat="28.233945736704527" lon="112.90684721326507">
        <ele>68.12129571009427</ele>
        <time>2026-09-14T22:50:06.800000Z</time>
        <extensions>
          <gpxtpx:TrackPointExtension>
            <gpxtpx:hr>156</gpxtpx:hr>
          </gpxtpx:TrackPointExtension>
        </extensions>
      </trkpt>
      <trkpt lat="28.233944851066237" lon="112.9068753939935">
        <ele>68.1634879866615</ele>
        <time>2026-09-14T22:50:07.800000Z</time>
        <extensions>
          <gpxtpx:TrackPointExtension>
            <gpxtpx:hr>156</gpxtpx:hr>
          </gpxtpx:TrackPointExtension>
        </extensions>
      </trkpt>
      <trkpt lat="28.23394392838791" lon="112.90690354303149">
        <ele>68.20536252297461</ele>
        <time>2026-09-14T22:50:08.800000Z</time>
        <extensions>
          <gpxtpx:TrackPointExtension>
            <gpxtpx:hr>157</gpxtpx:hr>
          </gpxtpx:TrackPointExtension>
        </extensions>
      </trkpt>
      <trkpt lat="28.23394308334646" lon="112.9069313744743">
        <ele>68.24662467837334</ele>
        <time>2026-09-14T22:50:09.800000Z</time>
        <extensions>
          <gpxtpx:TrackPointExtension>
            <gpxtpx:hr>157</gpxtpx:hr>
          </gpxtpx:TrackPointExtension>
        </extensions>
      </trkpt>
      <trkpt lat="28.23394191008615" lon="112.90695882031804">
        <ele>68.28828882239759</ele>
        <time>2026-09-14T22:50:10.800000Z</time>
        <extensions>
          <gpxtpx:TrackPointExtension>
            <gpxtpx:hr>157</gpxtpx:hr>
          </gpxtpx:TrackPointExtension>
        </extensions>
      </trkpt>
      <trkpt lat="28.233940152321903" lon="112.90698591603496">
        <ele>68.33118016272783</ele>
        <time>2026-09-14T22:50:11.800000Z</time>
        <extensions>
          <gpxtpx:TrackPointExtension>
            <gpxtpx:hr>157</gpxtpx:hr>
          </gpxtpx:TrackPointExtension>
        </extensions>
      </trkpt>
      <trkpt lat="28.233938151953293" lon="112.90701284685822">
        <ele>68.3754244633019</ele>
        <time>2026-09-14T22:50:12.800000Z</time>
        <extensions>
          <gpxtpx:TrackPointExtension>
            <gpxtpx:hr>157</gpxtpx:hr>
          </gpxtpx:TrackPointExtension>
        </extensions>
      </trkpt>
      <trkpt lat="28.233936110215698" lon="112.90704011404182">
        <ele>68.42045278288424</ele>
        <time>2026-09-14T22:50:13.800000Z</time>
        <extensions>
          <gpxtpx:TrackPointExtension>
            <gpxtpx:hr>157</gpxtpx:hr>
          </gpxtpx:TrackPointExtension>
        </extensions>
      </trkpt>
      <trkpt lat="28.233933851868404" lon="112.90706819359141">
        <ele>68.46588082890958</ele>
        <time>2026-09-14T22:50:14.800000Z</time>
        <extensions>
          <gpxtpx:TrackPointExtension>
            <gpxtpx:hr>157</gpxtpx:hr>
          </gpxtpx:TrackPointExtension>
        </extensions>
      </trkpt>
      <trkpt lat="28.233931252908512" lon="112.90709710444104">
        <ele>68.51092180982232</ele>
        <time>2026-09-14T22:50:15.800000Z</time>
        <extensions>
          <gpxtpx:TrackPointExtension>
            <gpxtpx:hr>157</gpxtpx:hr>
          </gpxtpx:TrackPointExtension>
        </extensions>
      </trkpt>
      <trkpt lat="28.23392833543854" lon="112.90712635356256">
        <ele>68.55457223951817</ele>
        <time>2026-09-14T22:50:16.800000Z</time>
        <extensions>
          <gpxtpx:TrackPointExtension>
            <gpxtpx:hr>157</gpxtpx:hr>
          </gpxtpx:TrackPointExtension>
        </extensions>
      </trkpt>
      <trkpt lat="28.233924958418132" lon="112.90715532661724">
        <ele>68.59650678280741</ele>
        <time>2026-09-14T22:50:17.800000Z</time>
        <extensions>
          <gpxtpx:TrackPointExtension>
            <gpxtpx:hr>157</gpxtpx:hr>
          </gpxtpx:TrackPointExtension>
        </extensions>
      </trkpt>
      <trkpt lat="28.233921067886367" lon="112.9071837804024">
        <ele>68.6353047247976</ele>
        <time>2026-09-14T22:50:18.800000Z</time>
        <extensions>
          <gpxtpx:TrackPointExtension>
            <gpxtpx:hr>157</gpxtpx:hr>
          </gpxtpx:TrackPointExtension>
        </extensions>
      </trkpt>
      <trkpt lat="28.23391723289759" lon="112.90721180843182">
        <ele>68.67002674564719</ele>
        <time>2026-09-14T22:50:19.800000Z</time>
        <extensions>
          <gpxtpx:TrackPointExtension>
            <gpxtpx:hr>157</gpxtpx:hr>
          </gpxtpx:TrackPointExtension>
        </extensions>
      </trkpt>
      <trkpt lat="28.233914037330425" lon="112.90723958992358">
        <ele>68.699518234469</ele>
        <time>2026-09-14T22:50:20.800000Z</time>
        <extensions>
          <gpxtpx:TrackPointExtension>
            <gpxtpx:hr>157</gpxtpx:hr>
          </gpxtpx:TrackPointExtension>
        </extensions>
      </trkpt>
      <trkpt lat="28.233911443790195" lon="112.90726740933785">
        <ele>68.72302734106779</ele>
        <time>2026-09-14T22:50:21.800000Z</time>
        <extensions>
          <gpxtpx:TrackPointExtension>
            <gpxtpx:hr>157</gpxtpx:hr>
          </gpxtpx:TrackPointExtension>
        </extensions>
      </trkpt>
      <trkpt lat="28.233909221854244" lon="112.90729548623386">
        <ele>68.7411043914035</ele>
        <time>2026-09-14T22:50:22.800000Z</time>
        <extensions>
          <gpxtpx:TrackPointExtension>
            <gpxtpx:hr>157</gpxtpx:hr>
          </gpxtpx:TrackPointExtension>
        </extensions>
      </trkpt>
      <trkpt lat="28.233907071027346" lon="112.90732369213957">
        <ele>68.75342840328813</ele>
        <time>2026-09-14T22:50:23.800000Z</time>
        <extensions>
          <gpxtpx:TrackPointExtension>
            <gpxtpx:hr>157</gpxtpx:hr>
          </gpxtpx:TrackPointExtension>
        </extensions>
      </trkpt>
      <trkpt lat="28.233904600953807" lon="112.90735168120379">
        <ele>68.76028786133975</ele>
        <time>2026-09-14T22:50:24.800000Z</time>
        <extensions>
          <gpxtpx:TrackPointExtension>
            <gpxtpx:hr>157</gpxtpx:hr>
          </gpxtpx:TrackPointExtension>
        </extensions>
      </trkpt>
      <trkpt lat="28.23390145979413" lon="112.90737934707101">
        <ele>68.76220594439656</ele>
        <time>2026-09-14T22:50:25.800000Z</time>
        <extensions>
          <gpxtpx:TrackPointExtension>
            <gpxtpx:hr>158</gpxtpx:hr>
          </gpxtpx:TrackPointExtension>
        </extensions>
      </trkpt>
      <trkpt lat="28.233897324849575" lon="112.90740667882382">
        <ele>68.75914225541055</ele>
        <time>2026-09-14T22:50:26.800000Z</time>
        <extensions>
          <gpxtpx:TrackPointExtension>
            <gpxtpx:hr>158</gpxtpx:hr>
          </gpxtpx:TrackPointExtension>
        </extensions>
      </trkpt>
      <trkpt lat="28.23389232016667" lon="112.90743381870625">
        <ele>68.75224505458027</ele>
        <time>2026-09-14T22:50:27.800000Z</time>
        <extensions>
          <gpxtpx:TrackPointExtension>
            <gpxtpx:hr>158</gpxtpx:hr>
          </gpxtpx:TrackPointExtension>
        </extensions>
      </trkpt>
      <trkpt lat="28.233887058044225" lon="112.90746112098672">
        <ele>68.74177856184542</ele>
        <time>2026-09-14T22:50:28.800000Z</time>
        <extensions>
          <gpxtpx:TrackPointExtension>
            <gpxtpx:hr>158</gpxtpx:hr>
          </gpxtpx:TrackPointExtension>
        </extensions>
      </trkpt>
      <trkpt lat="28.233882264617545" lon="112.9074888388144">
        <ele>68.72836072649807</ele>
        <time>2026-09-14T22:50:29.800000Z</time>
        <extensions>
          <gpxtpx:TrackPointExtension>
            <gpxtpx:hr>158</gpxtpx:hr>
          </gpxtpx:TrackPointExtension>
        </extensions>
      </trkpt>
      <trkpt lat="28.233878575214483" lon="112.90751685415354">
        <ele>68.71269818488508</ele>
        <time>2026-09-14T22:50:30.800000Z</time>
        <extensions>
          <gpxtpx:TrackPointExtension>
            <gpxtpx:hr>158</gpxtpx:hr>
          </gpxtpx:TrackPointExtension>
        </extensions>
      </trkpt>
      <trkpt lat="28.233876102512546" lon="112.90754493897526">
        <ele>68.69515425991267</ele>
        <time>2026-09-14T22:50:31.800000Z</time>
        <extensions>
          <gpxtpx:TrackPointExtension>
            <gpxtpx:hr>158</gpxtpx:hr>
          </gpxtpx:TrackPointExtension>
        </extensions>
      </trkpt>
      <trkpt lat="28.23387451701153" lon="112.90757305317148">
        <ele>68.6768156485632</ele>
        <time>2026-09-14T22:50:32.800000Z</time>
        <extensions>
          <gpxtpx:TrackPointExtension>
            <gpxtpx:hr>158</gpxtpx:hr>
          </gpxtpx:TrackPointExtension>
        </extensions>
      </trkpt>
      <trkpt lat="28.233873645281705" lon="112.90760129318637">
        <ele>68.65784269012511</ele>
        <time>2026-09-14T22:50:33.800000Z</time>
        <extensions>
          <gpxtpx:TrackPointExtension>
            <gpxtpx:hr>158</gpxtpx:hr>
          </gpxtpx:TrackPointExtension>
        </extensions>
      </trkpt>
      <trkpt lat="28.233873409357376" lon="112.90762959888215">
        <ele>68.63799065817147</ele>
        <time>2026-09-14T22:50:34.800000Z</time>
        <extensions>
          <gpxtpx:TrackPointExtension>
            <gpxtpx:hr>158</gpxtpx:hr>
          </gpxtpx:TrackPointExtension>
        </extensions>
      </trkpt>
      <trkpt lat="28.233873628447913" lon="112.90765782336409">
        <ele>68.61753512918949</ele>
        <time>2026-09-14T22:50:35.800000Z</time>
        <extensions>
          <gpxtpx:TrackPointExtension>
            <gpxtpx:hr>158</gpxtpx:hr>
          </gpxtpx:TrackPointExtension>
        </extensions>
      </trkpt>
      <trkpt lat="28.233874143107847" lon="112.90768593683032">
        <ele>68.59625094383955</ele>
        <time>2026-09-14T22:50:36.800000Z</time>
        <extensions>
          <gpxtpx:TrackPointExtension>
            <gpxtpx:hr>158</gpxtpx:hr>
          </gpxtpx:TrackPointExtension>
        </extensions>
      </trkpt>
      <trkpt lat="28.23387457591929" lon="112.90771390153989">
        <ele>68.57412381283939</ele>
        <time>2026-09-14T22:50:37.800000Z</time>
        <extensions>
          <gpxtpx:TrackPointExtension>
            <gpxtpx:hr>158</gpxtpx:hr>
          </gpxtpx:TrackPointExtension>
        </extensions>
      </trkpt>
      <trkpt lat="28.233874669296675" lon="112.90774179686542">
        <ele>68.55159391090274</ele>
        <time>2026-09-14T22:50:38.800000Z</time>
        <extensions>
          <gpxtpx:TrackPointExtension>
            <gpxtpx:hr>158</gpxtpx:hr>
          </gpxtpx:TrackPointExtension>
        </extensions>
      </trkpt>
      <trkpt lat="28.23387482383782" lon="112.90776978150083">
        <ele>68.52863313350827</ele>
        <time>2026-09-14T22:50:39.800000Z</time>
        <extensions>
          <gpxtpx:TrackPointExtension>
            <gpxtpx:hr>159</gpxtpx:hr>
          </gpxtpx:TrackPointExtension>
        </extensions>
      </trkpt>
      <trkpt lat="28.233875501409297" lon="112.90779786086358">
        <ele>68.50546679925174</ele>
        <time>2026-09-14T22:50:40.800000Z</time>
        <extensions>
          <gpxtpx:TrackPointExtension>
            <gpxtpx:hr>159</gpxtpx:hr>
          </gpxtpx:TrackPointExtension>
        </extensions>
      </trkpt>
      <trkpt lat="28.23387701851927" lon="112.90782567786773">
        <ele>68.48171843681484</ele>
        <time>2026-09-14T22:50:41.800000Z</time>
        <extensions>
          <gpxtpx:TrackPointExtension>
            <gpxtpx:hr>159</gpxtpx:hr>
          </gpxtpx:TrackPointExtension>
        </extensions>
      </trkpt>
      <trkpt lat="28.233879292381893" lon="112.90785294696502">
        <ele>68.45780339464545</ele>
        <time>2026-09-14T22:50:42.800000Z</time>
        <extensions>
          <gpxtpx:TrackPointExtension>
            <gpxtpx:hr>161</gpxtpx:hr>
          </gpxtpx:TrackPointExtension>
        </extensions>
      </trkpt>
      <trkpt lat="28.233881815080238" lon="112.90787985655851">
        <ele>68.43325521145016</ele>
        <time>2026-09-14T22:50:43.800000Z</time>
        <extensions>
          <gpxtpx:TrackPointExtension>
            <gpxtpx:hr>161</gpxtpx:hr>
          </gpxtpx:TrackPointExtension>
        </extensions>
      </trkpt>
      <trkpt lat="28.233884095954767" lon="112.90790666155378">
        <ele>68.40742924902588</ele>
        <time>2026-09-14T22:50:44.800000Z</time>
        <extensions>
          <gpxtpx:TrackPointExtension>
            <gpxtpx:hr>161</gpxtpx:hr>
          </gpxtpx:TrackPointExtension>
        </extensions>
      </trkpt>
      <trkpt lat="28.233885992345993" lon="112.90793352373737">
        <ele>68.38008942920715</ele>
        <time>2026-09-14T22:50:45.800000Z</time>
        <extensions>
          <gpxtpx:TrackPointExtension>
            <gpxtpx:hr>161</gpxtpx:hr>
          </gpxtpx:TrackPointExtension>
        </extensions>
      </trkpt>
      <trkpt lat="28.23388757135908" lon="112.9079604595987">
        <ele>68.3501081559807</ele>
        <time>2026-09-14T22:50:46.800000Z</time>
        <extensions>
          <gpxtpx:TrackPointExtension>
            <gpxtpx:hr>161</gpxtpx:hr>
          </gpxtpx:TrackPointExtension>
        </extensions>
      </trkpt>
      <trkpt lat="28.23388878350416" lon="112.90798737280649">
        <ele>68.3174591185525</ele>
        <time>2026-09-14T22:50:47.800000Z</time>
        <extensions>
          <gpxtpx:TrackPointExtension>
            <gpxtpx:hr>161</gpxtpx:hr>
          </gpxtpx:TrackPointExtension>
        </extensions>
      </trkpt>
      <trkpt lat="28.2338895665154" lon="112.90801449332197">
        <ele>68.28187244012952</ele>
        <time>2026-09-14T22:50:48.800000Z</time>
        <extensions>
          <gpxtpx:TrackPointExtension>
            <gpxtpx:hr>162</gpxtpx:hr>
          </gpxtpx:TrackPointExtension>
        </extensions>
      </trkpt>
      <trkpt lat="28.23389002927269" lon="112.90804203283967">
        <ele>68.2428939472884</ele>
        <time>2026-09-14T22:50:49.800000Z</time>
        <extensions>
          <gpxtpx:TrackPointExtension>
            <gpxtpx:hr>162</gpxtpx:hr>
          </gpxtpx:TrackPointExtension>
        </extensions>
      </trkpt>
      <trkpt lat="28.233890434743632" lon="112.90806981321502">
        <ele>68.20054264273494</ele>
        <time>2026-09-14T22:50:50.800000Z</time>
        <extensions>
          <gpxtpx:TrackPointExtension>
            <gpxtpx:hr>162</gpxtpx:hr>
          </gpxtpx:TrackPointExtension>
        </extensions>
      </trkpt>
      <trkpt lat="28.233890636952815" lon="112.90809765976107">
        <ele>68.15488307084888</ele>
        <time>2026-09-14T22:50:51.800000Z</time>
        <extensions>
          <gpxtpx:TrackPointExtension>
            <gpxtpx:hr>162</gpxtpx:hr>
          </gpxtpx:TrackPointExtension>
        </extensions>
      </trkpt>
      <trkpt lat="28.233890526355918" lon="112.90812556883563">
        <ele>68.10583413112909</ele>
        <time>2026-09-14T22:50:52.800000Z</time>
        <extensions>
          <gpxtpx:TrackPointExtension>
            <gpxtpx:hr>162</gpxtpx:hr>
          </gpxtpx:TrackPointExtension>
        </extensions>
      </trkpt>
      <trkpt lat="28.233890045225102" lon="112.9081537615098">
        <ele>68.05328241363168</ele>
        <time>2026-09-14T22:50:53.800000Z</time>
        <extensions>
          <gpxtpx:TrackPointExtension>
            <gpxtpx:hr>162</gpxtpx:hr>
          </gpxtpx:TrackPointExtension>
        </extensions>
      </trkpt>
      <trkpt lat="28.23388918102699" lon="112.90818243674029">
        <ele>67.9975038934499</ele>
        <time>2026-09-14T22:50:54.700000Z</time>
        <extensions>
          <gpxtpx:TrackPointExtension>
            <gpxtpx:hr>162</gpxtpx:hr>
          </gpxtpx:TrackPointExtension>
        </extensions>
      </trkpt>
      <trkpt lat="28.233888213176705" lon="112.90821126362601">
        <ele>67.9388556536287</ele>
        <time>2026-09-14T22:50:55.700000Z</time>
        <extensions>
          <gpxtpx:TrackPointExtension>
            <gpxtpx:hr>163</gpxtpx:hr>
          </gpxtpx:TrackPointExtension>
        </extensions>
      </trkpt>
      <trkpt lat="28.233887033528084" lon="112.90823966326305">
        <ele>67.8777461592108</ele>
        <time>2026-09-14T22:50:56.700000Z</time>
        <extensions>
          <gpxtpx:TrackPointExtension>
            <gpxtpx:hr>163</gpxtpx:hr>
          </gpxtpx:TrackPointExtension>
        </extensions>
      </trkpt>
      <trkpt lat="28.233885244665977" lon="112.90826747341957">
        <ele>67.81436777953058</ele>
        <time>2026-09-14T22:50:57.700000Z</time>
        <extensions>
          <gpxtpx:TrackPointExtension>
            <gpxtpx:hr>163</gpxtpx:hr>
          </gpxtpx:TrackPointExtension>
        </extensions>
      </trkpt>
      <trkpt lat="28.233882566276908" lon="112.90829510132028">
        <ele>67.74845181498677</ele>
        <time>2026-09-14T22:50:58.700000Z</time>
        <extensions>
          <gpxtpx:TrackPointExtension>
            <gpxtpx:hr>163</gpxtpx:hr>
          </gpxtpx:TrackPointExtension>
        </extensions>
      </trkpt>
      <trkpt lat="28.23387894137833" lon="112.90832288698155">
        <ele>67.67953266110271</ele>
        <time>2026-09-14T22:50:59.700000Z</time>
        <extensions>
          <gpxtpx:TrackPointExtension>
            <gpxtpx:hr>163</gpxtpx:hr>
          </gpxtpx:TrackPointExtension>
        </extensions>
      </trkpt>
      <trkpt lat="28.233875152193875" lon="112.9083508308311">
        <ele>67.60732933878899</ele>
        <time>2026-09-14T22:51:00.700000Z</time>
        <extensions>
          <gpxtpx:TrackPointExtension>
            <gpxtpx:hr>163</gpxtpx:hr>
          </gpxtpx:TrackPointExtension>
        </extensions>
      </trkpt>
      <trkpt lat="28.23387225966781" lon="112.90837866226376">
        <ele>67.531604222022</ele>
        <time>2026-09-14T22:51:01.700000Z</time>
        <extensions>
          <gpxtpx:TrackPointExtension>
            <gpxtpx:hr>163</gpxtpx:hr>
          </gpxtpx:TrackPointExtension>
        </extensions>
      </trkpt>
      <trkpt lat="28.233870343290455" lon="112.90840625192203">
        <ele>67.4522486878559</ele>
        <time>2026-09-14T22:51:02.700000Z</time>
        <extensions>
          <gpxtpx:TrackPointExtension>
            <gpxtpx:hr>163</gpxtpx:hr>
          </gpxtpx:TrackPointExtension>
        </extensions>
      </trkpt>
      <trkpt lat="28.233869058080785" lon="112.90843361534763">
        <ele>67.36940326355398</ele>
        <time>2026-09-14T22:51:03.700000Z</time>
        <extensions>
          <gpxtpx:TrackPointExtension>
            <gpxtpx:hr>163</gpxtpx:hr>
          </gpxtpx:TrackPointExtension>
        </extensions>
      </trkpt>
      <trkpt lat="28.233868161402864" lon="112.90846076400973">
        <ele>67.28357624448836</ele>
        <time>2026-09-14T22:51:04.700000Z</time>
        <extensions>
          <gpxtpx:TrackPointExtension>
            <gpxtpx:hr>163</gpxtpx:hr>
          </gpxtpx:TrackPointExtension>
        </extensions>
      </trkpt>
      <trkpt lat="28.23386747452977" lon="112.90848798999495">
        <ele>67.19558475445956</ele>
        <time>2026-09-14T22:51:05.700000Z</time>
        <extensions>
          <gpxtpx:TrackPointExtension>
            <gpxtpx:hr>163</gpxtpx:hr>
          </gpxtpx:TrackPointExtension>
        </extensions>
      </trkpt>
      <trkpt lat="28.23386695117884" lon="112.90851580296908">
        <ele>67.10617374721915</ele>
        <time>2026-09-14T22:51:06.700000Z</time>
        <extensions>
          <gpxtpx:TrackPointExtension>
            <gpxtpx:hr>163</gpxtpx:hr>
          </gpxtpx:TrackPointExtension>
        </extensions>
      </trkpt>
      <trkpt lat="28.233866667806623" lon="112.90854481084855">
        <ele>67.01601617597044</ele>
        <time>2026-09-14T22:51:07.700000Z</time>
        <extensions>
          <gpxtpx:TrackPointExtension>
            <gpxtpx:hr>163</gpxtpx:hr>
          </gpxtpx:TrackPointExtension>
        </extensions>
      </trkpt>
      <trkpt lat="28.233866531122555" lon="112.90857533976674">
        <ele>66.92559481225908</ele>
        <time>2026-09-14T22:51:08.700000Z</time>
        <extensions>
          <gpxtpx:TrackPointExtension>
            <gpxtpx:hr>163</gpxtpx:hr>
          </gpxtpx:TrackPointExtension>
        </extensions>
      </trkpt>
      <trkpt lat="28.23386652113212" lon="112.90860674464349">
        <ele>66.83530800510198</ele>
        <time>2026-09-14T22:51:09.700000Z</time>
        <extensions>
          <gpxtpx:TrackPointExtension>
            <gpxtpx:hr>163</gpxtpx:hr>
          </gpxtpx:TrackPointExtension>
        </extensions>
      </trkpt>
      <trkpt lat="28.233866748816666" lon="112.90863825656449">
        <ele>66.74528757855296</ele>
        <time>2026-09-14T22:51:10.700000Z</time>
        <extensions>
          <gpxtpx:TrackPointExtension>
            <gpxtpx:hr>163</gpxtpx:hr>
          </gpxtpx:TrackPointExtension>
        </extensions>
      </trkpt>
      <trkpt lat="28.233867168387007" lon="112.90866952916805">
        <ele>66.65565367788076</ele>
        <time>2026-09-14T22:51:11.700000Z</time>
        <extensions>
          <gpxtpx:TrackPointExtension>
            <gpxtpx:hr>163</gpxtpx:hr>
          </gpxtpx:TrackPointExtension>
        </extensions>
      </trkpt>
      <trkpt lat="28.233867661674378" lon="112.908700513143">
        <ele>66.56623863894492</ele>
        <time>2026-09-14T22:51:12.700000Z</time>
        <extensions>
          <gpxtpx:TrackPointExtension>
            <gpxtpx:hr>163</gpxtpx:hr>
          </gpxtpx:TrackPointExtension>
        </extensions>
      </trkpt>
      <trkpt lat="28.233867919437404" lon="112.90873138852761">
        <ele>66.4765737298876</ele>
        <time>2026-09-14T22:51:13.700000Z</time>
        <extensions>
          <gpxtpx:TrackPointExtension>
            <gpxtpx:hr>163</gpxtpx:hr>
          </gpxtpx:TrackPointExtension>
        </extensions>
      </trkpt>
      <trkpt lat="28.233867479116668" lon="112.90876215301974">
        <ele>66.38613433856517</ele>
        <time>2026-09-14T22:51:14.700000Z</time>
        <extensions>
          <gpxtpx:TrackPointExtension>
            <gpxtpx:hr>163</gpxtpx:hr>
          </gpxtpx:TrackPointExtension>
        </extensions>
      </trkpt>
      <trkpt lat="28.23386633699215" lon="112.9087927725651">
        <ele>66.29452786687762</ele>
        <time>2026-09-14T22:51:15.700000Z</time>
        <extensions>
          <gpxtpx:TrackPointExtension>
            <gpxtpx:hr>163</gpxtpx:hr>
          </gpxtpx:TrackPointExtension>
        </extensions>
      </trkpt>
      <trkpt lat="28.233864938172772" lon="112.90882334002923">
        <ele>66.20148302707821</ele>
        <time>2026-09-14T22:51:16.700000Z</time>
        <extensions>
          <gpxtpx:TrackPointExtension>
            <gpxtpx:hr>163</gpxtpx:hr>
          </gpxtpx:TrackPointExtension>
        </extensions>
      </trkpt>
      <trkpt lat="28.233863397055266" lon="112.90885398292588">
        <ele>66.10670136101544</ele>
        <time>2026-09-14T22:51:17.700000Z</time>
        <extensions>
          <gpxtpx:TrackPointExtension>
            <gpxtpx:hr>163</gpxtpx:hr>
          </gpxtpx:TrackPointExtension>
        </extensions>
      </trkpt>
      <trkpt lat="28.233861730186437" lon="112.90888463975581">
        <ele>66.00994806084782</ele>
        <time>2026-09-14T22:51:18.700000Z</time>
        <extensions>
          <gpxtpx:TrackPointExtension>
            <gpxtpx:hr>163</gpxtpx:hr>
          </gpxtpx:TrackPointExtension>
        </extensions>
      </trkpt>
      <trkpt lat="28.233859889073514" lon="112.90891506670755">
        <ele>65.91111580468714</ele>
        <time>2026-09-14T22:51:19.700000Z</time>
        <extensions>
          <gpxtpx:TrackPointExtension>
            <gpxtpx:hr>163</gpxtpx:hr>
          </gpxtpx:TrackPointExtension>
        </extensions>
      </trkpt>
      <trkpt lat="28.23385783668055" lon="112.90894488709594">
        <ele>65.81066279206425</ele>
        <time>2026-09-14T22:51:20.700000Z</time>
        <extensions>
          <gpxtpx:TrackPointExtension>
            <gpxtpx:hr>163</gpxtpx:hr>
          </gpxtpx:TrackPointExtension>
        </extensions>
      </trkpt>
      <trkpt lat="28.233855939754825" lon="112.90897395457085">
        <ele>65.70957218296826</ele>
        <time>2026-09-14T22:51:21.700000Z</time>
        <extensions>
          <gpxtpx:TrackPointExtension>
            <gpxtpx:hr>163</gpxtpx:hr>
          </gpxtpx:TrackPointExtension>
        </extensions>
      </trkpt>
      <trkpt lat="28.233854505796398" lon="112.90900280386245">
        <ele>65.60896315984428</ele>
        <time>2026-09-14T22:51:22.700000Z</time>
        <extensions>
          <gpxtpx:TrackPointExtension>
            <gpxtpx:hr>163</gpxtpx:hr>
          </gpxtpx:TrackPointExtension>
        </extensions>
      </trkpt>
      <trkpt lat="28.23385333200046" lon="112.90903204284461">
        <ele>65.50969804916531</ele>
        <time>2026-09-14T22:51:23.700000Z</time>
        <extensions>
          <gpxtpx:TrackPointExtension>
            <gpxtpx:hr>163</gpxtpx:hr>
          </gpxtpx:TrackPointExtension>
        </extensions>
      </trkpt>
      <trkpt lat="28.23385211009449" lon="112.90906168254409">
        <ele>65.41248608659953</ele>
        <time>2026-09-14T22:51:24.700000Z</time>
        <extensions>
          <gpxtpx:TrackPointExtension>
            <gpxtpx:hr>163</gpxtpx:hr>
          </gpxtpx:TrackPointExtension>
        </extensions>
      </trkpt>
      <trkpt lat="28.23385084284077" lon="112.90909152141617">
        <ele>65.31731566693634</ele>
        <time>2026-09-14T22:51:25.700000Z</time>
        <extensions>
          <gpxtpx:TrackPointExtension>
            <gpxtpx:hr>163</gpxtpx:hr>
          </gpxtpx:TrackPointExtension>
        </extensions>
      </trkpt>
      <trkpt lat="28.233849784072707" lon="112.90912148774449">
        <ele>65.22460355702788</ele>
        <time>2026-09-14T22:51:26.700000Z</time>
        <extensions>
          <gpxtpx:TrackPointExtension>
            <gpxtpx:hr>164</gpxtpx:hr>
          </gpxtpx:TrackPointExtension>
        </extensions>
      </trkpt>
      <trkpt lat="28.233849094916476" lon="112.90915157441945">
        <ele>65.13445224799216</ele>
        <time>2026-09-14T22:51:27.700000Z</time>
        <extensions>
          <gpxtpx:TrackPointExtension>
            <gpxtpx:hr>164</gpxtpx:hr>
          </gpxtpx:TrackPointExtension>
        </extensions>
      </trkpt>
      <trkpt lat="28.233848796409088" lon="112.90918168756257">
        <ele>65.04713638406247</ele>
        <time>2026-09-14T22:51:28.700000Z</time>
        <extensions>
          <gpxtpx:TrackPointExtension>
            <gpxtpx:hr>164</gpxtpx:hr>
          </gpxtpx:TrackPointExtension>
        </extensions>
      </trkpt>
      <trkpt lat="28.233848876649706" lon="112.90921178096903">
        <ele>64.96338538918644</ele>
        <time>2026-09-14T22:51:29.700000Z</time>
        <extensions>
          <gpxtpx:TrackPointExtension>
            <gpxtpx:hr>164</gpxtpx:hr>
          </gpxtpx:TrackPointExtension>
        </extensions>
      </trkpt>
      <trkpt lat="28.233849399577217" lon="112.90924185321077">
        <ele>64.8838662635535</ele>
        <time>2026-09-14T22:51:30.700000Z</time>
        <extensions>
          <gpxtpx:TrackPointExtension>
            <gpxtpx:hr>164</gpxtpx:hr>
          </gpxtpx:TrackPointExtension>
        </extensions>
      </trkpt>
      <trkpt lat="28.233850415747593" lon="112.9092718403381">
        <ele>64.80955298151821</ele>
        <time>2026-09-14T22:51:31.700000Z</time>
        <extensions>
          <gpxtpx:TrackPointExtension>
            <gpxtpx:hr>164</gpxtpx:hr>
          </gpxtpx:TrackPointExtension>
        </extensions>
      </trkpt>
      <trkpt lat="28.23385180919422" lon="112.90930176640211">
        <ele>64.74117902573198</ele>
        <time>2026-09-14T22:51:32.700000Z</time>
        <extensions>
          <gpxtpx:TrackPointExtension>
            <gpxtpx:hr>164</gpxtpx:hr>
          </gpxtpx:TrackPointExtension>
        </extensions>
      </trkpt>
      <trkpt lat="28.233853330490355" lon="112.90933181517116">
        <ele>64.67905099876225</ele>
        <time>2026-09-14T22:51:33.700000Z</time>
        <extensions>
          <gpxtpx:TrackPointExtension>
            <gpxtpx:hr>166</gpxtpx:hr>
          </gpxtpx:TrackPointExtension>
        </extensions>
      </trkpt>
      <trkpt lat="28.233854623600433" lon="112.9093619904392">
        <ele>64.62276639323682</ele>
        <time>2026-09-14T22:51:34.700000Z</time>
        <extensions>
          <gpxtpx:TrackPointExtension>
            <gpxtpx:hr>166</gpxtpx:hr>
          </gpxtpx:TrackPointExtension>
        </extensions>
      </trkpt>
      <trkpt lat="28.233855331468273" lon="112.9093921445908">
        <ele>64.57194440253079</ele>
        <time>2026-09-14T22:51:35.700000Z</time>
        <extensions>
          <gpxtpx:TrackPointExtension>
            <gpxtpx:hr>166</gpxtpx:hr>
          </gpxtpx:TrackPointExtension>
        </extensions>
      </trkpt>
      <trkpt lat="28.23385551020128" lon="112.9094222304376">
        <ele>64.52632836904377</ele>
        <time>2026-09-14T22:51:36.700000Z</time>
        <extensions>
          <gpxtpx:TrackPointExtension>
            <gpxtpx:hr>166</gpxtpx:hr>
          </gpxtpx:TrackPointExtension>
        </extensions>
      </trkpt>
      <trkpt lat="28.233855575352578" lon="112.90945214999071">
        <ele>64.4857240319252</ele>
        <time>2026-09-14T22:51:37.700000Z</time>
        <extensions>
          <gpxtpx:TrackPointExtension>
            <gpxtpx:hr>166</gpxtpx:hr>
          </gpxtpx:TrackPointExtension>
        </extensions>
      </trkpt>
      <trkpt lat="28.233855787672805" lon="112.90948152745227">
        <ele>64.44996776152402</ele>
        <time>2026-09-14T22:51:38.700000Z</time>
        <extensions>
          <gpxtpx:TrackPointExtension>
            <gpxtpx:hr>166</gpxtpx:hr>
          </gpxtpx:TrackPointExtension>
        </extensions>
      </trkpt>
      <trkpt lat="28.2338560614068" lon="112.90950978202964">
        <ele>64.41834439057857</ele>
        <time>2026-09-14T22:51:39.700000Z</time>
        <extensions>
          <gpxtpx:TrackPointExtension>
            <gpxtpx:hr>166</gpxtpx:hr>
          </gpxtpx:TrackPointExtension>
        </extensions>
      </trkpt>
      <trkpt lat="28.233855939982952" lon="112.90953624136607">
        <ele>64.38994954805821</ele>
        <time>2026-09-14T22:51:40.700000Z</time>
        <extensions>
          <gpxtpx:TrackPointExtension>
            <gpxtpx:hr>167</gpxtpx:hr>
          </gpxtpx:TrackPointExtension>
        </extensions>
      </trkpt>
      <trkpt lat="28.233855260355547" lon="112.90956018063967">
        <ele>64.36350702680647</ele>
        <time>2026-09-14T22:51:41.700000Z</time>
        <extensions>
          <gpxtpx:TrackPointExtension>
            <gpxtpx:hr>167</gpxtpx:hr>
          </gpxtpx:TrackPointExtension>
        </extensions>
      </trkpt>
      <trkpt lat="28.233853778973888" lon="112.90958094227479">
        <ele>64.33726909663528</ele>
        <time>2026-09-14T22:51:42.700000Z</time>
        <extensions>
          <gpxtpx:TrackPointExtension>
            <gpxtpx:hr>167</gpxtpx:hr>
          </gpxtpx:TrackPointExtension>
        </extensions>
      </trkpt>
      <trkpt lat="28.233851347102476" lon="112.90959713008696">
        <ele>64.31008497532457</ele>
        <time>2026-09-14T22:51:43.700000Z</time>
        <extensions>
          <gpxtpx:TrackPointExtension>
            <gpxtpx:hr>167</gpxtpx:hr>
          </gpxtpx:TrackPointExtension>
        </extensions>
      </trkpt>
      <trkpt lat="28.233848744203296" lon="112.90960607065455">
        <ele>64.28139298874885</ele>
        <time>2026-09-14T22:51:44.700000Z</time>
        <extensions>
          <gpxtpx:TrackPointExtension>
            <gpxtpx:hr>167</gpxtpx:hr>
          </gpxtpx:TrackPointExtension>
        </extensions>
      </trkpt>
      <trkpt lat="28.233846352428547" lon="112.90960926141294">
        <ele>64.25140266306698</ele>
        <time>2026-09-14T22:51:45.700000Z</time>
        <extensions>
          <gpxtpx:TrackPointExtension>
            <gpxtpx:hr>167</gpxtpx:hr>
          </gpxtpx:TrackPointExtension>
        </extensions>
      </trkpt>
      <trkpt lat="28.233844230612828" lon="112.90961170951563">
        <ele>64.22091857157648</ele>
        <time>2026-09-14T22:51:46.700000Z</time>
        <extensions>
          <gpxtpx:TrackPointExtension>
            <gpxtpx:hr>167</gpxtpx:hr>
          </gpxtpx:TrackPointExtension>
        </extensions>
      </trkpt>
      <trkpt lat="28.23384276568022" lon="112.9096163948776">
        <ele>64.19111662637442</ele>
        <time>2026-09-14T22:51:47.700000Z</time>
        <extensions>
          <gpxtpx:TrackPointExtension>
            <gpxtpx:hr>168</gpxtpx:hr>
          </gpxtpx:TrackPointExtension>
        </extensions>
      </trkpt>
      <trkpt lat="28.23384217306097" lon="112.90962543198013">
        <ele>64.16294296830893</ele>
        <time>2026-09-14T22:51:48.600000Z</time>
        <extensions>
          <gpxtpx:TrackPointExtension>
            <gpxtpx:hr>168</gpxtpx:hr>
          </gpxtpx:TrackPointExtension>
        </extensions>
      </trkpt>
      <trkpt lat="28.233842402511346" lon="112.90963885192521">
        <ele>64.13698174897581</ele>
        <time>2026-09-14T22:51:49.600000Z</time>
        <extensions>
          <gpxtpx:TrackPointExtension>
            <gpxtpx:hr>168</gpxtpx:hr>
          </gpxtpx:TrackPointExtension>
        </extensions>
      </trkpt>
      <trkpt lat="28.233842917879834" lon="112.90965503375227">
        <ele>64.11341652553529</ele>
        <time>2026-09-14T22:51:50.600000Z</time>
        <extensions>
          <gpxtpx:TrackPointExtension>
            <gpxtpx:hr>168</gpxtpx:hr>
          </gpxtpx:TrackPointExtension>
        </extensions>
      </trkpt>
      <trkpt lat="28.233843338608917" lon="112.90967226666743">
        <ele>64.09244833141565</ele>
        <time>2026-09-14T22:51:51.600000Z</time>
        <extensions>
          <gpxtpx:TrackPointExtension>
            <gpxtpx:hr>168</gpxtpx:hr>
          </gpxtpx:TrackPointExtension>
        </extensions>
      </trkpt>
      <trkpt lat="28.23384354344196" lon="112.90969035497176">
        <ele>64.07402517367154</ele>
        <time>2026-09-14T22:51:52.600000Z</time>
        <extensions>
          <gpxtpx:TrackPointExtension>
            <gpxtpx:hr>168</gpxtpx:hr>
          </gpxtpx:TrackPointExtension>
        </extensions>
      </trkpt>
      <trkpt lat="28.233843362170557" lon="112.90970948935303">
        <ele>64.05853266455233</ele>
        <time>2026-09-14T22:51:53.600000Z</time>
        <extensions>
          <gpxtpx:TrackPointExtension>
            <gpxtpx:hr>166</gpxtpx:hr>
          </gpxtpx:TrackPointExtension>
        </extensions>
      </trkpt>
      <trkpt lat="28.233842556919104" lon="112.909730420024">
        <ele>64.04656158201396</ele>
        <time>2026-09-14T22:51:54.600000Z</time>
        <extensions>
          <gpxtpx:TrackPointExtension>
            <gpxtpx:hr>166</gpxtpx:hr>
          </gpxtpx:TrackPointExtension>
        </extensions>
      </trkpt>
      <trkpt lat="28.233841028656357" lon="112.90975458208734">
        <ele>64.0392792634666</ele>
        <time>2026-09-14T22:51:55.600000Z</time>
        <extensions>
          <gpxtpx:TrackPointExtension>
            <gpxtpx:hr>166</gpxtpx:hr>
          </gpxtpx:TrackPointExtension>
        </extensions>
      </trkpt>
      <trkpt lat="28.233838896546445" lon="112.90978172070696">
        <ele>64.0378502085805</ele>
        <time>2026-09-14T22:51:56.600000Z</time>
        <extensions>
          <gpxtpx:TrackPointExtension>
            <gpxtpx:hr>166</gpxtpx:hr>
          </gpxtpx:TrackPointExtension>
        </extensions>
      </trkpt>
      <trkpt lat="28.23383645086791" lon="112.90981133921827">
        <ele>64.04345887340605</ele>
        <time>2026-09-14T22:51:57.600000Z</time>
        <extensions>
          <gpxtpx:TrackPointExtension>
            <gpxtpx:hr>166</gpxtpx:hr>
          </gpxtpx:TrackPointExtension>
        </extensions>
      </trkpt>
      <trkpt lat="28.233834115158768" lon="112.90984278468284">
        <ele>64.05727966316044</ele>
        <time>2026-09-14T22:51:58.600000Z</time>
        <extensions>
          <gpxtpx:TrackPointExtension>
            <gpxtpx:hr>166</gpxtpx:hr>
          </gpxtpx:TrackPointExtension>
        </extensions>
      </trkpt>
      <trkpt lat="28.233832113813147" lon="112.90987542298943">
        <ele>64.07975675258785</ele>
        <time>2026-09-14T22:51:59.600000Z</time>
        <extensions>
          <gpxtpx:TrackPointExtension>
            <gpxtpx:hr>166</gpxtpx:hr>
          </gpxtpx:TrackPointExtension>
        </extensions>
      </trkpt>
      <trkpt lat="28.233830467477624" lon="112.90990879347866">
        <ele>64.11108288168907</ele>
        <time>2026-09-14T22:52:00.600000Z</time>
        <extensions>
          <gpxtpx:TrackPointExtension>
            <gpxtpx:hr>166</gpxtpx:hr>
          </gpxtpx:TrackPointExtension>
        </extensions>
      </trkpt>
      <trkpt lat="28.23382921681394" lon="112.90994257094933">
        <ele>64.15071357414126</ele>
        <time>2026-09-14T22:52:01.600000Z</time>
        <extensions>
          <gpxtpx:TrackPointExtension>
            <gpxtpx:hr>166</gpxtpx:hr>
          </gpxtpx:TrackPointExtension>
        </extensions>
      </trkpt>
      <trkpt lat="28.233828677252433" lon="112.90997656445266">
        <ele>64.19767555128783</ele>
        <time>2026-09-14T22:52:02.600000Z</time>
        <extensions>
          <gpxtpx:TrackPointExtension>
            <gpxtpx:hr>166</gpxtpx:hr>
          </gpxtpx:TrackPointExtension>
        </extensions>
      </trkpt>
      <trkpt lat="28.233829309783307" lon="112.91001064889137">
        <ele>64.2502881269902</ele>
        <time>2026-09-14T22:52:03.600000Z</time>
        <extensions>
          <gpxtpx:TrackPointExtension>
            <gpxtpx:hr>162</gpxtpx:hr>
          </gpxtpx:TrackPointExtension>
        </extensions>
      </trkpt>
      <trkpt lat="28.2338313561232" lon="112.91004455497108">
        <ele>64.30705590546131</ele>
        <time>2026-09-14T22:52:04.600000Z</time>
        <extensions>
          <gpxtpx:TrackPointExtension>
            <gpxtpx:hr>162</gpxtpx:hr>
          </gpxtpx:TrackPointExtension>
        </extensions>
      </trkpt>
      <trkpt lat="28.233834673620933" lon="112.9100779860639">
        <ele>64.36671715695411</ele>
        <time>2026-09-14T22:52:05.600000Z</time>
        <extensions>
          <gpxtpx:TrackPointExtension>
            <gpxtpx:hr>162</gpxtpx:hr>
          </gpxtpx:TrackPointExtension>
        </extensions>
      </trkpt>
      <trkpt lat="28.23383843960664" lon="112.91011096350945">
        <ele>64.42825513891876</ele>
        <time>2026-09-14T22:52:06.600000Z</time>
        <extensions>
          <gpxtpx:TrackPointExtension>
            <gpxtpx:hr>162</gpxtpx:hr>
          </gpxtpx:TrackPointExtension>
        </extensions>
      </trkpt>
      <trkpt lat="28.233841935546835" lon="112.91014387279259">
        <ele>64.49081044271588</ele>
        <time>2026-09-14T22:52:07.600000Z</time>
        <extensions>
          <gpxtpx:TrackPointExtension>
            <gpxtpx:hr>162</gpxtpx:hr>
          </gpxtpx:TrackPointExtension>
        </extensions>
      </trkpt>
      <trkpt lat="28.233845175283317" lon="112.91017720381578">
        <ele>64.55375298857689</ele>
        <time>2026-09-14T22:52:08.600000Z</time>
        <extensions>
          <gpxtpx:TrackPointExtension>
            <gpxtpx:hr>162</gpxtpx:hr>
          </gpxtpx:TrackPointExtension>
        </extensions>
      </trkpt>
      <trkpt lat="28.233847915496813" lon="112.9102108542542">
        <ele>64.61636907886714</ele>
        <time>2026-09-14T22:52:09.600000Z</time>
        <extensions>
          <gpxtpx:TrackPointExtension>
            <gpxtpx:hr>159</gpxtpx:hr>
          </gpxtpx:TrackPointExtension>
        </extensions>
      </trkpt>
      <trkpt lat="28.233850056487377" lon="112.9102441659542">
        <ele>64.67820243909955</ele>
        <time>2026-09-14T22:52:10.600000Z</time>
        <extensions>
          <gpxtpx:TrackPointExtension>
            <gpxtpx:hr>159</gpxtpx:hr>
          </gpxtpx:TrackPointExtension>
        </extensions>
      </trkpt>
      <trkpt lat="28.23385187203612" lon="112.9102769078887">
        <ele>64.73866275325418</ele>
        <time>2026-09-14T22:52:11.600000Z</time>
        <extensions>
          <gpxtpx:TrackPointExtension>
            <gpxtpx:hr>159</gpxtpx:hr>
          </gpxtpx:TrackPointExtension>
        </extensions>
      </trkpt>
      <trkpt lat="28.233853437664603" lon="112.91030938258048">
        <ele>64.79777573421597</ele>
        <time>2026-09-14T22:52:12.600000Z</time>
        <extensions>
          <gpxtpx:TrackPointExtension>
            <gpxtpx:hr>159</gpxtpx:hr>
          </gpxtpx:TrackPointExtension>
        </extensions>
      </trkpt>
      <trkpt lat="28.233854434089267" lon="112.91034164054496">
        <ele>64.85538815055043</ele>
        <time>2026-09-14T22:52:13.600000Z</time>
        <extensions>
          <gpxtpx:TrackPointExtension>
            <gpxtpx:hr>159</gpxtpx:hr>
          </gpxtpx:TrackPointExtension>
        </extensions>
      </trkpt>
      <trkpt lat="28.233854630204494" lon="112.91037354684826">
        <ele>64.91068029031157</ele>
        <time>2026-09-14T22:52:14.600000Z</time>
        <extensions>
          <gpxtpx:TrackPointExtension>
            <gpxtpx:hr>159</gpxtpx:hr>
          </gpxtpx:TrackPointExtension>
        </extensions>
      </trkpt>
      <trkpt lat="28.233854271316517" lon="112.91040511282384">
        <ele>64.9630538765341</ele>
        <time>2026-09-14T22:52:15.600000Z</time>
        <extensions>
          <gpxtpx:TrackPointExtension>
            <gpxtpx:hr>161</gpxtpx:hr>
          </gpxtpx:TrackPointExtension>
        </extensions>
      </trkpt>
      <trkpt lat="28.233853585758535" lon="112.91043644177996">
        <ele>65.01222461182624</ele>
        <time>2026-09-14T22:52:16.600000Z</time>
        <extensions>
          <gpxtpx:TrackPointExtension>
            <gpxtpx:hr>161</gpxtpx:hr>
          </gpxtpx:TrackPointExtension>
        </extensions>
      </trkpt>
      <trkpt lat="28.233852835227797" lon="112.91046751918057">
        <ele>65.05800098180771</ele>
        <time>2026-09-14T22:52:17.600000Z</time>
        <extensions>
          <gpxtpx:TrackPointExtension>
            <gpxtpx:hr>161</gpxtpx:hr>
          </gpxtpx:TrackPointExtension>
        </extensions>
      </trkpt>
      <trkpt lat="28.23385227696349" lon="112.91049814369185">
        <ele>65.10071334987879</ele>
        <time>2026-09-14T22:52:18.600000Z</time>
        <extensions>
          <gpxtpx:TrackPointExtension>
            <gpxtpx:hr>161</gpxtpx:hr>
          </gpxtpx:TrackPointExtension>
        </extensions>
      </trkpt>
      <trkpt lat="28.233852018017572" lon="112.91052797288322">
        <ele>65.14074029307812</ele>
        <time>2026-09-14T22:52:19.600000Z</time>
        <extensions>
          <gpxtpx:TrackPointExtension>
            <gpxtpx:hr>161</gpxtpx:hr>
          </gpxtpx:TrackPointExtension>
        </extensions>
      </trkpt>
      <trkpt lat="28.233851952968053" lon="112.91055694960883">
        <ele>65.1791530456394</ele>
        <time>2026-09-14T22:52:20.600000Z</time>
        <extensions>
          <gpxtpx:TrackPointExtension>
            <gpxtpx:hr>163</gpxtpx:hr>
          </gpxtpx:TrackPointExtension>
        </extensions>
      </trkpt>
      <trkpt lat="28.233851811760214" lon="112.9105854655609">
        <ele>65.2168533289805</ele>
        <time>2026-09-14T22:52:21.600000Z</time>
        <extensions>
          <gpxtpx:TrackPointExtension>
            <gpxtpx:hr>163</gpxtpx:hr>
          </gpxtpx:TrackPointExtension>
        </extensions>
      </trkpt>
      <trkpt lat="28.233851375323624" lon="112.91061393599489">
        <ele>65.25448086764663</ele>
        <time>2026-09-14T22:52:22.600000Z</time>
        <extensions>
          <gpxtpx:TrackPointExtension>
            <gpxtpx:hr>163</gpxtpx:hr>
          </gpxtpx:TrackPointExtension>
        </extensions>
      </trkpt>
      <trkpt lat="28.233850582174853" lon="112.91064273845583">
        <ele>65.29311919678003</ele>
        <time>2026-09-14T22:52:23.600000Z</time>
        <extensions>
          <gpxtpx:TrackPointExtension>
            <gpxtpx:hr>163</gpxtpx:hr>
          </gpxtpx:TrackPointExtension>
        </extensions>
      </trkpt>
      <trkpt lat="28.233849449471126" lon="112.91067223535174">
        <ele>65.33270683325827</ele>
        <time>2026-09-14T22:52:24.600000Z</time>
        <extensions>
          <gpxtpx:TrackPointExtension>
            <gpxtpx:hr>163</gpxtpx:hr>
          </gpxtpx:TrackPointExtension>
        </extensions>
      </trkpt>
      <trkpt lat="28.233848151154785" lon="112.91070242037262">
        <ele>65.37350574880838</ele>
        <time>2026-09-14T22:52:25.600000Z</time>
        <extensions>
          <gpxtpx:TrackPointExtension>
            <gpxtpx:hr>163</gpxtpx:hr>
          </gpxtpx:TrackPointExtension>
        </extensions>
      </trkpt>
      <trkpt lat="28.233847142776888" lon="112.91073298891094">
        <ele>65.41530408151448</ele>
        <time>2026-09-14T22:52:26.600000Z</time>
        <extensions>
          <gpxtpx:TrackPointExtension>
            <gpxtpx:hr>163</gpxtpx:hr>
          </gpxtpx:TrackPointExtension>
        </extensions>
      </trkpt>
      <trkpt lat="28.23384685696827" lon="112.91076379969549">
        <ele>65.45770358387381</ele>
        <time>2026-09-14T22:52:27.600000Z</time>
        <extensions>
          <gpxtpx:TrackPointExtension>
            <gpxtpx:hr>163</gpxtpx:hr>
          </gpxtpx:TrackPointExtension>
        </extensions>
      </trkpt>
      <trkpt lat="28.233847117239794" lon="112.91079483941222">
        <ele>65.5007170829922</ele>
        <time>2026-09-14T22:52:28.600000Z</time>
        <extensions>
          <gpxtpx:TrackPointExtension>
            <gpxtpx:hr>163</gpxtpx:hr>
          </gpxtpx:TrackPointExtension>
        </extensions>
      </trkpt>
      <trkpt lat="28.233847239758447" lon="112.91082604950508">
        <ele>65.54411851614714</ele>
        <time>2026-09-14T22:52:29.600000Z</time>
        <extensions>
          <gpxtpx:TrackPointExtension>
            <gpxtpx:hr>165</gpxtpx:hr>
          </gpxtpx:TrackPointExtension>
        </extensions>
      </trkpt>
      <trkpt lat="28.23384660283096" lon="112.91085732378752">
        <ele>65.5879962714389</ele>
        <time>2026-09-14T22:52:30.600000Z</time>
        <extensions>
          <gpxtpx:TrackPointExtension>
            <gpxtpx:hr>165</gpxtpx:hr>
          </gpxtpx:TrackPointExtension>
        </extensions>
      </trkpt>
      <trkpt lat="28.233845317719823" lon="112.9108886853905">
        <ele>65.63281468395144</ele>
        <time>2026-09-14T22:52:31.600000Z</time>
        <extensions>
          <gpxtpx:TrackPointExtension>
            <gpxtpx:hr>165</gpxtpx:hr>
          </gpxtpx:TrackPointExtension>
        </extensions>
      </trkpt>
      <trkpt lat="28.233843989439187" lon="112.91092018973656">
        <ele>65.67856681160629</ele>
        <time>2026-09-14T22:52:32.600000Z</time>
        <extensions>
          <gpxtpx:TrackPointExtension>
            <gpxtpx:hr>165</gpxtpx:hr>
          </gpxtpx:TrackPointExtension>
        </extensions>
      </trkpt>
      <trkpt lat="28.233843290323048" lon="112.91095165283598">
        <ele>65.72522137127817</ele>
        <time>2026-09-14T22:52:33.600000Z</time>
        <extensions>
          <gpxtpx:TrackPointExtension>
            <gpxtpx:hr>165</gpxtpx:hr>
          </gpxtpx:TrackPointExtension>
        </extensions>
      </trkpt>
      <trkpt lat="28.233843278397636" lon="112.91098263069478">
        <ele>65.7717403229326</ele>
        <time>2026-09-14T22:52:34.600000Z</time>
        <extensions>
          <gpxtpx:TrackPointExtension>
            <gpxtpx:hr>165</gpxtpx:hr>
          </gpxtpx:TrackPointExtension>
        </extensions>
      </trkpt>
      <trkpt lat="28.233844075900468" lon="112.91101313944064">
        <ele>65.81657398398966</ele>
        <time>2026-09-14T22:52:35.600000Z</time>
        <extensions>
          <gpxtpx:TrackPointExtension>
            <gpxtpx:hr>165</gpxtpx:hr>
          </gpxtpx:TrackPointExtension>
        </extensions>
      </trkpt>
      <trkpt lat="28.23384617907011" lon="112.91104365958208">
        <ele>65.8576092319563</ele>
        <time>2026-09-14T22:52:36.600000Z</time>
        <extensions>
          <gpxtpx:TrackPointExtension>
            <gpxtpx:hr>165</gpxtpx:hr>
          </gpxtpx:TrackPointExtension>
        </extensions>
      </trkpt>
      <trkpt lat="28.233848983257488" lon="112.91107426661509">
        <ele>65.89257124438882</ele>
        <time>2026-09-14T22:52:37.600000Z</time>
        <extensions>
          <gpxtpx:TrackPointExtension>
            <gpxtpx:hr>165</gpxtpx:hr>
          </gpxtpx:TrackPointExtension>
        </extensions>
      </trkpt>
      <trkpt lat="28.23385135930801" lon="112.9111047530726">
        <ele>65.91950016655028</ele>
        <time>2026-09-14T22:52:38.600000Z</time>
        <extensions>
          <gpxtpx:TrackPointExtension>
            <gpxtpx:hr>165</gpxtpx:hr>
          </gpxtpx:TrackPointExtension>
        </extensions>
      </trkpt>
      <trkpt lat="28.233852971133874" lon="112.9111348856152">
        <ele>65.93668893817812</ele>
        <time>2026-09-14T22:52:39.600000Z</time>
        <extensions>
          <gpxtpx:TrackPointExtension>
            <gpxtpx:hr>166</gpxtpx:hr>
          </gpxtpx:TrackPointExtension>
        </extensions>
      </trkpt>
      <trkpt lat="28.233854002231855" lon="112.9111645083692">
        <ele>65.942527201958</ele>
        <time>2026-09-14T22:52:40.600000Z</time>
        <extensions>
          <gpxtpx:TrackPointExtension>
            <gpxtpx:hr>166</gpxtpx:hr>
          </gpxtpx:TrackPointExtension>
        </extensions>
      </trkpt>
      <trkpt lat="28.23385460455036" lon="112.91119353007193">
        <ele>65.93547178898007</ele>
        <time>2026-09-14T22:52:41.500000Z</time>
        <extensions>
          <gpxtpx:TrackPointExtension>
            <gpxtpx:hr>166</gpxtpx:hr>
          </gpxtpx:TrackPointExtension>
        </extensions>
      </trkpt>
      <trkpt lat="28.233854662429064" lon="112.91122169167392">
        <ele>65.91415671724826</ele>
        <time>2026-09-14T22:52:42.500000Z</time>
        <extensions>
          <gpxtpx:TrackPointExtension>
            <gpxtpx:hr>166</gpxtpx:hr>
          </gpxtpx:TrackPointExtension>
        </extensions>
      </trkpt>
      <trkpt lat="28.23385403061993" lon="112.91124850513786">
        <ele>65.87742424942553</ele>
        <time>2026-09-14T22:52:43.500000Z</time>
        <extensions>
          <gpxtpx:TrackPointExtension>
            <gpxtpx:hr>166</gpxtpx:hr>
          </gpxtpx:TrackPointExtension>
        </extensions>
      </trkpt>
      <trkpt lat="28.233852953973567" lon="112.91127337423774">
        <ele>65.82465313374996</ele>
        <time>2026-09-14T22:52:44.500000Z</time>
        <extensions>
          <gpxtpx:TrackPointExtension>
            <gpxtpx:hr>166</gpxtpx:hr>
          </gpxtpx:TrackPointExtension>
        </extensions>
      </trkpt>
      <trkpt lat="28.23385201395411" lon="112.91129729096599">
        <ele>65.75574417319149</ele>
        <time>2026-09-14T22:52:45.500000Z</time>
        <extensions>
          <gpxtpx:TrackPointExtension>
            <gpxtpx:hr>166</gpxtpx:hr>
          </gpxtpx:TrackPointExtension>
        </extensions>
      </trkpt>
      <trkpt lat="28.233851778398332" lon="112.91132205231855">
        <ele>65.67113910894841</ele>
        <time>2026-09-14T22:52:46.500000Z</time>
        <extensions>
          <gpxtpx:TrackPointExtension>
            <gpxtpx:hr>166</gpxtpx:hr>
          </gpxtpx:TrackPointExtension>
        </extensions>
      </trkpt>
      <trkpt lat="28.233852276891508" lon="112.91134819857365">
        <ele>65.57184977363795</ele>
        <time>2026-09-14T22:52:47.500000Z</time>
        <extensions>
          <gpxtpx:TrackPointExtension>
            <gpxtpx:hr>166</gpxtpx:hr>
          </gpxtpx:TrackPointExtension>
        </extensions>
      </trkpt>
      <trkpt lat="28.23385323510645" lon="112.91137560979173">
        <ele>65.45919233281165</ele>
        <time>2026-09-14T22:52:48.500000Z</time>
        <extensions>
          <gpxtpx:TrackPointExtension>
            <gpxtpx:hr>166</gpxtpx:hr>
          </gpxtpx:TrackPointExtension>
        </extensions>
      </trkpt>
      <trkpt lat="28.233854509012595" lon="112.91140400945237">
        <ele>65.33466388937086</ele>
        <time>2026-09-14T22:52:49.500000Z</time>
        <extensions>
          <gpxtpx:TrackPointExtension>
            <gpxtpx:hr>166</gpxtpx:hr>
          </gpxtpx:TrackPointExtension>
        </extensions>
      </trkpt>
      <trkpt lat="28.233855790148006" lon="112.91143309174085">
        <ele>65.19999342691153</ele>
        <time>2026-09-14T22:52:50.500000Z</time>
        <extensions>
          <gpxtpx:TrackPointExtension>
            <gpxtpx:hr>166</gpxtpx:hr>
          </gpxtpx:TrackPointExtension>
        </extensions>
      </trkpt>
      <trkpt lat="28.233856697515602" lon="112.91146277359826">
        <ele>65.05721857398748</ele>
        <time>2026-09-14T22:52:51.500000Z</time>
        <extensions>
          <gpxtpx:TrackPointExtension>
            <gpxtpx:hr>166</gpxtpx:hr>
          </gpxtpx:TrackPointExtension>
        </extensions>
      </trkpt>
      <trkpt lat="28.233857094333686" lon="112.91149301132725">
        <ele>64.9086969550699</ele>
        <time>2026-09-14T22:52:52.500000Z</time>
        <extensions>
          <gpxtpx:TrackPointExtension>
            <gpxtpx:hr>167</gpxtpx:hr>
          </gpxtpx:TrackPointExtension>
        </extensions>
      </trkpt>
      <trkpt lat="28.233857103928145" lon="112.91152347495924">
        <ele>64.75698867160827</ele>
        <time>2026-09-14T22:52:53.500000Z</time>
        <extensions>
          <gpxtpx:TrackPointExtension>
            <gpxtpx:hr>167</gpxtpx:hr>
          </gpxtpx:TrackPointExtension>
        </extensions>
      </trkpt>
      <trkpt lat="28.233857042789197" lon="112.91155384049068">
        <ele>64.60494814068079</ele>
        <time>2026-09-14T22:52:54.500000Z</time>
        <extensions>
          <gpxtpx:TrackPointExtension>
            <gpxtpx:hr>167</gpxtpx:hr>
          </gpxtpx:TrackPointExtension>
        </extensions>
      </trkpt>
      <trkpt lat="28.233856855098267" lon="112.91158393452994">
        <ele>64.45542654488236</ele>
        <time>2026-09-14T22:52:55.500000Z</time>
        <extensions>
          <gpxtpx:TrackPointExtension>
            <gpxtpx:hr>167</gpxtpx:hr>
          </gpxtpx:TrackPointExtension>
        </extensions>
      </trkpt>
      <trkpt lat="28.233856540885192" lon="112.9116138742571">
        <ele>64.3111471971497</ele>
        <time>2026-09-14T22:52:56.500000Z</time>
        <extensions>
          <gpxtpx:TrackPointExtension>
            <gpxtpx:hr>167</gpxtpx:hr>
          </gpxtpx:TrackPointExtension>
        </extensions>
      </trkpt>
      <trkpt lat="28.233856466192343" lon="112.911643838867">
        <ele>64.17478178068995</ele>
        <time>2026-09-14T22:52:57.500000Z</time>
        <extensions>
          <gpxtpx:TrackPointExtension>
            <gpxtpx:hr>167</gpxtpx:hr>
          </gpxtpx:TrackPointExtension>
        </extensions>
      </trkpt>
      <trkpt lat="28.23385650341371" lon="112.9116738477189">
        <ele>64.04889220371842</ele>
        <time>2026-09-14T22:52:58.500000Z</time>
        <extensions>
          <gpxtpx:TrackPointExtension>
            <gpxtpx:hr>167</gpxtpx:hr>
          </gpxtpx:TrackPointExtension>
        </extensions>
      </trkpt>
      <trkpt lat="28.23385623751838" lon="112.91170394647966">
        <ele>63.93574706558138</ele>
        <time>2026-09-14T22:52:59.500000Z</time>
        <extensions>
          <gpxtpx:TrackPointExtension>
            <gpxtpx:hr>167</gpxtpx:hr>
          </gpxtpx:TrackPointExtension>
        </extensions>
      </trkpt>
      <trkpt lat="28.233855771620348" lon="112.9117345196192">
        <ele>63.837083498016</ele>
        <time>2026-09-14T22:53:00.500000Z</time>
        <extensions>
          <gpxtpx:TrackPointExtension>
            <gpxtpx:hr>167</gpxtpx:hr>
          </gpxtpx:TrackPointExtension>
        </extensions>
      </trkpt>
      <trkpt lat="28.233855443828862" lon="112.91176569502838">
        <ele>63.75401025917381</ele>
        <time>2026-09-14T22:53:01.500000Z</time>
        <extensions>
          <gpxtpx:TrackPointExtension>
            <gpxtpx:hr>167</gpxtpx:hr>
          </gpxtpx:TrackPointExtension>
        </extensions>
      </trkpt>
      <trkpt lat="28.233855667743576" lon="112.91179705933091">
        <ele>63.68670337181538</ele>
        <time>2026-09-14T22:53:02.500000Z</time>
        <extensions>
          <gpxtpx:TrackPointExtension>
            <gpxtpx:hr>167</gpxtpx:hr>
          </gpxtpx:TrackPointExtension>
        </extensions>
      </trkpt>
      <trkpt lat="28.23385646755521" lon="112.91182815574345">
        <ele>63.63421853631735</ele>
        <time>2026-09-14T22:53:03.500000Z</time>
        <extensions>
          <gpxtpx:TrackPointExtension>
            <gpxtpx:hr>167</gpxtpx:hr>
          </gpxtpx:TrackPointExtension>
        </extensions>
      </trkpt>
      <trkpt lat="28.233857481658436" lon="112.9118588457017">
        <ele>63.5951235704124</ele>
        <time>2026-09-14T22:53:04.500000Z</time>
        <extensions>
          <gpxtpx:TrackPointExtension>
            <gpxtpx:hr>168</gpxtpx:hr>
          </gpxtpx:TrackPointExtension>
        </extensions>
      </trkpt>
      <trkpt lat="28.233858233696296" lon="112.91188919763">
        <ele>63.56711396854371</ele>
        <time>2026-09-14T22:53:05.500000Z</time>
        <extensions>
          <gpxtpx:TrackPointExtension>
            <gpxtpx:hr>168</gpxtpx:hr>
          </gpxtpx:TrackPointExtension>
        </extensions>
      </trkpt>
      <trkpt lat="28.23385887535972" lon="112.91191963404964">
        <ele>63.54823373630643</ele>
        <time>2026-09-14T22:53:06.500000Z</time>
        <extensions>
          <gpxtpx:TrackPointExtension>
            <gpxtpx:hr>168</gpxtpx:hr>
          </gpxtpx:TrackPointExtension>
        </extensions>
      </trkpt>
      <trkpt lat="28.233859741113818" lon="112.91195037714179">
        <ele>63.53617060370743</ele>
        <time>2026-09-14T22:53:07.500000Z</time>
        <extensions>
          <gpxtpx:TrackPointExtension>
            <gpxtpx:hr>168</gpxtpx:hr>
          </gpxtpx:TrackPointExtension>
        </extensions>
      </trkpt>
      <trkpt lat="28.233860628091296" lon="112.91198125484655">
        <ele>63.52855074312538</ele>
        <time>2026-09-14T22:53:08.500000Z</time>
        <extensions>
          <gpxtpx:TrackPointExtension>
            <gpxtpx:hr>168</gpxtpx:hr>
          </gpxtpx:TrackPointExtension>
        </extensions>
      </trkpt>
      <trkpt lat="28.23386139757738" lon="112.91201212666763">
        <ele>63.5233343699947</ele>
        <time>2026-09-14T22:53:09.500000Z</time>
        <extensions>
          <gpxtpx:TrackPointExtension>
            <gpxtpx:hr>169</gpxtpx:hr>
          </gpxtpx:TrackPointExtension>
        </extensions>
      </trkpt>
      <trkpt lat="28.233862179848405" lon="112.91204291448851">
        <ele>63.51903129834682</ele>
        <time>2026-09-14T22:53:10.500000Z</time>
        <extensions>
          <gpxtpx:TrackPointExtension>
            <gpxtpx:hr>169</gpxtpx:hr>
          </gpxtpx:TrackPointExtension>
        </extensions>
      </trkpt>
      <trkpt lat="28.233862850405867" lon="112.9120734091436">
        <ele>63.514528481289744</ele>
        <time>2026-09-14T22:53:11.500000Z</time>
        <extensions>
          <gpxtpx:TrackPointExtension>
            <gpxtpx:hr>169</gpxtpx:hr>
          </gpxtpx:TrackPointExtension>
        </extensions>
      </trkpt>
      <trkpt lat="28.233863299567712" lon="112.91210365620503">
        <ele>63.50909318216145</ele>
        <time>2026-09-14T22:53:12.500000Z</time>
        <extensions>
          <gpxtpx:TrackPointExtension>
            <gpxtpx:hr>169</gpxtpx:hr>
          </gpxtpx:TrackPointExtension>
        </extensions>
      </trkpt>
      <trkpt lat="28.233863426460992" lon="112.91213403159414">
        <ele>63.5022507943213</ele>
        <time>2026-09-14T22:53:13.500000Z</time>
        <extensions>
          <gpxtpx:TrackPointExtension>
            <gpxtpx:hr>169</gpxtpx:hr>
          </gpxtpx:TrackPointExtension>
        </extensions>
      </trkpt>
      <trkpt lat="28.23386327971095" lon="112.91216473402264">
        <ele>63.49347056262195</ele>
        <time>2026-09-14T22:53:14.500000Z</time>
        <extensions>
          <gpxtpx:TrackPointExtension>
            <gpxtpx:hr>169</gpxtpx:hr>
          </gpxtpx:TrackPointExtension>
        </extensions>
      </trkpt>
      <trkpt lat="28.233863132798874" lon="112.91219582072824">
        <ele>63.48220976535231</ele>
        <time>2026-09-14T22:53:15.500000Z</time>
        <extensions>
          <gpxtpx:TrackPointExtension>
            <gpxtpx:hr>169</gpxtpx:hr>
          </gpxtpx:TrackPointExtension>
        </extensions>
      </trkpt>
      <trkpt lat="28.23386305410654" lon="112.91222733061767">
        <ele>63.46795717347413</ele>
        <time>2026-09-14T22:53:16.500000Z</time>
        <extensions>
          <gpxtpx:TrackPointExtension>
            <gpxtpx:hr>169</gpxtpx:hr>
          </gpxtpx:TrackPointExtension>
        </extensions>
      </trkpt>
      <trkpt lat="28.233863058496702" lon="112.91225918883875">
        <ele>63.45031293388456</ele>
        <time>2026-09-14T22:53:17.500000Z</time>
        <extensions>
          <gpxtpx:TrackPointExtension>
            <gpxtpx:hr>169</gpxtpx:hr>
          </gpxtpx:TrackPointExtension>
        </extensions>
      </trkpt>
      <trkpt lat="28.233862981460025" lon="112.9122911957468">
        <ele>63.42900666035712</ele>
        <time>2026-09-14T22:53:18.500000Z</time>
        <extensions>
          <gpxtpx:TrackPointExtension>
            <gpxtpx:hr>170</gpxtpx:hr>
          </gpxtpx:TrackPointExtension>
        </extensions>
      </trkpt>
      <trkpt lat="28.23386244914579" lon="112.91232308554977">
        <ele>63.40380751993507</ele>
        <time>2026-09-14T22:53:19.500000Z</time>
        <extensions>
          <gpxtpx:TrackPointExtension>
            <gpxtpx:hr>170</gpxtpx:hr>
          </gpxtpx:TrackPointExtension>
        </extensions>
      </trkpt>
      <trkpt lat="28.23386111094132" lon="112.91235449046583">
        <ele>63.37465597037226</ele>
        <time>2026-09-14T22:53:20.500000Z</time>
        <extensions>
          <gpxtpx:TrackPointExtension>
            <gpxtpx:hr>170</gpxtpx:hr>
          </gpxtpx:TrackPointExtension>
        </extensions>
      </trkpt>
      <trkpt lat="28.233858923876976" lon="112.91238532925645">
        <ele>63.34160400368273</ele>
        <time>2026-09-14T22:53:21.500000Z</time>
        <extensions>
          <gpxtpx:TrackPointExtension>
            <gpxtpx:hr>170</gpxtpx:hr>
          </gpxtpx:TrackPointExtension>
        </extensions>
      </trkpt>
      <trkpt lat="28.233855923563482" lon="112.91241574883402">
        <ele>63.30479262303561</ele>
        <time>2026-09-14T22:53:22.500000Z</time>
        <extensions>
          <gpxtpx:TrackPointExtension>
            <gpxtpx:hr>171</gpxtpx:hr>
          </gpxtpx:TrackPointExtension>
        </extensions>
      </trkpt>
      <trkpt lat="28.233852174326035" lon="112.91244600807636">
        <ele>63.264734072610736</ele>
        <time>2026-09-14T22:53:23.500000Z</time>
        <extensions>
          <gpxtpx:TrackPointExtension>
            <gpxtpx:hr>171</gpxtpx:hr>
          </gpxtpx:TrackPointExtension>
        </extensions>
      </trkpt>
      <trkpt lat="28.233847980651927" lon="112.91247646223223">
        <ele>63.222368221729994</ele>
        <time>2026-09-14T22:53:24.500000Z</time>
        <extensions>
          <gpxtpx:TrackPointExtension>
            <gpxtpx:hr>171</gpxtpx:hr>
          </gpxtpx:TrackPointExtension>
        </extensions>
      </trkpt>
      <trkpt lat="28.23384359697223" lon="112.91250743719512">
        <ele>63.1787483561784</ele>
        <time>2026-09-14T22:53:25.500000Z</time>
        <extensions>
          <gpxtpx:TrackPointExtension>
            <gpxtpx:hr>171</gpxtpx:hr>
          </gpxtpx:TrackPointExtension>
        </extensions>
      </trkpt>
      <trkpt lat="28.233839319971885" lon="112.91253913237283">
        <ele>63.13461776357144</ele>
        <time>2026-09-14T22:53:26.500000Z</time>
        <extensions>
          <gpxtpx:TrackPointExtension>
            <gpxtpx:hr>171</gpxtpx:hr>
          </gpxtpx:TrackPointExtension>
        </extensions>
      </trkpt>
      <trkpt lat="28.233835508015655" lon="112.91257160784305">
        <ele>63.09039173275232</ele>
        <time>2026-09-14T22:53:27.500000Z</time>
        <extensions>
          <gpxtpx:TrackPointExtension>
            <gpxtpx:hr>171</gpxtpx:hr>
          </gpxtpx:TrackPointExtension>
        </extensions>
      </trkpt>
      <trkpt lat="28.233832326159934" lon="112.91260466655261">
        <ele>63.04633123986423</ele>
        <time>2026-09-14T22:53:28.500000Z</time>
        <extensions>
          <gpxtpx:TrackPointExtension>
            <gpxtpx:hr>173</gpxtpx:hr>
          </gpxtpx:TrackPointExtension>
        </extensions>
      </trkpt>
      <trkpt lat="28.233829772396852" lon="112.91263768212251">
        <ele>63.00247453339398</ele>
        <time>2026-09-14T22:53:29.500000Z</time>
        <extensions>
          <gpxtpx:TrackPointExtension>
            <gpxtpx:hr>173</gpxtpx:hr>
          </gpxtpx:TrackPointExtension>
        </extensions>
      </trkpt>
      <trkpt lat="28.233827609536757" lon="112.91267013200111">
        <ele>62.958714752458036</ele>
        <time>2026-09-14T22:53:30.500000Z</time>
        <extensions>
          <gpxtpx:TrackPointExtension>
            <gpxtpx:hr>173</gpxtpx:hr>
          </gpxtpx:TrackPointExtension>
        </extensions>
      </trkpt>
      <trkpt lat="28.233825432961673" lon="112.91270185844014">
        <ele>62.91504908539355</ele>
        <time>2026-09-14T22:53:31.500000Z</time>
        <extensions>
          <gpxtpx:TrackPointExtension>
            <gpxtpx:hr>173</gpxtpx:hr>
          </gpxtpx:TrackPointExtension>
        </extensions>
      </trkpt>
      <trkpt lat="28.23382252001941" lon="112.91273307399594">
        <ele>62.871446104720235</ele>
        <time>2026-09-14T22:53:32.500000Z</time>
        <extensions>
          <gpxtpx:TrackPointExtension>
            <gpxtpx:hr>173</gpxtpx:hr>
          </gpxtpx:TrackPointExtension>
        </extensions>
      </trkpt>
      <trkpt lat="28.233818481719453" lon="112.91276463400737">
        <ele>62.82749573420733</ele>
        <time>2026-09-14T22:53:33.500000Z</time>
        <extensions>
          <gpxtpx:TrackPointExtension>
            <gpxtpx:hr>173</gpxtpx:hr>
          </gpxtpx:TrackPointExtension>
        </extensions>
      </trkpt>
      <trkpt lat="28.233814000041264" lon="112.91279732849087">
        <ele>62.78246309515089</ele>
        <time>2026-09-14T22:53:34.400000Z</time>
        <extensions>
          <gpxtpx:TrackPointExtension>
            <gpxtpx:hr>174</gpxtpx:hr>
          </gpxtpx:TrackPointExtension>
        </extensions>
      </trkpt>
      <trkpt lat="28.2338102090608" lon="112.91283117568152">
        <ele>62.73579023592174</ele>
        <time>2026-09-14T22:53:35.400000Z</time>
        <extensions>
          <gpxtpx:TrackPointExtension>
            <gpxtpx:hr>174</gpxtpx:hr>
          </gpxtpx:TrackPointExtension>
        </extensions>
      </trkpt>
      <trkpt lat="28.233807702317776" lon="112.91286555876617">
        <ele>62.687655217945576</ele>
        <time>2026-09-14T22:53:36.400000Z</time>
        <extensions>
          <gpxtpx:TrackPointExtension>
            <gpxtpx:hr>174</gpxtpx:hr>
          </gpxtpx:TrackPointExtension>
        </extensions>
      </trkpt>
      <trkpt lat="28.233806356671067" lon="112.91289959199656">
        <ele>62.63907960616052</ele>
        <time>2026-09-14T22:53:37.400000Z</time>
        <extensions>
          <gpxtpx:TrackPointExtension>
            <gpxtpx:hr>174</gpxtpx:hr>
          </gpxtpx:TrackPointExtension>
        </extensions>
      </trkpt>
      <trkpt lat="28.233806108947803" lon="112.9129325750822">
        <ele>62.59158193320036</ele>
        <time>2026-09-14T22:53:38.400000Z</time>
        <extensions>
          <gpxtpx:TrackPointExtension>
            <gpxtpx:hr>175</gpxtpx:hr>
          </gpxtpx:TrackPointExtension>
        </extensions>
      </trkpt>
      <trkpt lat="28.233806709312606" lon="112.91296424435328">
        <ele>62.546877334825695</ele>
        <time>2026-09-14T22:53:39.400000Z</time>
        <extensions>
          <gpxtpx:TrackPointExtension>
            <gpxtpx:hr>175</gpxtpx:hr>
          </gpxtpx:TrackPointExtension>
        </extensions>
      </trkpt>
      <trkpt lat="28.23380757813685" lon="112.91299474229544">
        <ele>62.506644582375884</ele>
        <time>2026-09-14T22:53:40.400000Z</time>
        <extensions>
          <gpxtpx:TrackPointExtension>
            <gpxtpx:hr>175</gpxtpx:hr>
          </gpxtpx:TrackPointExtension>
        </extensions>
      </trkpt>
      <trkpt lat="28.2338085061081" lon="112.91302441937013">
        <ele>62.47209235467017</ele>
        <time>2026-09-14T22:53:41.400000Z</time>
        <extensions>
          <gpxtpx:TrackPointExtension>
            <gpxtpx:hr>175</gpxtpx:hr>
          </gpxtpx:TrackPointExtension>
        </extensions>
      </trkpt>
      <trkpt lat="28.233809458107263" lon="112.91305369143983">
        <ele>62.44350977148861</ele>
        <time>2026-09-14T22:53:42.400000Z</time>
        <extensions>
          <gpxtpx:TrackPointExtension>
            <gpxtpx:hr>175</gpxtpx:hr>
          </gpxtpx:TrackPointExtension>
        </extensions>
      </trkpt>
      <trkpt lat="28.23381044291462" lon="112.91308312112159">
        <ele>62.42044127639383</ele>
        <time>2026-09-14T22:53:43.400000Z</time>
        <extensions>
          <gpxtpx:TrackPointExtension>
            <gpxtpx:hr>173</gpxtpx:hr>
          </gpxtpx:TrackPointExtension>
        </extensions>
      </trkpt>
      <trkpt lat="28.233811535980674" lon="112.91311308783465">
        <ele>62.402364240027964</ele>
        <time>2026-09-14T22:53:44.400000Z</time>
        <extensions>
          <gpxtpx:TrackPointExtension>
            <gpxtpx:hr>173</gpxtpx:hr>
          </gpxtpx:TrackPointExtension>
        </extensions>
      </trkpt>
      <trkpt lat="28.233812637887873" lon="112.91314361257534">
        <ele>62.38908712565899</ele>
        <time>2026-09-14T22:53:45.400000Z</time>
        <extensions>
          <gpxtpx:TrackPointExtension>
            <gpxtpx:hr>173</gpxtpx:hr>
          </gpxtpx:TrackPointExtension>
        </extensions>
      </trkpt>
      <trkpt lat="28.23381337185493" lon="112.91317455312979">
        <ele>62.38083058875054</ele>
        <time>2026-09-14T22:53:46.400000Z</time>
        <extensions>
          <gpxtpx:TrackPointExtension>
            <gpxtpx:hr>173</gpxtpx:hr>
          </gpxtpx:TrackPointExtension>
        </extensions>
      </trkpt>
      <trkpt lat="28.233813673972314" lon="112.91320592748554">
        <ele>62.37815556302667</ele>
        <time>2026-09-14T22:53:47.400000Z</time>
        <extensions>
          <gpxtpx:TrackPointExtension>
            <gpxtpx:hr>173</gpxtpx:hr>
          </gpxtpx:TrackPointExtension>
        </extensions>
      </trkpt>
      <trkpt lat="28.233813918211563" lon="112.91323779096706">
        <ele>62.38170328736305</ele>
        <time>2026-09-14T22:53:48.400000Z</time>
        <extensions>
          <gpxtpx:TrackPointExtension>
            <gpxtpx:hr>173</gpxtpx:hr>
          </gpxtpx:TrackPointExtension>
        </extensions>
      </trkpt>
      <trkpt lat="28.233814165427617" lon="112.91326996988862">
        <ele>62.3919446663931</ele>
        <time>2026-09-14T22:53:49.400000Z</time>
        <extensions>
          <gpxtpx:TrackPointExtension>
            <gpxtpx:hr>174</gpxtpx:hr>
          </gpxtpx:TrackPointExtension>
        </extensions>
      </trkpt>
      <trkpt lat="28.23381406757821" lon="112.91330227313615">
        <ele>62.40905433706939</ele>
        <time>2026-09-14T22:53:50.400000Z</time>
        <extensions>
          <gpxtpx:TrackPointExtension>
            <gpxtpx:hr>174</gpxtpx:hr>
          </gpxtpx:TrackPointExtension>
        </extensions>
      </trkpt>
      <trkpt lat="28.233813337026966" lon="112.91333469001346">
        <ele>62.43265611119568</ele>
        <time>2026-09-14T22:53:51.400000Z</time>
        <extensions>
          <gpxtpx:TrackPointExtension>
            <gpxtpx:hr>174</gpxtpx:hr>
          </gpxtpx:TrackPointExtension>
        </extensions>
      </trkpt>
      <trkpt lat="28.233811898045087" lon="112.9133672226063">
        <ele>62.461435940116644</ele>
        <time>2026-09-14T22:53:52.400000Z</time>
        <extensions>
          <gpxtpx:TrackPointExtension>
            <gpxtpx:hr>174</gpxtpx:hr>
          </gpxtpx:TrackPointExtension>
        </extensions>
      </trkpt>
      <trkpt lat="28.2338096604832" lon="112.91339966938546">
        <ele>62.49299562908709</ele>
        <time>2026-09-14T22:53:53.400000Z</time>
        <extensions>
          <gpxtpx:TrackPointExtension>
            <gpxtpx:hr>173</gpxtpx:hr>
          </gpxtpx:TrackPointExtension>
        </extensions>
      </trkpt>
      <trkpt lat="28.233807107841457" lon="112.91342638972216">
        <ele>62.51903344132006</ele>
        <time>2026-09-14T22:53:54.200000Z</time>
        <extensions>
          <gpxtpx:TrackPointExtension>
            <gpxtpx:hr>173</gpxtpx:hr>
          </gpxtpx:TrackPointExtension>
        </extensions>
      </trkpt>
      <trkpt lat="28.233803006116364" lon="112.91345838978692">
        <ele>62.546991150826216</ele>
        <time>2026-09-14T22:53:55.200000Z</time>
        <extensions>
          <gpxtpx:TrackPointExtension>
            <gpxtpx:hr>173</gpxtpx:hr>
          </gpxtpx:TrackPointExtension>
        </extensions>
      </trkpt>
      <trkpt lat="28.23379765324375" lon="112.91349020725734">
        <ele>62.56883776001632</ele>
        <time>2026-09-14T22:53:56.200000Z</time>
        <extensions>
          <gpxtpx:TrackPointExtension>
            <gpxtpx:hr>173</gpxtpx:hr>
          </gpxtpx:TrackPointExtension>
        </extensions>
      </trkpt>
      <trkpt lat="28.233790969832985" lon="112.91352194006468">
        <ele>62.583868611603975</ele>
        <time>2026-09-14T22:53:57.200000Z</time>
        <extensions>
          <gpxtpx:TrackPointExtension>
            <gpxtpx:hr>173</gpxtpx:hr>
          </gpxtpx:TrackPointExtension>
        </extensions>
      </trkpt>
      <trkpt lat="28.233782971221594" lon="112.91355319278459">
        <ele>62.59242254681885</ele>
        <time>2026-09-14T22:53:58.200000Z</time>
        <extensions>
          <gpxtpx:TrackPointExtension>
            <gpxtpx:hr>174</gpxtpx:hr>
          </gpxtpx:TrackPointExtension>
        </extensions>
      </trkpt>
      <trkpt lat="28.233773484124818" lon="112.91358320442775">
        <ele>62.59529881924391</ele>
        <time>2026-09-14T22:53:59.200000Z</time>
        <extensions>
          <gpxtpx:TrackPointExtension>
            <gpxtpx:hr>174</gpxtpx:hr>
          </gpxtpx:TrackPointExtension>
        </extensions>
      </trkpt>
      <trkpt lat="28.23376197566096" lon="112.91361126503836">
        <ele>62.593379912897944</ele>
        <time>2026-09-14T22:54:00.200000Z</time>
        <extensions>
          <gpxtpx:TrackPointExtension>
            <gpxtpx:hr>174</gpxtpx:hr>
          </gpxtpx:TrackPointExtension>
        </extensions>
      </trkpt>
      <trkpt lat="28.233748177748435" lon="112.91363737109664">
        <ele>62.58744270633906</ele>
        <time>2026-09-14T22:54:01.200000Z</time>
        <extensions>
          <gpxtpx:TrackPointExtension>
            <gpxtpx:hr>174</gpxtpx:hr>
          </gpxtpx:TrackPointExtension>
        </extensions>
      </trkpt>
      <trkpt lat="28.233732187038942" lon="112.91366203170055">
        <ele>62.57813459727913</ele>
        <time>2026-09-14T22:54:02.200000Z</time>
        <extensions>
          <gpxtpx:TrackPointExtension>
            <gpxtpx:hr>174</gpxtpx:hr>
          </gpxtpx:TrackPointExtension>
        </extensions>
      </trkpt>
      <trkpt lat="28.23371417362829" lon="112.91368533923827">
        <ele>62.56603604461998</ele>
        <time>2026-09-14T22:54:03.200000Z</time>
        <extensions>
          <gpxtpx:TrackPointExtension>
            <gpxtpx:hr>173</gpxtpx:hr>
          </gpxtpx:TrackPointExtension>
        </extensions>
      </trkpt>
      <trkpt lat="28.233694589772313" lon="112.91370704326901">
        <ele>62.55170242860913</ele>
        <time>2026-09-14T22:54:04.200000Z</time>
        <extensions>
          <gpxtpx:TrackPointExtension>
            <gpxtpx:hr>173</gpxtpx:hr>
          </gpxtpx:TrackPointExtension>
        </extensions>
      </trkpt>
      <trkpt lat="28.233673986758006" lon="112.91372702350682">
        <ele>62.5357190836221</ele>
        <time>2026-09-14T22:54:05.200000Z</time>
        <extensions>
          <gpxtpx:TrackPointExtension>
            <gpxtpx:hr>173</gpxtpx:hr>
          </gpxtpx:TrackPointExtension>
        </extensions>
      </trkpt>
      <trkpt lat="28.233652700337306" lon="112.91374491084562">
        <ele>62.51872244011611</ele>
        <time>2026-09-14T22:54:06.200000Z</time>
        <extensions>
          <gpxtpx:TrackPointExtension>
            <gpxtpx:hr>172</gpxtpx:hr>
          </gpxtpx:TrackPointExtension>
        </extensions>
      </trkpt>
      <trkpt lat="28.233631131999406" lon="112.91376012720194">
        <ele>62.50140442233533</ele>
        <time>2026-09-14T22:54:07.200000Z</time>
        <extensions>
          <gpxtpx:TrackPointExtension>
            <gpxtpx:hr>172</gpxtpx:hr>
          </gpxtpx:TrackPointExtension>
        </extensions>
      </trkpt>
      <trkpt lat="28.233609340749634" lon="112.91377249080341">
        <ele>62.48450519796461</ele>
        <time>2026-09-14T22:54:08.200000Z</time>
        <extensions>
          <gpxtpx:TrackPointExtension>
            <gpxtpx:hr>172</gpxtpx:hr>
          </gpxtpx:TrackPointExtension>
        </extensions>
      </trkpt>
      <trkpt lat="28.233586864323833" lon="112.91378131896532">
        <ele>62.4689617510885</ele>
        <time>2026-09-14T22:54:09.200000Z</time>
        <extensions>
          <gpxtpx:TrackPointExtension>
            <gpxtpx:hr>172</gpxtpx:hr>
          </gpxtpx:TrackPointExtension>
        </extensions>
      </trkpt>
      <trkpt lat="28.23356312342085" lon="112.9137855433378">
        <ele>62.45599315688014</ele>
        <time>2026-09-14T22:54:10.200000Z</time>
        <extensions>
          <gpxtpx:TrackPointExtension>
            <gpxtpx:hr>172</gpxtpx:hr>
          </gpxtpx:TrackPointExtension>
        </extensions>
      </trkpt>
      <trkpt lat="28.23353763440021" lon="112.91378517281768">
        <ele>62.44719685707241</ele>
        <time>2026-09-14T22:54:11.200000Z</time>
        <extensions>
          <gpxtpx:TrackPointExtension>
            <gpxtpx:hr>172</gpxtpx:hr>
          </gpxtpx:TrackPointExtension>
        </extensions>
      </trkpt>
      <trkpt lat="28.233510554902033" lon="112.9137813888697">
        <ele>62.44454063102603</ele>
        <time>2026-09-14T22:54:12.200000Z</time>
        <extensions>
          <gpxtpx:TrackPointExtension>
            <gpxtpx:hr>172</gpxtpx:hr>
          </gpxtpx:TrackPointExtension>
        </extensions>
      </trkpt>
      <trkpt lat="28.23348279245171" lon="112.91377554898322">
        <ele>62.44999830238521</ele>
        <time>2026-09-14T22:54:13.200000Z</time>
        <extensions>
          <gpxtpx:TrackPointExtension>
            <gpxtpx:hr>170</gpxtpx:hr>
          </gpxtpx:TrackPointExtension>
        </extensions>
      </trkpt>
      <trkpt lat="28.233455371073706" lon="112.91376829352902">
        <ele>62.46523524168879</ele>
        <time>2026-09-14T22:54:14.200000Z</time>
        <extensions>
          <gpxtpx:TrackPointExtension>
            <gpxtpx:hr>170</gpxtpx:hr>
          </gpxtpx:TrackPointExtension>
        </extensions>
      </trkpt>
      <trkpt lat="28.23342883574318" lon="112.91376026543216">
        <ele>62.49069490749389</ele>
        <time>2026-09-14T22:54:15.200000Z</time>
        <extensions>
          <gpxtpx:TrackPointExtension>
            <gpxtpx:hr>170</gpxtpx:hr>
          </gpxtpx:TrackPointExtension>
        </extensions>
      </trkpt>
      <trkpt lat="28.23340314769087" lon="112.91375208410489">
        <ele>62.52470446191728</ele>
        <time>2026-09-14T22:54:16.200000Z</time>
        <extensions>
          <gpxtpx:TrackPointExtension>
            <gpxtpx:hr>170</gpxtpx:hr>
          </gpxtpx:TrackPointExtension>
        </extensions>
      </trkpt>
      <trkpt lat="28.23337778667288" lon="112.9137436667736">
        <ele>62.56259869411588</ele>
        <time>2026-09-14T22:54:17.200000Z</time>
        <extensions>
          <gpxtpx:TrackPointExtension>
            <gpxtpx:hr>170</gpxtpx:hr>
          </gpxtpx:TrackPointExtension>
        </extensions>
      </trkpt>
      <trkpt lat="28.233352092042534" lon="112.91373482299285">
        <ele>62.596291191875935</ele>
        <time>2026-09-14T22:54:18.200000Z</time>
        <extensions>
          <gpxtpx:TrackPointExtension>
            <gpxtpx:hr>170</gpxtpx:hr>
          </gpxtpx:TrackPointExtension>
        </extensions>
      </trkpt>
      <trkpt lat="28.23332571495191" lon="112.91372547780179">
        <ele>62.616017010994256</ele>
        <time>2026-09-14T22:54:19.200000Z</time>
        <extensions>
          <gpxtpx:TrackPointExtension>
            <gpxtpx:hr>170</gpxtpx:hr>
          </gpxtpx:TrackPointExtension>
        </extensions>
      </trkpt>
      <trkpt lat="28.233298711309562" lon="112.91371544455838">
        <ele>62.614507826045156</ele>
        <time>2026-09-14T22:54:20.200000Z</time>
        <extensions>
          <gpxtpx:TrackPointExtension>
            <gpxtpx:hr>170</gpxtpx:hr>
          </gpxtpx:TrackPointExtension>
        </extensions>
      </trkpt>
      <trkpt lat="28.233268082738938" lon="112.91370274334315">
        <ele>62.58530434127897</ele>
        <time>2026-09-14T22:54:21.400000Z</time>
        <extensions>
          <gpxtpx:TrackPointExtension>
            <gpxtpx:hr>170</gpxtpx:hr>
          </gpxtpx:TrackPointExtension>
        </extensions>
      </trkpt>
      <trkpt lat="28.23324049713485" lon="112.9136906391031">
        <ele>62.53965157084167</ele>
        <time>2026-09-14T22:54:22.400000Z</time>
        <extensions>
          <gpxtpx:TrackPointExtension>
            <gpxtpx:hr>172</gpxtpx:hr>
          </gpxtpx:TrackPointExtension>
        </extensions>
      </trkpt>
      <trkpt lat="28.23321272207248" lon="112.91367865958703">
        <ele>62.482039254158735</ele>
        <time>2026-09-14T22:54:23.400000Z</time>
        <extensions>
          <gpxtpx:TrackPointExtension>
            <gpxtpx:hr>172</gpxtpx:hr>
          </gpxtpx:TrackPointExtension>
        </extensions>
      </trkpt>
      <trkpt lat="28.233188268771798" lon="112.91366814027384">
        <ele>62.42454863060266</ele>
        <time>2026-09-14T22:54:24.200000Z</time>
        <extensions>
          <gpxtpx:TrackPointExtension>
            <gpxtpx:hr>172</gpxtpx:hr>
          </gpxtpx:TrackPointExtension>
        </extensions>
      </trkpt>
      <trkpt lat="28.233158454163398" lon="112.91365469809402">
        <ele>62.346935543231666</ele>
        <time>2026-09-14T22:54:25.400000Z</time>
        <extensions>
          <gpxtpx:TrackPointExtension>
            <gpxtpx:hr>172</gpxtpx:hr>
          </gpxtpx:TrackPointExtension>
        </extensions>
      </trkpt>
      <trkpt lat="28.233132708145153" lon="112.91364243376043">
        <ele>62.27368816547096</ele>
        <time>2026-09-14T22:54:26.300000Z</time>
        <extensions>
          <gpxtpx:TrackPointExtension>
            <gpxtpx:hr>172</gpxtpx:hr>
          </gpxtpx:TrackPointExtension>
        </extensions>
      </trkpt>
      <trkpt lat="28.233107428651202" lon="112.9136300804065">
        <ele>62.198555576615036</ele>
        <time>2026-09-14T22:54:27.300000Z</time>
        <extensions>
          <gpxtpx:TrackPointExtension>
            <gpxtpx:hr>172</gpxtpx:hr>
          </gpxtpx:TrackPointExtension>
        </extensions>
      </trkpt>
      <trkpt lat="28.233082373085697" lon="112.91361737055811">
        <ele>62.12241427693516</ele>
        <time>2026-09-14T22:54:28.300000Z</time>
        <extensions>
          <gpxtpx:TrackPointExtension>
            <gpxtpx:hr>172</gpxtpx:hr>
          </gpxtpx:TrackPointExtension>
        </extensions>
      </trkpt>
      <trkpt lat="28.23305741409109" lon="112.91360456348428">
        <ele>62.04593822453171</ele>
        <time>2026-09-14T22:54:29.300000Z</time>
        <extensions>
          <gpxtpx:TrackPointExtension>
            <gpxtpx:hr>174</gpxtpx:hr>
          </gpxtpx:TrackPointExtension>
        </extensions>
      </trkpt>
      <trkpt lat="28.233032339559223" lon="112.91359224558175">
        <ele>61.969538069330156</ele>
        <time>2026-09-14T22:54:30.300000Z</time>
        <extensions>
          <gpxtpx:TrackPointExtension>
            <gpxtpx:hr>174</gpxtpx:hr>
          </gpxtpx:TrackPointExtension>
        </extensions>
      </trkpt>
      <trkpt lat="28.233006998380056" lon="112.9135805870452">
        <ele>61.893473773263395</ele>
        <time>2026-09-14T22:54:31.300000Z</time>
        <extensions>
          <gpxtpx:TrackPointExtension>
            <gpxtpx:hr>174</gpxtpx:hr>
          </gpxtpx:TrackPointExtension>
        </extensions>
      </trkpt>
      <trkpt lat="28.232981350963463" lon="112.9135694514848">
        <ele>61.818095101974905</ele>
        <time>2026-09-14T22:54:32.300000Z</time>
        <extensions>
          <gpxtpx:TrackPointExtension>
            <gpxtpx:hr>174</gpxtpx:hr>
          </gpxtpx:TrackPointExtension>
        </extensions>
      </trkpt>
      <trkpt lat="28.23295528186553" lon="112.9135588181463">
        <ele>61.74404922313988</ele>
        <time>2026-09-14T22:54:33.300000Z</time>
        <extensions>
          <gpxtpx:TrackPointExtension>
            <gpxtpx:hr>174</gpxtpx:hr>
          </gpxtpx:TrackPointExtension>
        </extensions>
      </trkpt>
      <trkpt lat="28.232928862019154" lon="112.91354845606902">
        <ele>61.671643177978694</ele>
        <time>2026-09-14T22:54:34.300000Z</time>
        <extensions>
          <gpxtpx:TrackPointExtension>
            <gpxtpx:hr>174</gpxtpx:hr>
          </gpxtpx:TrackPointExtension>
        </extensions>
      </trkpt>
      <trkpt lat="28.232902353713747" lon="112.91353806768451">
        <ele>61.60171135421842</ele>
        <time>2026-09-14T22:54:35.300000Z</time>
        <extensions>
          <gpxtpx:TrackPointExtension>
            <gpxtpx:hr>175</gpxtpx:hr>
          </gpxtpx:TrackPointExtension>
        </extensions>
      </trkpt>
      <trkpt lat="28.232876025901614" lon="112.9135273943188">
        <ele>61.53489690460265</ele>
        <time>2026-09-14T22:54:36.300000Z</time>
        <extensions>
          <gpxtpx:TrackPointExtension>
            <gpxtpx:hr>175</gpxtpx:hr>
          </gpxtpx:TrackPointExtension>
        </extensions>
      </trkpt>
      <trkpt lat="28.232849792816477" lon="112.91351639814394">
        <ele>61.47192118503153</ele>
        <time>2026-09-14T22:54:37.300000Z</time>
        <extensions>
          <gpxtpx:TrackPointExtension>
            <gpxtpx:hr>175</gpxtpx:hr>
          </gpxtpx:TrackPointExtension>
        </extensions>
      </trkpt>
      <trkpt lat="28.23282341538937" lon="112.91350530352808">
        <ele>61.41329853143543</ele>
        <time>2026-09-14T22:54:38.300000Z</time>
        <extensions>
          <gpxtpx:TrackPointExtension>
            <gpxtpx:hr>175</gpxtpx:hr>
          </gpxtpx:TrackPointExtension>
        </extensions>
      </trkpt>
      <trkpt lat="28.232797086232836" lon="112.91349426031304">
        <ele>61.359246872365475</ele>
        <time>2026-09-14T22:54:39.300000Z</time>
        <extensions>
          <gpxtpx:TrackPointExtension>
            <gpxtpx:hr>175</gpxtpx:hr>
          </gpxtpx:TrackPointExtension>
        </extensions>
      </trkpt>
      <trkpt lat="28.232771199265716" lon="112.91348312495899">
        <ele>61.30964076798409</ele>
        <time>2026-09-14T22:54:40.300000Z</time>
        <extensions>
          <gpxtpx:TrackPointExtension>
            <gpxtpx:hr>175</gpxtpx:hr>
          </gpxtpx:TrackPointExtension>
        </extensions>
      </trkpt>
      <trkpt lat="28.23274578831301" lon="112.91347205299873">
        <ele>61.264313410036266</ele>
        <time>2026-09-14T22:54:41.300000Z</time>
        <extensions>
          <gpxtpx:TrackPointExtension>
            <gpxtpx:hr>175</gpxtpx:hr>
          </gpxtpx:TrackPointExtension>
        </extensions>
      </trkpt>
      <trkpt lat="28.232720371671174" lon="112.91346128344298">
        <ele>61.22303882893175</ele>
        <time>2026-09-14T22:54:42.300000Z</time>
        <extensions>
          <gpxtpx:TrackPointExtension>
            <gpxtpx:hr>175</gpxtpx:hr>
          </gpxtpx:TrackPointExtension>
        </extensions>
      </trkpt>
      <trkpt lat="28.232694697664172" lon="112.91345073424164">
        <ele>61.185584055259824</ele>
        <time>2026-09-14T22:54:43.300000Z</time>
        <extensions>
          <gpxtpx:TrackPointExtension>
            <gpxtpx:hr>176</gpxtpx:hr>
          </gpxtpx:TrackPointExtension>
        </extensions>
      </trkpt>
      <trkpt lat="28.232668882268424" lon="112.91344042567455">
        <ele>61.151718283072114</ele>
        <time>2026-09-14T22:54:44.300000Z</time>
        <extensions>
          <gpxtpx:TrackPointExtension>
            <gpxtpx:hr>176</gpxtpx:hr>
          </gpxtpx:TrackPointExtension>
        </extensions>
      </trkpt>
      <trkpt lat="28.232643110929608" lon="112.91343047712935">
        <ele>61.12116009462625</ele>
        <time>2026-09-14T22:54:45.300000Z</time>
        <extensions>
          <gpxtpx:TrackPointExtension>
            <gpxtpx:hr>176</gpxtpx:hr>
          </gpxtpx:TrackPointExtension>
        </extensions>
      </trkpt>
      <trkpt lat="28.23261763561582" lon="112.91342067691397">
        <ele>61.09349748585373</ele>
        <time>2026-09-14T22:54:46.300000Z</time>
        <extensions>
          <gpxtpx:TrackPointExtension>
            <gpxtpx:hr>176</gpxtpx:hr>
          </gpxtpx:TrackPointExtension>
        </extensions>
      </trkpt>
      <trkpt lat="28.232592510232756" lon="112.91341075808562">
        <ele>61.06826068647206</ele>
        <time>2026-09-14T22:54:47.300000Z</time>
        <extensions>
          <gpxtpx:TrackPointExtension>
            <gpxtpx:hr>176</gpxtpx:hr>
          </gpxtpx:TrackPointExtension>
        </extensions>
      </trkpt>
      <trkpt lat="28.232567475537294" lon="112.91340065969567">
        <ele>61.04497917834669</ele>
        <time>2026-09-14T22:54:48.300000Z</time>
        <extensions>
          <gpxtpx:TrackPointExtension>
            <gpxtpx:hr>176</gpxtpx:hr>
          </gpxtpx:TrackPointExtension>
        </extensions>
      </trkpt>
      <trkpt lat="28.232542197581402" lon="112.9133900587229">
        <ele>61.02309495769441</ele>
        <time>2026-09-14T22:54:49.300000Z</time>
        <extensions>
          <gpxtpx:TrackPointExtension>
            <gpxtpx:hr>176</gpxtpx:hr>
          </gpxtpx:TrackPointExtension>
        </extensions>
      </trkpt>
      <trkpt lat="28.232516562949574" lon="112.91337890183146">
        <ele>61.002331647090614</ele>
        <time>2026-09-14T22:54:50.300000Z</time>
        <extensions>
          <gpxtpx:TrackPointExtension>
            <gpxtpx:hr>176</gpxtpx:hr>
          </gpxtpx:TrackPointExtension>
        </extensions>
      </trkpt>
      <trkpt lat="28.23249094331218" lon="112.9133674181546">
        <ele>60.98244696762413</ele>
        <time>2026-09-14T22:54:51.300000Z</time>
        <extensions>
          <gpxtpx:TrackPointExtension>
            <gpxtpx:hr>176</gpxtpx:hr>
          </gpxtpx:TrackPointExtension>
        </extensions>
      </trkpt>
      <trkpt lat="28.232465698989614" lon="112.91335596192566">
        <ele>60.96316554956138</ele>
        <time>2026-09-14T22:54:52.300000Z</time>
        <extensions>
          <gpxtpx:TrackPointExtension>
            <gpxtpx:hr>176</gpxtpx:hr>
          </gpxtpx:TrackPointExtension>
        </extensions>
      </trkpt>
      <trkpt lat="28.232440710024665" lon="112.91334472413462">
        <ele>60.94425842817873</ele>
        <time>2026-09-14T22:54:53.300000Z</time>
        <extensions>
          <gpxtpx:TrackPointExtension>
            <gpxtpx:hr>176</gpxtpx:hr>
          </gpxtpx:TrackPointExtension>
        </extensions>
      </trkpt>
      <trkpt lat="28.232415813878717" lon="112.91333382897005">
        <ele>60.92547230795026</ele>
        <time>2026-09-14T22:54:54.300000Z</time>
        <extensions>
          <gpxtpx:TrackPointExtension>
            <gpxtpx:hr>177</gpxtpx:hr>
          </gpxtpx:TrackPointExtension>
        </extensions>
      </trkpt>
      <trkpt lat="28.232390787187807" lon="112.91332330195253">
        <ele>60.90673381369561</ele>
        <time>2026-09-14T22:54:55.300000Z</time>
        <extensions>
          <gpxtpx:TrackPointExtension>
            <gpxtpx:hr>177</gpxtpx:hr>
          </gpxtpx:TrackPointExtension>
        </extensions>
      </trkpt>
      <trkpt lat="28.232365551076455" lon="112.913312844278">
        <ele>60.888082288205624</ele>
        <time>2026-09-14T22:54:56.300000Z</time>
        <extensions>
          <gpxtpx:TrackPointExtension>
            <gpxtpx:hr>177</gpxtpx:hr>
          </gpxtpx:TrackPointExtension>
        </extensions>
      </trkpt>
      <trkpt lat="28.232340241755967" lon="112.91330221384325">
        <ele>60.869381848722696</ele>
        <time>2026-09-14T22:54:57.300000Z</time>
        <extensions>
          <gpxtpx:TrackPointExtension>
            <gpxtpx:hr>177</gpxtpx:hr>
          </gpxtpx:TrackPointExtension>
        </extensions>
      </trkpt>
      <trkpt lat="28.232314916830106" lon="112.91329144373424">
        <ele>60.85056889709085</ele>
        <time>2026-09-14T22:54:58.300000Z</time>
        <extensions>
          <gpxtpx:TrackPointExtension>
            <gpxtpx:hr>176</gpxtpx:hr>
          </gpxtpx:TrackPointExtension>
        </extensions>
      </trkpt>
      <trkpt lat="28.23228961263196" lon="112.91328078167838">
        <ele>60.83180059026927</ele>
        <time>2026-09-14T22:54:59.300000Z</time>
        <extensions>
          <gpxtpx:TrackPointExtension>
            <gpxtpx:hr>176</gpxtpx:hr>
          </gpxtpx:TrackPointExtension>
        </extensions>
      </trkpt>
      <trkpt lat="28.232264463640274" lon="112.91327044034625">
        <ele>60.81349569186568</ele>
        <time>2026-09-14T22:55:00.300000Z</time>
        <extensions>
          <gpxtpx:TrackPointExtension>
            <gpxtpx:hr>176</gpxtpx:hr>
          </gpxtpx:TrackPointExtension>
        </extensions>
      </trkpt>
      <trkpt lat="28.232239474196223" lon="112.91326031298814">
        <ele>60.796128291636705</ele>
        <time>2026-09-14T22:55:01.300000Z</time>
        <extensions>
          <gpxtpx:TrackPointExtension>
            <gpxtpx:hr>176</gpxtpx:hr>
          </gpxtpx:TrackPointExtension>
        </extensions>
      </trkpt>
      <trkpt lat="28.232214491679482" lon="112.91325021386683">
        <ele>60.7799429083243</ele>
        <time>2026-09-14T22:55:02.300000Z</time>
        <extensions>
          <gpxtpx:TrackPointExtension>
            <gpxtpx:hr>177</gpxtpx:hr>
          </gpxtpx:TrackPointExtension>
        </extensions>
      </trkpt>
      <trkpt lat="28.23218959553261" lon="112.91324032823454">
        <ele>60.76509745232761</ele>
        <time>2026-09-14T22:55:03.300000Z</time>
        <extensions>
          <gpxtpx:TrackPointExtension>
            <gpxtpx:hr>177</gpxtpx:hr>
          </gpxtpx:TrackPointExtension>
        </extensions>
      </trkpt>
      <trkpt lat="28.232164955545993" lon="112.91323066288001">
        <ele>60.7516199843958</ele>
        <time>2026-09-14T22:55:04.300000Z</time>
        <extensions>
          <gpxtpx:TrackPointExtension>
            <gpxtpx:hr>177</gpxtpx:hr>
          </gpxtpx:TrackPointExtension>
        </extensions>
      </trkpt>
      <trkpt lat="28.232140638094208" lon="112.91322104148712">
        <ele>60.73950676899403</ele>
        <time>2026-09-14T22:55:05.300000Z</time>
        <extensions>
          <gpxtpx:TrackPointExtension>
            <gpxtpx:hr>177</gpxtpx:hr>
          </gpxtpx:TrackPointExtension>
        </extensions>
      </trkpt>
      <trkpt lat="28.23211643607409" lon="112.91321125272133">
        <ele>60.728687293827534</ele>
        <time>2026-09-14T22:55:06.300000Z</time>
        <extensions>
          <gpxtpx:TrackPointExtension>
            <gpxtpx:hr>177</gpxtpx:hr>
          </gpxtpx:TrackPointExtension>
        </extensions>
      </trkpt>
      <trkpt lat="28.23209193527194" lon="112.91320121880626">
        <ele>60.71871724165976</ele>
        <time>2026-09-14T22:55:07.300000Z</time>
        <extensions>
          <gpxtpx:TrackPointExtension>
            <gpxtpx:hr>177</gpxtpx:hr>
          </gpxtpx:TrackPointExtension>
        </extensions>
      </trkpt>
      <trkpt lat="28.23206685522019" lon="112.91319091368834">
        <ele>60.70890804193914</ele>
        <time>2026-09-14T22:55:08.300000Z</time>
        <extensions>
          <gpxtpx:TrackPointExtension>
            <gpxtpx:hr>177</gpxtpx:hr>
          </gpxtpx:TrackPointExtension>
        </extensions>
      </trkpt>
      <trkpt lat="28.232041212633625" lon="112.91318067086183">
        <ele>60.698416599072516</ele>
        <time>2026-09-14T22:55:09.300000Z</time>
        <extensions>
          <gpxtpx:TrackPointExtension>
            <gpxtpx:hr>177</gpxtpx:hr>
          </gpxtpx:TrackPointExtension>
        </extensions>
      </trkpt>
      <trkpt lat="28.232015183574468" lon="112.91317098590697">
        <ele>60.68620274402201</ele>
        <time>2026-09-14T22:55:10.300000Z</time>
        <extensions>
          <gpxtpx:TrackPointExtension>
            <gpxtpx:hr>177</gpxtpx:hr>
          </gpxtpx:TrackPointExtension>
        </extensions>
      </trkpt>
      <trkpt lat="28.231989203186927" lon="112.91316146158589">
        <ele>60.67111287638545</ele>
        <time>2026-09-14T22:55:11.300000Z</time>
        <extensions>
          <gpxtpx:TrackPointExtension>
            <gpxtpx:hr>177</gpxtpx:hr>
          </gpxtpx:TrackPointExtension>
        </extensions>
      </trkpt>
      <trkpt lat="28.231964161922637" lon="112.91315180698139">
        <ele>60.65237270947546</ele>
        <time>2026-09-14T22:55:12.200000Z</time>
        <extensions>
          <gpxtpx:TrackPointExtension>
            <gpxtpx:hr>177</gpxtpx:hr>
          </gpxtpx:TrackPointExtension>
        </extensions>
      </trkpt>
      <trkpt lat="28.23193878980832" lon="112.91314140463837">
        <ele>60.627805629745126</ele>
        <time>2026-09-14T22:55:13.200000Z</time>
        <extensions>
          <gpxtpx:TrackPointExtension>
            <gpxtpx:hr>177</gpxtpx:hr>
          </gpxtpx:TrackPointExtension>
        </extensions>
      </trkpt>
      <trkpt lat="28.231913493935103" lon="112.91313023983345">
        <ele>60.59698906354606</ele>
        <time>2026-09-14T22:55:14.200000Z</time>
        <extensions>
          <gpxtpx:TrackPointExtension>
            <gpxtpx:hr>177</gpxtpx:hr>
          </gpxtpx:TrackPointExtension>
        </extensions>
      </trkpt>
      <trkpt lat="28.2318879275833" lon="112.91311812728203">
        <ele>60.559701790101826</ele>
        <time>2026-09-14T22:55:15.200000Z</time>
        <extensions>
          <gpxtpx:TrackPointExtension>
            <gpxtpx:hr>177</gpxtpx:hr>
          </gpxtpx:TrackPointExtension>
        </extensions>
      </trkpt>
      <trkpt lat="28.231861952317427" lon="112.91310530194869">
        <ele>60.51565894763917</ele>
        <time>2026-09-14T22:55:16.200000Z</time>
        <extensions>
          <gpxtpx:TrackPointExtension>
            <gpxtpx:hr>177</gpxtpx:hr>
          </gpxtpx:TrackPointExtension>
        </extensions>
      </trkpt>
      <trkpt lat="28.231835733218226" lon="112.91309193617847">
        <ele>60.46413583215326</ele>
        <time>2026-09-14T22:55:17.200000Z</time>
        <extensions>
          <gpxtpx:TrackPointExtension>
            <gpxtpx:hr>177</gpxtpx:hr>
          </gpxtpx:TrackPointExtension>
        </extensions>
      </trkpt>
      <trkpt lat="28.23180957435096" lon="112.91307810662182">
        <ele>60.4038709057495</ele>
        <time>2026-09-14T22:55:18.200000Z</time>
        <extensions>
          <gpxtpx:TrackPointExtension>
            <gpxtpx:hr>177</gpxtpx:hr>
          </gpxtpx:TrackPointExtension>
        </extensions>
      </trkpt>
      <trkpt lat="28.231783784541864" lon="112.91306389493332">
        <ele>60.333276820369065</ele>
        <time>2026-09-14T22:55:19.200000Z</time>
        <extensions>
          <gpxtpx:TrackPointExtension>
            <gpxtpx:hr>177</gpxtpx:hr>
          </gpxtpx:TrackPointExtension>
        </extensions>
      </trkpt>
      <trkpt lat="28.23175850144765" lon="112.91304942900346">
        <ele>60.25052166543901</ele>
        <time>2026-09-14T22:55:20.200000Z</time>
        <extensions>
          <gpxtpx:TrackPointExtension>
            <gpxtpx:hr>178</gpxtpx:hr>
          </gpxtpx:TrackPointExtension>
        </extensions>
      </trkpt>
      <trkpt lat="28.23173372015627" lon="112.91303477924511">
        <ele>60.153105524368584</ele>
        <time>2026-09-14T22:55:21.200000Z</time>
        <extensions>
          <gpxtpx:TrackPointExtension>
            <gpxtpx:hr>178</gpxtpx:hr>
          </gpxtpx:TrackPointExtension>
        </extensions>
      </trkpt>
      <trkpt lat="28.23170929647115" lon="112.91302001673647">
        <ele>60.03776593878865</ele>
        <time>2026-09-14T22:55:22.200000Z</time>
        <extensions>
          <gpxtpx:TrackPointExtension>
            <gpxtpx:hr>178</gpxtpx:hr>
          </gpxtpx:TrackPointExtension>
        </extensions>
      </trkpt>
      <trkpt lat="28.231684890026777" lon="112.9130054568737">
        <ele>59.9019825514406</ele>
        <time>2026-09-14T22:55:23.200000Z</time>
        <extensions>
          <gpxtpx:TrackPointExtension>
            <gpxtpx:hr>179</gpxtpx:hr>
          </gpxtpx:TrackPointExtension>
        </extensions>
      </trkpt>
      <trkpt lat="28.231660121669403" lon="112.91299122389663">
        <ele>59.74527395889163</ele>
        <time>2026-09-14T22:55:24.200000Z</time>
        <extensions>
          <gpxtpx:TrackPointExtension>
            <gpxtpx:hr>179</gpxtpx:hr>
          </gpxtpx:TrackPointExtension>
        </extensions>
      </trkpt>
      <trkpt lat="28.231634754185794" lon="112.91297693307949">
        <ele>59.56821869593114</ele>
        <time>2026-09-14T22:55:25.200000Z</time>
        <extensions>
          <gpxtpx:TrackPointExtension>
            <gpxtpx:hr>179</gpxtpx:hr>
          </gpxtpx:TrackPointExtension>
        </extensions>
      </trkpt>
      <trkpt lat="28.231609224057742" lon="112.91296205859615">
        <ele>59.37616301793605</ele>
        <time>2026-09-14T22:55:26.200000Z</time>
        <extensions>
          <gpxtpx:TrackPointExtension>
            <gpxtpx:hr>179</gpxtpx:hr>
          </gpxtpx:TrackPointExtension>
        </extensions>
      </trkpt>
      <trkpt lat="28.231583850946325" lon="112.9129465504522">
        <ele>59.175433341413736</ele>
        <time>2026-09-14T22:55:27.200000Z</time>
        <extensions>
          <gpxtpx:TrackPointExtension>
            <gpxtpx:hr>179</gpxtpx:hr>
          </gpxtpx:TrackPointExtension>
        </extensions>
      </trkpt>
      <trkpt lat="28.23155864950847" lon="112.91293033249126">
        <ele>58.97061839699745</ele>
        <time>2026-09-14T22:55:28.200000Z</time>
        <extensions>
          <gpxtpx:TrackPointExtension>
            <gpxtpx:hr>179</gpxtpx:hr>
          </gpxtpx:TrackPointExtension>
        </extensions>
      </trkpt>
      <trkpt lat="28.23153372268676" lon="112.91291317321489">
        <ele>58.764556870795786</ele>
        <time>2026-09-14T22:55:29.200000Z</time>
        <extensions>
          <gpxtpx:TrackPointExtension>
            <gpxtpx:hr>179</gpxtpx:hr>
          </gpxtpx:TrackPointExtension>
        </extensions>
      </trkpt>
      <trkpt lat="28.23150916700551" lon="112.91289515502704">
        <ele>58.55928346514702</ele>
        <time>2026-09-14T22:55:30.200000Z</time>
        <extensions>
          <gpxtpx:TrackPointExtension>
            <gpxtpx:hr>179</gpxtpx:hr>
          </gpxtpx:TrackPointExtension>
        </extensions>
      </trkpt>
      <trkpt lat="28.231484987621567" lon="112.91287670481614">
        <ele>58.35627960972488</ele>
        <time>2026-09-14T22:55:31.200000Z</time>
        <extensions>
          <gpxtpx:TrackPointExtension>
            <gpxtpx:hr>179</gpxtpx:hr>
          </gpxtpx:TrackPointExtension>
        </extensions>
      </trkpt>
      <trkpt lat="28.231461165174885" lon="112.91285814403602">
        <ele>58.156740735284984</ele>
        <time>2026-09-14T22:55:32.200000Z</time>
        <extensions>
          <gpxtpx:TrackPointExtension>
            <gpxtpx:hr>179</gpxtpx:hr>
          </gpxtpx:TrackPointExtension>
        </extensions>
      </trkpt>
      <trkpt lat="28.23143770691754" lon="112.91283921537179">
        <ele>57.96178031526506</ele>
        <time>2026-09-14T22:55:33.200000Z</time>
        <extensions>
          <gpxtpx:TrackPointExtension>
            <gpxtpx:hr>179</gpxtpx:hr>
          </gpxtpx:TrackPointExtension>
        </extensions>
      </trkpt>
      <trkpt lat="28.231414561342913" lon="112.91281973395026">
        <ele>57.77238123770803</ele>
        <time>2026-09-14T22:55:34.200000Z</time>
        <extensions>
          <gpxtpx:TrackPointExtension>
            <gpxtpx:hr>179</gpxtpx:hr>
          </gpxtpx:TrackPointExtension>
        </extensions>
      </trkpt>
      <trkpt lat="28.231391421538362" lon="112.91279968200396">
        <ele>57.589845455251634</ele>
        <time>2026-09-14T22:55:35.200000Z</time>
        <extensions>
          <gpxtpx:TrackPointExtension>
            <gpxtpx:hr>179</gpxtpx:hr>
          </gpxtpx:TrackPointExtension>
        </extensions>
      </trkpt>
      <trkpt lat="28.23136800048721" lon="112.9127791285762">
        <ele>57.41534593794495</ele>
        <time>2026-09-14T22:55:36.200000Z</time>
        <extensions>
          <gpxtpx:TrackPointExtension>
            <gpxtpx:hr>179</gpxtpx:hr>
          </gpxtpx:TrackPointExtension>
        </extensions>
      </trkpt>
      <trkpt lat="28.231344285020672" lon="112.91275814097729">
        <ele>57.24926250427961</ele>
        <time>2026-09-14T22:55:37.200000Z</time>
        <extensions>
          <gpxtpx:TrackPointExtension>
            <gpxtpx:hr>179</gpxtpx:hr>
          </gpxtpx:TrackPointExtension>
        </extensions>
      </trkpt>
      <trkpt lat="28.231320353932208" lon="112.91273698180112">
        <ele>57.091877710074186</ele>
        <time>2026-09-14T22:55:38.200000Z</time>
        <extensions>
          <gpxtpx:TrackPointExtension>
            <gpxtpx:hr>179</gpxtpx:hr>
          </gpxtpx:TrackPointExtension>
        </extensions>
      </trkpt>
      <trkpt lat="28.231296208796383" lon="112.91271576342204">
        <ele>56.94324658252299</ele>
        <time>2026-09-14T22:55:39.200000Z</time>
        <extensions>
          <gpxtpx:TrackPointExtension>
            <gpxtpx:hr>179</gpxtpx:hr>
          </gpxtpx:TrackPointExtension>
        </extensions>
      </trkpt>
      <trkpt lat="28.231272121532978" lon="112.91269419631438">
        <ele>56.802687080577016</ele>
        <time>2026-09-14T22:55:40.200000Z</time>
        <extensions>
          <gpxtpx:TrackPointExtension>
            <gpxtpx:hr>179</gpxtpx:hr>
          </gpxtpx:TrackPointExtension>
        </extensions>
      </trkpt>
      <trkpt lat="28.231248550023214" lon="112.91267214625441">
        <ele>56.66951387189329</ele>
        <time>2026-09-14T22:55:41.200000Z</time>
        <extensions>
          <gpxtpx:TrackPointExtension>
            <gpxtpx:hr>179</gpxtpx:hr>
          </gpxtpx:TrackPointExtension>
        </extensions>
      </trkpt>
      <trkpt lat="28.23122569614649" lon="112.91264936553115">
        <ele>56.543021886609495</ele>
        <time>2026-09-14T22:55:42.200000Z</time>
        <extensions>
          <gpxtpx:TrackPointExtension>
            <gpxtpx:hr>179</gpxtpx:hr>
          </gpxtpx:TrackPointExtension>
        </extensions>
      </trkpt>
      <trkpt lat="28.231203445664818" lon="112.91262556622915">
        <ele>56.42264338117093</ele>
        <time>2026-09-14T22:55:43.200000Z</time>
        <extensions>
          <gpxtpx:TrackPointExtension>
            <gpxtpx:hr>179</gpxtpx:hr>
          </gpxtpx:TrackPointExtension>
        </extensions>
      </trkpt>
      <trkpt lat="28.231181449826597" lon="112.91260100805722">
        <ele>56.30736252758652</ele>
        <time>2026-09-14T22:55:44.200000Z</time>
        <extensions>
          <gpxtpx:TrackPointExtension>
            <gpxtpx:hr>179</gpxtpx:hr>
          </gpxtpx:TrackPointExtension>
        </extensions>
      </trkpt>
      <trkpt lat="28.23115941901555" lon="112.91257616559945">
        <ele>56.196228698827326</ele>
        <time>2026-09-14T22:55:45.200000Z</time>
        <extensions>
          <gpxtpx:TrackPointExtension>
            <gpxtpx:hr>179</gpxtpx:hr>
          </gpxtpx:TrackPointExtension>
        </extensions>
      </trkpt>
      <trkpt lat="28.231137277232722" lon="112.91255114678259">
        <ele>56.08837063983083</ele>
        <time>2026-09-14T22:55:46.200000Z</time>
        <extensions>
          <gpxtpx:TrackPointExtension>
            <gpxtpx:hr>179</gpxtpx:hr>
          </gpxtpx:TrackPointExtension>
        </extensions>
      </trkpt>
      <trkpt lat="28.231115140317648" lon="112.91252580491751">
        <ele>55.98349106032401</ele>
        <time>2026-09-14T22:55:47.200000Z</time>
        <extensions>
          <gpxtpx:TrackPointExtension>
            <gpxtpx:hr>179</gpxtpx:hr>
          </gpxtpx:TrackPointExtension>
        </extensions>
      </trkpt>
      <trkpt lat="28.231093112946745" lon="112.91249997981696">
        <ele>55.88129801303148</ele>
        <time>2026-09-14T22:55:48.200000Z</time>
        <extensions>
          <gpxtpx:TrackPointExtension>
            <gpxtpx:hr>178</gpxtpx:hr>
          </gpxtpx:TrackPointExtension>
        </extensions>
      </trkpt>
      <trkpt lat="28.23107111593198" lon="112.91247344297985">
        <ele>55.78164578229189</ele>
        <time>2026-09-14T22:55:49.200000Z</time>
        <extensions>
          <gpxtpx:TrackPointExtension>
            <gpxtpx:hr>178</gpxtpx:hr>
          </gpxtpx:TrackPointExtension>
        </extensions>
      </trkpt>
      <trkpt lat="28.2310492172342" lon="112.91244579830705">
        <ele>55.6842719912529</ele>
        <time>2026-09-14T22:55:50.200000Z</time>
        <extensions>
          <gpxtpx:TrackPointExtension>
            <gpxtpx:hr>178</gpxtpx:hr>
          </gpxtpx:TrackPointExtension>
        </extensions>
      </trkpt>
      <trkpt lat="28.231027853994295" lon="112.91241692698206">
        <ele>55.58876059297472</ele>
        <time>2026-09-14T22:55:51.200000Z</time>
        <extensions>
          <gpxtpx:TrackPointExtension>
            <gpxtpx:hr>178</gpxtpx:hr>
          </gpxtpx:TrackPointExtension>
        </extensions>
      </trkpt>
      <trkpt lat="28.231007332319425" lon="112.91238738608072">
        <ele>55.494941433891654</ele>
        <time>2026-09-14T22:55:52.200000Z</time>
        <extensions>
          <gpxtpx:TrackPointExtension>
            <gpxtpx:hr>178</gpxtpx:hr>
          </gpxtpx:TrackPointExtension>
        </extensions>
      </trkpt>
      <trkpt lat="28.2309877625474" lon="112.91235788249445">
        <ele>55.402693688869476</ele>
        <time>2026-09-14T22:55:53.200000Z</time>
        <extensions>
          <gpxtpx:TrackPointExtension>
            <gpxtpx:hr>178</gpxtpx:hr>
          </gpxtpx:TrackPointExtension>
        </extensions>
      </trkpt>
      <trkpt lat="28.23096896258579" lon="112.91232904703867">
        <ele>55.312028270214796</ele>
        <time>2026-09-14T22:55:54.200000Z</time>
        <extensions>
          <gpxtpx:TrackPointExtension>
            <gpxtpx:hr>180</gpxtpx:hr>
          </gpxtpx:TrackPointExtension>
        </extensions>
      </trkpt>
      <trkpt lat="28.230950336016924" lon="112.91230110567975">
        <ele>55.223214470781386</ele>
        <time>2026-09-14T22:55:55.200000Z</time>
        <extensions>
          <gpxtpx:TrackPointExtension>
            <gpxtpx:hr>180</gpxtpx:hr>
          </gpxtpx:TrackPointExtension>
        </extensions>
      </trkpt>
      <trkpt lat="28.230931191236813" lon="112.91227385026829">
        <ele>55.13681265991181</ele>
        <time>2026-09-14T22:55:56.200000Z</time>
        <extensions>
          <gpxtpx:TrackPointExtension>
            <gpxtpx:hr>180</gpxtpx:hr>
          </gpxtpx:TrackPointExtension>
        </extensions>
      </trkpt>
      <trkpt lat="28.230910858827436" lon="112.91224751994439">
        <ele>55.05351118836552</ele>
        <time>2026-09-14T22:55:57.200000Z</time>
        <extensions>
          <gpxtpx:TrackPointExtension>
            <gpxtpx:hr>180</gpxtpx:hr>
          </gpxtpx:TrackPointExtension>
        </extensions>
      </trkpt>
      <trkpt lat="28.230889328923674" lon="112.91222217565806">
        <ele>54.97380547504872</ele>
        <time>2026-09-14T22:55:58.200000Z</time>
        <extensions>
          <gpxtpx:TrackPointExtension>
            <gpxtpx:hr>180</gpxtpx:hr>
          </gpxtpx:TrackPointExtension>
        </extensions>
      </trkpt>
      <trkpt lat="28.230867118199424" lon="112.9121975088092">
        <ele>54.89806623850018</ele>
        <time>2026-09-14T22:55:59.200000Z</time>
        <extensions>
          <gpxtpx:TrackPointExtension>
            <gpxtpx:hr>180</gpxtpx:hr>
          </gpxtpx:TrackPointExtension>
        </extensions>
      </trkpt>
      <trkpt lat="28.230844665501067" lon="112.91217315225012">
        <ele>54.82671235501766</ele>
        <time>2026-09-14T22:56:00.200000Z</time>
        <extensions>
          <gpxtpx:TrackPointExtension>
            <gpxtpx:hr>181</gpxtpx:hr>
          </gpxtpx:TrackPointExtension>
        </extensions>
      </trkpt>
      <trkpt lat="28.23082233581515" lon="112.9121487363481">
        <ele>54.759943946264684</ele>
        <time>2026-09-14T22:56:01.200000Z</time>
        <extensions>
          <gpxtpx:TrackPointExtension>
            <gpxtpx:hr>181</gpxtpx:hr>
          </gpxtpx:TrackPointExtension>
        </extensions>
      </trkpt>
      <trkpt lat="28.230800331305478" lon="112.91212406361898">
        <ele>54.697529322467744</ele>
        <time>2026-09-14T22:56:02.200000Z</time>
        <extensions>
          <gpxtpx:TrackPointExtension>
            <gpxtpx:hr>181</gpxtpx:hr>
          </gpxtpx:TrackPointExtension>
        </extensions>
      </trkpt>
      <trkpt lat="28.230778779557426" lon="112.91209910017679">
        <ele>54.63898376375437</ele>
        <time>2026-09-14T22:56:03.200000Z</time>
        <extensions>
          <gpxtpx:TrackPointExtension>
            <gpxtpx:hr>181</gpxtpx:hr>
          </gpxtpx:TrackPointExtension>
        </extensions>
      </trkpt>
      <trkpt lat="28.230757788891616" lon="112.91207408094493">
        <ele>54.583897915668786</ele>
        <time>2026-09-14T22:56:04.200000Z</time>
        <extensions>
          <gpxtpx:TrackPointExtension>
            <gpxtpx:hr>181</gpxtpx:hr>
          </gpxtpx:TrackPointExtension>
        </extensions>
      </trkpt>
      <trkpt lat="28.2307375291629" lon="112.91204943395304">
        <ele>54.531892504543066</ele>
        <time>2026-09-14T22:56:05.200000Z</time>
        <extensions>
          <gpxtpx:TrackPointExtension>
            <gpxtpx:hr>181</gpxtpx:hr>
          </gpxtpx:TrackPointExtension>
        </extensions>
      </trkpt>
      <trkpt lat="28.230718073949674" lon="112.91202489405912">
        <ele>54.48291454091668</ele>
        <time>2026-09-14T22:56:06.200000Z</time>
        <extensions>
          <gpxtpx:TrackPointExtension>
            <gpxtpx:hr>180</gpxtpx:hr>
          </gpxtpx:TrackPointExtension>
        </extensions>
      </trkpt>
      <trkpt lat="28.230699310669493" lon="112.91199934397716">
        <ele>54.437354143708944</ele>
        <time>2026-09-14T22:56:07.200000Z</time>
        <extensions>
          <gpxtpx:TrackPointExtension>
            <gpxtpx:hr>180</gpxtpx:hr>
          </gpxtpx:TrackPointExtension>
        </extensions>
      </trkpt>
      <trkpt lat="28.23068147363423" lon="112.9119723282331">
        <ele>54.39562337100506</ele>
        <time>2026-09-14T22:56:08.200000Z</time>
        <extensions>
          <gpxtpx:TrackPointExtension>
            <gpxtpx:hr>180</gpxtpx:hr>
          </gpxtpx:TrackPointExtension>
        </extensions>
      </trkpt>
      <trkpt lat="28.23066466481076" lon="112.91194448394647">
        <ele>54.35818898677826</ele>
        <time>2026-09-14T22:56:09.200000Z</time>
        <extensions>
          <gpxtpx:TrackPointExtension>
            <gpxtpx:hr>180</gpxtpx:hr>
          </gpxtpx:TrackPointExtension>
        </extensions>
      </trkpt>
      <trkpt lat="28.230648239085646" lon="112.91191723426502">
        <ele>54.324966147542</ele>
        <time>2026-09-14T22:56:10.200000Z</time>
        <extensions>
          <gpxtpx:TrackPointExtension>
            <gpxtpx:hr>180</gpxtpx:hr>
          </gpxtpx:TrackPointExtension>
        </extensions>
      </trkpt>
      <trkpt lat="28.23063168755606" lon="112.91189141479975">
        <ele>54.295240175910294</ele>
        <time>2026-09-14T22:56:11.100000Z</time>
        <extensions>
          <gpxtpx:TrackPointExtension>
            <gpxtpx:hr>180</gpxtpx:hr>
          </gpxtpx:TrackPointExtension>
        </extensions>
      </trkpt>
      <trkpt lat="28.230614789719304" lon="112.91186677658958">
        <ele>54.26803075149655</ele>
        <time>2026-09-14T22:56:12.100000Z</time>
        <extensions>
          <gpxtpx:TrackPointExtension>
            <gpxtpx:hr>179</gpxtpx:hr>
          </gpxtpx:TrackPointExtension>
        </extensions>
      </trkpt>
      <trkpt lat="28.23059730616465" lon="112.91184291017895">
        <ele>54.242279917001724</ele>
        <time>2026-09-14T22:56:13.100000Z</time>
        <extensions>
          <gpxtpx:TrackPointExtension>
            <gpxtpx:hr>179</gpxtpx:hr>
          </gpxtpx:TrackPointExtension>
        </extensions>
      </trkpt>
      <trkpt lat="28.23057944230419" lon="112.91181950909063">
        <ele>54.2170743457973</ele>
        <time>2026-09-14T22:56:14.100000Z</time>
        <extensions>
          <gpxtpx:TrackPointExtension>
            <gpxtpx:hr>179</gpxtpx:hr>
          </gpxtpx:TrackPointExtension>
        </extensions>
      </trkpt>
      <trkpt lat="28.230561245791836" lon="112.91179649784488">
        <ele>54.19179431721568</ele>
        <time>2026-09-14T22:56:15.100000Z</time>
        <extensions>
          <gpxtpx:TrackPointExtension>
            <gpxtpx:hr>179</gpxtpx:hr>
          </gpxtpx:TrackPointExtension>
        </extensions>
      </trkpt>
      <trkpt lat="28.23054252027772" lon="112.9117738045147">
        <ele>54.166229476220906</ele>
        <time>2026-09-14T22:56:16.100000Z</time>
        <extensions>
          <gpxtpx:TrackPointExtension>
            <gpxtpx:hr>179</gpxtpx:hr>
          </gpxtpx:TrackPointExtension>
        </extensions>
      </trkpt>
      <trkpt lat="28.230523190049055" lon="112.91175127700001">
        <ele>54.139809091575444</ele>
        <time>2026-09-14T22:56:17.100000Z</time>
        <extensions>
          <gpxtpx:TrackPointExtension>
            <gpxtpx:hr>179</gpxtpx:hr>
          </gpxtpx:TrackPointExtension>
        </extensions>
      </trkpt>
      <trkpt lat="28.230503571198966" lon="112.91172882253207">
        <ele>54.112284030765295</ele>
        <time>2026-09-14T22:56:18.100000Z</time>
        <extensions>
          <gpxtpx:TrackPointExtension>
            <gpxtpx:hr>179</gpxtpx:hr>
          </gpxtpx:TrackPointExtension>
        </extensions>
      </trkpt>
      <trkpt lat="28.23048421772069" lon="112.9117065094678">
        <ele>54.083512123674154</ele>
        <time>2026-09-14T22:56:19.100000Z</time>
        <extensions>
          <gpxtpx:TrackPointExtension>
            <gpxtpx:hr>179</gpxtpx:hr>
          </gpxtpx:TrackPointExtension>
        </extensions>
      </trkpt>
      <trkpt lat="28.230465484237342" lon="112.91168449648394">
        <ele>54.05345050711185</ele>
        <time>2026-09-14T22:56:20.100000Z</time>
        <extensions>
          <gpxtpx:TrackPointExtension>
            <gpxtpx:hr>179</gpxtpx:hr>
          </gpxtpx:TrackPointExtension>
        </extensions>
      </trkpt>
      <trkpt lat="28.2304475628129" lon="112.91166284096434">
        <ele>54.02205925248563</ele>
        <time>2026-09-14T22:56:21.100000Z</time>
        <extensions>
          <gpxtpx:TrackPointExtension>
            <gpxtpx:hr>179</gpxtpx:hr>
          </gpxtpx:TrackPointExtension>
        </extensions>
      </trkpt>
      <trkpt lat="28.23043029407506" lon="112.9116416209283">
        <ele>53.9896234376356</ele>
        <time>2026-09-14T22:56:22.100000Z</time>
        <extensions>
          <gpxtpx:TrackPointExtension>
            <gpxtpx:hr>179</gpxtpx:hr>
          </gpxtpx:TrackPointExtension>
        </extensions>
      </trkpt>
      <trkpt lat="28.230413102465533" lon="112.9116207662388">
        <ele>53.95633079856634</ele>
        <time>2026-09-14T22:56:23.100000Z</time>
        <extensions>
          <gpxtpx:TrackPointExtension>
            <gpxtpx:hr>179</gpxtpx:hr>
          </gpxtpx:TrackPointExtension>
        </extensions>
      </trkpt>
      <trkpt lat="28.230395451840746" lon="112.91160028790276">
        <ele>53.92244783882052</ele>
        <time>2026-09-14T22:56:24.100000Z</time>
        <extensions>
          <gpxtpx:TrackPointExtension>
            <gpxtpx:hr>179</gpxtpx:hr>
          </gpxtpx:TrackPointExtension>
        </extensions>
      </trkpt>
      <trkpt lat="28.230377108917097" lon="112.91158023512632">
        <ele>53.8948830049485</ele>
        <time>2026-09-14T22:56:25.100000Z</time>
        <extensions>
          <gpxtpx:TrackPointExtension>
            <gpxtpx:hr>180</gpxtpx:hr>
          </gpxtpx:TrackPointExtension>
        </extensions>
      </trkpt>
      <trkpt lat="28.23035811806453" lon="112.91156041670433">
        <ele>53.86267251800746</ele>
        <time>2026-09-14T22:56:26.100000Z</time>
        <extensions>
          <gpxtpx:TrackPointExtension>
            <gpxtpx:hr>180</gpxtpx:hr>
          </gpxtpx:TrackPointExtension>
        </extensions>
      </trkpt>
      <trkpt lat="28.23033876246633" lon="112.91154096296957">
        <ele>53.8311596699059</ele>
        <time>2026-09-14T22:56:27.100000Z</time>
        <extensions>
          <gpxtpx:TrackPointExtension>
            <gpxtpx:hr>180</gpxtpx:hr>
          </gpxtpx:TrackPointExtension>
        </extensions>
      </trkpt>
      <trkpt lat="28.230319385105265" lon="112.91152213097199">
        <ele>53.80152710247785</ele>
        <time>2026-09-14T22:56:28.100000Z</time>
        <extensions>
          <gpxtpx:TrackPointExtension>
            <gpxtpx:hr>180</gpxtpx:hr>
          </gpxtpx:TrackPointExtension>
        </extensions>
      </trkpt>
      <trkpt lat="28.230300665773683" lon="112.91150326664545">
        <ele>53.77462834492326</ele>
        <time>2026-09-14T22:56:29.100000Z</time>
        <extensions>
          <gpxtpx:TrackPointExtension>
            <gpxtpx:hr>180</gpxtpx:hr>
          </gpxtpx:TrackPointExtension>
        </extensions>
      </trkpt>
      <trkpt lat="28.23028297617057" lon="112.91148362675682">
        <ele>53.75081691518426</ele>
        <time>2026-09-14T22:56:30.100000Z</time>
        <extensions>
          <gpxtpx:TrackPointExtension>
            <gpxtpx:hr>181</gpxtpx:hr>
          </gpxtpx:TrackPointExtension>
        </extensions>
      </trkpt>
      <trkpt lat="28.2302659565561" lon="112.91146329254676">
        <ele>53.7303164023906</ele>
        <time>2026-09-14T22:56:31.100000Z</time>
        <extensions>
          <gpxtpx:TrackPointExtension>
            <gpxtpx:hr>181</gpxtpx:hr>
          </gpxtpx:TrackPointExtension>
        </extensions>
      </trkpt>
      <trkpt lat="28.230249189182103" lon="112.91144252685821">
        <ele>53.71306955162436</ele>
        <time>2026-09-14T22:56:32.100000Z</time>
        <extensions>
          <gpxtpx:TrackPointExtension>
            <gpxtpx:hr>181</gpxtpx:hr>
          </gpxtpx:TrackPointExtension>
        </extensions>
      </trkpt>
      <trkpt lat="28.230232539092473" lon="112.91142186970086">
        <ele>53.699008408002555</ele>
        <time>2026-09-14T22:56:33.100000Z</time>
        <extensions>
          <gpxtpx:TrackPointExtension>
            <gpxtpx:hr>181</gpxtpx:hr>
          </gpxtpx:TrackPointExtension>
        </extensions>
      </trkpt>
      <trkpt lat="28.230216252468416" lon="112.91140170597761">
        <ele>53.68789793830365</ele>
        <time>2026-09-14T22:56:34.100000Z</time>
        <extensions>
          <gpxtpx:TrackPointExtension>
            <gpxtpx:hr>181</gpxtpx:hr>
          </gpxtpx:TrackPointExtension>
        </extensions>
      </trkpt>
      <trkpt lat="28.230200534478318" lon="112.91138169398367">
        <ele>53.67938064131886</ele>
        <time>2026-09-14T22:56:35.100000Z</time>
        <extensions>
          <gpxtpx:TrackPointExtension>
            <gpxtpx:hr>181</gpxtpx:hr>
          </gpxtpx:TrackPointExtension>
        </extensions>
      </trkpt>
      <trkpt lat="28.23018547266425" lon="112.91136128671738">
        <ele>53.673180810175836</ele>
        <time>2026-09-14T22:56:36.100000Z</time>
        <extensions>
          <gpxtpx:TrackPointExtension>
            <gpxtpx:hr>181</gpxtpx:hr>
          </gpxtpx:TrackPointExtension>
        </extensions>
      </trkpt>
      <trkpt lat="28.23017110791099" lon="112.91134021328249">
        <ele>53.66926117055118</ele>
        <time>2026-09-14T22:56:37.100000Z</time>
        <extensions>
          <gpxtpx:TrackPointExtension>
            <gpxtpx:hr>181</gpxtpx:hr>
          </gpxtpx:TrackPointExtension>
        </extensions>
      </trkpt>
      <trkpt lat="28.23015760878599" lon="112.91131842581626">
        <ele>53.66791997104883</ele>
        <time>2026-09-14T22:56:38.100000Z</time>
        <extensions>
          <gpxtpx:TrackPointExtension>
            <gpxtpx:hr>181</gpxtpx:hr>
          </gpxtpx:TrackPointExtension>
        </extensions>
      </trkpt>
      <trkpt lat="28.230145316816365" lon="112.91129590110319">
        <ele>53.669564745388925</ele>
        <time>2026-09-14T22:56:39.100000Z</time>
        <extensions>
          <gpxtpx:TrackPointExtension>
            <gpxtpx:hr>181</gpxtpx:hr>
          </gpxtpx:TrackPointExtension>
        </extensions>
      </trkpt>
      <trkpt lat="28.230134315576507" lon="112.9112729058522">
        <ele>53.6743888836354</ele>
        <time>2026-09-14T22:56:40.100000Z</time>
        <extensions>
          <gpxtpx:TrackPointExtension>
            <gpxtpx:hr>181</gpxtpx:hr>
          </gpxtpx:TrackPointExtension>
        </extensions>
      </trkpt>
      <trkpt lat="28.230124511714745" lon="112.91125020797288">
        <ele>53.68215733207762</ele>
        <time>2026-09-14T22:56:41.100000Z</time>
        <extensions>
          <gpxtpx:TrackPointExtension>
            <gpxtpx:hr>181</gpxtpx:hr>
          </gpxtpx:TrackPointExtension>
        </extensions>
      </trkpt>
      <trkpt lat="28.23011589339062" lon="112.91122870862974">
        <ele>53.691938169300556</ele>
        <time>2026-09-14T22:56:42.100000Z</time>
        <extensions>
          <gpxtpx:TrackPointExtension>
            <gpxtpx:hr>181</gpxtpx:hr>
          </gpxtpx:TrackPointExtension>
        </extensions>
      </trkpt>
      <trkpt lat="28.230108415636497" lon="112.91120902327522">
        <ele>53.70214213617146</ele>
        <time>2026-09-14T22:56:43.100000Z</time>
        <extensions>
          <gpxtpx:TrackPointExtension>
            <gpxtpx:hr>181</gpxtpx:hr>
          </gpxtpx:TrackPointExtension>
        </extensions>
      </trkpt>
      <trkpt lat="28.230101814785897" lon="112.91119089664856">
        <ele>53.71088203135878</ele>
        <time>2026-09-14T22:56:44.100000Z</time>
        <extensions>
          <gpxtpx:TrackPointExtension>
            <gpxtpx:hr>180</gpxtpx:hr>
          </gpxtpx:TrackPointExtension>
        </extensions>
      </trkpt>
      <trkpt lat="28.230095875403983" lon="112.91117379255302">
        <ele>53.71668436843902</ele>
        <time>2026-09-14T22:56:45.100000Z</time>
        <extensions>
          <gpxtpx:TrackPointExtension>
            <gpxtpx:hr>180</gpxtpx:hr>
          </gpxtpx:TrackPointExtension>
        </extensions>
      </trkpt>
      <trkpt lat="28.230090648824103" lon="112.91115783710819">
        <ele>53.71900738030672</ele>
        <time>2026-09-14T22:56:46.100000Z</time>
        <extensions>
          <gpxtpx:TrackPointExtension>
            <gpxtpx:hr>180</gpxtpx:hr>
          </gpxtpx:TrackPointExtension>
        </extensions>
      </trkpt>
      <trkpt lat="28.230086200315565" lon="112.91114313331903">
        <ele>53.718041241168976</ele>
        <time>2026-09-14T22:56:47.100000Z</time>
        <extensions>
          <gpxtpx:TrackPointExtension>
            <gpxtpx:hr>180</gpxtpx:hr>
          </gpxtpx:TrackPointExtension>
        </extensions>
      </trkpt>
      <trkpt lat="28.230082616875972" lon="112.91112937527755">
        <ele>53.714581665582955</ele>
        <time>2026-09-14T22:56:48.100000Z</time>
        <extensions>
          <gpxtpx:TrackPointExtension>
            <gpxtpx:hr>180</gpxtpx:hr>
          </gpxtpx:TrackPointExtension>
        </extensions>
      </trkpt>
      <trkpt lat="28.230079572405177" lon="112.91111677134597">
        <ele>53.7094807298854</ele>
        <time>2026-09-14T22:56:49.100000Z</time>
        <extensions>
          <gpxtpx:TrackPointExtension>
            <gpxtpx:hr>180</gpxtpx:hr>
          </gpxtpx:TrackPointExtension>
        </extensions>
      </trkpt>
      <trkpt lat="28.230076407593504" lon="112.91110533235931">
        <ele>53.70398978795856</ele>
        <time>2026-09-14T22:56:50.100000Z</time>
        <extensions>
          <gpxtpx:TrackPointExtension>
            <gpxtpx:hr>179</gpxtpx:hr>
          </gpxtpx:TrackPointExtension>
        </extensions>
      </trkpt>
      <trkpt lat="28.23007263143757" lon="112.9110948486232">
        <ele>53.69944235589355</ele>
        <time>2026-09-14T22:56:51.100000Z</time>
        <extensions>
          <gpxtpx:TrackPointExtension>
            <gpxtpx:hr>179</gpxtpx:hr>
          </gpxtpx:TrackPointExtension>
        </extensions>
      </trkpt>
      <trkpt lat="28.230068374891175" lon="112.91108503406208">
        <ele>53.69702123105526</ele>
        <time>2026-09-14T22:56:52.100000Z</time>
        <extensions>
          <gpxtpx:TrackPointExtension>
            <gpxtpx:hr>179</gpxtpx:hr>
          </gpxtpx:TrackPointExtension>
        </extensions>
      </trkpt>
      <trkpt lat="28.230064374322165" lon="112.91107531042208">
        <ele>53.69806924648583</ele>
        <time>2026-09-14T22:56:53.100000Z</time>
        <extensions>
          <gpxtpx:TrackPointExtension>
            <gpxtpx:hr>179</gpxtpx:hr>
          </gpxtpx:TrackPointExtension>
        </extensions>
      </trkpt>
      <trkpt lat="28.230060844987634" lon="112.91106493004462">
        <ele>53.70353623572737</ele>
        <time>2026-09-14T22:56:54.100000Z</time>
        <extensions>
          <gpxtpx:TrackPointExtension>
            <gpxtpx:hr>176</gpxtpx:hr>
          </gpxtpx:TrackPointExtension>
        </extensions>
      </trkpt>
      <trkpt lat="28.230057564863937" lon="112.91105323810685">
        <ele>53.71452933549881</ele>
        <time>2026-09-14T22:56:55.100000Z</time>
        <extensions>
          <gpxtpx:TrackPointExtension>
            <gpxtpx:hr>176</gpxtpx:hr>
          </gpxtpx:TrackPointExtension>
        </extensions>
      </trkpt>
      <trkpt lat="28.230054548856142" lon="112.91104026036481">
        <ele>53.73219933081418</ele>
        <time>2026-09-14T22:56:56.100000Z</time>
        <extensions>
          <gpxtpx:TrackPointExtension>
            <gpxtpx:hr>176</gpxtpx:hr>
          </gpxtpx:TrackPointExtension>
        </extensions>
      </trkpt>
      <trkpt lat="28.230051873396295" lon="112.91102666975588">
        <ele>53.75760061759502</ele>
        <time>2026-09-14T22:56:57.100000Z</time>
        <extensions>
          <gpxtpx:TrackPointExtension>
            <gpxtpx:hr>172</gpxtpx:hr>
          </gpxtpx:TrackPointExtension>
        </extensions>
      </trkpt>
      <trkpt lat="28.230048945377792" lon="112.91101339236783">
        <ele>53.79123399872333</ele>
        <time>2026-09-14T22:56:58.100000Z</time>
        <extensions>
          <gpxtpx:TrackPointExtension>
            <gpxtpx:hr>172</gpxtpx:hr>
          </gpxtpx:TrackPointExtension>
        </extensions>
      </trkpt>
      <trkpt lat="28.23004530113462" lon="112.9110008957899">
        <ele>53.83364099543542</ele>
        <time>2026-09-14T22:56:59.100000Z</time>
        <extensions>
          <gpxtpx:TrackPointExtension>
            <gpxtpx:hr>172</gpxtpx:hr>
          </gpxtpx:TrackPointExtension>
        </extensions>
      </trkpt>
      <trkpt lat="28.2300412989896" lon="112.910989260906">
        <ele>53.88479849509895</ele>
        <time>2026-09-14T22:57:00.100000Z</time>
        <extensions>
          <gpxtpx:TrackPointExtension>
            <gpxtpx:hr>172</gpxtpx:hr>
          </gpxtpx:TrackPointExtension>
        </extensions>
      </trkpt>
      <trkpt lat="28.230037117105493" lon="112.91097829306516">
        <ele>53.94453518092632</ele>
        <time>2026-09-14T22:57:01.100000Z</time>
        <extensions>
          <gpxtpx:TrackPointExtension>
            <gpxtpx:hr>172</gpxtpx:hr>
          </gpxtpx:TrackPointExtension>
        </extensions>
      </trkpt>
      <trkpt lat="28.23003259611391" lon="112.91096758747074">
        <ele>54.013109157793224</ele>
        <time>2026-09-14T22:57:02.100000Z</time>
        <extensions>
          <gpxtpx:TrackPointExtension>
            <gpxtpx:hr>172</gpxtpx:hr>
          </gpxtpx:TrackPointExtension>
        </extensions>
      </trkpt>
      <trkpt lat="28.23002790116638" lon="112.9109566145208">
        <ele>54.09023192618042</ele>
        <time>2026-09-14T22:57:03Z</time>
        <extensions>
          <gpxtpx:TrackPointExtension>
            <gpxtpx:hr>172</gpxtpx:hr>
          </gpxtpx:TrackPointExtension>
        </extensions>
      </trkpt>
      <trkpt lat="28.230023392991935" lon="112.91094514557793">
        <ele>54.17574202362448</ele>
        <time>2026-09-14T22:57:04Z</time>
        <extensions>
          <gpxtpx:TrackPointExtension>
            <gpxtpx:hr>163</gpxtpx:hr>
          </gpxtpx:TrackPointExtension>
        </extensions>
      </trkpt>
      <trkpt lat="28.2300192925513" lon="112.91093340261648">
        <ele>54.269251715391874</ele>
        <time>2026-09-14T22:57:05Z</time>
        <extensions>
          <gpxtpx:TrackPointExtension>
            <gpxtpx:hr>163</gpxtpx:hr>
          </gpxtpx:TrackPointExtension>
        </extensions>
      </trkpt>
      <trkpt lat="28.230015870255883" lon="112.91092155772986">
        <ele>54.370468091219664</ele>
        <time>2026-09-14T22:57:06Z</time>
        <extensions>
          <gpxtpx:TrackPointExtension>
            <gpxtpx:hr>163</gpxtpx:hr>
          </gpxtpx:TrackPointExtension>
        </extensions>
      </trkpt>
      <trkpt lat="28.230012950849893" lon="112.91090948473101">
        <ele>54.479146654717624</ele>
        <time>2026-09-14T22:57:07Z</time>
        <extensions>
          <gpxtpx:TrackPointExtension>
            <gpxtpx:hr>163</gpxtpx:hr>
          </gpxtpx:TrackPointExtension>
        </extensions>
      </trkpt>
      <trkpt lat="28.230010119756972" lon="112.91089686710045">
        <ele>54.59440844785422</ele>
        <time>2026-09-14T22:57:08Z</time>
        <extensions>
          <gpxtpx:TrackPointExtension>
            <gpxtpx:hr>163</gpxtpx:hr>
          </gpxtpx:TrackPointExtension>
        </extensions>
      </trkpt>
      <trkpt lat="28.230007232766784" lon="112.91088368475322">
        <ele>54.71532273199409</ele>
        <time>2026-09-14T22:57:09Z</time>
        <extensions>
          <gpxtpx:TrackPointExtension>
            <gpxtpx:hr>163</gpxtpx:hr>
          </gpxtpx:TrackPointExtension>
        </extensions>
      </trkpt>
      <trkpt lat="28.230004206491223" lon="112.91087018665056">
        <ele>54.84105985518545</ele>
        <time>2026-09-14T22:57:10Z</time>
        <extensions>
          <gpxtpx:TrackPointExtension>
            <gpxtpx:hr>162</gpxtpx:hr>
          </gpxtpx:TrackPointExtension>
        </extensions>
      </trkpt>
      <trkpt lat="28.23000131195847" lon="112.9108566368399">
        <ele>54.97021839860827</ele>
        <time>2026-09-14T22:57:11Z</time>
        <extensions>
          <gpxtpx:TrackPointExtension>
            <gpxtpx:hr>162</gpxtpx:hr>
          </gpxtpx:TrackPointExtension>
        </extensions>
      </trkpt>
      <trkpt lat="28.22999977726694" lon="112.91084319522241">
        <ele>55.10099383443594</ele>
        <time>2026-09-14T22:57:12Z</time>
        <extensions>
          <gpxtpx:TrackPointExtension>
            <gpxtpx:hr>162</gpxtpx:hr>
          </gpxtpx:TrackPointExtension>
        </extensions>
      </trkpt>
      <trkpt lat="28.230001100733286" lon="112.91083022579383">
        <ele>55.23165914323181</ele>
        <time>2026-09-14T22:57:13Z</time>
        <extensions>
          <gpxtpx:TrackPointExtension>
            <gpxtpx:hr>162</gpxtpx:hr>
          </gpxtpx:TrackPointExtension>
        </extensions>
      </trkpt>
      <trkpt lat="28.230004470497526" lon="112.91081799308851">
        <ele>55.35975907370448</ele>
        <time>2026-09-14T22:57:14Z</time>
        <extensions>
          <gpxtpx:TrackPointExtension>
            <gpxtpx:hr>162</gpxtpx:hr>
          </gpxtpx:TrackPointExtension>
        </extensions>
      </trkpt>
      <trkpt lat="28.230007083739938" lon="112.91080336644771">
        <ele>55.50527895335108</ele>
        <time>2026-09-14T22:57:15.200000Z</time>
        <extensions>
          <gpxtpx:TrackPointExtension>
            <gpxtpx:hr>161</gpxtpx:hr>
          </gpxtpx:TrackPointExtension>
        </extensions>
      </trkpt>
      <trkpt lat="28.230006596356052" lon="112.91079164998756">
        <ele>55.61326460912824</ele>
        <time>2026-09-14T22:57:16.200000Z</time>
        <extensions>
          <gpxtpx:TrackPointExtension>
            <gpxtpx:hr>161</gpxtpx:hr>
          </gpxtpx:TrackPointExtension>
        </extensions>
      </trkpt>
      <trkpt lat="28.230004033082086" lon="112.91078096183878">
        <ele>55.71053127385676</ele>
        <time>2026-09-14T22:57:17.200000Z</time>
        <extensions>
          <gpxtpx:TrackPointExtension>
            <gpxtpx:hr>161</gpxtpx:hr>
          </gpxtpx:TrackPointExtension>
        </extensions>
      </trkpt>
      <trkpt lat="28.229999748557454" lon="112.91077126112752">
        <ele>55.79967496730387</ele>
        <time>2026-09-14T22:57:18.200000Z</time>
        <extensions>
          <gpxtpx:TrackPointExtension>
            <gpxtpx:hr>160</gpxtpx:hr>
          </gpxtpx:TrackPointExtension>
        </extensions>
      </trkpt>
      <trkpt lat="28.229994346040623" lon="112.91076191510193">
        <ele>55.88423006981611</ele>
        <time>2026-09-14T22:57:19.200000Z</time>
        <extensions>
          <gpxtpx:TrackPointExtension>
            <gpxtpx:hr>160</gpxtpx:hr>
          </gpxtpx:TrackPointExtension>
        </extensions>
      </trkpt>
      <trkpt lat="28.229989885643658" lon="112.91075437327329">
        <ele>55.94883788563311</ele>
        <time>2026-09-14T22:57:20Z</time>
        <extensions>
          <gpxtpx:TrackPointExtension>
            <gpxtpx:hr>160</gpxtpx:hr>
          </gpxtpx:TrackPointExtension>
        </extensions>
      </trkpt>
      <trkpt lat="28.22998469842733" lon="112.91074367327455">
        <ele>56.03316249419004</ele>
        <time>2026-09-14T22:57:21Z</time>
        <extensions>
          <gpxtpx:TrackPointExtension>
            <gpxtpx:hr>160</gpxtpx:hr>
          </gpxtpx:TrackPointExtension>
        </extensions>
      </trkpt>
      <trkpt lat="28.22997987759969" lon="112.9107318267184">
        <ele>56.12063351087272</ele>
        <time>2026-09-14T22:57:22Z</time>
        <extensions>
          <gpxtpx:TrackPointExtension>
            <gpxtpx:hr>160</gpxtpx:hr>
          </gpxtpx:TrackPointExtension>
        </extensions>
      </trkpt>
      <trkpt lat="28.229974724147148" lon="112.91071953457173">
        <ele>56.212351185269654</ele>
        <time>2026-09-14T22:57:23Z</time>
        <extensions>
          <gpxtpx:TrackPointExtension>
            <gpxtpx:hr>160</gpxtpx:hr>
          </gpxtpx:TrackPointExtension>
        </extensions>
      </trkpt>
      <trkpt lat="28.229969126327987" lon="112.910707474568">
        <ele>56.30844369530678</ele>
        <time>2026-09-14T22:57:24Z</time>
        <extensions>
          <gpxtpx:TrackPointExtension>
            <gpxtpx:hr>160</gpxtpx:hr>
          </gpxtpx:TrackPointExtension>
        </extensions>
      </trkpt>
      <trkpt lat="28.229962650338948" lon="112.91069619147979">
        <ele>56.408047617413104</ele>
        <time>2026-09-14T22:57:25Z</time>
        <extensions>
          <gpxtpx:TrackPointExtension>
            <gpxtpx:hr>160</gpxtpx:hr>
          </gpxtpx:TrackPointExtension>
        </extensions>
      </trkpt>
      <trkpt lat="28.22995449364314" lon="112.91068578544363">
        <ele>56.51180908083916</ele>
        <time>2026-09-14T22:57:26Z</time>
        <extensions>
          <gpxtpx:TrackPointExtension>
            <gpxtpx:hr>159</gpxtpx:hr>
          </gpxtpx:TrackPointExtension>
        </extensions>
      </trkpt>
      <trkpt lat="28.22994452906645" lon="112.91067571549995">
        <ele>56.619687121361494</ele>
        <time>2026-09-14T22:57:27Z</time>
        <extensions>
          <gpxtpx:TrackPointExtension>
            <gpxtpx:hr>159</gpxtpx:hr>
          </gpxtpx:TrackPointExtension>
        </extensions>
      </trkpt>
      <trkpt lat="28.229933342040226" lon="112.91066582593908">
        <ele>56.73156602308154</ele>
        <time>2026-09-14T22:57:28Z</time>
        <extensions>
          <gpxtpx:TrackPointExtension>
            <gpxtpx:hr>159</gpxtpx:hr>
          </gpxtpx:TrackPointExtension>
        </extensions>
      </trkpt>
      <trkpt lat="28.22992142215688" lon="112.91065628605472">
        <ele>56.847663381136954</ele>
        <time>2026-09-14T22:57:29Z</time>
        <extensions>
          <gpxtpx:TrackPointExtension>
            <gpxtpx:hr>159</gpxtpx:hr>
          </gpxtpx:TrackPointExtension>
        </extensions>
      </trkpt>
      <trkpt lat="28.229909129686515" lon="112.91064685353088">
        <ele>56.9675766620785</ele>
        <time>2026-09-14T22:57:30Z</time>
        <extensions>
          <gpxtpx:TrackPointExtension>
            <gpxtpx:hr>159</gpxtpx:hr>
          </gpxtpx:TrackPointExtension>
        </extensions>
      </trkpt>
      <trkpt lat="28.22989670592518" lon="112.91063728832798">
        <ele>57.09070880804211</ele>
        <time>2026-09-14T22:57:31Z</time>
        <extensions>
          <gpxtpx:TrackPointExtension>
            <gpxtpx:hr>159</gpxtpx:hr>
          </gpxtpx:TrackPointExtension>
        </extensions>
      </trkpt>
      <trkpt lat="28.229884349045122" lon="112.91062723816572">
        <ele>57.21757421270013</ele>
        <time>2026-09-14T22:57:32Z</time>
        <extensions>
          <gpxtpx:TrackPointExtension>
            <gpxtpx:hr>159</gpxtpx:hr>
          </gpxtpx:TrackPointExtension>
        </extensions>
      </trkpt>
      <trkpt lat="28.229872243732206" lon="112.910616602581">
        <ele>57.347730156965554</ele>
        <time>2026-09-14T22:57:33Z</time>
        <extensions>
          <gpxtpx:TrackPointExtension>
            <gpxtpx:hr>159</gpxtpx:hr>
          </gpxtpx:TrackPointExtension>
        </extensions>
      </trkpt>
      <trkpt lat="28.22986059187696" lon="112.91060539172483">
        <ele>57.48174666240811</ele>
        <time>2026-09-14T22:57:34Z</time>
        <extensions>
          <gpxtpx:TrackPointExtension>
            <gpxtpx:hr>159</gpxtpx:hr>
          </gpxtpx:TrackPointExtension>
        </extensions>
      </trkpt>
      <trkpt lat="28.229849569691115" lon="112.91059327856914">
        <ele>57.61893362086266</ele>
        <time>2026-09-14T22:57:35Z</time>
        <extensions>
          <gpxtpx:TrackPointExtension>
            <gpxtpx:hr>160</gpxtpx:hr>
          </gpxtpx:TrackPointExtension>
        </extensions>
      </trkpt>
      <trkpt lat="28.229839172079416" lon="112.91058025069088">
        <ele>57.75881064962596</ele>
        <time>2026-09-14T22:57:36Z</time>
        <extensions>
          <gpxtpx:TrackPointExtension>
            <gpxtpx:hr>160</gpxtpx:hr>
          </gpxtpx:TrackPointExtension>
        </extensions>
      </trkpt>
      <trkpt lat="28.229829085697173" lon="112.91056666970161">
        <ele>57.90117945801467</ele>
        <time>2026-09-14T22:57:37Z</time>
        <extensions>
          <gpxtpx:TrackPointExtension>
            <gpxtpx:hr>160</gpxtpx:hr>
          </gpxtpx:TrackPointExtension>
        </extensions>
      </trkpt>
      <trkpt lat="28.22981895930039" lon="112.9105529885942">
        <ele>58.04634064249694</ele>
        <time>2026-09-14T22:57:38Z</time>
        <extensions>
          <gpxtpx:TrackPointExtension>
            <gpxtpx:hr>160</gpxtpx:hr>
          </gpxtpx:TrackPointExtension>
        </extensions>
      </trkpt>
      <trkpt lat="28.22980865830317" lon="112.91053947168051">
        <ele>58.1930892681703</ele>
        <time>2026-09-14T22:57:39Z</time>
        <extensions>
          <gpxtpx:TrackPointExtension>
            <gpxtpx:hr>160</gpxtpx:hr>
          </gpxtpx:TrackPointExtension>
        </extensions>
      </trkpt>
      <trkpt lat="28.2297981025605" lon="112.91052630447196">
        <ele>58.34097215998918</ele>
        <time>2026-09-14T22:57:40Z</time>
        <extensions>
          <gpxtpx:TrackPointExtension>
            <gpxtpx:hr>158</gpxtpx:hr>
          </gpxtpx:TrackPointExtension>
        </extensions>
      </trkpt>
      <trkpt lat="28.229787181653286" lon="112.91051368873751">
        <ele>58.48780714534223</ele>
        <time>2026-09-14T22:57:41Z</time>
        <extensions>
          <gpxtpx:TrackPointExtension>
            <gpxtpx:hr>158</gpxtpx:hr>
          </gpxtpx:TrackPointExtension>
        </extensions>
      </trkpt>
      <trkpt lat="28.229775886641544" lon="112.91050166391675">
        <ele>58.63352151494473</ele>
        <time>2026-09-14T22:57:42Z</time>
        <extensions>
          <gpxtpx:TrackPointExtension>
            <gpxtpx:hr>158</gpxtpx:hr>
          </gpxtpx:TrackPointExtension>
        </extensions>
      </trkpt>
      <trkpt lat="28.22976440438808" lon="112.91049025327698">
        <ele>58.777035406790674</ele>
        <time>2026-09-14T22:57:43Z</time>
        <extensions>
          <gpxtpx:TrackPointExtension>
            <gpxtpx:hr>158</gpxtpx:hr>
          </gpxtpx:TrackPointExtension>
        </extensions>
      </trkpt>
      <trkpt lat="28.229753029439713" lon="112.91047935714867">
        <ele>58.91656702943146</ele>
        <time>2026-09-14T22:57:44Z</time>
        <extensions>
          <gpxtpx:TrackPointExtension>
            <gpxtpx:hr>158</gpxtpx:hr>
          </gpxtpx:TrackPointExtension>
        </extensions>
      </trkpt>
      <trkpt lat="28.22974203357401" lon="112.91046885284688">
        <ele>59.05359349027276</ele>
        <time>2026-09-14T22:57:45Z</time>
        <extensions>
          <gpxtpx:TrackPointExtension>
            <gpxtpx:hr>158</gpxtpx:hr>
          </gpxtpx:TrackPointExtension>
        </extensions>
      </trkpt>
      <trkpt lat="28.2297315989254" lon="112.91045867147658">
        <ele>59.18596577923745</ele>
        <time>2026-09-14T22:57:46Z</time>
        <extensions>
          <gpxtpx:TrackPointExtension>
            <gpxtpx:hr>158</gpxtpx:hr>
          </gpxtpx:TrackPointExtension>
        </extensions>
      </trkpt>
      <trkpt lat="28.22972179801698" lon="112.91044871345834">
        <ele>59.31288661621511</ele>
        <time>2026-09-14T22:57:47Z</time>
        <extensions>
          <gpxtpx:TrackPointExtension>
            <gpxtpx:hr>158</gpxtpx:hr>
          </gpxtpx:TrackPointExtension>
        </extensions>
      </trkpt>
      <trkpt lat="28.2297125341895" lon="112.91043880269532">
        <ele>59.43331135902554</ele>
        <time>2026-09-14T22:57:48Z</time>
        <extensions>
          <gpxtpx:TrackPointExtension>
            <gpxtpx:hr>158</gpxtpx:hr>
          </gpxtpx:TrackPointExtension>
        </extensions>
      </trkpt>
      <trkpt lat="28.229703692393088" lon="112.91042867094811">
        <ele>59.54622215684503</ele>
        <time>2026-09-14T22:57:49Z</time>
        <extensions>
          <gpxtpx:TrackPointExtension>
            <gpxtpx:hr>154</gpxtpx:hr>
          </gpxtpx:TrackPointExtension>
        </extensions>
      </trkpt>
      <trkpt lat="28.229695221817465" lon="112.91041784316064">
        <ele>59.650921907275915</ele>
        <time>2026-09-14T22:57:50Z</time>
        <extensions>
          <gpxtpx:TrackPointExtension>
            <gpxtpx:hr>154</gpxtpx:hr>
          </gpxtpx:TrackPointExtension>
        </extensions>
      </trkpt>
      <trkpt lat="28.229687696543365" lon="112.91040594705204">
        <ele>59.74610533192754</ele>
        <time>2026-09-14T22:57:51Z</time>
        <extensions>
          <gpxtpx:TrackPointExtension>
            <gpxtpx:hr>154</gpxtpx:hr>
          </gpxtpx:TrackPointExtension>
        </extensions>
      </trkpt>
      <trkpt lat="28.22968084313577" lon="112.91039341108124">
        <ele>59.83123412076384</ele>
        <time>2026-09-14T22:57:52Z</time>
        <extensions>
          <gpxtpx:TrackPointExtension>
            <gpxtpx:hr>154</gpxtpx:hr>
          </gpxtpx:TrackPointExtension>
        </extensions>
      </trkpt>
      <trkpt lat="28.229673017885368" lon="112.91038118156511">
        <ele>59.90585420653224</ele>
        <time>2026-09-14T22:57:53Z</time>
        <extensions>
          <gpxtpx:TrackPointExtension>
            <gpxtpx:hr>154</gpxtpx:hr>
          </gpxtpx:TrackPointExtension>
        </extensions>
      </trkpt>
      <trkpt lat="28.229663715425346" lon="112.91036979471885">
        <ele>59.970686573535204</ele>
        <time>2026-09-14T22:57:54Z</time>
        <extensions>
          <gpxtpx:TrackPointExtension>
            <gpxtpx:hr>154</gpxtpx:hr>
          </gpxtpx:TrackPointExtension>
        </extensions>
      </trkpt>
      <trkpt lat="28.229653273785974" lon="112.91035942631561">
        <ele>60.02446410339326</ele>
        <time>2026-09-14T22:57:54.900000Z</time>
        <extensions>
          <gpxtpx:TrackPointExtension>
            <gpxtpx:hr>154</gpxtpx:hr>
          </gpxtpx:TrackPointExtension>
        </extensions>
      </trkpt>
      <trkpt lat="28.229642085418472" lon="112.91034998623503">
        <ele>60.06698813010007</ele>
        <time>2026-09-14T22:57:55.900000Z</time>
        <extensions>
          <gpxtpx:TrackPointExtension>
            <gpxtpx:hr>152</gpxtpx:hr>
          </gpxtpx:TrackPointExtension>
        </extensions>
      </trkpt>
      <trkpt lat="28.22963054702207" lon="112.91034105050839">
        <ele>60.09877805225551</ele>
        <time>2026-09-14T22:57:56.900000Z</time>
        <extensions>
          <gpxtpx:TrackPointExtension>
            <gpxtpx:hr>152</gpxtpx:hr>
          </gpxtpx:TrackPointExtension>
        </extensions>
      </trkpt>
      <trkpt lat="28.229618555051854" lon="112.91033186684007">
        <ele>60.10836386028677</ele>
        <time>2026-09-14T22:57:57.900000Z</time>
        <extensions>
          <gpxtpx:TrackPointExtension>
            <gpxtpx:hr>152</gpxtpx:hr>
          </gpxtpx:TrackPointExtension>
        </extensions>
      </trkpt>
      <trkpt lat="28.22960605175037" lon="112.91032173785904">
        <ele>60.11705071758479</ele>
        <time>2026-09-14T22:57:58.900000Z</time>
        <extensions>
          <gpxtpx:TrackPointExtension>
            <gpxtpx:hr>152</gpxtpx:hr>
          </gpxtpx:TrackPointExtension>
        </extensions>
      </trkpt>
      <trkpt lat="28.229593674640917" lon="112.91031046149014">
        <ele>60.11747842095792</ele>
        <time>2026-09-14T22:57:59.900000Z</time>
        <extensions>
          <gpxtpx:TrackPointExtension>
            <gpxtpx:hr>152</gpxtpx:hr>
          </gpxtpx:TrackPointExtension>
        </extensions>
      </trkpt>
      <trkpt lat="28.229582132316562" lon="112.9102978740611">
        <ele>60.10979531984776</ele>
        <time>2026-09-14T22:58:00.900000Z</time>
        <extensions>
          <gpxtpx:TrackPointExtension>
            <gpxtpx:hr>152</gpxtpx:hr>
          </gpxtpx:TrackPointExtension>
        </extensions>
      </trkpt>
      <trkpt lat="28.229571489106537" lon="112.91028407714057">
        <ele>60.09472302813083</ele>
        <time>2026-09-14T22:58:01.900000Z</time>
        <extensions>
          <gpxtpx:TrackPointExtension>
            <gpxtpx:hr>152</gpxtpx:hr>
          </gpxtpx:TrackPointExtension>
        </extensions>
      </trkpt>
      <trkpt lat="28.229561335049187" lon="112.91026968218252">
        <ele>60.07302251178771</ele>
        <time>2026-09-14T22:58:02.900000Z</time>
        <extensions>
          <gpxtpx:TrackPointExtension>
            <gpxtpx:hr>152</gpxtpx:hr>
          </gpxtpx:TrackPointExtension>
        </extensions>
      </trkpt>
      <trkpt lat="28.2295511982772" lon="112.91025522457713">
        <ele>60.04544043727219</ele>
        <time>2026-09-14T22:58:03.900000Z</time>
        <extensions>
          <gpxtpx:TrackPointExtension>
            <gpxtpx:hr>150</gpxtpx:hr>
          </gpxtpx:TrackPointExtension>
        </extensions>
      </trkpt>
      <trkpt lat="28.229540799337673" lon="112.91024117685906">
        <ele>60.01271220482886</ele>
        <time>2026-09-14T22:58:04.900000Z</time>
        <extensions>
          <gpxtpx:TrackPointExtension>
            <gpxtpx:hr>150</gpxtpx:hr>
          </gpxtpx:TrackPointExtension>
        </extensions>
      </trkpt>
      <trkpt lat="28.22953032772929" lon="112.91022765610514">
        <ele>59.975498476065695</ele>
        <time>2026-09-14T22:58:05.900000Z</time>
        <extensions>
          <gpxtpx:TrackPointExtension>
            <gpxtpx:hr>150</gpxtpx:hr>
          </gpxtpx:TrackPointExtension>
        </extensions>
      </trkpt>
      <trkpt lat="28.229520225694237" lon="112.91021425619267">
        <ele>59.93432057835162</ele>
        <time>2026-09-14T22:58:06.900000Z</time>
        <extensions>
          <gpxtpx:TrackPointExtension>
            <gpxtpx:hr>150</gpxtpx:hr>
          </gpxtpx:TrackPointExtension>
        </extensions>
      </trkpt>
      <trkpt lat="28.229510353288404" lon="112.9102010680713">
        <ele>59.88962906692177</ele>
        <time>2026-09-14T22:58:07.900000Z</time>
        <extensions>
          <gpxtpx:TrackPointExtension>
            <gpxtpx:hr>148</gpxtpx:hr>
          </gpxtpx:TrackPointExtension>
        </extensions>
      </trkpt>
      <trkpt lat="28.229500055579653" lon="112.91018829165094">
        <ele>59.84200168494135</ele>
        <time>2026-09-14T22:58:08.900000Z</time>
        <extensions>
          <gpxtpx:TrackPointExtension>
            <gpxtpx:hr>148</gpxtpx:hr>
          </gpxtpx:TrackPointExtension>
        </extensions>
      </trkpt>
      <trkpt lat="28.229489235112627" lon="112.91017587369417">
        <ele>59.79175850003958</ele>
        <time>2026-09-14T22:58:09.900000Z</time>
        <extensions>
          <gpxtpx:TrackPointExtension>
            <gpxtpx:hr>148</gpxtpx:hr>
          </gpxtpx:TrackPointExtension>
        </extensions>
      </trkpt>
      <trkpt lat="28.229478306611178" lon="112.91016381600349">
        <ele>59.73920848965645</ele>
        <time>2026-09-14T22:58:10.900000Z</time>
        <extensions>
          <gpxtpx:TrackPointExtension>
            <gpxtpx:hr>148</gpxtpx:hr>
          </gpxtpx:TrackPointExtension>
        </extensions>
      </trkpt>
      <trkpt lat="28.229467108361757" lon="112.910151860555">
        <ele>59.68452242948115</ele>
        <time>2026-09-14T22:58:11.900000Z</time>
        <extensions>
          <gpxtpx:TrackPointExtension>
            <gpxtpx:hr>148</gpxtpx:hr>
          </gpxtpx:TrackPointExtension>
        </extensions>
      </trkpt>
      <trkpt lat="28.22945522755351" lon="112.91013983762451">
        <ele>59.62777918856591</ele>
        <time>2026-09-14T22:58:12.900000Z</time>
        <extensions>
          <gpxtpx:TrackPointExtension>
            <gpxtpx:hr>148</gpxtpx:hr>
          </gpxtpx:TrackPointExtension>
        </extensions>
      </trkpt>
      <trkpt lat="28.22944267652597" lon="112.91012785607776">
        <ele>59.56900928262621</ele>
        <time>2026-09-14T22:58:13.900000Z</time>
        <extensions>
          <gpxtpx:TrackPointExtension>
            <gpxtpx:hr>148</gpxtpx:hr>
          </gpxtpx:TrackPointExtension>
        </extensions>
      </trkpt>
      <trkpt lat="28.22942957263376" lon="112.91011596874232">
        <ele>59.50845432188362</ele>
        <time>2026-09-14T22:58:14.900000Z</time>
        <extensions>
          <gpxtpx:TrackPointExtension>
            <gpxtpx:hr>148</gpxtpx:hr>
          </gpxtpx:TrackPointExtension>
        </extensions>
      </trkpt>
      <trkpt lat="28.2294161051096" lon="112.91010413200154">
        <ele>59.446726931259036</ele>
        <time>2026-09-14T22:58:15.900000Z</time>
        <extensions>
          <gpxtpx:TrackPointExtension>
            <gpxtpx:hr>148</gpxtpx:hr>
          </gpxtpx:TrackPointExtension>
        </extensions>
      </trkpt>
      <trkpt lat="28.229402581900036" lon="112.91009250608685">
        <ele>59.38427565060556</ele>
        <time>2026-09-14T22:58:16.900000Z</time>
        <extensions>
          <gpxtpx:TrackPointExtension>
            <gpxtpx:hr>148</gpxtpx:hr>
          </gpxtpx:TrackPointExtension>
        </extensions>
      </trkpt>
      <trkpt lat="28.229389105290664" lon="112.91008123525488">
        <ele>59.32146496977657</ele>
        <time>2026-09-14T22:58:17.900000Z</time>
        <extensions>
          <gpxtpx:TrackPointExtension>
            <gpxtpx:hr>148</gpxtpx:hr>
          </gpxtpx:TrackPointExtension>
        </extensions>
      </trkpt>
      <trkpt lat="28.22937570778897" lon="112.91007044154706">
        <ele>59.25869689323008</ele>
        <time>2026-09-14T22:58:18.900000Z</time>
        <extensions>
          <gpxtpx:TrackPointExtension>
            <gpxtpx:hr>148</gpxtpx:hr>
          </gpxtpx:TrackPointExtension>
        </extensions>
      </trkpt>
      <trkpt lat="28.22936228508069" lon="112.91006023503276">
        <ele>59.19624794460833</ele>
        <time>2026-09-14T22:58:19.900000Z</time>
        <extensions>
          <gpxtpx:TrackPointExtension>
            <gpxtpx:hr>148</gpxtpx:hr>
          </gpxtpx:TrackPointExtension>
        </extensions>
      </trkpt>
      <trkpt lat="28.22934878540089" lon="112.91005067389416">
        <ele>59.13445513509214</ele>
        <time>2026-09-14T22:58:20.900000Z</time>
        <extensions>
          <gpxtpx:TrackPointExtension>
            <gpxtpx:hr>148</gpxtpx:hr>
          </gpxtpx:TrackPointExtension>
        </extensions>
      </trkpt>
      <trkpt lat="28.229335319547" lon="112.91004168515887">
        <ele>59.07379062101245</ele>
        <time>2026-09-14T22:58:21.900000Z</time>
        <extensions>
          <gpxtpx:TrackPointExtension>
            <gpxtpx:hr>148</gpxtpx:hr>
          </gpxtpx:TrackPointExtension>
        </extensions>
      </trkpt>
      <trkpt lat="28.229321928176837" lon="112.91003299177073">
        <ele>59.014626456424594</ele>
        <time>2026-09-14T22:58:22.900000Z</time>
        <extensions>
          <gpxtpx:TrackPointExtension>
            <gpxtpx:hr>147</gpxtpx:hr>
          </gpxtpx:TrackPointExtension>
        </extensions>
      </trkpt>
      <trkpt lat="28.22930884121709" lon="112.91002416420123">
        <ele>58.957168967463076</ele>
        <time>2026-09-14T22:58:23.900000Z</time>
        <extensions>
          <gpxtpx:TrackPointExtension>
            <gpxtpx:hr>147</gpxtpx:hr>
          </gpxtpx:TrackPointExtension>
        </extensions>
      </trkpt>
      <trkpt lat="28.22929641403774" lon="112.91001489585935">
        <ele>58.901652407832444</ele>
        <time>2026-09-14T22:58:24.900000Z</time>
        <extensions>
          <gpxtpx:TrackPointExtension>
            <gpxtpx:hr>147</gpxtpx:hr>
          </gpxtpx:TrackPointExtension>
        </extensions>
      </trkpt>
      <trkpt lat="28.229284628613996" lon="112.9100052106979">
        <ele>58.84835350327194</ele>
        <time>2026-09-14T22:58:25.900000Z</time>
        <extensions>
          <gpxtpx:TrackPointExtension>
            <gpxtpx:hr>147</gpxtpx:hr>
          </gpxtpx:TrackPointExtension>
        </extensions>
      </trkpt>
      <trkpt lat="28.22927319095556" lon="112.90999533468522">
        <ele>58.79737261496484</ele>
        <time>2026-09-14T22:58:26.900000Z</time>
        <extensions>
          <gpxtpx:TrackPointExtension>
            <gpxtpx:hr>147</gpxtpx:hr>
          </gpxtpx:TrackPointExtension>
        </extensions>
      </trkpt>
      <trkpt lat="28.229261998462032" lon="112.90998548211077">
        <ele>58.74862524680793</ele>
        <time>2026-09-14T22:58:27.900000Z</time>
        <extensions>
          <gpxtpx:TrackPointExtension>
            <gpxtpx:hr>147</gpxtpx:hr>
          </gpxtpx:TrackPointExtension>
        </extensions>
      </trkpt>
      <trkpt lat="28.229250982717765" lon="112.90997554104963">
        <ele>58.70206805691123</ele>
        <time>2026-09-14T22:58:28.900000Z</time>
        <extensions>
          <gpxtpx:TrackPointExtension>
            <gpxtpx:hr>148</gpxtpx:hr>
          </gpxtpx:TrackPointExtension>
        </extensions>
      </trkpt>
      <trkpt lat="28.22923980885366" lon="112.90996532613197">
        <ele>58.65760353952646</ele>
        <time>2026-09-14T22:58:29.900000Z</time>
        <extensions>
          <gpxtpx:TrackPointExtension>
            <gpxtpx:hr>148</gpxtpx:hr>
          </gpxtpx:TrackPointExtension>
        </extensions>
      </trkpt>
      <trkpt lat="28.229228199997344" lon="112.9099550090123">
        <ele>58.61523499991745</ele>
        <time>2026-09-14T22:58:30.900000Z</time>
        <extensions>
          <gpxtpx:TrackPointExtension>
            <gpxtpx:hr>148</gpxtpx:hr>
          </gpxtpx:TrackPointExtension>
        </extensions>
      </trkpt>
      <trkpt lat="28.22921611779674" lon="112.90994489538498">
        <ele>58.57513505406678</ele>
        <time>2026-09-14T22:58:31.900000Z</time>
        <extensions>
          <gpxtpx:TrackPointExtension>
            <gpxtpx:hr>148</gpxtpx:hr>
          </gpxtpx:TrackPointExtension>
        </extensions>
      </trkpt>
      <trkpt lat="28.229203617983675" lon="112.90993497802361">
        <ele>58.537448674440384</ele>
        <time>2026-09-14T22:58:32.900000Z</time>
        <extensions>
          <gpxtpx:TrackPointExtension>
            <gpxtpx:hr>146</gpxtpx:hr>
          </gpxtpx:TrackPointExtension>
        </extensions>
      </trkpt>
      <trkpt lat="28.22919074236742" lon="112.90992506128181">
        <ele>58.5020763957873</ele>
        <time>2026-09-14T22:58:33.900000Z</time>
        <extensions>
          <gpxtpx:TrackPointExtension>
            <gpxtpx:hr>146</gpxtpx:hr>
          </gpxtpx:TrackPointExtension>
        </extensions>
      </trkpt>
      <trkpt lat="28.229177810925286" lon="112.90991514745812">
        <ele>58.468523534946144</ele>
        <time>2026-09-14T22:58:34.900000Z</time>
        <extensions>
          <gpxtpx:TrackPointExtension>
            <gpxtpx:hr>146</gpxtpx:hr>
          </gpxtpx:TrackPointExtension>
        </extensions>
      </trkpt>
      <trkpt lat="28.229165180819365" lon="112.90990544950081">
        <ele>58.43576314300299</ele>
        <time>2026-09-14T22:58:35.900000Z</time>
        <extensions>
          <gpxtpx:TrackPointExtension>
            <gpxtpx:hr>146</gpxtpx:hr>
          </gpxtpx:TrackPointExtension>
        </extensions>
      </trkpt>
      <trkpt lat="28.229152785091994" lon="112.90989598718157">
        <ele>58.4024813240394</ele>
        <time>2026-09-14T22:58:36.900000Z</time>
        <extensions>
          <gpxtpx:TrackPointExtension>
            <gpxtpx:hr>146</gpxtpx:hr>
          </gpxtpx:TrackPointExtension>
        </extensions>
      </trkpt>
      <trkpt lat="28.229140507861104" lon="112.90988676270727">
        <ele>58.36701798159629</ele>
        <time>2026-09-14T22:58:37.900000Z</time>
        <extensions>
          <gpxtpx:TrackPointExtension>
            <gpxtpx:hr>146</gpxtpx:hr>
          </gpxtpx:TrackPointExtension>
        </extensions>
      </trkpt>
      <trkpt lat="28.22912822847345" lon="112.90987789498763">
        <ele>58.32765545416623</ele>
        <time>2026-09-14T22:58:38.900000Z</time>
        <extensions>
          <gpxtpx:TrackPointExtension>
            <gpxtpx:hr>144</gpxtpx:hr>
          </gpxtpx:TrackPointExtension>
        </extensions>
      </trkpt>
      <trkpt lat="28.229116049854788" lon="112.90986923312589">
        <ele>58.28265838883817</ele>
        <time>2026-09-14T22:58:39.900000Z</time>
        <extensions>
          <gpxtpx:TrackPointExtension>
            <gpxtpx:hr>144</gpxtpx:hr>
          </gpxtpx:TrackPointExtension>
        </extensions>
      </trkpt>
      <trkpt lat="28.22910422791148" lon="112.9098602674334">
        <ele>58.2305065067485</ele>
        <time>2026-09-14T22:58:40.900000Z</time>
        <extensions>
          <gpxtpx:TrackPointExtension>
            <gpxtpx:hr>144</gpxtpx:hr>
          </gpxtpx:TrackPointExtension>
        </extensions>
      </trkpt>
      <trkpt lat="28.22909297747092" lon="112.90985045660945">
        <ele>58.17011678777635</ele>
        <time>2026-09-14T22:58:41.900000Z</time>
        <extensions>
          <gpxtpx:TrackPointExtension>
            <gpxtpx:hr>144</gpxtpx:hr>
          </gpxtpx:TrackPointExtension>
        </extensions>
      </trkpt>
      <trkpt lat="28.229082690562493" lon="112.90983958801449">
        <ele>58.10107848234475</ele>
        <time>2026-09-14T22:58:42.900000Z</time>
        <extensions>
          <gpxtpx:TrackPointExtension>
            <gpxtpx:hr>144</gpxtpx:hr>
          </gpxtpx:TrackPointExtension>
        </extensions>
      </trkpt>
      <trkpt lat="28.229073648110177" lon="112.90982771923046">
        <ele>58.0236894832924</ele>
        <time>2026-09-14T22:58:43.900000Z</time>
        <extensions>
          <gpxtpx:TrackPointExtension>
            <gpxtpx:hr>142</gpxtpx:hr>
          </gpxtpx:TrackPointExtension>
        </extensions>
      </trkpt>
      <trkpt lat="28.22906601911675" lon="112.9098148833649">
        <ele>57.939295339398086</ele>
        <time>2026-09-14T22:58:44.900000Z</time>
        <extensions>
          <gpxtpx:TrackPointExtension>
            <gpxtpx:hr>142</gpxtpx:hr>
          </gpxtpx:TrackPointExtension>
        </extensions>
      </trkpt>
      <trkpt lat="28.229059109649572" lon="112.90980150424002">
        <ele>57.85085569601506</ele>
        <time>2026-09-14T22:58:45.900000Z</time>
        <extensions>
          <gpxtpx:TrackPointExtension>
            <gpxtpx:hr>142</gpxtpx:hr>
          </gpxtpx:TrackPointExtension>
        </extensions>
      </trkpt>
      <trkpt lat="28.22905165336067" lon="112.90978827278569">
        <ele>57.76326752547175</ele>
        <time>2026-09-14T22:58:46.800000Z</time>
        <extensions>
          <gpxtpx:TrackPointExtension>
            <gpxtpx:hr>142</gpxtpx:hr>
          </gpxtpx:TrackPointExtension>
        </extensions>
      </trkpt>
      <trkpt lat="28.229038242742476" lon="112.90977257923723">
        <ele>57.66403266694397</ele>
        <time>2026-09-14T22:58:48.200000Z</time>
        <extensions>
          <gpxtpx:TrackPointExtension>
            <gpxtpx:hr>142</gpxtpx:hr>
          </gpxtpx:TrackPointExtension>
        </extensions>
      </trkpt>
      <trkpt lat="28.229026423129525" lon="112.909763629488">
        <ele>57.62009248044342</ele>
        <time>2026-09-14T22:58:49.200000Z</time>
        <extensions>
          <gpxtpx:TrackPointExtension>
            <gpxtpx:hr>142</gpxtpx:hr>
          </gpxtpx:TrackPointExtension>
        </extensions>
      </trkpt>
      <trkpt lat="28.229013633154274" lon="112.90975552095867">
        <ele>57.604390658438206</ele>
        <time>2026-09-14T22:58:50.200000Z</time>
        <extensions>
          <gpxtpx:TrackPointExtension>
            <gpxtpx:hr>142</gpxtpx:hr>
          </gpxtpx:TrackPointExtension>
        </extensions>
      </trkpt>
      <trkpt lat="28.228999840896858" lon="112.90974788285152">
        <ele>57.620394001714885</ele>
        <time>2026-09-14T22:58:51.200000Z</time>
        <extensions>
          <gpxtpx:TrackPointExtension>
            <gpxtpx:hr>142</gpxtpx:hr>
          </gpxtpx:TrackPointExtension>
        </extensions>
      </trkpt>
      <trkpt lat="28.2289854002815" lon="112.909740904777">
        <ele>57.67015313543379</ele>
        <time>2026-09-14T22:58:52.200000Z</time>
        <extensions>
          <gpxtpx:TrackPointExtension>
            <gpxtpx:hr>142</gpxtpx:hr>
          </gpxtpx:TrackPointExtension>
        </extensions>
      </trkpt>
      <trkpt lat="28.22897059481547" lon="112.9097346941052">
        <ele>57.754822731018066</ele>
        <time>2026-09-14T22:58:53.200000Z</time>
        <extensions>
          <gpxtpx:TrackPointExtension>
            <gpxtpx:hr>142</gpxtpx:hr>
          </gpxtpx:TrackPointExtension>
        </extensions>
      </trkpt>
      <trkpt lat="28.22895549774556" lon="112.90972912898152">
        <ele>57.874347225762904</ele>
        <time>2026-09-14T22:58:54.200000Z</time>
        <extensions>
          <gpxtpx:TrackPointExtension>
            <gpxtpx:hr>142</gpxtpx:hr>
          </gpxtpx:TrackPointExtension>
        </extensions>
      </trkpt>
      <trkpt lat="28.22894046742339" lon="112.9097242319465">
        <ele>58.0258516902104</ele>
        <time>2026-09-14T22:58:55.200000Z</time>
        <extensions>
          <gpxtpx:TrackPointExtension>
            <gpxtpx:hr>142</gpxtpx:hr>
          </gpxtpx:TrackPointExtension>
        </extensions>
      </trkpt>
      <trkpt lat="28.228931702405852" lon="112.90972145431799">
        <ele>58.12765432149172</ele>
        <time>2026-09-14T22:58:55.800000Z</time>
        <extensions>
          <gpxtpx:TrackPointExtension>
            <gpxtpx:hr>142</gpxtpx:hr>
          </gpxtpx:TrackPointExtension>
        </extensions>
      </trkpt>
      <trkpt lat="28.228917682651133" lon="112.909715608027">
        <ele>58.31352453213185</ele>
        <time>2026-09-14T22:58:56.800000Z</time>
        <extensions>
          <gpxtpx:TrackPointExtension>
            <gpxtpx:hr>142</gpxtpx:hr>
          </gpxtpx:TrackPointExtension>
        </extensions>
      </trkpt>
      <trkpt lat="28.228905268991856" lon="112.90970757841609">
        <ele>58.51461135689169</ele>
        <time>2026-09-14T22:58:57.800000Z</time>
        <extensions>
          <gpxtpx:TrackPointExtension>
            <gpxtpx:hr>142</gpxtpx:hr>
          </gpxtpx:TrackPointExtension>
        </extensions>
      </trkpt>
      <trkpt lat="28.228895334080374" lon="112.90969704269416">
        <ele>58.723062325268984</ele>
        <time>2026-09-14T22:58:58.800000Z</time>
        <extensions>
          <gpxtpx:TrackPointExtension>
            <gpxtpx:hr>142</gpxtpx:hr>
          </gpxtpx:TrackPointExtension>
        </extensions>
      </trkpt>
      <trkpt lat="28.22888802973406" lon="112.90968439943481">
        <ele>58.932967660948634</ele>
        <time>2026-09-14T22:58:59.800000Z</time>
        <extensions>
          <gpxtpx:TrackPointExtension>
            <gpxtpx:hr>141</gpxtpx:hr>
          </gpxtpx:TrackPointExtension>
        </extensions>
      </trkpt>
      <trkpt lat="28.228882507959323" lon="112.90967057370848">
        <ele>59.13992642425001</ele>
        <time>2026-09-14T22:59:00.800000Z</time>
        <extensions>
          <gpxtpx:TrackPointExtension>
            <gpxtpx:hr>141</gpxtpx:hr>
          </gpxtpx:TrackPointExtension>
        </extensions>
      </trkpt>
      <trkpt lat="28.228877845053066" lon="112.90965623726517">
        <ele>59.34070596564561</ele>
        <time>2026-09-14T22:59:01.800000Z</time>
        <extensions>
          <gpxtpx:TrackPointExtension>
            <gpxtpx:hr>141</gpxtpx:hr>
          </gpxtpx:TrackPointExtension>
        </extensions>
      </trkpt>
      <trkpt lat="28.228873447243505" lon="112.90964164484384">
        <ele>59.53304553870112</ele>
        <time>2026-09-14T22:59:02.800000Z</time>
        <extensions>
          <gpxtpx:TrackPointExtension>
            <gpxtpx:hr>141</gpxtpx:hr>
          </gpxtpx:TrackPointExtension>
        </extensions>
      </trkpt>
      <trkpt lat="28.22886902212735" lon="112.90962651616312">
        <ele>59.71526137087494</ele>
        <time>2026-09-14T22:59:03.800000Z</time>
        <extensions>
          <gpxtpx:TrackPointExtension>
            <gpxtpx:hr>141</gpxtpx:hr>
          </gpxtpx:TrackPointExtension>
        </extensions>
      </trkpt>
      <trkpt lat="28.228864528713686" lon="112.90961065007293">
        <ele>59.88592570461333</ele>
        <time>2026-09-14T22:59:04.800000Z</time>
        <extensions>
          <gpxtpx:TrackPointExtension>
            <gpxtpx:hr>141</gpxtpx:hr>
          </gpxtpx:TrackPointExtension>
        </extensions>
      </trkpt>
      <trkpt lat="28.228860071886576" lon="112.90959411017253">
        <ele>60.04394219722599</ele>
        <time>2026-09-14T22:59:05.800000Z</time>
        <extensions>
          <gpxtpx:TrackPointExtension>
            <gpxtpx:hr>141</gpxtpx:hr>
          </gpxtpx:TrackPointExtension>
        </extensions>
      </trkpt>
      <trkpt lat="28.228855670988906" lon="112.90957711846053">
        <ele>60.18874138779938</ele>
        <time>2026-09-14T22:59:06.800000Z</time>
        <extensions>
          <gpxtpx:TrackPointExtension>
            <gpxtpx:hr>141</gpxtpx:hr>
          </gpxtpx:TrackPointExtension>
        </extensions>
      </trkpt>
      <trkpt lat="28.2288514413564" lon="112.90955995501658">
        <ele>60.320190196856856</ele>
        <time>2026-09-14T22:59:07.800000Z</time>
        <extensions>
          <gpxtpx:TrackPointExtension>
            <gpxtpx:hr>141</gpxtpx:hr>
          </gpxtpx:TrackPointExtension>
        </extensions>
      </trkpt>
      <trkpt lat="28.228847496378034" lon="112.90954286507214">
        <ele>60.438475533388555</ele>
        <time>2026-09-14T22:59:08.800000Z</time>
        <extensions>
          <gpxtpx:TrackPointExtension>
            <gpxtpx:hr>141</gpxtpx:hr>
          </gpxtpx:TrackPointExtension>
        </extensions>
      </trkpt>
      <trkpt lat="28.228843809307584" lon="112.90952590563965">
        <ele>60.544108054600656</ele>
        <time>2026-09-14T22:59:09.800000Z</time>
        <extensions>
          <gpxtpx:TrackPointExtension>
            <gpxtpx:hr>141</gpxtpx:hr>
          </gpxtpx:TrackPointExtension>
        </extensions>
      </trkpt>
      <trkpt lat="28.228840406917612" lon="112.90950901545591">
        <ele>60.637734114192426</ele>
        <time>2026-09-14T22:59:10.800000Z</time>
        <extensions>
          <gpxtpx:TrackPointExtension>
            <gpxtpx:hr>141</gpxtpx:hr>
          </gpxtpx:TrackPointExtension>
        </extensions>
      </trkpt>
      <trkpt lat="28.22883730112408" lon="112.90949206590301">
        <ele>60.720027435570955</ele>
        <time>2026-09-14T22:59:11.800000Z</time>
        <extensions>
          <gpxtpx:TrackPointExtension>
            <gpxtpx:hr>141</gpxtpx:hr>
          </gpxtpx:TrackPointExtension>
        </extensions>
      </trkpt>
      <trkpt lat="28.228834357417483" lon="112.90947508260554">
        <ele>60.79167347308248</ele>
        <time>2026-09-14T22:59:12.800000Z</time>
        <extensions>
          <gpxtpx:TrackPointExtension>
            <gpxtpx:hr>141</gpxtpx:hr>
          </gpxtpx:TrackPointExtension>
        </extensions>
      </trkpt>
      <trkpt lat="28.22883143891446" lon="112.90945810232184">
        <ele>60.85311272833496</ele>
        <time>2026-09-14T22:59:13.800000Z</time>
        <extensions>
          <gpxtpx:TrackPointExtension>
            <gpxtpx:hr>141</gpxtpx:hr>
          </gpxtpx:TrackPointExtension>
        </extensions>
      </trkpt>
      <trkpt lat="28.228828528129885" lon="112.9094408950064">
        <ele>60.905000689439476</ele>
        <time>2026-09-14T22:59:14.800000Z</time>
        <extensions>
          <gpxtpx:TrackPointExtension>
            <gpxtpx:hr>140</gpxtpx:hr>
          </gpxtpx:TrackPointExtension>
        </extensions>
      </trkpt>
      <trkpt lat="28.228825726252417" lon="112.90942365091988">
        <ele>60.94699752237648</ele>
        <time>2026-09-14T22:59:15.800000Z</time>
        <extensions>
          <gpxtpx:TrackPointExtension>
            <gpxtpx:hr>140</gpxtpx:hr>
          </gpxtpx:TrackPointExtension>
        </extensions>
      </trkpt>
      <trkpt lat="28.22882306816708" lon="112.90940656816123">
        <ele>60.98047752119601</ele>
        <time>2026-09-14T22:59:16.800000Z</time>
        <extensions>
          <gpxtpx:TrackPointExtension>
            <gpxtpx:hr>140</gpxtpx:hr>
          </gpxtpx:TrackPointExtension>
        </extensions>
      </trkpt>
      <trkpt lat="28.228820537916345" lon="112.90938965349946">
        <ele>61.00697937235236</ele>
        <time>2026-09-14T22:59:17.800000Z</time>
        <extensions>
          <gpxtpx:TrackPointExtension>
            <gpxtpx:hr>140</gpxtpx:hr>
          </gpxtpx:TrackPointExtension>
        </extensions>
      </trkpt>
      <trkpt lat="28.228818182819197" lon="112.90937303770605">
        <ele>61.02803046349436</ele>
        <time>2026-09-14T22:59:18.800000Z</time>
        <extensions>
          <gpxtpx:TrackPointExtension>
            <gpxtpx:hr>140</gpxtpx:hr>
          </gpxtpx:TrackPointExtension>
        </extensions>
      </trkpt>
      <trkpt lat="28.228816126176753" lon="112.90935657116479">
        <ele>61.04499862436205</ele>
        <time>2026-09-14T22:59:19.800000Z</time>
        <extensions>
          <gpxtpx:TrackPointExtension>
            <gpxtpx:hr>140</gpxtpx:hr>
          </gpxtpx:TrackPointExtension>
        </extensions>
      </trkpt>
      <trkpt lat="28.228814360738976" lon="112.90934003099056">
        <ele>61.05882119201124</ele>
        <time>2026-09-14T22:59:20.800000Z</time>
        <extensions>
          <gpxtpx:TrackPointExtension>
            <gpxtpx:hr>140</gpxtpx:hr>
          </gpxtpx:TrackPointExtension>
        </extensions>
      </trkpt>
      <trkpt lat="28.228812721860457" lon="112.90932342881159">
        <ele>61.06986316666007</ele>
        <time>2026-09-14T22:59:21.800000Z</time>
        <extensions>
          <gpxtpx:TrackPointExtension>
            <gpxtpx:hr>140</gpxtpx:hr>
          </gpxtpx:TrackPointExtension>
        </extensions>
      </trkpt>
      <trkpt lat="28.228811194474382" lon="112.90930688598318">
        <ele>61.07820051815361</ele>
        <time>2026-09-14T22:59:22.800000Z</time>
        <extensions>
          <gpxtpx:TrackPointExtension>
            <gpxtpx:hr>140</gpxtpx:hr>
          </gpxtpx:TrackPointExtension>
        </extensions>
      </trkpt>
      <trkpt lat="28.228809871607204" lon="112.9092904432063">
        <ele>61.08388003986329</ele>
        <time>2026-09-14T22:59:23.800000Z</time>
        <extensions>
          <gpxtpx:TrackPointExtension>
            <gpxtpx:hr>140</gpxtpx:hr>
          </gpxtpx:TrackPointExtension>
        </extensions>
      </trkpt>
      <trkpt lat="28.228808792053325" lon="112.9092741117367">
        <ele>61.08683792967349</ele>
        <time>2026-09-14T22:59:24.800000Z</time>
        <extensions>
          <gpxtpx:TrackPointExtension>
            <gpxtpx:hr>140</gpxtpx:hr>
          </gpxtpx:TrackPointExtension>
        </extensions>
      </trkpt>
      <trkpt lat="28.22880785616309" lon="112.90925785228805">
        <ele>61.08679923322052</ele>
        <time>2026-09-14T22:59:25.800000Z</time>
        <extensions>
          <gpxtpx:TrackPointExtension>
            <gpxtpx:hr>140</gpxtpx:hr>
          </gpxtpx:TrackPointExtension>
        </extensions>
      </trkpt>
      <trkpt lat="28.22880691099211" lon="112.90924167566374">
        <ele>61.08342608716339</ele>
        <time>2026-09-14T22:59:26.800000Z</time>
        <extensions>
          <gpxtpx:TrackPointExtension>
            <gpxtpx:hr>140</gpxtpx:hr>
          </gpxtpx:TrackPointExtension>
        </extensions>
      </trkpt>
      <trkpt lat="28.22880593895424" lon="112.90922541004224">
        <ele>61.07636073231697</ele>
        <time>2026-09-14T22:59:27.800000Z</time>
        <extensions>
          <gpxtpx:TrackPointExtension>
            <gpxtpx:hr>139</gpxtpx:hr>
          </gpxtpx:TrackPointExtension>
        </extensions>
      </trkpt>
      <trkpt lat="28.228805012401565" lon="112.9092089051587">
        <ele>61.06497662421316</ele>
        <time>2026-09-14T22:59:28.800000Z</time>
        <extensions>
          <gpxtpx:TrackPointExtension>
            <gpxtpx:hr>139</gpxtpx:hr>
          </gpxtpx:TrackPointExtension>
        </extensions>
      </trkpt>
      <trkpt lat="28.228804133650108" lon="112.90919240488547">
        <ele>61.04834494367242</ele>
        <time>2026-09-14T22:59:29.800000Z</time>
        <extensions>
          <gpxtpx:TrackPointExtension>
            <gpxtpx:hr>139</gpxtpx:hr>
          </gpxtpx:TrackPointExtension>
        </extensions>
      </trkpt>
      <trkpt lat="28.228803222457966" lon="112.90917619352444">
        <ele>61.02546571753919</ele>
        <time>2026-09-14T22:59:30.800000Z</time>
        <extensions>
          <gpxtpx:TrackPointExtension>
            <gpxtpx:hr>139</gpxtpx:hr>
          </gpxtpx:TrackPointExtension>
        </extensions>
      </trkpt>
      <trkpt lat="28.22880225227969" lon="112.9091603832608">
        <ele>60.99551065452397</ele>
        <time>2026-09-14T22:59:31.800000Z</time>
        <extensions>
          <gpxtpx:TrackPointExtension>
            <gpxtpx:hr>139</gpxtpx:hr>
          </gpxtpx:TrackPointExtension>
        </extensions>
      </trkpt>
      <trkpt lat="28.228801241625757" lon="112.909144757762">
        <ele>60.95806026738137</ele>
        <time>2026-09-14T22:59:32.800000Z</time>
        <extensions>
          <gpxtpx:TrackPointExtension>
            <gpxtpx:hr>136</gpxtpx:hr>
          </gpxtpx:TrackPointExtension>
        </extensions>
      </trkpt>
      <trkpt lat="28.22880007249435" lon="112.90912900495064">
        <ele>60.91318529006094</ele>
        <time>2026-09-14T22:59:33.800000Z</time>
        <extensions>
          <gpxtpx:TrackPointExtension>
            <gpxtpx:hr>136</gpxtpx:hr>
          </gpxtpx:TrackPointExtension>
        </extensions>
      </trkpt>
      <trkpt lat="28.228798863087935" lon="112.90911308832725">
        <ele>60.861228715628386</ele>
        <time>2026-09-14T22:59:34.800000Z</time>
        <extensions>
          <gpxtpx:TrackPointExtension>
            <gpxtpx:hr>136</gpxtpx:hr>
          </gpxtpx:TrackPointExtension>
        </extensions>
      </trkpt>
      <trkpt lat="28.228798215285224" lon="112.9090970859699">
        <ele>60.80258275475353</ele>
        <time>2026-09-14T22:59:35.800000Z</time>
        <extensions>
          <gpxtpx:TrackPointExtension>
            <gpxtpx:hr>136</gpxtpx:hr>
          </gpxtpx:TrackPointExtension>
        </extensions>
      </trkpt>
      <trkpt lat="28.228798087823172" lon="112.90908101479096">
        <ele>60.737764357589185</ele>
        <time>2026-09-14T22:59:36.800000Z</time>
        <extensions>
          <gpxtpx:TrackPointExtension>
            <gpxtpx:hr>136</gpxtpx:hr>
          </gpxtpx:TrackPointExtension>
        </extensions>
      </trkpt>
      <trkpt lat="28.228797961605526" lon="112.90906477374537">
        <ele>60.667506808415055</ele>
        <time>2026-09-14T22:59:37.800000Z</time>
        <extensions>
          <gpxtpx:TrackPointExtension>
            <gpxtpx:hr>136</gpxtpx:hr>
          </gpxtpx:TrackPointExtension>
        </extensions>
      </trkpt>
      <trkpt lat="28.228797713043566" lon="112.90904843625876">
        <ele>60.59260191489011</ele>
        <time>2026-09-14T22:59:38.800000Z</time>
        <extensions>
          <gpxtpx:TrackPointExtension>
            <gpxtpx:hr>136</gpxtpx:hr>
          </gpxtpx:TrackPointExtension>
        </extensions>
      </trkpt>
      <trkpt lat="28.228797302843144" lon="112.90903220735291">
        <ele>60.513808423653245</ele>
        <time>2026-09-14T22:59:39.700000Z</time>
        <extensions>
          <gpxtpx:TrackPointExtension>
            <gpxtpx:hr>136</gpxtpx:hr>
          </gpxtpx:TrackPointExtension>
        </extensions>
      </trkpt>
      <trkpt lat="28.22879655838694" lon="112.90901625567356">
        <ele>60.4320631781593</ele>
        <time>2026-09-14T22:59:40.700000Z</time>
        <extensions>
          <gpxtpx:TrackPointExtension>
            <gpxtpx:hr>136</gpxtpx:hr>
          </gpxtpx:TrackPointExtension>
        </extensions>
      </trkpt>
      <trkpt lat="28.22879537657903" lon="112.9090006011594">
        <ele>60.34880009107292</ele>
        <time>2026-09-14T22:59:41.700000Z</time>
        <extensions>
          <gpxtpx:TrackPointExtension>
            <gpxtpx:hr>136</gpxtpx:hr>
          </gpxtpx:TrackPointExtension>
        </extensions>
      </trkpt>
      <trkpt lat="28.228793671410543" lon="112.90898524495567">
        <ele>60.266221712343395</ele>
        <time>2026-09-14T22:59:42.700000Z</time>
        <extensions>
          <gpxtpx:TrackPointExtension>
            <gpxtpx:hr>136</gpxtpx:hr>
          </gpxtpx:TrackPointExtension>
        </extensions>
      </trkpt>
      <trkpt lat="28.228791018864893" lon="112.9089704429262">
        <ele>60.18755897972733</ele>
        <time>2026-09-14T22:59:43.700000Z</time>
        <extensions>
          <gpxtpx:TrackPointExtension>
            <gpxtpx:hr>136</gpxtpx:hr>
          </gpxtpx:TrackPointExtension>
        </extensions>
      </trkpt>
      <trkpt lat="28.228783707396175" lon="112.9089513621706">
        <ele>60.09740458801389</ele>
        <time>2026-09-14T22:59:45.200000Z</time>
        <extensions>
          <gpxtpx:TrackPointExtension>
            <gpxtpx:hr>137</gpxtpx:hr>
          </gpxtpx:TrackPointExtension>
        </extensions>
      </trkpt>
      <trkpt lat="28.228777689867975" lon="112.90894100922472">
        <ele>60.063725718297064</ele>
        <time>2026-09-14T22:59:46.200000Z</time>
        <extensions>
          <gpxtpx:TrackPointExtension>
            <gpxtpx:hr>137</gpxtpx:hr>
          </gpxtpx:TrackPointExtension>
        </extensions>
      </trkpt>
      <trkpt lat="28.228773156776345" lon="112.90893121357087">
        <ele>60.05175112839788</ele>
        <time>2026-09-14T22:59:47.200000Z</time>
        <extensions>
          <gpxtpx:TrackPointExtension>
            <gpxtpx:hr>137</gpxtpx:hr>
          </gpxtpx:TrackPointExtension>
        </extensions>
      </trkpt>
      <trkpt lat="28.22876977840044" lon="112.90892084967933">
        <ele>60.060706013813615</ele>
        <time>2026-09-14T22:59:48.200000Z</time>
        <extensions>
          <gpxtpx:TrackPointExtension>
            <gpxtpx:hr>137</gpxtpx:hr>
          </gpxtpx:TrackPointExtension>
        </extensions>
      </trkpt>
      <trkpt lat="28.228765960574474" lon="112.90890968978749">
        <ele>60.08805493358523</ele>
        <time>2026-09-14T22:59:49.200000Z</time>
        <extensions>
          <gpxtpx:TrackPointExtension>
            <gpxtpx:hr>136</gpxtpx:hr>
          </gpxtpx:TrackPointExtension>
        </extensions>
      </trkpt>
      <trkpt lat="28.228761455373693" lon="112.90889750712167">
        <ele>60.13039201870561</ele>
        <time>2026-09-14T22:59:50.200000Z</time>
        <extensions>
          <gpxtpx:TrackPointExtension>
            <gpxtpx:hr>136</gpxtpx:hr>
          </gpxtpx:TrackPointExtension>
        </extensions>
      </trkpt>
      <trkpt lat="28.228757148422083" lon="112.90887594537125">
        <ele>60.21408789884299</ele>
        <time>2026-09-14T22:59:51.700000Z</time>
        <extensions>
          <gpxtpx:TrackPointExtension>
            <gpxtpx:hr>136</gpxtpx:hr>
          </gpxtpx:TrackPointExtension>
        </extensions>
      </trkpt>
      <trkpt lat="28.228756539913174" lon="112.90885941574973">
        <ele>60.2780865970999</ele>
        <time>2026-09-14T22:59:52.700000Z</time>
        <extensions>
          <gpxtpx:TrackPointExtension>
            <gpxtpx:hr>138</gpxtpx:hr>
          </gpxtpx:TrackPointExtension>
        </extensions>
      </trkpt>
      <trkpt lat="28.228756626134892" lon="112.90884232247322">
        <ele>60.341378468088806</ele>
        <time>2026-09-14T22:59:53.700000Z</time>
        <extensions>
          <gpxtpx:TrackPointExtension>
            <gpxtpx:hr>138</gpxtpx:hr>
          </gpxtpx:TrackPointExtension>
        </extensions>
      </trkpt>
      <trkpt lat="28.228757054967282" lon="112.90882489203983">
        <ele>60.4012731378898</ele>
        <time>2026-09-14T22:59:54.700000Z</time>
        <extensions>
          <gpxtpx:TrackPointExtension>
            <gpxtpx:hr>138</gpxtpx:hr>
          </gpxtpx:TrackPointExtension>
        </extensions>
      </trkpt>
      <trkpt lat="28.228757968473225" lon="112.90880717360317">
        <ele>60.45574770029634</ele>
        <time>2026-09-14T22:59:55.700000Z</time>
        <extensions>
          <gpxtpx:TrackPointExtension>
            <gpxtpx:hr>138</gpxtpx:hr>
          </gpxtpx:TrackPointExtension>
        </extensions>
      </trkpt>
      <trkpt lat="28.228759319582828" lon="112.90878923700342">
        <ele>60.50342112686485</ele>
        <time>2026-09-14T22:59:56.700000Z</time>
        <extensions>
          <gpxtpx:TrackPointExtension>
            <gpxtpx:hr>138</gpxtpx:hr>
          </gpxtpx:TrackPointExtension>
        </extensions>
      </trkpt>
      <trkpt lat="28.22876082001115" lon="112.90877104756636">
        <ele>60.543547701090574</ele>
        <time>2026-09-14T22:59:57.700000Z</time>
        <extensions>
          <gpxtpx:TrackPointExtension>
            <gpxtpx:hr>138</gpxtpx:hr>
          </gpxtpx:TrackPointExtension>
        </extensions>
      </trkpt>
      <trkpt lat="28.228762376178103" lon="112.90875285529712">
        <ele>60.576018263585865</ele>
        <time>2026-09-14T22:59:58.700000Z</time>
        <extensions>
          <gpxtpx:TrackPointExtension>
            <gpxtpx:hr>140</gpxtpx:hr>
          </gpxtpx:TrackPointExtension>
        </extensions>
      </trkpt>
      <trkpt lat="28.22876394011663" lon="112.90873477621975">
        <ele>60.601270800456405</ele>
        <time>2026-09-14T22:59:59.700000Z</time>
        <extensions>
          <gpxtpx:TrackPointExtension>
            <gpxtpx:hr>140</gpxtpx:hr>
          </gpxtpx:TrackPointExtension>
        </extensions>
      </trkpt>
      <trkpt lat="28.228765334597636" lon="112.90871702802784">
        <ele>60.62016334012151</ele>
        <time>2026-09-14T23:00:00.700000Z</time>
        <extensions>
          <gpxtpx:TrackPointExtension>
            <gpxtpx:hr>140</gpxtpx:hr>
          </gpxtpx:TrackPointExtension>
        </extensions>
      </trkpt>
      <trkpt lat="28.22876641204039" lon="112.90869985100065">
        <ele>60.63388172443956</ele>
        <time>2026-09-14T23:00:01.700000Z</time>
        <extensions>
          <gpxtpx:TrackPointExtension>
            <gpxtpx:hr>140</gpxtpx:hr>
          </gpxtpx:TrackPointExtension>
        </extensions>
      </trkpt>
      <trkpt lat="28.22876707166857" lon="112.9086832052036">
        <ele>60.643885703757405</ele>
        <time>2026-09-14T23:00:02.700000Z</time>
        <extensions>
          <gpxtpx:TrackPointExtension>
            <gpxtpx:hr>140</gpxtpx:hr>
          </gpxtpx:TrackPointExtension>
        </extensions>
      </trkpt>
      <trkpt lat="28.228767179980416" lon="112.90866716025309">
        <ele>60.651957327499986</ele>
        <time>2026-09-14T23:00:03.700000Z</time>
        <extensions>
          <gpxtpx:TrackPointExtension>
            <gpxtpx:hr>140</gpxtpx:hr>
          </gpxtpx:TrackPointExtension>
        </extensions>
      </trkpt>
      <trkpt lat="28.228765872202608" lon="112.90865179308823">
        <ele>60.660386313684285</ele>
        <time>2026-09-14T23:00:04.700000Z</time>
        <extensions>
          <gpxtpx:TrackPointExtension>
            <gpxtpx:hr>140</gpxtpx:hr>
          </gpxtpx:TrackPointExtension>
        </extensions>
      </trkpt>
      <trkpt lat="28.228764514281593" lon="112.90864378006873">
        <ele>60.665680448524654</ele>
        <time>2026-09-14T23:00:05.200000Z</time>
        <extensions>
          <gpxtpx:TrackPointExtension>
            <gpxtpx:hr>140</gpxtpx:hr>
          </gpxtpx:TrackPointExtension>
        </extensions>
      </trkpt>
      <trkpt lat="28.22876180985437" lon="112.90862872205066">
        <ele>60.67930267006159</ele>
        <time>2026-09-14T23:00:06.200000Z</time>
        <extensions>
          <gpxtpx:TrackPointExtension>
            <gpxtpx:hr>140</gpxtpx:hr>
          </gpxtpx:TrackPointExtension>
        </extensions>
      </trkpt>
      <trkpt lat="28.228759295122607" lon="112.90861374799408">
        <ele>60.69967319816351</ele>
        <time>2026-09-14T23:00:07.200000Z</time>
        <extensions>
          <gpxtpx:TrackPointExtension>
            <gpxtpx:hr>140</gpxtpx:hr>
          </gpxtpx:TrackPointExtension>
        </extensions>
      </trkpt>
      <trkpt lat="28.22875714880829" lon="112.90859946096985">
        <ele>60.72719308082014</ele>
        <time>2026-09-14T23:00:08.200000Z</time>
        <extensions>
          <gpxtpx:TrackPointExtension>
            <gpxtpx:hr>140</gpxtpx:hr>
          </gpxtpx:TrackPointExtension>
        </extensions>
      </trkpt>
      <trkpt lat="28.22875520576038" lon="112.9085858824771">
        <ele>60.76127241086215</ele>
        <time>2026-09-14T23:00:09.200000Z</time>
        <extensions>
          <gpxtpx:TrackPointExtension>
            <gpxtpx:hr>140</gpxtpx:hr>
          </gpxtpx:TrackPointExtension>
        </extensions>
      </trkpt>
      <trkpt lat="28.228753281828354" lon="112.90857284870329">
        <ele>60.80047818925232</ele>
        <time>2026-09-14T23:00:10.200000Z</time>
        <extensions>
          <gpxtpx:TrackPointExtension>
            <gpxtpx:hr>140</gpxtpx:hr>
          </gpxtpx:TrackPointExtension>
        </extensions>
      </trkpt>
      <trkpt lat="28.22875125821409" lon="112.90856015203258">
        <ele>60.842595354653895</ele>
        <time>2026-09-14T23:00:11.200000Z</time>
        <extensions>
          <gpxtpx:TrackPointExtension>
            <gpxtpx:hr>140</gpxtpx:hr>
          </gpxtpx:TrackPointExtension>
        </extensions>
      </trkpt>
      <trkpt lat="28.228749321515416" lon="112.90854755829348">
        <ele>60.88495028205216</ele>
        <time>2026-09-14T23:00:12.200000Z</time>
        <extensions>
          <gpxtpx:TrackPointExtension>
            <gpxtpx:hr>140</gpxtpx:hr>
          </gpxtpx:TrackPointExtension>
        </extensions>
      </trkpt>
      <trkpt lat="28.228748661194604" lon="112.90853489807483">
        <ele>60.925080416724086</ele>
        <time>2026-09-14T23:00:13.200000Z</time>
        <extensions>
          <gpxtpx:TrackPointExtension>
            <gpxtpx:hr>140</gpxtpx:hr>
          </gpxtpx:TrackPointExtension>
        </extensions>
      </trkpt>
      <trkpt lat="28.228749652124463" lon="112.90852225620912">
        <ele>60.96138313040137</ele>
        <time>2026-09-14T23:00:14.200000Z</time>
        <extensions>
          <gpxtpx:TrackPointExtension>
            <gpxtpx:hr>140</gpxtpx:hr>
          </gpxtpx:TrackPointExtension>
        </extensions>
      </trkpt>
      <trkpt lat="28.228751423254145" lon="112.9085097393769">
        <ele>60.993463897146285</ele>
        <time>2026-09-14T23:00:15.200000Z</time>
        <extensions>
          <gpxtpx:TrackPointExtension>
            <gpxtpx:hr>140</gpxtpx:hr>
          </gpxtpx:TrackPointExtension>
        </extensions>
      </trkpt>
      <trkpt lat="28.228753441520443" lon="112.90849709521437">
        <ele>61.02230525203049</ele>
        <time>2026-09-14T23:00:16.200000Z</time>
        <extensions>
          <gpxtpx:TrackPointExtension>
            <gpxtpx:hr>140</gpxtpx:hr>
          </gpxtpx:TrackPointExtension>
        </extensions>
      </trkpt>
      <trkpt lat="28.228755650037666" lon="112.90848415816481">
        <ele>61.04998186044395</ele>
        <time>2026-09-14T23:00:17.200000Z</time>
        <extensions>
          <gpxtpx:TrackPointExtension>
            <gpxtpx:hr>140</gpxtpx:hr>
          </gpxtpx:TrackPointExtension>
        </extensions>
      </trkpt>
      <trkpt lat="28.228757990144537" lon="112.90847116193689">
        <ele>61.0788348633796</ele>
        <time>2026-09-14T23:00:18.200000Z</time>
        <extensions>
          <gpxtpx:TrackPointExtension>
            <gpxtpx:hr>137</gpxtpx:hr>
          </gpxtpx:TrackPointExtension>
        </extensions>
      </trkpt>
      <trkpt lat="28.228760008314914" lon="112.90845836922969">
        <ele>61.11061349604279</ele>
        <time>2026-09-14T23:00:19.200000Z</time>
        <extensions>
          <gpxtpx:TrackPointExtension>
            <gpxtpx:hr>137</gpxtpx:hr>
          </gpxtpx:TrackPointExtension>
        </extensions>
      </trkpt>
      <trkpt lat="28.228761511650806" lon="112.9084459103779">
        <ele>61.145996982231736</ele>
        <time>2026-09-14T23:00:20.200000Z</time>
        <extensions>
          <gpxtpx:TrackPointExtension>
            <gpxtpx:hr>137</gpxtpx:hr>
          </gpxtpx:TrackPointExtension>
        </extensions>
      </trkpt>
      <trkpt lat="28.228762716207886" lon="112.90843399849457">
        <ele>61.18442760873586</ele>
        <time>2026-09-14T23:00:21.200000Z</time>
        <extensions>
          <gpxtpx:TrackPointExtension>
            <gpxtpx:hr>137</gpxtpx:hr>
          </gpxtpx:TrackPointExtension>
        </extensions>
      </trkpt>
      <trkpt lat="28.228764180228495" lon="112.90842253821783">
        <ele>61.22429697215557</ele>
        <time>2026-09-14T23:00:22.200000Z</time>
        <extensions>
          <gpxtpx:TrackPointExtension>
            <gpxtpx:hr>137</gpxtpx:hr>
          </gpxtpx:TrackPointExtension>
        </extensions>
      </trkpt>
      <trkpt lat="28.228766285682568" lon="112.90841107786284">
        <ele>61.263831668533385</ele>
        <time>2026-09-14T23:00:23.200000Z</time>
        <extensions>
          <gpxtpx:TrackPointExtension>
            <gpxtpx:hr>136</gpxtpx:hr>
          </gpxtpx:TrackPointExtension>
        </extensions>
      </trkpt>
      <trkpt lat="28.228768954352805" lon="112.9083992930764">
        <ele>61.301925727166235</ele>
        <time>2026-09-14T23:00:24.200000Z</time>
        <extensions>
          <gpxtpx:TrackPointExtension>
            <gpxtpx:hr>136</gpxtpx:hr>
          </gpxtpx:TrackPointExtension>
        </extensions>
      </trkpt>
      <trkpt lat="28.228771928506855" lon="112.90838720605785">
        <ele>61.338409351184964</ele>
        <time>2026-09-14T23:00:25.200000Z</time>
        <extensions>
          <gpxtpx:TrackPointExtension>
            <gpxtpx:hr>136</gpxtpx:hr>
          </gpxtpx:TrackPointExtension>
        </extensions>
      </trkpt>
      <trkpt lat="28.228774727675585" lon="112.90837517340277">
        <ele>61.374039992690086</ele>
        <time>2026-09-14T23:00:26.200000Z</time>
        <extensions>
          <gpxtpx:TrackPointExtension>
            <gpxtpx:hr>136</gpxtpx:hr>
          </gpxtpx:TrackPointExtension>
        </extensions>
      </trkpt>
      <trkpt lat="28.228776944597495" lon="112.90836339042548">
        <ele>61.41026700939983</ele>
        <time>2026-09-14T23:00:27.200000Z</time>
        <extensions>
          <gpxtpx:TrackPointExtension>
            <gpxtpx:hr>132</gpxtpx:hr>
          </gpxtpx:TrackPointExtension>
        </extensions>
      </trkpt>
      <trkpt lat="28.228778526772103" lon="112.90835162554154">
        <ele>61.448769808746874</ele>
        <time>2026-09-14T23:00:28.200000Z</time>
        <extensions>
          <gpxtpx:TrackPointExtension>
            <gpxtpx:hr>132</gpxtpx:hr>
          </gpxtpx:TrackPointExtension>
        </extensions>
      </trkpt>
      <trkpt lat="28.228779432097813" lon="112.9083398556912">
        <ele>61.490937494672835</ele>
        <time>2026-09-14T23:00:29.200000Z</time>
        <extensions>
          <gpxtpx:TrackPointExtension>
            <gpxtpx:hr>132</gpxtpx:hr>
          </gpxtpx:TrackPointExtension>
        </extensions>
      </trkpt>
      <trkpt lat="28.228779358479652" lon="112.90832834001571">
        <ele>61.53741888329387</ele>
        <time>2026-09-14T23:00:30.200000Z</time>
        <extensions>
          <gpxtpx:TrackPointExtension>
            <gpxtpx:hr>132</gpxtpx:hr>
          </gpxtpx:TrackPointExtension>
        </extensions>
      </trkpt>
      <trkpt lat="28.228779155506714" lon="112.90831144084534">
        <ele>61.60935099422932</ele>
        <time>2026-09-14T23:00:31.600000Z</time>
        <extensions>
          <gpxtpx:TrackPointExtension>
            <gpxtpx:hr>132</gpxtpx:hr>
          </gpxtpx:TrackPointExtension>
        </extensions>
      </trkpt>
      <trkpt lat="28.228779756572315" lon="112.9082982675875">
        <ele>61.661613427102566</ele>
        <time>2026-09-14T23:00:32.600000Z</time>
        <extensions>
          <gpxtpx:TrackPointExtension>
            <gpxtpx:hr>132</gpxtpx:hr>
          </gpxtpx:TrackPointExtension>
        </extensions>
      </trkpt>
      <trkpt lat="28.22878072874702" lon="112.90828459531521">
        <ele>61.712872540578246</ele>
        <time>2026-09-14T23:00:33.600000Z</time>
        <extensions>
          <gpxtpx:TrackPointExtension>
            <gpxtpx:hr>132</gpxtpx:hr>
          </gpxtpx:TrackPointExtension>
        </extensions>
      </trkpt>
      <trkpt lat="28.228782039032495" lon="112.90827123431266">
        <ele>61.76197176706046</ele>
        <time>2026-09-14T23:00:34.600000Z</time>
        <extensions>
          <gpxtpx:TrackPointExtension>
            <gpxtpx:hr>129</gpxtpx:hr>
          </gpxtpx:TrackPointExtension>
        </extensions>
      </trkpt>
      <trkpt lat="28.228783790022614" lon="112.90825845788976">
        <ele>61.808639880269766</ele>
        <time>2026-09-14T23:00:35.600000Z</time>
        <extensions>
          <gpxtpx:TrackPointExtension>
            <gpxtpx:hr>129</gpxtpx:hr>
          </gpxtpx:TrackPointExtension>
        </extensions>
      </trkpt>
      <trkpt lat="28.228785948755572" lon="112.9082455398841">
        <ele>61.85284396633506</ele>
        <time>2026-09-14T23:00:36.600000Z</time>
        <extensions>
          <gpxtpx:TrackPointExtension>
            <gpxtpx:hr>129</gpxtpx:hr>
          </gpxtpx:TrackPointExtension>
        </extensions>
      </trkpt>
      <trkpt lat="28.228788306025507" lon="112.9082317148633">
        <ele>61.894311853684485</ele>
        <time>2026-09-14T23:00:37.600000Z</time>
        <extensions>
          <gpxtpx:TrackPointExtension>
            <gpxtpx:hr>129</gpxtpx:hr>
          </gpxtpx:TrackPointExtension>
        </extensions>
      </trkpt>
      <trkpt lat="28.22879052635008" lon="112.90821719684669">
        <ele>61.93293144274503</ele>
        <time>2026-09-14T23:00:38.600000Z</time>
        <extensions>
          <gpxtpx:TrackPointExtension>
            <gpxtpx:hr>129</gpxtpx:hr>
          </gpxtpx:TrackPointExtension>
        </extensions>
      </trkpt>
      <trkpt lat="28.228792450491216" lon="112.90820227073496">
        <ele>61.968308893963695</ele>
        <time>2026-09-14T23:00:39.600000Z</time>
        <extensions>
          <gpxtpx:TrackPointExtension>
            <gpxtpx:hr>130</gpxtpx:hr>
          </gpxtpx:TrackPointExtension>
        </extensions>
      </trkpt>
      <trkpt lat="28.228794228029614" lon="112.90818707586794">
        <ele>62.001058836467564</ele>
        <time>2026-09-14T23:00:40.600000Z</time>
        <extensions>
          <gpxtpx:TrackPointExtension>
            <gpxtpx:hr>130</gpxtpx:hr>
          </gpxtpx:TrackPointExtension>
        </extensions>
      </trkpt>
      <trkpt lat="28.22879598193627" lon="112.90817177632698">
        <ele>62.029831373132765</ele>
        <time>2026-09-14T23:00:41.600000Z</time>
        <extensions>
          <gpxtpx:TrackPointExtension>
            <gpxtpx:hr>130</gpxtpx:hr>
          </gpxtpx:TrackPointExtension>
        </extensions>
      </trkpt>
      <trkpt lat="28.228797800764497" lon="112.90815645106039">
        <ele>62.054133790545166</ele>
        <time>2026-09-14T23:00:42.600000Z</time>
        <extensions>
          <gpxtpx:TrackPointExtension>
            <gpxtpx:hr>130</gpxtpx:hr>
          </gpxtpx:TrackPointExtension>
        </extensions>
      </trkpt>
      <trkpt lat="28.22879961406568" lon="112.9081410044482">
        <ele>62.07457037176937</ele>
        <time>2026-09-14T23:00:43.600000Z</time>
        <extensions>
          <gpxtpx:TrackPointExtension>
            <gpxtpx:hr>132</gpxtpx:hr>
          </gpxtpx:TrackPointExtension>
        </extensions>
      </trkpt>
      <trkpt lat="28.22880127507827" lon="112.90812533239851">
        <ele>62.08982376381755</ele>
        <time>2026-09-14T23:00:44.600000Z</time>
        <extensions>
          <gpxtpx:TrackPointExtension>
            <gpxtpx:hr>132</gpxtpx:hr>
          </gpxtpx:TrackPointExtension>
        </extensions>
      </trkpt>
      <trkpt lat="28.22880253153683" lon="112.90810956523048">
        <ele>62.10044293664396</ele>
        <time>2026-09-14T23:00:45.600000Z</time>
        <extensions>
          <gpxtpx:TrackPointExtension>
            <gpxtpx:hr>132</gpxtpx:hr>
          </gpxtpx:TrackPointExtension>
        </extensions>
      </trkpt>
      <trkpt lat="28.22880278082946" lon="112.90809393725974">
        <ele>62.10624656546861</ele>
        <time>2026-09-14T23:00:46.600000Z</time>
        <extensions>
          <gpxtpx:TrackPointExtension>
            <gpxtpx:hr>132</gpxtpx:hr>
          </gpxtpx:TrackPointExtension>
        </extensions>
      </trkpt>
      <trkpt lat="28.22880210979915" lon="112.90807847573613">
        <ele>62.107522958889604</ele>
        <time>2026-09-14T23:00:47.600000Z</time>
        <extensions>
          <gpxtpx:TrackPointExtension>
            <gpxtpx:hr>132</gpxtpx:hr>
          </gpxtpx:TrackPointExtension>
        </extensions>
      </trkpt>
      <trkpt lat="28.22880087567156" lon="112.90806324165754">
        <ele>62.103454916737974</ele>
        <time>2026-09-14T23:00:48.600000Z</time>
        <extensions>
          <gpxtpx:TrackPointExtension>
            <gpxtpx:hr>132</gpxtpx:hr>
          </gpxtpx:TrackPointExtension>
        </extensions>
      </trkpt>
      <trkpt lat="28.228799759301275" lon="112.90804811826847">
        <ele>62.094780144281685</ele>
        <time>2026-09-14T23:00:49.600000Z</time>
        <extensions>
          <gpxtpx:TrackPointExtension>
            <gpxtpx:hr>132</gpxtpx:hr>
          </gpxtpx:TrackPointExtension>
        </extensions>
      </trkpt>
      <trkpt lat="28.22879900192111" lon="112.908032766453">
        <ele>62.081932672299445</ele>
        <time>2026-09-14T23:00:50.600000Z</time>
        <extensions>
          <gpxtpx:TrackPointExtension>
            <gpxtpx:hr>132</gpxtpx:hr>
          </gpxtpx:TrackPointExtension>
        </extensions>
      </trkpt>
      <trkpt lat="28.22879800038963" lon="112.90801717864764">
        <ele>62.06476642563939</ele>
        <time>2026-09-14T23:00:51.600000Z</time>
        <extensions>
          <gpxtpx:TrackPointExtension>
            <gpxtpx:hr>132</gpxtpx:hr>
          </gpxtpx:TrackPointExtension>
        </extensions>
      </trkpt>
      <trkpt lat="28.22879663921812" lon="112.9080017314614">
        <ele>62.044589068740606</ele>
        <time>2026-09-14T23:00:52.600000Z</time>
        <extensions>
          <gpxtpx:TrackPointExtension>
            <gpxtpx:hr>131</gpxtpx:hr>
          </gpxtpx:TrackPointExtension>
        </extensions>
      </trkpt>
      <trkpt lat="28.228794415369283" lon="112.90798674701247">
        <ele>62.02232219558209</ele>
        <time>2026-09-14T23:00:53.600000Z</time>
        <extensions>
          <gpxtpx:TrackPointExtension>
            <gpxtpx:hr>131</gpxtpx:hr>
          </gpxtpx:TrackPointExtension>
        </extensions>
      </trkpt>
      <trkpt lat="28.228790774214964" lon="112.9079723711659">
        <ele>61.99942941311747</ele>
        <time>2026-09-14T23:00:54.600000Z</time>
        <extensions>
          <gpxtpx:TrackPointExtension>
            <gpxtpx:hr>131</gpxtpx:hr>
          </gpxtpx:TrackPointExtension>
        </extensions>
      </trkpt>
      <trkpt lat="28.228786093777085" lon="112.90795809558658">
        <ele>61.97702030465007</ele>
        <time>2026-09-14T23:00:55.600000Z</time>
        <extensions>
          <gpxtpx:TrackPointExtension>
            <gpxtpx:hr>131</gpxtpx:hr>
          </gpxtpx:TrackPointExtension>
        </extensions>
      </trkpt>
      <trkpt lat="28.228781496381185" lon="112.90794318978865">
        <ele>61.956107393838465</ele>
        <time>2026-09-14T23:00:56.600000Z</time>
        <extensions>
          <gpxtpx:TrackPointExtension>
            <gpxtpx:hr>131</gpxtpx:hr>
          </gpxtpx:TrackPointExtension>
        </extensions>
      </trkpt>
      <trkpt lat="28.228777526069955" lon="112.90792816329814">
        <ele>61.93802319653332</ele>
        <time>2026-09-14T23:00:57.600000Z</time>
        <extensions>
          <gpxtpx:TrackPointExtension>
            <gpxtpx:hr>131</gpxtpx:hr>
          </gpxtpx:TrackPointExtension>
        </extensions>
      </trkpt>
      <trkpt lat="28.228773651853015" lon="112.90791364220347">
        <ele>61.92291097063571</ele>
        <time>2026-09-14T23:00:58.600000Z</time>
        <extensions>
          <gpxtpx:TrackPointExtension>
            <gpxtpx:hr>131</gpxtpx:hr>
          </gpxtpx:TrackPointExtension>
        </extensions>
      </trkpt>
      <trkpt lat="28.228769625225496" lon="112.90789914735883">
        <ele>61.909998702816665</ele>
        <time>2026-09-14T23:00:59.600000Z</time>
        <extensions>
          <gpxtpx:TrackPointExtension>
            <gpxtpx:hr>131</gpxtpx:hr>
          </gpxtpx:TrackPointExtension>
        </extensions>
      </trkpt>
      <trkpt lat="28.2287656170125" lon="112.90788387465658">
        <ele>61.898723664693534</ele>
        <time>2026-09-14T23:01:00.600000Z</time>
        <extensions>
          <gpxtpx:TrackPointExtension>
            <gpxtpx:hr>131</gpxtpx:hr>
          </gpxtpx:TrackPointExtension>
        </extensions>
      </trkpt>
      <trkpt lat="28.228761636984196" lon="112.90786753627906">
        <ele>61.88144878484309</ele>
        <time>2026-09-14T23:01:01.600000Z</time>
        <extensions>
          <gpxtpx:TrackPointExtension>
            <gpxtpx:hr>131</gpxtpx:hr>
          </gpxtpx:TrackPointExtension>
        </extensions>
      </trkpt>
      <trkpt lat="28.228757774160744" lon="112.90785045064331">
        <ele>61.868281312286854</ele>
        <time>2026-09-14T23:01:02.600000Z</time>
        <extensions>
          <gpxtpx:TrackPointExtension>
            <gpxtpx:hr>128</gpxtpx:hr>
          </gpxtpx:TrackPointExtension>
        </extensions>
      </trkpt>
      <trkpt lat="28.22875406415279" lon="112.90783278748088">
        <ele>61.853361460380256</ele>
        <time>2026-09-14T23:01:03.600000Z</time>
        <extensions>
          <gpxtpx:TrackPointExtension>
            <gpxtpx:hr>128</gpxtpx:hr>
          </gpxtpx:TrackPointExtension>
        </extensions>
      </trkpt>
      <trkpt lat="28.228750488865035" lon="112.90781446439748">
        <ele>61.836227308027446</ele>
        <time>2026-09-14T23:01:04.600000Z</time>
        <extensions>
          <gpxtpx:TrackPointExtension>
            <gpxtpx:hr>128</gpxtpx:hr>
          </gpxtpx:TrackPointExtension>
        </extensions>
      </trkpt>
      <trkpt lat="28.22874723710828" lon="112.90779582038533">
        <ele>61.816766537725925</ele>
        <time>2026-09-14T23:01:05.600000Z</time>
        <extensions>
          <gpxtpx:TrackPointExtension>
            <gpxtpx:hr>128</gpxtpx:hr>
          </gpxtpx:TrackPointExtension>
        </extensions>
      </trkpt>
      <trkpt lat="28.228744540566588" lon="112.90777714039531">
        <ele>61.79510395694524</ele>
        <time>2026-09-14T23:01:06.600000Z</time>
        <extensions>
          <gpxtpx:TrackPointExtension>
            <gpxtpx:hr>128</gpxtpx:hr>
          </gpxtpx:TrackPointExtension>
        </extensions>
      </trkpt>
      <trkpt lat="28.228742493749667" lon="112.90775836013489">
        <ele>61.7714760620147</ele>
        <time>2026-09-14T23:01:07.600000Z</time>
        <extensions>
          <gpxtpx:TrackPointExtension>
            <gpxtpx:hr>128</gpxtpx:hr>
          </gpxtpx:TrackPointExtension>
        </extensions>
      </trkpt>
      <trkpt lat="28.228741034429312" lon="112.9077395670724">
        <ele>61.74618855584413</ele>
        <time>2026-09-14T23:01:08.600000Z</time>
        <extensions>
          <gpxtpx:TrackPointExtension>
            <gpxtpx:hr>128</gpxtpx:hr>
          </gpxtpx:TrackPointExtension>
        </extensions>
      </trkpt>
      <trkpt lat="28.228740009922937" lon="112.90772089780678">
        <ele>61.71961660776287</ele>
        <time>2026-09-14T23:01:09.600000Z</time>
        <extensions>
          <gpxtpx:TrackPointExtension>
            <gpxtpx:hr>129</gpxtpx:hr>
          </gpxtpx:TrackPointExtension>
        </extensions>
      </trkpt>
      <trkpt lat="28.2287394891015" lon="112.9077025037031">
        <ele>61.69208701327443</ele>
        <time>2026-09-14T23:01:10.600000Z</time>
        <extensions>
          <gpxtpx:TrackPointExtension>
            <gpxtpx:hr>129</gpxtpx:hr>
          </gpxtpx:TrackPointExtension>
        </extensions>
      </trkpt>
      <trkpt lat="28.228739740069102" lon="112.90768447451643">
        <ele>61.66386693716049</ele>
        <time>2026-09-14T23:01:11.600000Z</time>
        <extensions>
          <gpxtpx:TrackPointExtension>
            <gpxtpx:hr>129</gpxtpx:hr>
          </gpxtpx:TrackPointExtension>
        </extensions>
      </trkpt>
      <trkpt lat="28.22874083168156" lon="112.907666773293">
        <ele>61.63515783753246</ele>
        <time>2026-09-14T23:01:12.600000Z</time>
        <extensions>
          <gpxtpx:TrackPointExtension>
            <gpxtpx:hr>129</gpxtpx:hr>
          </gpxtpx:TrackPointExtension>
        </extensions>
      </trkpt>
      <trkpt lat="28.228742752049488" lon="112.90764940785881">
        <ele>61.6061357120052</ele>
        <time>2026-09-14T23:01:13.600000Z</time>
        <extensions>
          <gpxtpx:TrackPointExtension>
            <gpxtpx:hr>129</gpxtpx:hr>
          </gpxtpx:TrackPointExtension>
        </extensions>
      </trkpt>
      <trkpt lat="28.22874545504238" lon="112.90763236349767">
        <ele>61.57708670385182</ele>
        <time>2026-09-14T23:01:14.600000Z</time>
        <extensions>
          <gpxtpx:TrackPointExtension>
            <gpxtpx:hr>129</gpxtpx:hr>
          </gpxtpx:TrackPointExtension>
        </extensions>
      </trkpt>
      <trkpt lat="28.228748645297117" lon="112.90761542929667">
        <ele>61.5483333626762</ele>
        <time>2026-09-14T23:01:15.600000Z</time>
        <extensions>
          <gpxtpx:TrackPointExtension>
            <gpxtpx:hr>128</gpxtpx:hr>
          </gpxtpx:TrackPointExtension>
        </extensions>
      </trkpt>
      <trkpt lat="28.228751931168325" lon="112.90759848382959">
        <ele>61.52021553274244</ele>
        <time>2026-09-14T23:01:16.600000Z</time>
        <extensions>
          <gpxtpx:TrackPointExtension>
            <gpxtpx:hr>128</gpxtpx:hr>
          </gpxtpx:TrackPointExtension>
        </extensions>
      </trkpt>
      <trkpt lat="28.228754984348843" lon="112.90758175804363">
        <ele>61.4928271798417</ele>
        <time>2026-09-14T23:01:17.600000Z</time>
        <extensions>
          <gpxtpx:TrackPointExtension>
            <gpxtpx:hr>128</gpxtpx:hr>
          </gpxtpx:TrackPointExtension>
        </extensions>
      </trkpt>
      <trkpt lat="28.22875763451632" lon="112.90756519046882">
        <ele>61.46633357740939</ele>
        <time>2026-09-14T23:01:18.600000Z</time>
        <extensions>
          <gpxtpx:TrackPointExtension>
            <gpxtpx:hr>128</gpxtpx:hr>
          </gpxtpx:TrackPointExtension>
        </extensions>
      </trkpt>
      <trkpt lat="28.22875968024659" lon="112.90754858050853">
        <ele>61.44085446000099</ele>
        <time>2026-09-14T23:01:19.600000Z</time>
        <extensions>
          <gpxtpx:TrackPointExtension>
            <gpxtpx:hr>129</gpxtpx:hr>
          </gpxtpx:TrackPointExtension>
        </extensions>
      </trkpt>
      <trkpt lat="28.22876139812321" lon="112.90753207283578">
        <ele>61.416807915084064</ele>
        <time>2026-09-14T23:01:20.600000Z</time>
        <extensions>
          <gpxtpx:TrackPointExtension>
            <gpxtpx:hr>129</gpxtpx:hr>
          </gpxtpx:TrackPointExtension>
        </extensions>
      </trkpt>
      <trkpt lat="28.22876323497719" lon="112.90751584817926">
        <ele>61.39470622129738</ele>
        <time>2026-09-14T23:01:21.600000Z</time>
        <extensions>
          <gpxtpx:TrackPointExtension>
            <gpxtpx:hr>129</gpxtpx:hr>
          </gpxtpx:TrackPointExtension>
        </extensions>
      </trkpt>
      <trkpt lat="28.228765286270654" lon="112.90749991090625">
        <ele>61.375119854696095</ele>
        <time>2026-09-14T23:01:22.600000Z</time>
        <extensions>
          <gpxtpx:TrackPointExtension>
            <gpxtpx:hr>129</gpxtpx:hr>
          </gpxtpx:TrackPointExtension>
        </extensions>
      </trkpt>
      <trkpt lat="28.228767692458895" lon="112.90748420561845">
        <ele>61.358668201602995</ele>
        <time>2026-09-14T23:01:23.600000Z</time>
        <extensions>
          <gpxtpx:TrackPointExtension>
            <gpxtpx:hr>128</gpxtpx:hr>
          </gpxtpx:TrackPointExtension>
        </extensions>
      </trkpt>
      <trkpt lat="28.22877072253888" lon="112.90746873665088">
        <ele>61.34576898999512</ele>
        <time>2026-09-14T23:01:24.500000Z</time>
        <extensions>
          <gpxtpx:TrackPointExtension>
            <gpxtpx:hr>128</gpxtpx:hr>
          </gpxtpx:TrackPointExtension>
        </extensions>
      </trkpt>
      <trkpt lat="28.228774705274294" lon="112.9074538120117">
        <ele>61.33661631308496</ele>
        <time>2026-09-14T23:01:25.500000Z</time>
        <extensions>
          <gpxtpx:TrackPointExtension>
            <gpxtpx:hr>128</gpxtpx:hr>
          </gpxtpx:TrackPointExtension>
        </extensions>
      </trkpt>
      <trkpt lat="28.22878005391124" lon="112.90744002213088">
        <ele>61.33106878120452</ele>
        <time>2026-09-14T23:01:26.500000Z</time>
        <extensions>
          <gpxtpx:TrackPointExtension>
            <gpxtpx:hr>128</gpxtpx:hr>
          </gpxtpx:TrackPointExtension>
        </extensions>
      </trkpt>
      <trkpt lat="28.22878641618097" lon="112.90742730732667">
        <ele>61.328536379151046</ele>
        <time>2026-09-14T23:01:27.500000Z</time>
        <extensions>
          <gpxtpx:TrackPointExtension>
            <gpxtpx:hr>129</gpxtpx:hr>
          </gpxtpx:TrackPointExtension>
        </extensions>
      </trkpt>
      <trkpt lat="28.22879239596695" lon="112.90741465659318">
        <ele>61.3282805448398</ele>
        <time>2026-09-14T23:01:28.500000Z</time>
        <extensions>
          <gpxtpx:TrackPointExtension>
            <gpxtpx:hr>129</gpxtpx:hr>
          </gpxtpx:TrackPointExtension>
        </extensions>
      </trkpt>
      <trkpt lat="28.228796770770508" lon="112.90740134833621">
        <ele>61.32916590478271</ele>
        <time>2026-09-14T23:01:29.500000Z</time>
        <extensions>
          <gpxtpx:TrackPointExtension>
            <gpxtpx:hr>129</gpxtpx:hr>
          </gpxtpx:TrackPointExtension>
        </extensions>
      </trkpt>
      <trkpt lat="28.228799599530912" lon="112.90738748739645">
        <ele>61.32997309882194</ele>
        <time>2026-09-14T23:01:30.500000Z</time>
        <extensions>
          <gpxtpx:TrackPointExtension>
            <gpxtpx:hr>129</gpxtpx:hr>
          </gpxtpx:TrackPointExtension>
        </extensions>
      </trkpt>
      <trkpt lat="28.228801718302776" lon="112.9073733038535">
        <ele>61.32951725739986</ele>
        <time>2026-09-14T23:01:31.500000Z</time>
        <extensions>
          <gpxtpx:TrackPointExtension>
            <gpxtpx:hr>129</gpxtpx:hr>
          </gpxtpx:TrackPointExtension>
        </extensions>
      </trkpt>
      <trkpt lat="28.228803555400585" lon="112.90735877746582">
        <ele>61.326869365759194</ele>
        <time>2026-09-14T23:01:32.500000Z</time>
        <extensions>
          <gpxtpx:TrackPointExtension>
            <gpxtpx:hr>131</gpxtpx:hr>
          </gpxtpx:TrackPointExtension>
        </extensions>
      </trkpt>
      <trkpt lat="28.228805241828596" lon="112.90734354206553">
        <ele>61.32161933090538</ele>
        <time>2026-09-14T23:01:33.500000Z</time>
        <extensions>
          <gpxtpx:TrackPointExtension>
            <gpxtpx:hr>131</gpxtpx:hr>
          </gpxtpx:TrackPointExtension>
        </extensions>
      </trkpt>
      <trkpt lat="28.228806937887494" lon="112.90732740784996">
        <ele>61.31337984930724</ele>
        <time>2026-09-14T23:01:34.500000Z</time>
        <extensions>
          <gpxtpx:TrackPointExtension>
            <gpxtpx:hr>131</gpxtpx:hr>
          </gpxtpx:TrackPointExtension>
        </extensions>
      </trkpt>
      <trkpt lat="28.228808604659612" lon="112.90731046190197">
        <ele>61.30199682340026</ele>
        <time>2026-09-14T23:01:35.500000Z</time>
        <extensions>
          <gpxtpx:TrackPointExtension>
            <gpxtpx:hr>131</gpxtpx:hr>
          </gpxtpx:TrackPointExtension>
        </extensions>
      </trkpt>
      <trkpt lat="28.22880985771982" lon="112.9072927673386">
        <ele>61.287273614667356</ele>
        <time>2026-09-14T23:01:36.500000Z</time>
        <extensions>
          <gpxtpx:TrackPointExtension>
            <gpxtpx:hr>131</gpxtpx:hr>
          </gpxtpx:TrackPointExtension>
        </extensions>
      </trkpt>
      <trkpt lat="28.228810562303057" lon="112.90727472535043">
        <ele>61.26848968770355</ele>
        <time>2026-09-14T23:01:37.500000Z</time>
        <extensions>
          <gpxtpx:TrackPointExtension>
            <gpxtpx:hr>131</gpxtpx:hr>
          </gpxtpx:TrackPointExtension>
        </extensions>
      </trkpt>
      <trkpt lat="28.22881110910599" lon="112.907256807967">
        <ele>61.24477645382285</ele>
        <time>2026-09-14T23:01:38.500000Z</time>
        <extensions>
          <gpxtpx:TrackPointExtension>
            <gpxtpx:hr>131</gpxtpx:hr>
          </gpxtpx:TrackPointExtension>
        </extensions>
      </trkpt>
      <trkpt lat="28.228812025086565" lon="112.90723922121057">
        <ele>61.21538977697492</ele>
        <time>2026-09-14T23:01:39.500000Z</time>
        <extensions>
          <gpxtpx:TrackPointExtension>
            <gpxtpx:hr>131</gpxtpx:hr>
          </gpxtpx:TrackPointExtension>
        </extensions>
      </trkpt>
      <trkpt lat="28.228812899691846" lon="112.90722203286356">
        <ele>61.17916652653366</ele>
        <time>2026-09-14T23:01:40.500000Z</time>
        <extensions>
          <gpxtpx:TrackPointExtension>
            <gpxtpx:hr>131</gpxtpx:hr>
          </gpxtpx:TrackPointExtension>
        </extensions>
      </trkpt>
      <trkpt lat="28.228813147850442" lon="112.90720536032805">
        <ele>61.13548713736236</ele>
        <time>2026-09-14T23:01:41.500000Z</time>
        <extensions>
          <gpxtpx:TrackPointExtension>
            <gpxtpx:hr>131</gpxtpx:hr>
          </gpxtpx:TrackPointExtension>
        </extensions>
      </trkpt>
      <trkpt lat="28.228812703107092" lon="112.90718933201502">
        <ele>61.08388599567115</ele>
        <time>2026-09-14T23:01:42.500000Z</time>
        <extensions>
          <gpxtpx:TrackPointExtension>
            <gpxtpx:hr>131</gpxtpx:hr>
          </gpxtpx:TrackPointExtension>
        </extensions>
      </trkpt>
      <trkpt lat="28.22881133582201" lon="112.90717378936225">
        <ele>61.02419951558113</ele>
        <time>2026-09-14T23:01:43.500000Z</time>
        <extensions>
          <gpxtpx:TrackPointExtension>
            <gpxtpx:hr>128</gpxtpx:hr>
          </gpxtpx:TrackPointExtension>
        </extensions>
      </trkpt>
      <trkpt lat="28.228808889355204" lon="112.90715837489702">
        <ele>60.95718268305063</ele>
        <time>2026-09-14T23:01:44.500000Z</time>
        <extensions>
          <gpxtpx:TrackPointExtension>
            <gpxtpx:hr>128</gpxtpx:hr>
          </gpxtpx:TrackPointExtension>
        </extensions>
      </trkpt>
      <trkpt lat="28.228805412616204" lon="112.9071429233995">
        <ele>60.882969790138304</ele>
        <time>2026-09-14T23:01:45.500000Z</time>
        <extensions>
          <gpxtpx:TrackPointExtension>
            <gpxtpx:hr>128</gpxtpx:hr>
          </gpxtpx:TrackPointExtension>
        </extensions>
      </trkpt>
      <trkpt lat="28.228801227661176" lon="112.90712768954913">
        <ele>60.80272914189845</ele>
        <time>2026-09-14T23:01:46.500000Z</time>
        <extensions>
          <gpxtpx:TrackPointExtension>
            <gpxtpx:hr>128</gpxtpx:hr>
          </gpxtpx:TrackPointExtension>
        </extensions>
      </trkpt>
      <trkpt lat="28.228796918404658" lon="112.9071124795019">
        <ele>60.71723815705627</ele>
        <time>2026-09-14T23:01:47.500000Z</time>
        <extensions>
          <gpxtpx:TrackPointExtension>
            <gpxtpx:hr>128</gpxtpx:hr>
          </gpxtpx:TrackPointExtension>
        </extensions>
      </trkpt>
      <trkpt lat="28.228792775536782" lon="112.90709673643467">
        <ele>60.627256837673485</ele>
        <time>2026-09-14T23:01:48.500000Z</time>
        <extensions>
          <gpxtpx:TrackPointExtension>
            <gpxtpx:hr>128</gpxtpx:hr>
          </gpxtpx:TrackPointExtension>
        </extensions>
      </trkpt>
      <trkpt lat="28.22878905064665" lon="112.90708052265984">
        <ele>60.533005682751536</ele>
        <time>2026-09-14T23:01:49.500000Z</time>
        <extensions>
          <gpxtpx:TrackPointExtension>
            <gpxtpx:hr>128</gpxtpx:hr>
          </gpxtpx:TrackPointExtension>
        </extensions>
      </trkpt>
      <trkpt lat="28.228786839453104" lon="112.90706387018449">
        <ele>60.43438040651381</ele>
        <time>2026-09-14T23:01:50.500000Z</time>
        <extensions>
          <gpxtpx:TrackPointExtension>
            <gpxtpx:hr>128</gpxtpx:hr>
          </gpxtpx:TrackPointExtension>
        </extensions>
      </trkpt>
      <trkpt lat="28.22878617968426" lon="112.90705131678428">
        <ele>60.359163356013596</ele>
        <time>2026-09-14T23:01:51.200000Z</time>
        <extensions>
          <gpxtpx:TrackPointExtension>
            <gpxtpx:hr>128</gpxtpx:hr>
          </gpxtpx:TrackPointExtension>
        </extensions>
      </trkpt>
      <trkpt lat="28.22878459628637" lon="112.90703005169618">
        <ele>60.22567120566964</ele>
        <time>2026-09-14T23:01:52.500000Z</time>
        <extensions>
          <gpxtpx:TrackPointExtension>
            <gpxtpx:hr>128</gpxtpx:hr>
          </gpxtpx:TrackPointExtension>
        </extensions>
      </trkpt>
      <trkpt lat="28.228782446141697" lon="112.90701344957425">
        <ele>60.11368611268699</ele>
        <time>2026-09-14T23:01:53.500000Z</time>
        <extensions>
          <gpxtpx:TrackPointExtension>
            <gpxtpx:hr>127</gpxtpx:hr>
          </gpxtpx:TrackPointExtension>
        </extensions>
      </trkpt>
      <trkpt lat="28.228780701921842" lon="112.90699699412262">
        <ele>59.99771261867136</ele>
        <time>2026-09-14T23:01:54.500000Z</time>
        <extensions>
          <gpxtpx:TrackPointExtension>
            <gpxtpx:hr>127</gpxtpx:hr>
          </gpxtpx:TrackPointExtension>
        </extensions>
      </trkpt>
      <trkpt lat="28.228780465224606" lon="112.9069804654986">
        <ele>59.87742586247623</ele>
        <time>2026-09-14T23:01:55.500000Z</time>
        <extensions>
          <gpxtpx:TrackPointExtension>
            <gpxtpx:hr>127</gpxtpx:hr>
          </gpxtpx:TrackPointExtension>
        </extensions>
      </trkpt>
      <trkpt lat="28.228780941662116" lon="112.90696399111818">
        <ele>59.75175263360143</ele>
        <time>2026-09-14T23:01:56.500000Z</time>
        <extensions>
          <gpxtpx:TrackPointExtension>
            <gpxtpx:hr>127</gpxtpx:hr>
          </gpxtpx:TrackPointExtension>
        </extensions>
      </trkpt>
      <trkpt lat="28.2287811613923" lon="112.90694749608346">
        <ele>59.62119315378368</ele>
        <time>2026-09-14T23:01:57.500000Z</time>
        <extensions>
          <gpxtpx:TrackPointExtension>
            <gpxtpx:hr>127</gpxtpx:hr>
          </gpxtpx:TrackPointExtension>
        </extensions>
      </trkpt>
      <trkpt lat="28.228781065460304" lon="112.90693042531491">
        <ele>59.485323016531765</ele>
        <time>2026-09-14T23:01:58.500000Z</time>
        <extensions>
          <gpxtpx:TrackPointExtension>
            <gpxtpx:hr>126</gpxtpx:hr>
          </gpxtpx:TrackPointExtension>
        </extensions>
      </trkpt>
      <trkpt lat="28.22878086057339" lon="112.9069125425623">
        <ele>59.34372456651181</ele>
        <time>2026-09-14T23:01:59.500000Z</time>
        <extensions>
          <gpxtpx:TrackPointExtension>
            <gpxtpx:hr>126</gpxtpx:hr>
          </gpxtpx:TrackPointExtension>
        </extensions>
      </trkpt>
      <trkpt lat="28.22878059648602" lon="112.90689401345367">
        <ele>59.19630395807326</ele>
        <time>2026-09-14T23:02:00.500000Z</time>
        <extensions>
          <gpxtpx:TrackPointExtension>
            <gpxtpx:hr>126</gpxtpx:hr>
          </gpxtpx:TrackPointExtension>
        </extensions>
      </trkpt>
      <trkpt lat="28.228780282948723" lon="112.90687476167146">
        <ele>59.04307649470866</ele>
        <time>2026-09-14T23:02:01.500000Z</time>
        <extensions>
          <gpxtpx:TrackPointExtension>
            <gpxtpx:hr>126</gpxtpx:hr>
          </gpxtpx:TrackPointExtension>
        </extensions>
      </trkpt>
      <trkpt lat="28.22877993343142" lon="112.90685481539253">
        <ele>58.883168519474566</ele>
        <time>2026-09-14T23:02:02.500000Z</time>
        <extensions>
          <gpxtpx:TrackPointExtension>
            <gpxtpx:hr>126</gpxtpx:hr>
          </gpxtpx:TrackPointExtension>
        </extensions>
      </trkpt>
      <trkpt lat="28.22877926075721" lon="112.90683410586873">
        <ele>58.717224481515586</ele>
        <time>2026-09-14T23:02:03.500000Z</time>
        <extensions>
          <gpxtpx:TrackPointExtension>
            <gpxtpx:hr>128</gpxtpx:hr>
          </gpxtpx:TrackPointExtension>
        </extensions>
      </trkpt>
      <trkpt lat="28.228778279936115" lon="112.90681223793894">
        <ele>58.5440089488402</ele>
        <time>2026-09-14T23:02:04.500000Z</time>
        <extensions>
          <gpxtpx:TrackPointExtension>
            <gpxtpx:hr>128</gpxtpx:hr>
          </gpxtpx:TrackPointExtension>
        </extensions>
      </trkpt>
      <trkpt lat="28.228777393934532" lon="112.90679001376023">
        <ele>58.363245371729136</ele>
        <time>2026-09-14T23:02:05.500000Z</time>
        <extensions>
          <gpxtpx:TrackPointExtension>
            <gpxtpx:hr>128</gpxtpx:hr>
          </gpxtpx:TrackPointExtension>
        </extensions>
      </trkpt>
      <trkpt lat="28.22877672850344" lon="112.90676811787783">
        <ele>58.176475326530635</ele>
        <time>2026-09-14T23:02:06.500000Z</time>
        <extensions>
          <gpxtpx:TrackPointExtension>
            <gpxtpx:hr>128</gpxtpx:hr>
          </gpxtpx:TrackPointExtension>
        </extensions>
      </trkpt>
      <trkpt lat="28.228776156343905" lon="112.90674652960807">
        <ele>57.98391004651785</ele>
        <time>2026-09-14T23:02:07.500000Z</time>
        <extensions>
          <gpxtpx:TrackPointExtension>
            <gpxtpx:hr>128</gpxtpx:hr>
          </gpxtpx:TrackPointExtension>
        </extensions>
      </trkpt>
      <trkpt lat="28.228775592169427" lon="112.90672515513533">
        <ele>57.78580445703119</ele>
        <time>2026-09-14T23:02:08.500000Z</time>
        <extensions>
          <gpxtpx:TrackPointExtension>
            <gpxtpx:hr>128</gpxtpx:hr>
          </gpxtpx:TrackPointExtension>
        </extensions>
      </trkpt>
      <trkpt lat="28.228775215590723" lon="112.90670322989376">
        <ele>57.584267819300294</ele>
        <time>2026-09-14T23:02:09.500000Z</time>
        <extensions>
          <gpxtpx:TrackPointExtension>
            <gpxtpx:hr>128</gpxtpx:hr>
          </gpxtpx:TrackPointExtension>
        </extensions>
      </trkpt>
      <trkpt lat="28.228774864378675" lon="112.90667993266668">
        <ele>57.37997011933476</ele>
        <time>2026-09-14T23:02:10.500000Z</time>
        <extensions>
          <gpxtpx:TrackPointExtension>
            <gpxtpx:hr>128</gpxtpx:hr>
          </gpxtpx:TrackPointExtension>
        </extensions>
      </trkpt>
      <trkpt lat="28.22877437553412" lon="112.90665607950207">
        <ele>57.17492413055152</ele>
        <time>2026-09-14T23:02:11.500000Z</time>
        <extensions>
          <gpxtpx:TrackPointExtension>
            <gpxtpx:hr>128</gpxtpx:hr>
          </gpxtpx:TrackPointExtension>
        </extensions>
      </trkpt>
      <trkpt lat="28.228773671480365" lon="112.90663236948335">
        <ele>56.96976512018591</ele>
        <time>2026-09-14T23:02:12.500000Z</time>
        <extensions>
          <gpxtpx:TrackPointExtension>
            <gpxtpx:hr>128</gpxtpx:hr>
          </gpxtpx:TrackPointExtension>
        </extensions>
      </trkpt>
      <trkpt lat="28.2287725573805" lon="112.9066075315021">
        <ele>56.76519001740962</ele>
        <time>2026-09-14T23:02:13.500000Z</time>
        <extensions>
          <gpxtpx:TrackPointExtension>
            <gpxtpx:hr>128</gpxtpx:hr>
          </gpxtpx:TrackPointExtension>
        </extensions>
      </trkpt>
      <trkpt lat="28.228770871172546" lon="112.90657962131002">
        <ele>56.5629424341023</ele>
        <time>2026-09-14T23:02:14.500000Z</time>
        <extensions>
          <gpxtpx:TrackPointExtension>
            <gpxtpx:hr>128</gpxtpx:hr>
          </gpxtpx:TrackPointExtension>
        </extensions>
      </trkpt>
      <trkpt lat="28.228768930961376" lon="112.90654759177279">
        <ele>56.36290162894875</ele>
        <time>2026-09-14T23:02:15.500000Z</time>
        <extensions>
          <gpxtpx:TrackPointExtension>
            <gpxtpx:hr>130</gpxtpx:hr>
          </gpxtpx:TrackPointExtension>
        </extensions>
      </trkpt>
      <trkpt lat="28.228767219731665" lon="112.90651228102061">
        <ele>56.16633918043226</ele>
        <time>2026-09-14T23:02:16.400000Z</time>
        <extensions>
          <gpxtpx:TrackPointExtension>
            <gpxtpx:hr>130</gpxtpx:hr>
          </gpxtpx:TrackPointExtension>
        </extensions>
      </trkpt>
      <trkpt lat="28.22876571542222" lon="112.90647491937324">
        <ele>55.973324622027576</ele>
        <time>2026-09-14T23:02:17.400000Z</time>
        <extensions>
          <gpxtpx:TrackPointExtension>
            <gpxtpx:hr>130</gpxtpx:hr>
          </gpxtpx:TrackPointExtension>
        </extensions>
      </trkpt>
      <trkpt lat="28.22876423757768" lon="112.90643665697152">
        <ele>55.784027005545795</ele>
        <time>2026-09-14T23:02:18.400000Z</time>
        <extensions>
          <gpxtpx:TrackPointExtension>
            <gpxtpx:hr>130</gpxtpx:hr>
          </gpxtpx:TrackPointExtension>
        </extensions>
      </trkpt>
      <trkpt lat="28.228762645259643" lon="112.90639836080163">
        <ele>55.59889360703528</ele>
        <time>2026-09-14T23:02:19.400000Z</time>
        <extensions>
          <gpxtpx:TrackPointExtension>
            <gpxtpx:hr>130</gpxtpx:hr>
          </gpxtpx:TrackPointExtension>
        </extensions>
      </trkpt>
      <trkpt lat="28.228761135239612" lon="112.90636057493042">
        <ele>55.418039321899414</ele>
        <time>2026-09-14T23:02:20.400000Z</time>
        <extensions>
          <gpxtpx:TrackPointExtension>
            <gpxtpx:hr>130</gpxtpx:hr>
          </gpxtpx:TrackPointExtension>
        </extensions>
      </trkpt>
      <trkpt lat="28.228759674144126" lon="112.90632314154644">
        <ele>55.24090353399515</ele>
        <time>2026-09-14T23:02:21.400000Z</time>
        <extensions>
          <gpxtpx:TrackPointExtension>
            <gpxtpx:hr>132</gpxtpx:hr>
          </gpxtpx:TrackPointExtension>
        </extensions>
      </trkpt>
      <trkpt lat="28.228758036000045" lon="112.90628574688408">
        <ele>55.0681345295161</ele>
        <time>2026-09-14T23:02:22.400000Z</time>
        <extensions>
          <gpxtpx:TrackPointExtension>
            <gpxtpx:hr>132</gpxtpx:hr>
          </gpxtpx:TrackPointExtension>
        </extensions>
      </trkpt>
      <trkpt lat="28.228756213352426" lon="112.90624841941896">
        <ele>54.898785158991814</ele>
        <time>2026-09-14T23:02:23.400000Z</time>
        <extensions>
          <gpxtpx:TrackPointExtension>
            <gpxtpx:hr>132</gpxtpx:hr>
          </gpxtpx:TrackPointExtension>
        </extensions>
      </trkpt>
      <trkpt lat="28.22875421943875" lon="112.90621169398666">
        <ele>54.73211098369211</ele>
        <time>2026-09-14T23:02:24.400000Z</time>
        <extensions>
          <gpxtpx:TrackPointExtension>
            <gpxtpx:hr>132</gpxtpx:hr>
          </gpxtpx:TrackPointExtension>
        </extensions>
      </trkpt>
      <trkpt lat="28.22875220872912" lon="112.90617556035953">
        <ele>54.56859894003719</ele>
        <time>2026-09-14T23:02:25.400000Z</time>
        <extensions>
          <gpxtpx:TrackPointExtension>
            <gpxtpx:hr>132</gpxtpx:hr>
          </gpxtpx:TrackPointExtension>
        </extensions>
      </trkpt>
      <trkpt lat="28.22875040076402" lon="112.90613968443647">
        <ele>54.40699003729969</ele>
        <time>2026-09-14T23:02:26.400000Z</time>
        <extensions>
          <gpxtpx:TrackPointExtension>
            <gpxtpx:hr>135</gpxtpx:hr>
          </gpxtpx:TrackPointExtension>
        </extensions>
      </trkpt>
      <trkpt lat="28.22874882795071" lon="112.90610398402465">
        <ele>54.24632172193378</ele>
        <time>2026-09-14T23:02:27.400000Z</time>
        <extensions>
          <gpxtpx:TrackPointExtension>
            <gpxtpx:hr>135</gpxtpx:hr>
          </gpxtpx:TrackPointExtension>
        </extensions>
      </trkpt>
      <trkpt lat="28.228747413405124" lon="112.9060682016673">
        <ele>54.08597003854811</ele>
        <time>2026-09-14T23:02:28.400000Z</time>
        <extensions>
          <gpxtpx:TrackPointExtension>
            <gpxtpx:hr>135</gpxtpx:hr>
          </gpxtpx:TrackPointExtension>
        </extensions>
      </trkpt>
      <trkpt lat="28.228746222436342" lon="112.90603208634427">
        <ele>53.92455342691392</ele>
        <time>2026-09-14T23:02:29.400000Z</time>
        <extensions>
          <gpxtpx:TrackPointExtension>
            <gpxtpx:hr>135</gpxtpx:hr>
          </gpxtpx:TrackPointExtension>
        </extensions>
      </trkpt>
      <trkpt lat="28.228744625347666" lon="112.90599541898074">
        <ele>53.761991899460554</ele>
        <time>2026-09-14T23:02:30.400000Z</time>
        <extensions>
          <gpxtpx:TrackPointExtension>
            <gpxtpx:hr>135</gpxtpx:hr>
          </gpxtpx:TrackPointExtension>
        </extensions>
      </trkpt>
      <trkpt lat="28.228741796475273" lon="112.90595818765313">
        <ele>53.59687321726233</ele>
        <time>2026-09-14T23:02:31.400000Z</time>
        <extensions>
          <gpxtpx:TrackPointExtension>
            <gpxtpx:hr>135</gpxtpx:hr>
          </gpxtpx:TrackPointExtension>
        </extensions>
      </trkpt>
      <trkpt lat="28.22873871785427" lon="112.905920553581">
        <ele>53.43001855071634</ele>
        <time>2026-09-14T23:02:32.400000Z</time>
        <extensions>
          <gpxtpx:TrackPointExtension>
            <gpxtpx:hr>135</gpxtpx:hr>
          </gpxtpx:TrackPointExtension>
        </extensions>
      </trkpt>
      <trkpt lat="28.228736236590578" lon="112.90588300932379">
        <ele>53.26176326721907</ele>
        <time>2026-09-14T23:02:33.400000Z</time>
        <extensions>
          <gpxtpx:TrackPointExtension>
            <gpxtpx:hr>139</gpxtpx:hr>
          </gpxtpx:TrackPointExtension>
        </extensions>
      </trkpt>
      <trkpt lat="28.228733987111443" lon="112.9058458447551">
        <ele>53.093250260688365</ele>
        <time>2026-09-14T23:02:34.400000Z</time>
        <extensions>
          <gpxtpx:TrackPointExtension>
            <gpxtpx:hr>139</gpxtpx:hr>
          </gpxtpx:TrackPointExtension>
        </extensions>
      </trkpt>
      <trkpt lat="28.228732172880495" lon="112.90580921370179">
        <ele>52.92588994093239</ele>
        <time>2026-09-14T23:02:35.400000Z</time>
        <extensions>
          <gpxtpx:TrackPointExtension>
            <gpxtpx:hr>139</gpxtpx:hr>
          </gpxtpx:TrackPointExtension>
        </extensions>
      </trkpt>
      <trkpt lat="28.228730937330166" lon="112.9057728381459">
        <ele>52.76127603556961</ele>
        <time>2026-09-14T23:02:36.400000Z</time>
        <extensions>
          <gpxtpx:TrackPointExtension>
            <gpxtpx:hr>139</gpxtpx:hr>
          </gpxtpx:TrackPointExtension>
        </extensions>
      </trkpt>
      <trkpt lat="28.228730287284325" lon="112.90573635965065">
        <ele>52.60157520137727</ele>
        <time>2026-09-14T23:02:37.400000Z</time>
        <extensions>
          <gpxtpx:TrackPointExtension>
            <gpxtpx:hr>139</gpxtpx:hr>
          </gpxtpx:TrackPointExtension>
        </extensions>
      </trkpt>
      <trkpt lat="28.228730202849064" lon="112.90569919670286">
        <ele>52.44805900938809</ele>
        <time>2026-09-14T23:02:38.400000Z</time>
        <extensions>
          <gpxtpx:TrackPointExtension>
            <gpxtpx:hr>139</gpxtpx:hr>
          </gpxtpx:TrackPointExtension>
        </extensions>
      </trkpt>
      <trkpt lat="28.22873035637972" lon="112.90566122325478">
        <ele>52.30007700994611</ele>
        <time>2026-09-14T23:02:39.400000Z</time>
        <extensions>
          <gpxtpx:TrackPointExtension>
            <gpxtpx:hr>139</gpxtpx:hr>
          </gpxtpx:TrackPointExtension>
        </extensions>
      </trkpt>
      <trkpt lat="28.22873073206401" lon="112.90562282384458">
        <ele>52.15875087771565</ele>
        <time>2026-09-14T23:02:40.400000Z</time>
        <extensions>
          <gpxtpx:TrackPointExtension>
            <gpxtpx:hr>139</gpxtpx:hr>
          </gpxtpx:TrackPointExtension>
        </extensions>
      </trkpt>
      <trkpt lat="28.22873136155637" lon="112.90558437763659">
        <ele>52.023599532432854</ele>
        <time>2026-09-14T23:02:41.400000Z</time>
        <extensions>
          <gpxtpx:TrackPointExtension>
            <gpxtpx:hr>145</gpxtpx:hr>
          </gpxtpx:TrackPointExtension>
        </extensions>
      </trkpt>
      <trkpt lat="28.22873206356132" lon="112.9055461952785">
        <ele>51.89380609802902</ele>
        <time>2026-09-14T23:02:42.400000Z</time>
        <extensions>
          <gpxtpx:TrackPointExtension>
            <gpxtpx:hr>145</gpxtpx:hr>
          </gpxtpx:TrackPointExtension>
        </extensions>
      </trkpt>
      <trkpt lat="28.22873305599087" lon="112.90550845952959">
        <ele>51.777499879710376</ele>
        <time>2026-09-14T23:02:43.400000Z</time>
        <extensions>
          <gpxtpx:TrackPointExtension>
            <gpxtpx:hr>145</gpxtpx:hr>
          </gpxtpx:TrackPointExtension>
        </extensions>
      </trkpt>
      <trkpt lat="28.228734654396725" lon="112.90547110224128">
        <ele>51.659399756230414</ele>
        <time>2026-09-14T23:02:44.400000Z</time>
        <extensions>
          <gpxtpx:TrackPointExtension>
            <gpxtpx:hr>145</gpxtpx:hr>
          </gpxtpx:TrackPointExtension>
        </extensions>
      </trkpt>
      <trkpt lat="28.228736742012583" lon="112.90543359147443">
        <ele>51.54427771549672</ele>
        <time>2026-09-14T23:02:45.400000Z</time>
        <extensions>
          <gpxtpx:TrackPointExtension>
            <gpxtpx:hr>145</gpxtpx:hr>
          </gpxtpx:TrackPointExtension>
        </extensions>
      </trkpt>
      <trkpt lat="28.22873890102709" lon="112.90539578700412">
        <ele>51.43234809208661</ele>
        <time>2026-09-14T23:02:46.400000Z</time>
        <extensions>
          <gpxtpx:TrackPointExtension>
            <gpxtpx:hr>147</gpxtpx:hr>
          </gpxtpx:TrackPointExtension>
        </extensions>
      </trkpt>
      <trkpt lat="28.228740541765365" lon="112.90535772792065">
        <ele>51.32353896833956</ele>
        <time>2026-09-14T23:02:47.400000Z</time>
        <extensions>
          <gpxtpx:TrackPointExtension>
            <gpxtpx:hr>147</gpxtpx:hr>
          </gpxtpx:TrackPointExtension>
        </extensions>
      </trkpt>
      <trkpt lat="28.22874157748108" lon="112.90531962605243">
        <ele>51.21766800712794</ele>
        <time>2026-09-14T23:02:48.400000Z</time>
        <extensions>
          <gpxtpx:TrackPointExtension>
            <gpxtpx:hr>147</gpxtpx:hr>
          </gpxtpx:TrackPointExtension>
        </extensions>
      </trkpt>
      <trkpt lat="28.228742477690176" lon="112.90528135225591">
        <ele>51.114494532346725</ele>
        <time>2026-09-14T23:02:49.400000Z</time>
        <extensions>
          <gpxtpx:TrackPointExtension>
            <gpxtpx:hr>147</gpxtpx:hr>
          </gpxtpx:TrackPointExtension>
        </extensions>
      </trkpt>
      <trkpt lat="28.22874326873712" lon="112.90524248995055">
        <ele>51.0137456683442</ele>
        <time>2026-09-14T23:02:50.400000Z</time>
        <extensions>
          <gpxtpx:TrackPointExtension>
            <gpxtpx:hr>147</gpxtpx:hr>
          </gpxtpx:TrackPointExtension>
        </extensions>
      </trkpt>
      <trkpt lat="28.22874374495267" lon="112.90520305831029">
        <ele>50.91519134026021</ele>
        <time>2026-09-14T23:02:51.400000Z</time>
        <extensions>
          <gpxtpx:TrackPointExtension>
            <gpxtpx:hr>147</gpxtpx:hr>
          </gpxtpx:TrackPointExtension>
        </extensions>
      </trkpt>
      <trkpt lat="28.228743786818452" lon="112.90516323298576">
        <ele>50.818566475994885</ele>
        <time>2026-09-14T23:02:52.400000Z</time>
        <extensions>
          <gpxtpx:TrackPointExtension>
            <gpxtpx:hr>147</gpxtpx:hr>
          </gpxtpx:TrackPointExtension>
        </extensions>
      </trkpt>
      <trkpt lat="28.228743465355684" lon="112.90512339065432">
        <ele>50.72356033883989</ele>
        <time>2026-09-14T23:02:53.400000Z</time>
        <extensions>
          <gpxtpx:TrackPointExtension>
            <gpxtpx:hr>150</gpxtpx:hr>
          </gpxtpx:TrackPointExtension>
        </extensions>
      </trkpt>
      <trkpt lat="28.228742941991978" lon="112.90508404125133">
        <ele>50.63006044831127</ele>
        <time>2026-09-14T23:02:54.400000Z</time>
        <extensions>
          <gpxtpx:TrackPointExtension>
            <gpxtpx:hr>150</gpxtpx:hr>
          </gpxtpx:TrackPointExtension>
        </extensions>
      </trkpt>
      <trkpt lat="28.228742008497154" lon="112.90504548798252">
        <ele>50.53837456461042</ele>
        <time>2026-09-14T23:02:55.400000Z</time>
        <extensions>
          <gpxtpx:TrackPointExtension>
            <gpxtpx:hr>150</gpxtpx:hr>
          </gpxtpx:TrackPointExtension>
        </extensions>
      </trkpt>
      <trkpt lat="28.228740404788873" lon="112.90500780080247">
        <ele>50.44909373857081</ele>
        <time>2026-09-14T23:02:56.400000Z</time>
        <extensions>
          <gpxtpx:TrackPointExtension>
            <gpxtpx:hr>150</gpxtpx:hr>
          </gpxtpx:TrackPointExtension>
        </extensions>
      </trkpt>
      <trkpt lat="28.228738285489648" lon="112.90497092178835">
        <ele>50.36282539367676</ele>
        <time>2026-09-14T23:02:57.400000Z</time>
        <extensions>
          <gpxtpx:TrackPointExtension>
            <gpxtpx:hr>150</gpxtpx:hr>
          </gpxtpx:TrackPointExtension>
        </extensions>
      </trkpt>
      <trkpt lat="28.228737014978975" lon="112.90493454056477">
        <ele>50.28033983055502</ele>
        <time>2026-09-14T23:02:58.400000Z</time>
        <extensions>
          <gpxtpx:TrackPointExtension>
            <gpxtpx:hr>150</gpxtpx:hr>
          </gpxtpx:TrackPointExtension>
        </extensions>
      </trkpt>
      <trkpt lat="28.2287374658731" lon="112.90489825216622">
        <ele>50.2025636639446</ele>
        <time>2026-09-14T23:02:59.400000Z</time>
        <extensions>
          <gpxtpx:TrackPointExtension>
            <gpxtpx:hr>151</gpxtpx:hr>
          </gpxtpx:TrackPointExtension>
        </extensions>
      </trkpt>
      <trkpt lat="28.228739646109634" lon="112.90486201781528">
        <ele>50.13032412249595</ele>
        <time>2026-09-14T23:03:00.400000Z</time>
        <extensions>
          <gpxtpx:TrackPointExtension>
            <gpxtpx:hr>151</gpxtpx:hr>
          </gpxtpx:TrackPointExtension>
        </extensions>
      </trkpt>
      <trkpt lat="28.228743769502874" lon="112.90482569826798">
        <ele>50.064222268760204</ele>
        <time>2026-09-14T23:03:01.400000Z</time>
        <extensions>
          <gpxtpx:TrackPointExtension>
            <gpxtpx:hr>151</gpxtpx:hr>
          </gpxtpx:TrackPointExtension>
        </extensions>
      </trkpt>
      <trkpt lat="28.228749679979536" lon="112.90478933067256">
        <ele>50.00463618244976</ele>
        <time>2026-09-14T23:03:02.400000Z</time>
        <extensions>
          <gpxtpx:TrackPointExtension>
            <gpxtpx:hr>153</gpxtpx:hr>
          </gpxtpx:TrackPointExtension>
        </extensions>
      </trkpt>
      <trkpt lat="28.228757215471866" lon="112.9047532860844">
        <ele>49.951888324692845</ele>
        <time>2026-09-14T23:03:03.400000Z</time>
        <extensions>
          <gpxtpx:TrackPointExtension>
            <gpxtpx:hr>153</gpxtpx:hr>
          </gpxtpx:TrackPointExtension>
        </extensions>
      </trkpt>
      <trkpt lat="28.228766231827457" lon="112.90471798682572">
        <ele>49.90629749931395</ele>
        <time>2026-09-14T23:03:04.400000Z</time>
        <extensions>
          <gpxtpx:TrackPointExtension>
            <gpxtpx:hr>153</gpxtpx:hr>
          </gpxtpx:TrackPointExtension>
        </extensions>
      </trkpt>
      <trkpt lat="28.228776990407063" lon="112.90468390348995">
        <ele>49.86814294569194</ele>
        <time>2026-09-14T23:03:05.400000Z</time>
        <extensions>
          <gpxtpx:TrackPointExtension>
            <gpxtpx:hr>153</gpxtpx:hr>
          </gpxtpx:TrackPointExtension>
        </extensions>
      </trkpt>
      <trkpt lat="28.22878976633513" lon="112.90465125882695">
        <ele>49.8377697840333</ele>
        <time>2026-09-14T23:03:06.400000Z</time>
        <extensions>
          <gpxtpx:TrackPointExtension>
            <gpxtpx:hr>153</gpxtpx:hr>
          </gpxtpx:TrackPointExtension>
        </extensions>
      </trkpt>
      <trkpt lat="28.228804408154605" lon="112.90461997168815">
        <ele>49.81554072070867</ele>
        <time>2026-09-14T23:03:07.400000Z</time>
        <extensions>
          <gpxtpx:TrackPointExtension>
            <gpxtpx:hr>153</gpxtpx:hr>
          </gpxtpx:TrackPointExtension>
        </extensions>
      </trkpt>
      <trkpt lat="28.228820583717425" lon="112.9045899707718">
        <ele>49.80179295595735</ele>
        <time>2026-09-14T23:03:08.400000Z</time>
        <extensions>
          <gpxtpx:TrackPointExtension>
            <gpxtpx:hr>153</gpxtpx:hr>
          </gpxtpx:TrackPointExtension>
        </extensions>
      </trkpt>
      <trkpt lat="28.22883817190865" lon="112.9045613860602">
        <ele>49.79676404129714</ele>
        <time>2026-09-14T23:03:09.300000Z</time>
        <extensions>
          <gpxtpx:TrackPointExtension>
            <gpxtpx:hr>153</gpxtpx:hr>
          </gpxtpx:TrackPointExtension>
        </extensions>
      </trkpt>
      <trkpt lat="28.228857343144476" lon="112.90453429039921">
        <ele>49.80049973260611</ele>
        <time>2026-09-14T23:03:10.300000Z</time>
        <extensions>
          <gpxtpx:TrackPointExtension>
            <gpxtpx:hr>153</gpxtpx:hr>
          </gpxtpx:TrackPointExtension>
        </extensions>
      </trkpt>
      <trkpt lat="28.228878238058982" lon="112.90450882535629">
        <ele>49.8129962310195</ele>
        <time>2026-09-14T23:03:11.300000Z</time>
        <extensions>
          <gpxtpx:TrackPointExtension>
            <gpxtpx:hr>153</gpxtpx:hr>
          </gpxtpx:TrackPointExtension>
        </extensions>
      </trkpt>
      <trkpt lat="28.228900923490656" lon="112.90448527231234">
        <ele>49.834243290126324</ele>
        <time>2026-09-14T23:03:12.300000Z</time>
        <extensions>
          <gpxtpx:TrackPointExtension>
            <gpxtpx:hr>153</gpxtpx:hr>
          </gpxtpx:TrackPointExtension>
        </extensions>
      </trkpt>
      <trkpt lat="28.228925199415123" lon="112.90446403850252">
        <ele>49.864173429086804</ele>
        <time>2026-09-14T23:03:13.300000Z</time>
        <extensions>
          <gpxtpx:TrackPointExtension>
            <gpxtpx:hr>153</gpxtpx:hr>
          </gpxtpx:TrackPointExtension>
        </extensions>
      </trkpt>
      <trkpt lat="28.228950688486083" lon="112.90444487790745">
        <ele>49.90277275536209</ele>
        <time>2026-09-14T23:03:14.300000Z</time>
        <extensions>
          <gpxtpx:TrackPointExtension>
            <gpxtpx:hr>154</gpxtpx:hr>
          </gpxtpx:TrackPointExtension>
        </extensions>
      </trkpt>
      <trkpt lat="28.228977028369666" lon="112.90442710869225">
        <ele>49.949981856159866</ele>
        <time>2026-09-14T23:03:15.300000Z</time>
        <extensions>
          <gpxtpx:TrackPointExtension>
            <gpxtpx:hr>154</gpxtpx:hr>
          </gpxtpx:TrackPointExtension>
        </extensions>
      </trkpt>
      <trkpt lat="28.229004128084615" lon="112.90441050411417">
        <ele>50.00551684293896</ele>
        <time>2026-09-14T23:03:16.300000Z</time>
        <extensions>
          <gpxtpx:TrackPointExtension>
            <gpxtpx:hr>154</gpxtpx:hr>
          </gpxtpx:TrackPointExtension>
        </extensions>
      </trkpt>
      <trkpt lat="28.229031736384155" lon="112.90439482639638">
        <ele>50.06900025997311</ele>
        <time>2026-09-14T23:03:17.300000Z</time>
        <extensions>
          <gpxtpx:TrackPointExtension>
            <gpxtpx:hr>154</gpxtpx:hr>
          </gpxtpx:TrackPointExtension>
        </extensions>
      </trkpt>
      <trkpt lat="28.22905946434434" lon="112.90437978627567">
        <ele>50.14001768454909</ele>
        <time>2026-09-14T23:03:18.300000Z</time>
        <extensions>
          <gpxtpx:TrackPointExtension>
            <gpxtpx:hr>154</gpxtpx:hr>
          </gpxtpx:TrackPointExtension>
        </extensions>
      </trkpt>
      <trkpt lat="28.229087029770444" lon="112.90436506581487">
        <ele>50.2180569851771</ele>
        <time>2026-09-14T23:03:19.300000Z</time>
        <extensions>
          <gpxtpx:TrackPointExtension>
            <gpxtpx:hr>155</gpxtpx:hr>
          </gpxtpx:TrackPointExtension>
        </extensions>
      </trkpt>
      <trkpt lat="28.229114375336728" lon="112.90435067843512">
        <ele>50.3025455083698</ele>
        <time>2026-09-14T23:03:20.300000Z</time>
        <extensions>
          <gpxtpx:TrackPointExtension>
            <gpxtpx:hr>155</gpxtpx:hr>
          </gpxtpx:TrackPointExtension>
        </extensions>
      </trkpt>
      <trkpt lat="28.229141859315966" lon="112.90433697102567">
        <ele>50.392930381931365</ele>
        <time>2026-09-14T23:03:21.300000Z</time>
        <extensions>
          <gpxtpx:TrackPointExtension>
            <gpxtpx:hr>155</gpxtpx:hr>
          </gpxtpx:TrackPointExtension>
        </extensions>
      </trkpt>
      <trkpt lat="28.229169834801414" lon="112.90432413676221">
        <ele>50.48872060328722</ele>
        <time>2026-09-14T23:03:22.300000Z</time>
        <extensions>
          <gpxtpx:TrackPointExtension>
            <gpxtpx:hr>155</gpxtpx:hr>
          </gpxtpx:TrackPointExtension>
        </extensions>
      </trkpt>
      <trkpt lat="28.229198454692728" lon="112.90431199421683">
        <ele>50.58935882151127</ele>
        <time>2026-09-14T23:03:23.300000Z</time>
        <extensions>
          <gpxtpx:TrackPointExtension>
            <gpxtpx:hr>155</gpxtpx:hr>
          </gpxtpx:TrackPointExtension>
        </extensions>
      </trkpt>
      <trkpt lat="28.229227619144684" lon="112.90430042481131">
        <ele>50.69419846031815</ele>
        <time>2026-09-14T23:03:24.300000Z</time>
        <extensions>
          <gpxtpx:TrackPointExtension>
            <gpxtpx:hr>151</gpxtpx:hr>
          </gpxtpx:TrackPointExtension>
        </extensions>
      </trkpt>
      <trkpt lat="28.22925705108366" lon="112.90428901504241">
        <ele>50.802581678144634</ele>
        <time>2026-09-14T23:03:25.300000Z</time>
        <extensions>
          <gpxtpx:TrackPointExtension>
            <gpxtpx:hr>151</gpxtpx:hr>
          </gpxtpx:TrackPointExtension>
        </extensions>
      </trkpt>
      <trkpt lat="28.229286580278945" lon="112.90427713343442">
        <ele>50.913823385722935</ele>
        <time>2026-09-14T23:03:26.300000Z</time>
        <extensions>
          <gpxtpx:TrackPointExtension>
            <gpxtpx:hr>151</gpxtpx:hr>
          </gpxtpx:TrackPointExtension>
        </extensions>
      </trkpt>
      <trkpt lat="28.229316289986865" lon="112.90426472556368">
        <ele>51.027073288336396</ele>
        <time>2026-09-14T23:03:27.300000Z</time>
        <extensions>
          <gpxtpx:TrackPointExtension>
            <gpxtpx:hr>151</gpxtpx:hr>
          </gpxtpx:TrackPointExtension>
        </extensions>
      </trkpt>
      <trkpt lat="28.229346190220273" lon="112.90425187353972">
        <ele>51.14114891272038</ele>
        <time>2026-09-14T23:03:28.300000Z</time>
        <extensions>
          <gpxtpx:TrackPointExtension>
            <gpxtpx:hr>156</gpxtpx:hr>
          </gpxtpx:TrackPointExtension>
        </extensions>
      </trkpt>
      <trkpt lat="28.229376111397883" lon="112.9042384930824">
        <ele>51.25460607558489</ele>
        <time>2026-09-14T23:03:29.300000Z</time>
        <extensions>
          <gpxtpx:TrackPointExtension>
            <gpxtpx:hr>156</gpxtpx:hr>
          </gpxtpx:TrackPointExtension>
        </extensions>
      </trkpt>
      <trkpt lat="28.229405856150215" lon="112.90422458155159">
        <ele>51.365754519589245</ele>
        <time>2026-09-14T23:03:30.300000Z</time>
        <extensions>
          <gpxtpx:TrackPointExtension>
            <gpxtpx:hr>156</gpxtpx:hr>
          </gpxtpx:TrackPointExtension>
        </extensions>
      </trkpt>
      <trkpt lat="28.229435182050274" lon="112.90421051346155">
        <ele>51.4724230999127</ele>
        <time>2026-09-14T23:03:31.300000Z</time>
        <extensions>
          <gpxtpx:TrackPointExtension>
            <gpxtpx:hr>156</gpxtpx:hr>
          </gpxtpx:TrackPointExtension>
        </extensions>
      </trkpt>
      <trkpt lat="28.229463984800542" lon="112.90419655601964">
        <ele>51.57188524026424</ele>
        <time>2026-09-14T23:03:32.300000Z</time>
        <extensions>
          <gpxtpx:TrackPointExtension>
            <gpxtpx:hr>156</gpxtpx:hr>
          </gpxtpx:TrackPointExtension>
        </extensions>
      </trkpt>
      <trkpt lat="28.229490602112588" lon="112.90418361340824">
        <ele>51.65599725022912</ele>
        <time>2026-09-14T23:03:33.200000Z</time>
        <extensions>
          <gpxtpx:TrackPointExtension>
            <gpxtpx:hr>156</gpxtpx:hr>
          </gpxtpx:TrackPointExtension>
        </extensions>
      </trkpt>
      <trkpt lat="28.229518822792652" lon="112.90416996586323">
        <ele>51.73273846786469</ele>
        <time>2026-09-14T23:03:34.200000Z</time>
        <extensions>
          <gpxtpx:TrackPointExtension>
            <gpxtpx:hr>156</gpxtpx:hr>
          </gpxtpx:TrackPointExtension>
        </extensions>
      </trkpt>
      <trkpt lat="28.229546714331487" lon="112.90415688457223">
        <ele>51.79286036081612</ele>
        <time>2026-09-14T23:03:35.200000Z</time>
        <extensions>
          <gpxtpx:TrackPointExtension>
            <gpxtpx:hr>160</gpxtpx:hr>
          </gpxtpx:TrackPointExtension>
        </extensions>
      </trkpt>
      <trkpt lat="28.22957424192536" lon="112.9041445975717">
        <ele>51.83646214287728</ele>
        <time>2026-09-14T23:03:36.200000Z</time>
        <extensions>
          <gpxtpx:TrackPointExtension>
            <gpxtpx:hr>160</gpxtpx:hr>
          </gpxtpx:TrackPointExtension>
        </extensions>
      </trkpt>
      <trkpt lat="28.22960163482756" lon="112.90413295518513">
        <ele>51.86661396641284</ele>
        <time>2026-09-14T23:03:37.200000Z</time>
        <extensions>
          <gpxtpx:TrackPointExtension>
            <gpxtpx:hr>160</gpxtpx:hr>
          </gpxtpx:TrackPointExtension>
        </extensions>
      </trkpt>
      <trkpt lat="28.229629065496642" lon="112.90412164294258">
        <ele>51.888182669878006</ele>
        <time>2026-09-14T23:03:38.200000Z</time>
        <extensions>
          <gpxtpx:TrackPointExtension>
            <gpxtpx:hr>160</gpxtpx:hr>
          </gpxtpx:TrackPointExtension>
        </extensions>
      </trkpt>
      <trkpt lat="28.229656372150416" lon="112.90411034322977">
        <ele>51.906613369472325</ele>
        <time>2026-09-14T23:03:39.200000Z</time>
        <extensions>
          <gpxtpx:TrackPointExtension>
            <gpxtpx:hr>161</gpxtpx:hr>
          </gpxtpx:TrackPointExtension>
        </extensions>
      </trkpt>
      <trkpt lat="28.229683550275492" lon="112.90409909320431">
        <ele>51.92667813971639</ele>
        <time>2026-09-14T23:03:40.200000Z</time>
        <extensions>
          <gpxtpx:TrackPointExtension>
            <gpxtpx:hr>161</gpxtpx:hr>
          </gpxtpx:TrackPointExtension>
        </extensions>
      </trkpt>
      <trkpt lat="28.229710935998455" lon="112.90408812575566">
        <ele>51.951499378308654</ele>
        <time>2026-09-14T23:03:41.200000Z</time>
        <extensions>
          <gpxtpx:TrackPointExtension>
            <gpxtpx:hr>161</gpxtpx:hr>
          </gpxtpx:TrackPointExtension>
        </extensions>
      </trkpt>
      <trkpt lat="28.229738874158095" lon="112.9040774855302">
        <ele>51.982254018075764</ele>
        <time>2026-09-14T23:03:42.200000Z</time>
        <extensions>
          <gpxtpx:TrackPointExtension>
            <gpxtpx:hr>161</gpxtpx:hr>
          </gpxtpx:TrackPointExtension>
        </extensions>
      </trkpt>
      <trkpt lat="28.22976743202794" lon="112.9040669597997">
        <ele>52.01843334361911</ele>
        <time>2026-09-14T23:03:43.200000Z</time>
        <extensions>
          <gpxtpx:TrackPointExtension>
            <gpxtpx:hr>164</gpxtpx:hr>
          </gpxtpx:TrackPointExtension>
        </extensions>
      </trkpt>
      <trkpt lat="28.229796420055113" lon="112.90405654987813">
        <ele>52.05827634688467</ele>
        <time>2026-09-14T23:03:44.200000Z</time>
        <extensions>
          <gpxtpx:TrackPointExtension>
            <gpxtpx:hr>164</gpxtpx:hr>
          </gpxtpx:TrackPointExtension>
        </extensions>
      </trkpt>
      <trkpt lat="28.22982559892831" lon="112.90404634009245">
        <ele>52.09960826020688</ele>
        <time>2026-09-14T23:03:45.200000Z</time>
        <extensions>
          <gpxtpx:TrackPointExtension>
            <gpxtpx:hr>164</gpxtpx:hr>
          </gpxtpx:TrackPointExtension>
        </extensions>
      </trkpt>
      <trkpt lat="28.229854767610348" lon="112.90403621804431">
        <ele>52.140647386200726</ele>
        <time>2026-09-14T23:03:46.200000Z</time>
        <extensions>
          <gpxtpx:TrackPointExtension>
            <gpxtpx:hr>164</gpxtpx:hr>
          </gpxtpx:TrackPointExtension>
        </extensions>
      </trkpt>
      <trkpt lat="28.229883886890843" lon="112.90402597926929">
        <ele>52.18031608778983</ele>
        <time>2026-09-14T23:03:47.200000Z</time>
        <extensions>
          <gpxtpx:TrackPointExtension>
            <gpxtpx:hr>164</gpxtpx:hr>
          </gpxtpx:TrackPointExtension>
        </extensions>
      </trkpt>
      <trkpt lat="28.22991285550084" lon="112.90401549097527">
        <ele>52.21816753037274</ele>
        <time>2026-09-14T23:03:48.200000Z</time>
        <extensions>
          <gpxtpx:TrackPointExtension>
            <gpxtpx:hr>164</gpxtpx:hr>
          </gpxtpx:TrackPointExtension>
        </extensions>
      </trkpt>
      <trkpt lat="28.229941741344117" lon="112.90400466117357">
        <ele>52.25413676351309</ele>
        <time>2026-09-14T23:03:49.200000Z</time>
        <extensions>
          <gpxtpx:TrackPointExtension>
            <gpxtpx:hr>164</gpxtpx:hr>
          </gpxtpx:TrackPointExtension>
        </extensions>
      </trkpt>
      <trkpt lat="28.22997047881033" lon="112.90399376843665">
        <ele>52.288133445195854</ele>
        <time>2026-09-14T23:03:50.200000Z</time>
        <extensions>
          <gpxtpx:TrackPointExtension>
            <gpxtpx:hr>166</gpxtpx:hr>
          </gpxtpx:TrackPointExtension>
        </extensions>
      </trkpt>
      <trkpt lat="28.229998570954788" lon="112.90398287467951">
        <ele>52.319691240787506</ele>
        <time>2026-09-14T23:03:51.200000Z</time>
        <extensions>
          <gpxtpx:TrackPointExtension>
            <gpxtpx:hr>166</gpxtpx:hr>
          </gpxtpx:TrackPointExtension>
        </extensions>
      </trkpt>
      <trkpt lat="28.23002560829614" lon="112.90397142244075">
        <ele>52.348036541603506</ele>
        <time>2026-09-14T23:03:52.200000Z</time>
        <extensions>
          <gpxtpx:TrackPointExtension>
            <gpxtpx:hr>166</gpxtpx:hr>
          </gpxtpx:TrackPointExtension>
        </extensions>
      </trkpt>
      <trkpt lat="28.23005179994462" lon="112.9039589782422">
        <ele>52.37260466162115</ele>
        <time>2026-09-14T23:03:53.200000Z</time>
        <extensions>
          <gpxtpx:TrackPointExtension>
            <gpxtpx:hr>166</gpxtpx:hr>
          </gpxtpx:TrackPointExtension>
        </extensions>
      </trkpt>
      <trkpt lat="28.230077814222184" lon="112.90394535743314">
        <ele>52.393386609852314</ele>
        <time>2026-09-14T23:03:54.200000Z</time>
        <extensions>
          <gpxtpx:TrackPointExtension>
            <gpxtpx:hr>166</gpxtpx:hr>
          </gpxtpx:TrackPointExtension>
        </extensions>
      </trkpt>
      <trkpt lat="28.230104065738473" lon="112.90393087232636">
        <ele>52.41055465489626</ele>
        <time>2026-09-14T23:03:55.200000Z</time>
        <extensions>
          <gpxtpx:TrackPointExtension>
            <gpxtpx:hr>166</gpxtpx:hr>
          </gpxtpx:TrackPointExtension>
        </extensions>
      </trkpt>
      <trkpt lat="28.230130740256485" lon="112.9039158706736">
        <ele>52.42381714656949</ele>
        <time>2026-09-14T23:03:56.200000Z</time>
        <extensions>
          <gpxtpx:TrackPointExtension>
            <gpxtpx:hr>166</gpxtpx:hr>
          </gpxtpx:TrackPointExtension>
        </extensions>
      </trkpt>
      <trkpt lat="28.230157914678713" lon="112.90390033992895">
        <ele>52.43221884034574</ele>
        <time>2026-09-14T23:03:57.200000Z</time>
        <extensions>
          <gpxtpx:TrackPointExtension>
            <gpxtpx:hr>166</gpxtpx:hr>
          </gpxtpx:TrackPointExtension>
        </extensions>
      </trkpt>
      <trkpt lat="28.230185569309416" lon="112.90388424489457">
        <ele>52.43450831156224</ele>
        <time>2026-09-14T23:03:58.200000Z</time>
        <extensions>
          <gpxtpx:TrackPointExtension>
            <gpxtpx:hr>166</gpxtpx:hr>
          </gpxtpx:TrackPointExtension>
        </extensions>
      </trkpt>
      <trkpt lat="28.230213640191234" lon="112.90386804252358">
        <ele>52.429971838369966</ele>
        <time>2026-09-14T23:03:59.200000Z</time>
        <extensions>
          <gpxtpx:TrackPointExtension>
            <gpxtpx:hr>166</gpxtpx:hr>
          </gpxtpx:TrackPointExtension>
        </extensions>
      </trkpt>
      <trkpt lat="28.230242050793116" lon="112.90385165581945">
        <ele>52.419654126279056</ele>
        <time>2026-09-14T23:04:00.300000Z</time>
        <extensions>
          <gpxtpx:TrackPointExtension>
            <gpxtpx:hr>166</gpxtpx:hr>
          </gpxtpx:TrackPointExtension>
        </extensions>
      </trkpt>
      <trkpt lat="28.230269852959264" lon="112.90383541691367">
        <ele>52.40692312177271</ele>
        <time>2026-09-14T23:04:01.200000Z</time>
        <extensions>
          <gpxtpx:TrackPointExtension>
            <gpxtpx:hr>166</gpxtpx:hr>
          </gpxtpx:TrackPointExtension>
        </extensions>
      </trkpt>
      <trkpt lat="28.2302976123783" lon="112.90381932009274">
        <ele>52.3944975072518</ele>
        <time>2026-09-14T23:04:02.200000Z</time>
        <extensions>
          <gpxtpx:TrackPointExtension>
            <gpxtpx:hr>166</gpxtpx:hr>
          </gpxtpx:TrackPointExtension>
        </extensions>
      </trkpt>
      <trkpt lat="28.230325295022144" lon="112.90380333363196">
        <ele>52.38367813639343</ele>
        <time>2026-09-14T23:04:03.200000Z</time>
        <extensions>
          <gpxtpx:TrackPointExtension>
            <gpxtpx:hr>166</gpxtpx:hr>
          </gpxtpx:TrackPointExtension>
        </extensions>
      </trkpt>
      <trkpt lat="28.230352870754274" lon="112.90378745001719">
        <ele>52.37439531739801</ele>
        <time>2026-09-14T23:04:04.200000Z</time>
        <extensions>
          <gpxtpx:TrackPointExtension>
            <gpxtpx:hr>166</gpxtpx:hr>
          </gpxtpx:TrackPointExtension>
        </extensions>
      </trkpt>
      <trkpt lat="28.23038048728798" lon="112.90377143117168">
        <ele>52.36515802517533</ele>
        <time>2026-09-14T23:04:05.200000Z</time>
        <extensions>
          <gpxtpx:TrackPointExtension>
            <gpxtpx:hr>167</gpxtpx:hr>
          </gpxtpx:TrackPointExtension>
        </extensions>
      </trkpt>
      <trkpt lat="28.230408317443498" lon="112.90375526043593">
        <ele>52.353174039162695</ele>
        <time>2026-09-14T23:04:06.200000Z</time>
        <extensions>
          <gpxtpx:TrackPointExtension>
            <gpxtpx:hr>167</gpxtpx:hr>
          </gpxtpx:TrackPointExtension>
        </extensions>
      </trkpt>
      <trkpt lat="28.230436380579324" lon="112.90373912689732">
        <ele>52.33578360732645</ele>
        <time>2026-09-14T23:04:07.200000Z</time>
        <extensions>
          <gpxtpx:TrackPointExtension>
            <gpxtpx:hr>167</gpxtpx:hr>
          </gpxtpx:TrackPointExtension>
        </extensions>
      </trkpt>
      <trkpt lat="28.230464463133323" lon="112.9037230962701">
        <ele>52.31509430333972</ele>
        <time>2026-09-14T23:04:08.200000Z</time>
        <extensions>
          <gpxtpx:TrackPointExtension>
            <gpxtpx:hr>167</gpxtpx:hr>
          </gpxtpx:TrackPointExtension>
        </extensions>
      </trkpt>
      <trkpt lat="28.230492446361428" lon="112.90370714916526">
        <ele>52.29467632714659</ele>
        <time>2026-09-14T23:04:09.200000Z</time>
        <extensions>
          <gpxtpx:TrackPointExtension>
            <gpxtpx:hr>167</gpxtpx:hr>
          </gpxtpx:TrackPointExtension>
        </extensions>
      </trkpt>
      <trkpt lat="28.230520077577353" lon="112.90369122397493">
        <ele>52.277243820019066</ele>
        <time>2026-09-14T23:04:10.200000Z</time>
        <extensions>
          <gpxtpx:TrackPointExtension>
            <gpxtpx:hr>167</gpxtpx:hr>
          </gpxtpx:TrackPointExtension>
        </extensions>
      </trkpt>
      <trkpt lat="28.23054703558885" lon="112.90367541538953">
        <ele>52.26470543257892</ele>
        <time>2026-09-14T23:04:11.200000Z</time>
        <extensions>
          <gpxtpx:TrackPointExtension>
            <gpxtpx:hr>167</gpxtpx:hr>
          </gpxtpx:TrackPointExtension>
        </extensions>
      </trkpt>
      <trkpt lat="28.230573361505165" lon="112.90365980941985">
        <ele>52.25829351507127</ele>
        <time>2026-09-14T23:04:12.200000Z</time>
        <extensions>
          <gpxtpx:TrackPointExtension>
            <gpxtpx:hr>167</gpxtpx:hr>
          </gpxtpx:TrackPointExtension>
        </extensions>
      </trkpt>
      <trkpt lat="28.2305991575719" lon="112.9036442610298">
        <ele>52.25882652588189</ele>
        <time>2026-09-14T23:04:13.200000Z</time>
        <extensions>
          <gpxtpx:TrackPointExtension>
            <gpxtpx:hr>167</gpxtpx:hr>
          </gpxtpx:TrackPointExtension>
        </extensions>
      </trkpt>
      <trkpt lat="28.23062441398866" lon="112.90362874941877">
        <ele>52.26681267283857</ele>
        <time>2026-09-14T23:04:14.200000Z</time>
        <extensions>
          <gpxtpx:TrackPointExtension>
            <gpxtpx:hr>167</gpxtpx:hr>
          </gpxtpx:TrackPointExtension>
        </extensions>
      </trkpt>
      <trkpt lat="28.230649132356348" lon="112.90361338395641">
        <ele>52.282687436789274</ele>
        <time>2026-09-14T23:04:15.200000Z</time>
        <extensions>
          <gpxtpx:TrackPointExtension>
            <gpxtpx:hr>167</gpxtpx:hr>
          </gpxtpx:TrackPointExtension>
        </extensions>
      </trkpt>
      <trkpt lat="28.23067332772164" lon="112.90359856833463">
        <ele>52.306977591477334</ele>
        <time>2026-09-14T23:04:16.200000Z</time>
        <extensions>
          <gpxtpx:TrackPointExtension>
            <gpxtpx:hr>167</gpxtpx:hr>
          </gpxtpx:TrackPointExtension>
        </extensions>
      </trkpt>
      <trkpt lat="28.23069713741247" lon="112.90358488650052">
        <ele>52.340280901640654</ele>
        <time>2026-09-14T23:04:17.200000Z</time>
        <extensions>
          <gpxtpx:TrackPointExtension>
            <gpxtpx:hr>167</gpxtpx:hr>
          </gpxtpx:TrackPointExtension>
        </extensions>
      </trkpt>
      <trkpt lat="28.230720660613258" lon="112.90357254003813">
        <ele>52.38300995249301</ele>
        <time>2026-09-14T23:04:18.200000Z</time>
        <extensions>
          <gpxtpx:TrackPointExtension>
            <gpxtpx:hr>168</gpxtpx:hr>
          </gpxtpx:TrackPointExtension>
        </extensions>
      </trkpt>
      <trkpt lat="28.23074404622618" lon="112.9035616269017">
        <ele>52.435194375924766</ele>
        <time>2026-09-14T23:04:19.200000Z</time>
        <extensions>
          <gpxtpx:TrackPointExtension>
            <gpxtpx:hr>168</gpxtpx:hr>
          </gpxtpx:TrackPointExtension>
        </extensions>
      </trkpt>
      <trkpt lat="28.230767040984407" lon="112.90355282283997">
        <ele>52.496574209071696</ele>
        <time>2026-09-14T23:04:20.200000Z</time>
        <extensions>
          <gpxtpx:TrackPointExtension>
            <gpxtpx:hr>168</gpxtpx:hr>
          </gpxtpx:TrackPointExtension>
        </extensions>
      </trkpt>
      <trkpt lat="28.230788868342938" lon="112.9035478379037">
        <ele>52.5665657678619</ele>
        <time>2026-09-14T23:04:21.200000Z</time>
        <extensions>
          <gpxtpx:TrackPointExtension>
            <gpxtpx:hr>168</gpxtpx:hr>
          </gpxtpx:TrackPointExtension>
        </extensions>
      </trkpt>
      <trkpt lat="28.230808447388977" lon="112.90354914694815">
        <ele>52.64428915642202</ele>
        <time>2026-09-14T23:04:22.200000Z</time>
        <extensions>
          <gpxtpx:TrackPointExtension>
            <gpxtpx:hr>168</gpxtpx:hr>
          </gpxtpx:TrackPointExtension>
        </extensions>
      </trkpt>
      <trkpt lat="28.23082540536814" lon="112.90355599409588">
        <ele>52.728642982430756</ele>
        <time>2026-09-14T23:04:23.200000Z</time>
        <extensions>
          <gpxtpx:TrackPointExtension>
            <gpxtpx:hr>168</gpxtpx:hr>
          </gpxtpx:TrackPointExtension>
        </extensions>
      </trkpt>
      <trkpt lat="28.23084127324544" lon="112.90356393810987">
        <ele>52.8184473272413</ele>
        <time>2026-09-14T23:04:24.200000Z</time>
        <extensions>
          <gpxtpx:TrackPointExtension>
            <gpxtpx:hr>168</gpxtpx:hr>
          </gpxtpx:TrackPointExtension>
        </extensions>
      </trkpt>
      <trkpt lat="28.230857384590923" lon="112.90356964286805">
        <ele>52.912556043826044</ele>
        <time>2026-09-14T23:04:25.200000Z</time>
        <extensions>
          <gpxtpx:TrackPointExtension>
            <gpxtpx:hr>168</gpxtpx:hr>
          </gpxtpx:TrackPointExtension>
        </extensions>
      </trkpt>
      <trkpt lat="28.230873403174268" lon="112.90357289895535">
        <ele>53.00974564254284</ele>
        <time>2026-09-14T23:04:26.200000Z</time>
        <extensions>
          <gpxtpx:TrackPointExtension>
            <gpxtpx:hr>168</gpxtpx:hr>
          </gpxtpx:TrackPointExtension>
        </extensions>
      </trkpt>
      <trkpt lat="28.23088858439684" lon="112.90357470791469">
        <ele>53.10853123664856</ele>
        <time>2026-09-14T23:04:27.200000Z</time>
        <extensions>
          <gpxtpx:TrackPointExtension>
            <gpxtpx:hr>168</gpxtpx:hr>
          </gpxtpx:TrackPointExtension>
        </extensions>
      </trkpt>
      <trkpt lat="28.23090254871512" lon="112.9035738551546">
        <ele>53.20697887707502</ele>
        <time>2026-09-14T23:04:28.200000Z</time>
        <extensions>
          <gpxtpx:TrackPointExtension>
            <gpxtpx:hr>168</gpxtpx:hr>
          </gpxtpx:TrackPointExtension>
        </extensions>
      </trkpt>
      <trkpt lat="28.230914439815052" lon="112.90356785682565">
        <ele>53.30242923647165</ele>
        <time>2026-09-14T23:04:29.200000Z</time>
        <extensions>
          <gpxtpx:TrackPointExtension>
            <gpxtpx:hr>168</gpxtpx:hr>
          </gpxtpx:TrackPointExtension>
        </extensions>
      </trkpt>
      <trkpt lat="28.230923999352637" lon="112.90355734828174">
        <ele>53.391162088140845</ele>
        <time>2026-09-14T23:04:30.200000Z</time>
        <extensions>
          <gpxtpx:TrackPointExtension>
            <gpxtpx:hr>168</gpxtpx:hr>
          </gpxtpx:TrackPointExtension>
        </extensions>
      </trkpt>
      <trkpt lat="28.230933039617604" lon="112.90354503016374">
        <ele>53.47097508329898</ele>
        <time>2026-09-14T23:04:31.200000Z</time>
        <extensions>
          <gpxtpx:TrackPointExtension>
            <gpxtpx:hr>168</gpxtpx:hr>
          </gpxtpx:TrackPointExtension>
        </extensions>
      </trkpt>
      <trkpt lat="28.230941164379967" lon="112.90353369370258">
        <ele>53.52989442832768</ele>
        <time>2026-09-14T23:04:32.200000Z</time>
        <extensions>
          <gpxtpx:TrackPointExtension>
            <gpxtpx:hr>168</gpxtpx:hr>
          </gpxtpx:TrackPointExtension>
        </extensions>
      </trkpt>
      <trkpt lat="28.230947976545995" lon="112.90352374455313">
        <ele>53.57036929484457</ele>
        <time>2026-09-14T23:04:33.200000Z</time>
        <extensions>
          <gpxtpx:TrackPointExtension>
            <gpxtpx:hr>178</gpxtpx:hr>
          </gpxtpx:TrackPointExtension>
        </extensions>
      </trkpt>
      <trkpt lat="28.230954912802254" lon="112.90351481130267">
        <ele>53.60071704443544</ele>
        <time>2026-09-14T23:04:34.200000Z</time>
        <extensions>
          <gpxtpx:TrackPointExtension>
            <gpxtpx:hr>178</gpxtpx:hr>
          </gpxtpx:TrackPointExtension>
        </extensions>
      </trkpt>
      <trkpt lat="28.230962267597683" lon="112.90350768365442">
        <ele>53.62248659785837</ele>
        <time>2026-09-14T23:04:35.200000Z</time>
        <extensions>
          <gpxtpx:TrackPointExtension>
            <gpxtpx:hr>178</gpxtpx:hr>
          </gpxtpx:TrackPointExtension>
        </extensions>
      </trkpt>
      <trkpt lat="28.230970316220787" lon="112.9035019518452">
        <ele>53.639049095101655</ele>
        <time>2026-09-14T23:04:36.200000Z</time>
        <extensions>
          <gpxtpx:TrackPointExtension>
            <gpxtpx:hr>178</gpxtpx:hr>
          </gpxtpx:TrackPointExtension>
        </extensions>
      </trkpt>
      <trkpt lat="28.23097950120425" lon="112.90349705807951">
        <ele>53.652827471494675</ele>
        <time>2026-09-14T23:04:37.200000Z</time>
        <extensions>
          <gpxtpx:TrackPointExtension>
            <gpxtpx:hr>178</gpxtpx:hr>
          </gpxtpx:TrackPointExtension>
        </extensions>
      </trkpt>
      <trkpt lat="28.230989862886886" lon="112.903492632191">
        <ele>53.66572496946901</ele>
        <time>2026-09-14T23:04:38.200000Z</time>
        <extensions>
          <gpxtpx:TrackPointExtension>
            <gpxtpx:hr>178</gpxtpx:hr>
          </gpxtpx:TrackPointExtension>
        </extensions>
      </trkpt>
      <trkpt lat="28.231001061675503" lon="112.90348862383757">
        <ele>53.67909128591418</ele>
        <time>2026-09-14T23:04:39.200000Z</time>
        <extensions>
          <gpxtpx:TrackPointExtension>
            <gpxtpx:hr>178</gpxtpx:hr>
          </gpxtpx:TrackPointExtension>
        </extensions>
      </trkpt>
      <trkpt lat="28.23101284767745" lon="112.90348498295602">
        <ele>53.69420471787453</ele>
        <time>2026-09-14T23:04:40.200000Z</time>
        <extensions>
          <gpxtpx:TrackPointExtension>
            <gpxtpx:hr>178</gpxtpx:hr>
          </gpxtpx:TrackPointExtension>
        </extensions>
      </trkpt>
      <trkpt lat="28.231025023940454" lon="112.90348164752083">
        <ele>53.712055653333664</ele>
        <time>2026-09-14T23:04:41.200000Z</time>
        <extensions>
          <gpxtpx:TrackPointExtension>
            <gpxtpx:hr>178</gpxtpx:hr>
          </gpxtpx:TrackPointExtension>
        </extensions>
      </trkpt>
      <trkpt lat="28.231037385267335" lon="112.90347847175718">
        <ele>53.733281223103404</ele>
        <time>2026-09-14T23:04:42.200000Z</time>
        <extensions>
          <gpxtpx:TrackPointExtension>
            <gpxtpx:hr>178</gpxtpx:hr>
          </gpxtpx:TrackPointExtension>
        </extensions>
      </trkpt>
      <trkpt lat="28.23104958997937" lon="112.90347516928293">
        <ele>53.75792587548494</ele>
        <time>2026-09-14T23:04:43.200000Z</time>
        <extensions>
          <gpxtpx:TrackPointExtension>
            <gpxtpx:hr>177</gpxtpx:hr>
          </gpxtpx:TrackPointExtension>
        </extensions>
      </trkpt>
      <trkpt lat="28.23106128507532" lon="112.90347148232487">
        <ele>53.785674748942256</ele>
        <time>2026-09-14T23:04:44.200000Z</time>
        <extensions>
          <gpxtpx:TrackPointExtension>
            <gpxtpx:hr>177</gpxtpx:hr>
          </gpxtpx:TrackPointExtension>
        </extensions>
      </trkpt>
      <trkpt lat="28.231072647851214" lon="112.9034671946149">
        <ele>53.81607914622873</ele>
        <time>2026-09-14T23:04:45.200000Z</time>
        <extensions>
          <gpxtpx:TrackPointExtension>
            <gpxtpx:hr>177</gpxtpx:hr>
          </gpxtpx:TrackPointExtension>
        </extensions>
      </trkpt>
      <trkpt lat="28.23108421871635" lon="112.90346211664699">
        <ele>53.84862230531871</ele>
        <time>2026-09-14T23:04:46.200000Z</time>
        <extensions>
          <gpxtpx:TrackPointExtension>
            <gpxtpx:hr>177</gpxtpx:hr>
          </gpxtpx:TrackPointExtension>
        </extensions>
      </trkpt>
      <trkpt lat="28.231096327936697" lon="112.90345597769934">
        <ele>53.882606538943946</ele>
        <time>2026-09-14T23:04:47.200000Z</time>
        <extensions>
          <gpxtpx:TrackPointExtension>
            <gpxtpx:hr>177</gpxtpx:hr>
          </gpxtpx:TrackPointExtension>
        </extensions>
      </trkpt>
      <trkpt lat="28.2311089405669" lon="112.90344872308562">
        <ele>53.91673088539392</ele>
        <time>2026-09-14T23:04:48.200000Z</time>
        <extensions>
          <gpxtpx:TrackPointExtension>
            <gpxtpx:hr>175</gpxtpx:hr>
          </gpxtpx:TrackPointExtension>
        </extensions>
      </trkpt>
      <trkpt lat="28.231121860118577" lon="112.9034406728327">
        <ele>53.94940499775112</ele>
        <time>2026-09-14T23:04:49.200000Z</time>
        <extensions>
          <gpxtpx:TrackPointExtension>
            <gpxtpx:hr>175</gpxtpx:hr>
          </gpxtpx:TrackPointExtension>
        </extensions>
      </trkpt>
      <trkpt lat="28.231134844872816" lon="112.9034322691856">
        <ele>53.97901553940028</ele>
        <time>2026-09-14T23:04:50.200000Z</time>
        <extensions>
          <gpxtpx:TrackPointExtension>
            <gpxtpx:hr>175</gpxtpx:hr>
          </gpxtpx:TrackPointExtension>
        </extensions>
      </trkpt>
      <trkpt lat="28.23114785516418" lon="112.90342415040301">
        <ele>54.0042987447232</ele>
        <time>2026-09-14T23:04:51.200000Z</time>
        <extensions>
          <gpxtpx:TrackPointExtension>
            <gpxtpx:hr>175</gpxtpx:hr>
          </gpxtpx:TrackPointExtension>
        </extensions>
      </trkpt>
      <trkpt lat="28.231160847889058" lon="112.90341674858851">
        <ele>54.024564878083766</ele>
        <time>2026-09-14T23:04:52.200000Z</time>
        <extensions>
          <gpxtpx:TrackPointExtension>
            <gpxtpx:hr>175</gpxtpx:hr>
          </gpxtpx:TrackPointExtension>
        </extensions>
      </trkpt>
      <trkpt lat="28.23117359501482" lon="112.90341015565767">
        <ele>54.039834674447775</ele>
        <time>2026-09-14T23:04:53.100000Z</time>
        <extensions>
          <gpxtpx:TrackPointExtension>
            <gpxtpx:hr>174</gpxtpx:hr>
          </gpxtpx:TrackPointExtension>
        </extensions>
      </trkpt>
      <trkpt lat="28.23118597872169" lon="112.90340415049668">
        <ele>54.05103732738644</ele>
        <time>2026-09-14T23:04:54.100000Z</time>
        <extensions>
          <gpxtpx:TrackPointExtension>
            <gpxtpx:hr>174</gpxtpx:hr>
          </gpxtpx:TrackPointExtension>
        </extensions>
      </trkpt>
      <trkpt lat="28.231197894869595" lon="112.9033980366446">
        <ele>54.060167266987264</ele>
        <time>2026-09-14T23:04:55.100000Z</time>
        <extensions>
          <gpxtpx:TrackPointExtension>
            <gpxtpx:hr>174</gpxtpx:hr>
          </gpxtpx:TrackPointExtension>
        </extensions>
      </trkpt>
      <trkpt lat="28.231209852370085" lon="112.90338933985481">
        <ele>54.071868983097374</ele>
        <time>2026-09-14T23:04:56.200000Z</time>
        <extensions>
          <gpxtpx:TrackPointExtension>
            <gpxtpx:hr>170</gpxtpx:hr>
          </gpxtpx:TrackPointExtension>
        </extensions>
      </trkpt>
      <trkpt lat="28.231219751357727" lon="112.9033794148502">
        <ele>54.087906278669834</ele>
        <time>2026-09-14T23:04:57.200000Z</time>
        <extensions>
          <gpxtpx:TrackPointExtension>
            <gpxtpx:hr>170</gpxtpx:hr>
          </gpxtpx:TrackPointExtension>
        </extensions>
      </trkpt>
      <trkpt lat="28.231229275455494" lon="112.9033691160762">
        <ele>54.11133829783648</ele>
        <time>2026-09-14T23:04:58.200000Z</time>
        <extensions>
          <gpxtpx:TrackPointExtension>
            <gpxtpx:hr>170</gpxtpx:hr>
          </gpxtpx:TrackPointExtension>
        </extensions>
      </trkpt>
      <trkpt lat="28.23123870078747" lon="112.903359155167">
        <ele>54.14276385586709</ele>
        <time>2026-09-14T23:04:59.200000Z</time>
        <extensions>
          <gpxtpx:TrackPointExtension>
            <gpxtpx:hr>170</gpxtpx:hr>
          </gpxtpx:TrackPointExtension>
        </extensions>
      </trkpt>
      <trkpt lat="28.231248143713326" lon="112.90334989055926">
        <ele>54.18195053189993</ele>
        <time>2026-09-14T23:05:00.200000Z</time>
        <extensions>
          <gpxtpx:TrackPointExtension>
            <gpxtpx:hr>170</gpxtpx:hr>
          </gpxtpx:TrackPointExtension>
        </extensions>
      </trkpt>
      <trkpt lat="28.231257621397425" lon="112.90334153294017">
        <ele>54.228553901426494</ele>
        <time>2026-09-14T23:05:01.200000Z</time>
        <extensions>
          <gpxtpx:TrackPointExtension>
            <gpxtpx:hr>167</gpxtpx:hr>
          </gpxtpx:TrackPointExtension>
        </extensions>
      </trkpt>
      <trkpt lat="28.231267176749085" lon="112.90333416154827">
        <ele>54.282769058831036</ele>
        <time>2026-09-14T23:05:02.200000Z</time>
        <extensions>
          <gpxtpx:TrackPointExtension>
            <gpxtpx:hr>167</gpxtpx:hr>
          </gpxtpx:TrackPointExtension>
        </extensions>
      </trkpt>
      <trkpt lat="28.23127715258993" lon="112.90332755326799">
        <ele>54.34564528334886</ele>
        <time>2026-09-14T23:05:03.200000Z</time>
        <extensions>
          <gpxtpx:TrackPointExtension>
            <gpxtpx:hr>167</gpxtpx:hr>
          </gpxtpx:TrackPointExtension>
        </extensions>
      </trkpt>
      <trkpt lat="28.231287855641703" lon="112.9033214314579">
        <ele>54.418750973418355</ele>
        <time>2026-09-14T23:05:04.200000Z</time>
        <extensions>
          <gpxtpx:TrackPointExtension>
            <gpxtpx:hr>167</gpxtpx:hr>
          </gpxtpx:TrackPointExtension>
        </extensions>
      </trkpt>
      <trkpt lat="28.231299172216666" lon="112.90331576657158">
        <ele>54.50327640585601</ele>
        <time>2026-09-14T23:05:05.200000Z</time>
        <extensions>
          <gpxtpx:TrackPointExtension>
            <gpxtpx:hr>167</gpxtpx:hr>
          </gpxtpx:TrackPointExtension>
        </extensions>
      </trkpt>
      <trkpt lat="28.23130947248873" lon="112.90331123339149">
        <ele>54.58684173319489</ele>
        <time>2026-09-14T23:05:06.100000Z</time>
        <extensions>
          <gpxtpx:TrackPointExtension>
            <gpxtpx:hr>167</gpxtpx:hr>
          </gpxtpx:TrackPointExtension>
        </extensions>
      </trkpt>
      <trkpt lat="28.231321295646048" lon="112.90330727510619">
        <ele>54.68885689135641</ele>
        <time>2026-09-14T23:05:07.100000Z</time>
        <extensions>
          <gpxtpx:TrackPointExtension>
            <gpxtpx:hr>167</gpxtpx:hr>
          </gpxtpx:TrackPointExtension>
        </extensions>
      </trkpt>
      <trkpt lat="28.231333127215297" lon="112.90330455769005">
        <ele>54.79717955831438</ele>
        <time>2026-09-14T23:05:08.100000Z</time>
        <extensions>
          <gpxtpx:TrackPointExtension>
            <gpxtpx:hr>163</gpxtpx:hr>
          </gpxtpx:TrackPointExtension>
        </extensions>
      </trkpt>
      <trkpt lat="28.231344478038192" lon="112.90330248748286">
        <ele>54.90937283448875</ele>
        <time>2026-09-14T23:05:09.100000Z</time>
        <extensions>
          <gpxtpx:TrackPointExtension>
            <gpxtpx:hr>163</gpxtpx:hr>
          </gpxtpx:TrackPointExtension>
        </extensions>
      </trkpt>
      <trkpt lat="28.23135517068949" lon="112.90330084787848">
        <ele>55.02375395782292</ele>
        <time>2026-09-14T23:05:10.100000Z</time>
        <extensions>
          <gpxtpx:TrackPointExtension>
            <gpxtpx:hr>163</gpxtpx:hr>
          </gpxtpx:TrackPointExtension>
        </extensions>
      </trkpt>
      <trkpt lat="28.231365420734164" lon="112.90329947159483">
        <ele>55.13906105235219</ele>
        <time>2026-09-14T23:05:11.100000Z</time>
        <extensions>
          <gpxtpx:TrackPointExtension>
            <gpxtpx:hr>163</gpxtpx:hr>
          </gpxtpx:TrackPointExtension>
        </extensions>
      </trkpt>
      <trkpt lat="28.231375716539148" lon="112.90329821191703">
        <ele>55.25429306644946</ele>
        <time>2026-09-14T23:05:12.100000Z</time>
        <extensions>
          <gpxtpx:TrackPointExtension>
            <gpxtpx:hr>163</gpxtpx:hr>
          </gpxtpx:TrackPointExtension>
        </extensions>
      </trkpt>
      <trkpt lat="28.23138669177768" lon="112.9032969293548">
        <ele>55.368615419603884</ele>
        <time>2026-09-14T23:05:13.100000Z</time>
        <extensions>
          <gpxtpx:TrackPointExtension>
            <gpxtpx:hr>160</gpxtpx:hr>
          </gpxtpx:TrackPointExtension>
        </extensions>
      </trkpt>
      <trkpt lat="28.231398651871945" lon="112.90329554964912">
        <ele>55.48137929942459</ele>
        <time>2026-09-14T23:05:14.100000Z</time>
        <extensions>
          <gpxtpx:TrackPointExtension>
            <gpxtpx:hr>160</gpxtpx:hr>
          </gpxtpx:TrackPointExtension>
        </extensions>
      </trkpt>
      <trkpt lat="28.231411366639833" lon="112.90329408475453">
        <ele>55.59214808885008</ele>
        <time>2026-09-14T23:05:15.100000Z</time>
        <extensions>
          <gpxtpx:TrackPointExtension>
            <gpxtpx:hr>160</gpxtpx:hr>
          </gpxtpx:TrackPointExtension>
        </extensions>
      </trkpt>
      <trkpt lat="28.231424558136933" lon="112.90329255872778">
        <ele>55.70062649901956</ele>
        <time>2026-09-14T23:05:16.100000Z</time>
        <extensions>
          <gpxtpx:TrackPointExtension>
            <gpxtpx:hr>160</gpxtpx:hr>
          </gpxtpx:TrackPointExtension>
        </extensions>
      </trkpt>
      <trkpt lat="28.231438207721986" lon="112.90329096884061">
        <ele>55.806549730710685</ele>
        <time>2026-09-14T23:05:17.100000Z</time>
        <extensions>
          <gpxtpx:TrackPointExtension>
            <gpxtpx:hr>160</gpxtpx:hr>
          </gpxtpx:TrackPointExtension>
        </extensions>
      </trkpt>
      <trkpt lat="28.231451945285645" lon="112.90328936109569">
        <ele>55.90971312485635</ele>
        <time>2026-09-14T23:05:18.100000Z</time>
        <extensions>
          <gpxtpx:TrackPointExtension>
            <gpxtpx:hr>160</gpxtpx:hr>
          </gpxtpx:TrackPointExtension>
        </extensions>
      </trkpt>
      <trkpt lat="28.231465404647125" lon="112.90328777936159">
        <ele>56.01002849638462</ele>
        <time>2026-09-14T23:05:19.100000Z</time>
        <extensions>
          <gpxtpx:TrackPointExtension>
            <gpxtpx:hr>159</gpxtpx:hr>
          </gpxtpx:TrackPointExtension>
        </extensions>
      </trkpt>
      <trkpt lat="28.231478736814392" lon="112.90328620321074">
        <ele>56.107429567724466</ele>
        <time>2026-09-14T23:05:20.100000Z</time>
        <extensions>
          <gpxtpx:TrackPointExtension>
            <gpxtpx:hr>159</gpxtpx:hr>
          </gpxtpx:TrackPointExtension>
        </extensions>
      </trkpt>
      <trkpt lat="28.23149208545667" lon="112.90328461469554">
        <ele>56.20179801154882</ele>
        <time>2026-09-14T23:05:21.100000Z</time>
        <extensions>
          <gpxtpx:TrackPointExtension>
            <gpxtpx:hr>159</gpxtpx:hr>
          </gpxtpx:TrackPointExtension>
        </extensions>
      </trkpt>
      <trkpt lat="28.231505337224014" lon="112.90328302788365">
        <ele>56.2929989695549</ele>
        <time>2026-09-14T23:05:22.100000Z</time>
        <extensions>
          <gpxtpx:TrackPointExtension>
            <gpxtpx:hr>159</gpxtpx:hr>
          </gpxtpx:TrackPointExtension>
        </extensions>
      </trkpt>
      <trkpt lat="28.231518306643917" lon="112.90328146522725">
        <ele>56.38090379256755</ele>
        <time>2026-09-14T23:05:23.100000Z</time>
        <extensions>
          <gpxtpx:TrackPointExtension>
            <gpxtpx:hr>159</gpxtpx:hr>
          </gpxtpx:TrackPointExtension>
        </extensions>
      </trkpt>
      <trkpt lat="28.231530981575315" lon="112.9032799298244">
        <ele>56.46531813591719</ele>
        <time>2026-09-14T23:05:24.100000Z</time>
        <extensions>
          <gpxtpx:TrackPointExtension>
            <gpxtpx:hr>159</gpxtpx:hr>
          </gpxtpx:TrackPointExtension>
        </extensions>
      </trkpt>
      <trkpt lat="28.231543595451374" lon="112.90327839408263">
        <ele>56.545911013148725</ele>
        <time>2026-09-14T23:05:25.100000Z</time>
        <extensions>
          <gpxtpx:TrackPointExtension>
            <gpxtpx:hr>159</gpxtpx:hr>
          </gpxtpx:TrackPointExtension>
        </extensions>
      </trkpt>
      <trkpt lat="28.231556282505046" lon="112.90327684021742">
        <ele>56.622215474024415</ele>
        <time>2026-09-14T23:05:26.100000Z</time>
        <extensions>
          <gpxtpx:TrackPointExtension>
            <gpxtpx:hr>156</gpxtpx:hr>
          </gpxtpx:TrackPointExtension>
        </extensions>
      </trkpt>
      <trkpt lat="28.231568967069705" lon="112.90327527798635">
        <ele>56.693629099056125</ele>
        <time>2026-09-14T23:05:27.100000Z</time>
        <extensions>
          <gpxtpx:TrackPointExtension>
            <gpxtpx:hr>156</gpxtpx:hr>
          </gpxtpx:TrackPointExtension>
        </extensions>
      </trkpt>
      <trkpt lat="28.231581819688742" lon="112.90327368596952">
        <ele>56.759528492577374</ele>
        <time>2026-09-14T23:05:28.100000Z</time>
        <extensions>
          <gpxtpx:TrackPointExtension>
            <gpxtpx:hr>156</gpxtpx:hr>
          </gpxtpx:TrackPointExtension>
        </extensions>
      </trkpt>
      <trkpt lat="28.231594850139448" lon="112.90327206307282">
        <ele>56.81944701541215</ele>
        <time>2026-09-14T23:05:29.100000Z</time>
        <extensions>
          <gpxtpx:TrackPointExtension>
            <gpxtpx:hr>156</gpxtpx:hr>
          </gpxtpx:TrackPointExtension>
        </extensions>
      </trkpt>
      <trkpt lat="28.231607802363705" lon="112.90327044160793">
        <ele>56.8731364319101</ele>
        <time>2026-09-14T23:05:30.100000Z</time>
        <extensions>
          <gpxtpx:TrackPointExtension>
            <gpxtpx:hr>155</gpxtpx:hr>
          </gpxtpx:TrackPointExtension>
        </extensions>
      </trkpt>
      <trkpt lat="28.23162042131432" lon="112.90326885442887">
        <ele>56.92062033619732</ele>
        <time>2026-09-14T23:05:31.100000Z</time>
        <extensions>
          <gpxtpx:TrackPointExtension>
            <gpxtpx:hr>155</gpxtpx:hr>
          </gpxtpx:TrackPointExtension>
        </extensions>
      </trkpt>
      <trkpt lat="28.231632568060686" lon="112.90326732251657">
        <ele>56.96223823912442</ele>
        <time>2026-09-14T23:05:32.100000Z</time>
        <extensions>
          <gpxtpx:TrackPointExtension>
            <gpxtpx:hr>155</gpxtpx:hr>
          </gpxtpx:TrackPointExtension>
        </extensions>
      </trkpt>
      <trkpt lat="28.23164467679108" lon="112.90326579200342">
        <ele>56.998616431839764</ele>
        <time>2026-09-14T23:05:33.100000Z</time>
        <extensions>
          <gpxtpx:TrackPointExtension>
            <gpxtpx:hr>155</gpxtpx:hr>
          </gpxtpx:TrackPointExtension>
        </extensions>
      </trkpt>
      <trkpt lat="28.23165724373675" lon="112.90326419832132">
        <ele>57.03053797222674</ele>
        <time>2026-09-14T23:05:34.100000Z</time>
        <extensions>
          <gpxtpx:TrackPointExtension>
            <gpxtpx:hr>155</gpxtpx:hr>
          </gpxtpx:TrackPointExtension>
        </extensions>
      </trkpt>
      <trkpt lat="28.23167028512451" lon="112.90326253891423">
        <ele>57.05883225891739</ele>
        <time>2026-09-14T23:05:35.100000Z</time>
        <extensions>
          <gpxtpx:TrackPointExtension>
            <gpxtpx:hr>154</gpxtpx:hr>
          </gpxtpx:TrackPointExtension>
        </extensions>
      </trkpt>
      <trkpt lat="28.231671839017743" lon="112.90326234087982">
        <ele>57.061962929554284</ele>
        <time>2026-09-14T23:05:35.200000Z</time>
        <extensions>
          <gpxtpx:TrackPointExtension>
            <gpxtpx:hr>154</gpxtpx:hr>
          </gpxtpx:TrackPointExtension>
        </extensions>
      </trkpt>
    </trkseg>
  </trk>
</gpx>