<?xml version="1.0" encoding="UTF-8"?>
<gpx xmlns="http://www.topografix.com/GPX/1/1" xmlns:gpxtpx="http://www.garmin.com/xmlschemas/TrackPointExtension/v1" xmlns:xsi="http://www.w3.org/2001/XMLSchema-instance" xsi:schemaLocation="http://www.topografix.com/GPX/1/1 http://www.topografix.com/GPX/1/1/gpx.xsd" version="1.1" creator="gpx.py -- https://github.com/tkrajina/gpxpy">
  <trk>
    <name>gpx from keep</name>
    <type>Run</type>
    <trkseg>
      <trkpt lat="28.23192932850626" lon="112.90298745750356">
        <ele>61.14494257885963</ele>
        <time>2026-09-18T23:18:19.124000Z</time>
      </trkpt>
      <trkpt lat="28.231939221649718" lon="112.90298183231909">
        <ele>61.27412777207792</ele>
        <time>2026-09-18T22:43:57.900000Z</time>
      </trkpt>
      <trkpt lat="28.231951420501698" lon="112.90297500731975">
        <ele>61.246559673920274</ele>
        <time>2026-09-18T22:43:58.900000Z</time>
      </trkpt>
      <trkpt lat="28.2319651669716" lon="112.90296751786062">
        <ele>61.18125017173588</ele>
        <time>2026-09-18T22:43:59.900000Z</time>
        <extensions>
          <gpxtpx:TrackPointExtension>
            <gpxtpx:hr>158</gpxtpx:hr>
          </gpxtpx:TrackPointExtension>
        </extensions>
      </trkpt>
      <trkpt lat="28.23198024862756" lon="112.90295950215126">
        <ele>61.099958876147866</ele>
        <time>2026-09-18T22:44:00.900000Z</time>
        <extensions>
          <gpxtpx:TrackPointExtension>
            <gpxtpx:hr>158</gpxtpx:hr>
          </gpxtpx:TrackPointExtension>
        </extensions>
      </trkpt>
      <trkpt lat="28.23199648027938" lon="112.90295094392776">
        <ele>61.085505014285445</ele>
        <time>2026-09-18T22:44:01.900000Z</time>
        <extensions>
          <gpxtpx:TrackPointExtension>
            <gpxtpx:hr>158</gpxtpx:hr>
          </gpxtpx:TrackPointExtension>
        </extensions>
      </trkpt>
      <trkpt lat="28.23201373348528" lon="112.90294175501636">
        <ele>61.05463436804712</ele>
        <time>2026-09-18T22:44:02.900000Z</time>
        <extensions>
          <gpxtpx:TrackPointExtension>
            <gpxtpx:hr>158</gpxtpx:hr>
          </gpxtpx:TrackPointExtension>
        </extensions>
      </trkpt>
      <trkpt lat="28.23203190696212" lon="112.90293191969755">
        <ele>61.04271992016584</ele>
        <time>2026-09-18T22:44:03.900000Z</time>
        <extensions>
          <gpxtpx:TrackPointExtension>
            <gpxtpx:hr>158</gpxtpx:hr>
          </gpxtpx:TrackPointExtension>
        </extensions>
      </trkpt>
      <trkpt lat="28.23205077107932" lon="112.90292144126649">
        <ele>61.032170304097235</ele>
        <time>2026-09-18T22:44:04.900000Z</time>
        <extensions>
          <gpxtpx:TrackPointExtension>
            <gpxtpx:hr>158</gpxtpx:hr>
          </gpxtpx:TrackPointExtension>
        </extensions>
      </trkpt>
      <trkpt lat="28.23207002282376" lon="112.90291045386873">
        <ele>61.03314090985805</ele>
        <time>2026-09-18T22:44:05.900000Z</time>
        <extensions>
          <gpxtpx:TrackPointExtension>
            <gpxtpx:hr>158</gpxtpx:hr>
          </gpxtpx:TrackPointExtension>
        </extensions>
      </trkpt>
      <trkpt lat="28.232089485904506" lon="112.90289915596108">
        <ele>61.040349712595344</ele>
        <time>2026-09-18T22:44:06.900000Z</time>
        <extensions>
          <gpxtpx:TrackPointExtension>
            <gpxtpx:hr>158</gpxtpx:hr>
          </gpxtpx:TrackPointExtension>
        </extensions>
      </trkpt>
      <trkpt lat="28.232109057222914" lon="112.90288769043447">
        <ele>61.06160187255591</ele>
        <time>2026-09-18T22:44:07.900000Z</time>
        <extensions>
          <gpxtpx:TrackPointExtension>
            <gpxtpx:hr>158</gpxtpx:hr>
          </gpxtpx:TrackPointExtension>
        </extensions>
      </trkpt>
      <trkpt lat="28.232128667694234" lon="112.90287606041866">
        <ele>61.09618123713881</ele>
        <time>2026-09-18T22:44:08.900000Z</time>
        <extensions>
          <gpxtpx:TrackPointExtension>
            <gpxtpx:hr>158</gpxtpx:hr>
          </gpxtpx:TrackPointExtension>
        </extensions>
      </trkpt>
      <trkpt lat="28.232148307015198" lon="112.90286427458513">
        <ele>61.14512790925801</ele>
        <time>2026-09-18T22:44:09.900000Z</time>
        <extensions>
          <gpxtpx:TrackPointExtension>
            <gpxtpx:hr>158</gpxtpx:hr>
          </gpxtpx:TrackPointExtension>
        </extensions>
      </trkpt>
      <trkpt lat="28.232167968619475" lon="112.90285244855654">
        <ele>61.21490859147161</ele>
        <time>2026-09-18T22:44:10.900000Z</time>
        <extensions>
          <gpxtpx:TrackPointExtension>
            <gpxtpx:hr>158</gpxtpx:hr>
          </gpxtpx:TrackPointExtension>
        </extensions>
      </trkpt>
      <trkpt lat="28.232187682774413" lon="112.90284070773572">
        <ele>61.292111806571484</ele>
        <time>2026-09-18T22:44:11.900000Z</time>
        <extensions>
          <gpxtpx:TrackPointExtension>
            <gpxtpx:hr>158</gpxtpx:hr>
          </gpxtpx:TrackPointExtension>
        </extensions>
      </trkpt>
      <trkpt lat="28.23220751848274" lon="112.902829184594">
        <ele>61.378242906183004</ele>
        <time>2026-09-18T22:44:12.900000Z</time>
        <extensions>
          <gpxtpx:TrackPointExtension>
            <gpxtpx:hr>158</gpxtpx:hr>
          </gpxtpx:TrackPointExtension>
        </extensions>
      </trkpt>
      <trkpt lat="28.232227509625385" lon="112.90281789093825">
        <ele>61.46993304323405</ele>
        <time>2026-09-18T22:44:13.800000Z</time>
        <extensions>
          <gpxtpx:TrackPointExtension>
            <gpxtpx:hr>158</gpxtpx:hr>
          </gpxtpx:TrackPointExtension>
        </extensions>
      </trkpt>
      <trkpt lat="28.232247646793077" lon="112.90280668995787">
        <ele>61.566949089989066</ele>
        <time>2026-09-18T22:44:14.800000Z</time>
        <extensions>
          <gpxtpx:TrackPointExtension>
            <gpxtpx:hr>158</gpxtpx:hr>
          </gpxtpx:TrackPointExtension>
        </extensions>
      </trkpt>
      <trkpt lat="28.23226797554713" lon="112.90279549080236">
        <ele>61.66532426234335</ele>
        <time>2026-09-18T22:44:15.800000Z</time>
        <extensions>
          <gpxtpx:TrackPointExtension>
            <gpxtpx:hr>158</gpxtpx:hr>
          </gpxtpx:TrackPointExtension>
        </extensions>
      </trkpt>
      <trkpt lat="28.23228856218297" lon="112.90278423011436">
        <ele>61.759880473837256</ele>
        <time>2026-09-18T22:44:16.800000Z</time>
        <extensions>
          <gpxtpx:TrackPointExtension>
            <gpxtpx:hr>158</gpxtpx:hr>
          </gpxtpx:TrackPointExtension>
        </extensions>
      </trkpt>
      <trkpt lat="28.23230944816592" lon="112.90277279635613">
        <ele>61.85608138330281</ele>
        <time>2026-09-18T22:44:17.800000Z</time>
        <extensions>
          <gpxtpx:TrackPointExtension>
            <gpxtpx:hr>158</gpxtpx:hr>
          </gpxtpx:TrackPointExtension>
        </extensions>
      </trkpt>
      <trkpt lat="28.23233065259008" lon="112.90276115879699">
        <ele>61.95699981134385</ele>
        <time>2026-09-18T22:44:18.800000Z</time>
        <extensions>
          <gpxtpx:TrackPointExtension>
            <gpxtpx:hr>158</gpxtpx:hr>
          </gpxtpx:TrackPointExtension>
        </extensions>
      </trkpt>
      <trkpt lat="28.23235212535785" lon="112.9027493475931">
        <ele>62.061715979129076</ele>
        <time>2026-09-18T22:44:19.800000Z</time>
      </trkpt>
      <trkpt lat="28.23237371193083" lon="112.90273737022942">
        <ele>62.171984197571874</ele>
        <time>2026-09-18T22:44:20.800000Z</time>
      </trkpt>
      <trkpt lat="28.232395224774024" lon="112.90272533450113">
        <ele>62.288842944428325</ele>
        <time>2026-09-18T22:44:21.800000Z</time>
      </trkpt>
      <trkpt lat="28.232416545441886" lon="112.90271336823426">
        <ele>62.40432634111494</ele>
        <time>2026-09-18T22:44:22.800000Z</time>
      </trkpt>
      <trkpt lat="28.232437694967274" lon="112.90270148488345">
        <ele>62.525098382495344</ele>
        <time>2026-09-18T22:44:23.800000Z</time>
      </trkpt>
      <trkpt lat="28.232458786831568" lon="112.90268965270776">
        <ele>62.649945359677076</ele>
        <time>2026-09-18T22:44:24.800000Z</time>
      </trkpt>
      <trkpt lat="28.232479853352608" lon="112.90267779237925">
        <ele>62.772493592463434</ele>
        <time>2026-09-18T22:44:25.800000Z</time>
      </trkpt>
      <trkpt lat="28.23250088015177" lon="112.90266577160254">
        <ele>62.90079091023654</ele>
        <time>2026-09-18T22:44:26.800000Z</time>
      </trkpt>
      <trkpt lat="28.23252188142782" lon="112.90265348548192">
        <ele>63.02998262178153</ele>
        <time>2026-09-18T22:44:27.800000Z</time>
      </trkpt>
      <trkpt lat="28.232542886873137" lon="112.90264090055588">
        <ele>63.16404408868402</ele>
        <time>2026-09-18T22:44:28.800000Z</time>
      </trkpt>
      <trkpt lat="28.232563988163186" lon="112.90262805313947">
        <ele>63.30046290718019</ele>
        <time>2026-09-18T22:44:29.800000Z</time>
      </trkpt>
      <trkpt lat="28.23258527685076" lon="112.90261513585207">
        <ele>63.43548949621618</ele>
        <time>2026-09-18T22:44:30.800000Z</time>
      </trkpt>
      <trkpt lat="28.232606716930228" lon="112.90260234448131">
        <ele>63.57710003387183</ele>
        <time>2026-09-18T22:44:31.800000Z</time>
      </trkpt>
      <trkpt lat="28.2326281666321" lon="112.90258971071177">
        <ele>63.72184021957219</ele>
        <time>2026-09-18T22:44:32.800000Z</time>
      </trkpt>
      <trkpt lat="28.232649562149383" lon="112.90257729568346">
        <ele>63.86936047952622</ele>
        <time>2026-09-18T22:44:33.800000Z</time>
      </trkpt>
      <trkpt lat="28.23267081744895" lon="112.90256513305341">
        <ele>64.01929286122322</ele>
        <time>2026-09-18T22:44:34.800000Z</time>
      </trkpt>
      <trkpt lat="28.23269179934495" lon="112.90255316011869">
        <ele>64.16748162917793</ele>
        <time>2026-09-18T22:44:35.800000Z</time>
      </trkpt>
      <trkpt lat="28.232712493697612" lon="112.90254136030052">
        <ele>64.31763539463282</ele>
        <time>2026-09-18T22:44:36.800000Z</time>
      </trkpt>
      <trkpt lat="28.23273288061831" lon="112.90252977408781">
        <ele>64.46665807254612</ele>
        <time>2026-09-18T22:44:37.800000Z</time>
      </trkpt>
      <trkpt lat="28.232752862272566" lon="112.90251844493386">
        <ele>64.61108135897666</ele>
        <time>2026-09-18T22:44:38.800000Z</time>
      </trkpt>
      <trkpt lat="28.232772299555258" lon="112.90250744271388">
        <ele>64.74779221508652</ele>
        <time>2026-09-18T22:44:39.800000Z</time>
      </trkpt>
      <trkpt lat="28.232791686905077" lon="112.9024965892379">
        <ele>64.87445049360394</ele>
        <time>2026-09-18T22:44:40.800000Z</time>
      </trkpt>
      <trkpt lat="28.232811802265054" lon="112.9024856489021">
        <ele>64.98610753379762</ele>
        <time>2026-09-18T22:44:41.800000Z</time>
      </trkpt>
      <trkpt lat="28.232832446747093" lon="112.90247466139333">
        <ele>65.0759339146316</ele>
        <time>2026-09-18T22:44:42.800000Z</time>
      </trkpt>
      <trkpt lat="28.232852955735844" lon="112.90246374261196">
        <ele>65.13715550303459</ele>
        <time>2026-09-18T22:44:43.800000Z</time>
      </trkpt>
      <trkpt lat="28.232873163971274" lon="112.90245273319005">
        <ele>65.16452708374709</ele>
        <time>2026-09-18T22:44:44.800000Z</time>
      </trkpt>
      <trkpt lat="28.23289306571154" lon="112.90244111757465">
        <ele>65.15698491595685</ele>
        <time>2026-09-18T22:44:45.800000Z</time>
      </trkpt>
      <trkpt lat="28.232912618044132" lon="112.90242843120696">
        <ele>65.11227902118117</ele>
        <time>2026-09-18T22:44:46.800000Z</time>
      </trkpt>
      <trkpt lat="28.23293201539175" lon="112.90241492651732">
        <ele>65.0355830816552</ele>
        <time>2026-09-18T22:44:47.800000Z</time>
        <extensions>
          <gpxtpx:TrackPointExtension>
            <gpxtpx:hr>171</gpxtpx:hr>
          </gpxtpx:TrackPointExtension>
        </extensions>
      </trkpt>
      <trkpt lat="28.232951549835192" lon="112.90240102641229">
        <ele>64.93191752303392</ele>
        <time>2026-09-18T22:44:48.800000Z</time>
        <extensions>
          <gpxtpx:TrackPointExtension>
            <gpxtpx:hr>171</gpxtpx:hr>
          </gpxtpx:TrackPointExtension>
        </extensions>
      </trkpt>
      <trkpt lat="28.23297133749329" lon="112.90238707577574">
        <ele>64.8065797938034</ele>
        <time>2026-09-18T22:44:49.800000Z</time>
        <extensions>
          <gpxtpx:TrackPointExtension>
            <gpxtpx:hr>171</gpxtpx:hr>
          </gpxtpx:TrackPointExtension>
        </extensions>
      </trkpt>
      <trkpt lat="28.232991368083038" lon="112.90237336549878">
        <ele>64.66643778886646</ele>
        <time>2026-09-18T22:44:50.800000Z</time>
        <extensions>
          <gpxtpx:TrackPointExtension>
            <gpxtpx:hr>171</gpxtpx:hr>
          </gpxtpx:TrackPointExtension>
        </extensions>
      </trkpt>
      <trkpt lat="28.233011371432372" lon="112.9023596923803">
        <ele>64.51394209451973</ele>
        <time>2026-09-18T22:44:51.800000Z</time>
        <extensions>
          <gpxtpx:TrackPointExtension>
            <gpxtpx:hr>171</gpxtpx:hr>
          </gpxtpx:TrackPointExtension>
        </extensions>
      </trkpt>
      <trkpt lat="28.233030873610804" lon="112.90234595303845">
        <ele>64.35418744385242</ele>
        <time>2026-09-18T22:44:52.800000Z</time>
        <extensions>
          <gpxtpx:TrackPointExtension>
            <gpxtpx:hr>171</gpxtpx:hr>
          </gpxtpx:TrackPointExtension>
        </extensions>
      </trkpt>
      <trkpt lat="28.2330497703933" lon="112.90233249335283">
        <ele>64.18969844467938</ele>
        <time>2026-09-18T22:44:53.800000Z</time>
        <extensions>
          <gpxtpx:TrackPointExtension>
            <gpxtpx:hr>171</gpxtpx:hr>
          </gpxtpx:TrackPointExtension>
        </extensions>
      </trkpt>
      <trkpt lat="28.233068430714937" lon="112.9023196853903">
        <ele>64.02371468674392</ele>
        <time>2026-09-18T22:44:54.800000Z</time>
        <extensions>
          <gpxtpx:TrackPointExtension>
            <gpxtpx:hr>171</gpxtpx:hr>
          </gpxtpx:TrackPointExtension>
        </extensions>
      </trkpt>
      <trkpt lat="28.23308729223602" lon="112.90230737119344">
        <ele>63.85854875482619</ele>
        <time>2026-09-18T22:44:55.800000Z</time>
        <extensions>
          <gpxtpx:TrackPointExtension>
            <gpxtpx:hr>171</gpxtpx:hr>
          </gpxtpx:TrackPointExtension>
        </extensions>
      </trkpt>
      <trkpt lat="28.233106631783336" lon="112.90229516732968">
        <ele>63.695362040773034</ele>
        <time>2026-09-18T22:44:56.800000Z</time>
        <extensions>
          <gpxtpx:TrackPointExtension>
            <gpxtpx:hr>171</gpxtpx:hr>
          </gpxtpx:TrackPointExtension>
        </extensions>
      </trkpt>
      <trkpt lat="28.23312655104507" lon="112.90228303086532">
        <ele>63.53610059339553</ele>
        <time>2026-09-18T22:44:57.800000Z</time>
        <extensions>
          <gpxtpx:TrackPointExtension>
            <gpxtpx:hr>171</gpxtpx:hr>
          </gpxtpx:TrackPointExtension>
        </extensions>
      </trkpt>
      <trkpt lat="28.23314694801857" lon="112.90227088364749">
        <ele>63.381371774710715</ele>
        <time>2026-09-18T22:44:58.800000Z</time>
        <extensions>
          <gpxtpx:TrackPointExtension>
            <gpxtpx:hr>171</gpxtpx:hr>
          </gpxtpx:TrackPointExtension>
        </extensions>
      </trkpt>
      <trkpt lat="28.233167577224577" lon="112.90225874790144">
        <ele>63.23202754557133</ele>
        <time>2026-09-18T22:44:59.800000Z</time>
        <extensions>
          <gpxtpx:TrackPointExtension>
            <gpxtpx:hr>171</gpxtpx:hr>
          </gpxtpx:TrackPointExtension>
        </extensions>
      </trkpt>
      <trkpt lat="28.23318817769056" lon="112.90224680256031">
        <ele>63.0876275356859</ele>
        <time>2026-09-18T22:45:00.800000Z</time>
        <extensions>
          <gpxtpx:TrackPointExtension>
            <gpxtpx:hr>171</gpxtpx:hr>
          </gpxtpx:TrackPointExtension>
        </extensions>
      </trkpt>
      <trkpt lat="28.233208765104585" lon="112.90223496502288">
        <ele>62.94773429073393</ele>
        <time>2026-09-18T22:45:01.800000Z</time>
        <extensions>
          <gpxtpx:TrackPointExtension>
            <gpxtpx:hr>171</gpxtpx:hr>
          </gpxtpx:TrackPointExtension>
        </extensions>
      </trkpt>
      <trkpt lat="28.233229374547143" lon="112.90222318568846">
        <ele>62.81225791666657</ele>
        <time>2026-09-18T22:45:02.800000Z</time>
        <extensions>
          <gpxtpx:TrackPointExtension>
            <gpxtpx:hr>171</gpxtpx:hr>
          </gpxtpx:TrackPointExtension>
        </extensions>
      </trkpt>
      <trkpt lat="28.233249849171454" lon="112.9022117093362">
        <ele>62.680251931771636</ele>
        <time>2026-09-18T22:45:03.800000Z</time>
        <extensions>
          <gpxtpx:TrackPointExtension>
            <gpxtpx:hr>171</gpxtpx:hr>
          </gpxtpx:TrackPointExtension>
        </extensions>
      </trkpt>
      <trkpt lat="28.233270049305062" lon="112.90220085013831">
        <ele>62.55178208556026</ele>
        <time>2026-09-18T22:45:04.800000Z</time>
        <extensions>
          <gpxtpx:TrackPointExtension>
            <gpxtpx:hr>171</gpxtpx:hr>
          </gpxtpx:TrackPointExtension>
        </extensions>
      </trkpt>
      <trkpt lat="28.23329000425795" lon="112.90219065008752">
        <ele>62.42714465316385</ele>
        <time>2026-09-18T22:45:05.800000Z</time>
        <extensions>
          <gpxtpx:TrackPointExtension>
            <gpxtpx:hr>171</gpxtpx:hr>
          </gpxtpx:TrackPointExtension>
        </extensions>
      </trkpt>
      <trkpt lat="28.233309856109333" lon="112.90218085043243">
        <ele>62.30621211882681</ele>
        <time>2026-09-18T22:45:06.800000Z</time>
        <extensions>
          <gpxtpx:TrackPointExtension>
            <gpxtpx:hr>171</gpxtpx:hr>
          </gpxtpx:TrackPointExtension>
        </extensions>
      </trkpt>
      <trkpt lat="28.233329816899445" lon="112.90217105563225">
        <ele>62.189631229266524</ele>
        <time>2026-09-18T22:45:07.800000Z</time>
      </trkpt>
      <trkpt lat="28.2333499176287" lon="112.90216098132981">
        <ele>62.07805125229061</ele>
        <time>2026-09-18T22:45:08.700000Z</time>
      </trkpt>
      <trkpt lat="28.23337006101138" lon="112.90215044340442">
        <ele>61.971463553607464</ele>
        <time>2026-09-18T22:45:09.700000Z</time>
      </trkpt>
      <trkpt lat="28.233390337103472" lon="112.90213961742633">
        <ele>61.869889214634895</ele>
        <time>2026-09-18T22:45:10.700000Z</time>
      </trkpt>
      <trkpt lat="28.23341082124217" lon="112.90212878955391">
        <ele>61.77403220627457</ele>
        <time>2026-09-18T22:45:11.700000Z</time>
      </trkpt>
      <trkpt lat="28.233431442355307" lon="112.90211794134272">
        <ele>61.683044659905136</ele>
        <time>2026-09-18T22:45:12.700000Z</time>
      </trkpt>
      <trkpt lat="28.23345220975567" lon="112.90210689333608">
        <ele>61.5968207847327</ele>
        <time>2026-09-18T22:45:13.700000Z</time>
      </trkpt>
      <trkpt lat="28.233473229990633" lon="112.90209562448403">
        <ele>61.51463958248496</ele>
        <time>2026-09-18T22:45:14.700000Z</time>
      </trkpt>
      <trkpt lat="28.233494618733754" lon="112.9020841110923">
        <ele>61.436892883852124</ele>
        <time>2026-09-18T22:45:15.700000Z</time>
      </trkpt>
      <trkpt lat="28.233516414766296" lon="112.90207234753274">
        <ele>61.36348718777299</ele>
        <time>2026-09-18T22:45:16.700000Z</time>
      </trkpt>
      <trkpt lat="28.23353844337038" lon="112.90206056406801">
        <ele>61.294639869593084</ele>
        <time>2026-09-18T22:45:17.700000Z</time>
      </trkpt>
      <trkpt lat="28.233560534067674" lon="112.90204914361478">
        <ele>61.230537130497396</ele>
        <time>2026-09-18T22:45:18.700000Z</time>
      </trkpt>
      <trkpt lat="28.233582592349766" lon="112.9020383559563">
        <ele>61.17031329218298</ele>
        <time>2026-09-18T22:45:19.700000Z</time>
      </trkpt>
      <trkpt lat="28.233604659160832" lon="112.9020282969073">
        <ele>61.11434492561966</ele>
        <time>2026-09-18T22:45:20.700000Z</time>
      </trkpt>
      <trkpt lat="28.233626894464457" lon="112.902019238692">
        <ele>61.0617413520813</ele>
        <time>2026-09-18T22:45:21.700000Z</time>
      </trkpt>
      <trkpt lat="28.2336494116351" lon="112.90201161459802">
        <ele>61.012266856618226</ele>
        <time>2026-09-18T22:45:22.700000Z</time>
      </trkpt>
      <trkpt lat="28.233672224837516" lon="112.90200606276545">
        <ele>60.964757300913334</ele>
        <time>2026-09-18T22:45:23.700000Z</time>
      </trkpt>
      <trkpt lat="28.233695291023828" lon="112.90200310896809">
        <ele>60.917791018262506</ele>
        <time>2026-09-18T22:45:24.700000Z</time>
      </trkpt>
      <trkpt lat="28.233718451244656" lon="112.90200313243545">
        <ele>60.87054416257888</ele>
        <time>2026-09-18T22:45:25.700000Z</time>
      </trkpt>
      <trkpt lat="28.2337415609924" lon="112.90200626267188">
        <ele>60.822068713605404</ele>
        <time>2026-09-18T22:45:26.700000Z</time>
      </trkpt>
      <trkpt lat="28.23376439072655" lon="112.90201236060528">
        <ele>60.771589279174805</ele>
        <time>2026-09-18T22:45:27.700000Z</time>
      </trkpt>
      <trkpt lat="28.233786756972858" lon="112.90202160384867">
        <ele>60.71860811673105</ele>
        <time>2026-09-18T22:45:28.700000Z</time>
      </trkpt>
      <trkpt lat="28.233808646720938" lon="112.90203395043322">
        <ele>60.66307062562555</ele>
        <time>2026-09-18T22:45:29.700000Z</time>
      </trkpt>
      <trkpt lat="28.233830157378346" lon="112.90204858657974">
        <ele>60.605082074180245</ele>
        <time>2026-09-18T22:45:30.700000Z</time>
      </trkpt>
      <trkpt lat="28.23385097779407" lon="112.90206482972435">
        <ele>60.544952563010156</ele>
        <time>2026-09-18T22:45:31.700000Z</time>
      </trkpt>
      <trkpt lat="28.233870104040154" lon="112.90208259927726">
        <ele>60.48331484384835</ele>
        <time>2026-09-18T22:45:32.700000Z</time>
      </trkpt>
      <trkpt lat="28.233887046146243" lon="112.90210191391694">
        <ele>60.42083846684545</ele>
        <time>2026-09-18T22:45:33.700000Z</time>
      </trkpt>
      <trkpt lat="28.233901967834555" lon="112.90212262671079">
        <ele>60.3582901339978</ele>
        <time>2026-09-18T22:45:34.700000Z</time>
      </trkpt>
      <trkpt lat="28.23391501990324" lon="112.90214442646771">
        <ele>60.296541353687644</ele>
        <time>2026-09-18T22:45:35.700000Z</time>
      </trkpt>
      <trkpt lat="28.233926695690844" lon="112.90216726634566">
        <ele>60.235727025195956</ele>
        <time>2026-09-18T22:45:36.700000Z</time>
      </trkpt>
      <trkpt lat="28.233937239611528" lon="112.90219136507413">
        <ele>60.17657198011875</ele>
        <time>2026-09-18T22:45:37.700000Z</time>
      </trkpt>
      <trkpt lat="28.233946370054575" lon="112.90221648725954">
        <ele>60.12017232365906</ele>
        <time>2026-09-18T22:45:38.700000Z</time>
      </trkpt>
      <trkpt lat="28.233954127100983" lon="112.9022421539153">
        <ele>60.06618666276336</ele>
        <time>2026-09-18T22:45:39.700000Z</time>
      </trkpt>
      <trkpt lat="28.233960882158485" lon="112.90226825145288">
        <ele>60.01556711643934</ele>
        <time>2026-09-18T22:45:40.700000Z</time>
      </trkpt>
      <trkpt lat="28.23396697789793" lon="112.9022947020059">
        <ele>59.968321627005935</ele>
        <time>2026-09-18T22:45:41.700000Z</time>
      </trkpt>
      <trkpt lat="28.233972694946765" lon="112.9023211789122">
        <ele>59.9246773077175</ele>
        <time>2026-09-18T22:45:42.700000Z</time>
      </trkpt>
      <trkpt lat="28.23397834868254" lon="112.90234733892777">
        <ele>59.884767387993634</ele>
        <time>2026-09-18T22:45:43.700000Z</time>
      </trkpt>
      <trkpt lat="28.233984180271737" lon="112.90237307868063">
        <ele>59.84834388270974</ele>
        <time>2026-09-18T22:45:44.700000Z</time>
      </trkpt>
      <trkpt lat="28.233990002901187" lon="112.90239843034924">
        <ele>59.815694803372025</ele>
        <time>2026-09-18T22:45:45.700000Z</time>
      </trkpt>
      <trkpt lat="28.23399556693576" lon="112.90242356070898">
        <ele>59.7865638602525</ele>
        <time>2026-09-18T22:45:46.700000Z</time>
      </trkpt>
      <trkpt lat="28.234000836920508" lon="112.90244874519334">
        <ele>59.761505011469126</ele>
        <time>2026-09-18T22:45:47.700000Z</time>
      </trkpt>
      <trkpt lat="28.23400574880573" lon="112.90247409791603">
        <ele>59.74054035823792</ele>
        <time>2026-09-18T22:45:48.700000Z</time>
      </trkpt>
      <trkpt lat="28.234010254874516" lon="112.90249942541631">
        <ele>59.72394487541169</ele>
        <time>2026-09-18T22:45:49.700000Z</time>
      </trkpt>
      <trkpt lat="28.234014382569217" lon="112.90252434993235">
        <ele>59.71188400685787</ele>
        <time>2026-09-18T22:45:50.700000Z</time>
      </trkpt>
      <trkpt lat="28.234018230334286" lon="112.9025486148029">
        <ele>59.70433204062283</ele>
        <time>2026-09-18T22:45:51.700000Z</time>
      </trkpt>
      <trkpt lat="28.234021850294884" lon="112.90257268431075">
        <ele>59.701153948903084</ele>
        <time>2026-09-18T22:45:52.700000Z</time>
      </trkpt>
      <trkpt lat="28.234025259243694" lon="112.90259723376809">
        <ele>59.70214593783021</ele>
        <time>2026-09-18T22:45:53.700000Z</time>
      </trkpt>
      <trkpt lat="28.23402854382708" lon="112.9026222742295">
        <ele>59.7072482816875</ele>
        <time>2026-09-18T22:45:54.700000Z</time>
      </trkpt>
      <trkpt lat="28.234031969874515" lon="112.9026476274694">
        <ele>59.71617440879345</ele>
        <time>2026-09-18T22:45:55.700000Z</time>
      </trkpt>
      <trkpt lat="28.234035387761548" lon="112.90267322709428">
        <ele>59.728749386034906</ele>
        <time>2026-09-18T22:45:56.700000Z</time>
      </trkpt>
      <trkpt lat="28.234038346855932" lon="112.90269884118808">
        <ele>59.74493051785976</ele>
        <time>2026-09-18T22:45:57.700000Z</time>
      </trkpt>
      <trkpt lat="28.234040357842577" lon="112.90272422708301">
        <ele>59.764373793266714</ele>
        <time>2026-09-18T22:45:58.700000Z</time>
      </trkpt>
      <trkpt lat="28.234040840435785" lon="112.90274944122676">
        <ele>59.78691564872861</ele>
        <time>2026-09-18T22:45:59.700000Z</time>
      </trkpt>
      <trkpt lat="28.23403939374795" lon="112.90277438262693">
        <ele>59.81217365525663</ele>
        <time>2026-09-18T22:46:00.700000Z</time>
      </trkpt>
      <trkpt lat="28.234036331593135" lon="112.90279866091524">
        <ele>59.839144946075976</ele>
        <time>2026-09-18T22:46:01.700000Z</time>
      </trkpt>
      <trkpt lat="28.234033621539037" lon="112.90282232820176">
        <ele>59.86670932546258</ele>
        <time>2026-09-18T22:46:02.600000Z</time>
      </trkpt>
      <trkpt lat="28.234032447867524" lon="112.90284585131802">
        <ele>59.894147102721035</ele>
        <time>2026-09-18T22:46:03.600000Z</time>
      </trkpt>
      <trkpt lat="28.23403233645841" lon="112.90286941619138">
        <ele>59.92117802426219</ele>
        <time>2026-09-18T22:46:04.600000Z</time>
      </trkpt>
      <trkpt lat="28.23403303048095" lon="112.9028930276908">
        <ele>59.947673082351685</ele>
        <time>2026-09-18T22:46:05.600000Z</time>
      </trkpt>
      <trkpt lat="28.23403439281744" lon="112.90291651770498">
        <ele>59.974391157738864</ele>
        <time>2026-09-18T22:46:06.600000Z</time>
      </trkpt>
      <trkpt lat="28.23403663497355" lon="112.90294008055689">
        <ele>60.001877832226455</ele>
        <time>2026-09-18T22:46:07.600000Z</time>
      </trkpt>
      <trkpt lat="28.23403995515772" lon="112.90296419523224">
        <ele>60.030469502322376</ele>
        <time>2026-09-18T22:46:08.600000Z</time>
      </trkpt>
      <trkpt lat="28.234044278224058" lon="112.90298898987197">
        <ele>60.06044332869351</ele>
        <time>2026-09-18T22:46:09.600000Z</time>
      </trkpt>
      <trkpt lat="28.23404896271161" lon="112.90301434381017">
        <ele>60.092093989253044</ele>
        <time>2026-09-18T22:46:10.600000Z</time>
      </trkpt>
      <trkpt lat="28.234053253941973" lon="112.90303990872512">
        <ele>60.12531852442771</ele>
        <time>2026-09-18T22:46:11.600000Z</time>
      </trkpt>
      <trkpt lat="28.234057242736817" lon="112.90306533884608">
        <ele>60.160198180004954</ele>
        <time>2026-09-18T22:46:12.600000Z</time>
      </trkpt>
      <trkpt lat="28.23406115504248" lon="112.90309036383331">
        <ele>60.196121502667665</ele>
        <time>2026-09-18T22:46:13.600000Z</time>
      </trkpt>
      <trkpt lat="28.23406499137754" lon="112.90311505204147">
        <ele>60.23257487360388</ele>
        <time>2026-09-18T22:46:14.600000Z</time>
      </trkpt>
      <trkpt lat="28.234068469026486" lon="112.90313987257322">
        <ele>60.269357529468834</ele>
        <time>2026-09-18T22:46:15.600000Z</time>
      </trkpt>
      <trkpt lat="28.234071264505882" lon="112.90316504194004">
        <ele>60.30620909202844</ele>
        <time>2026-09-18T22:46:16.600000Z</time>
      </trkpt>
      <trkpt lat="28.234073303218107" lon="112.90319031147062">
        <ele>60.34332777187228</ele>
        <time>2026-09-18T22:46:17.600000Z</time>
      </trkpt>
      <trkpt lat="28.234074748351542" lon="112.90321556234923">
        <ele>60.38021534588188</ele>
        <time>2026-09-18T22:46:18.600000Z</time>
      </trkpt>
      <trkpt lat="28.234075842105117" lon="112.90324109033931">
        <ele>60.41718631237745</ele>
        <time>2026-09-18T22:46:19.600000Z</time>
      </trkpt>
      <trkpt lat="28.234076834034976" lon="112.90326702958636">
        <ele>60.4540593419224</ele>
        <time>2026-09-18T22:46:20.600000Z</time>
      </trkpt>
      <trkpt lat="28.234077992109473" lon="112.90329327546567">
        <ele>60.491067371331155</ele>
        <time>2026-09-18T22:46:21.600000Z</time>
      </trkpt>
      <trkpt lat="28.234079314152485" lon="112.90331977502484">
        <ele>60.52891337219626</ele>
        <time>2026-09-18T22:46:22.600000Z</time>
      </trkpt>
      <trkpt lat="28.234080614033843" lon="112.90334634287201">
        <ele>60.56795208249241</ele>
        <time>2026-09-18T22:46:23.600000Z</time>
      </trkpt>
      <trkpt lat="28.234081920827766" lon="112.90337285041328">
        <ele>60.60893268883228</ele>
        <time>2026-09-18T22:46:24.600000Z</time>
      </trkpt>
      <trkpt lat="28.234083271553313" lon="112.90339912604661">
        <ele>60.65219767764211</ele>
        <time>2026-09-18T22:46:25.600000Z</time>
      </trkpt>
      <trkpt lat="28.23408472083668" lon="112.90342526900454">
        <ele>60.69855274539441</ele>
        <time>2026-09-18T22:46:26.600000Z</time>
      </trkpt>
      <trkpt lat="28.23408639129009" lon="112.90345140591279">
        <ele>60.74873850028962</ele>
        <time>2026-09-18T22:46:27.600000Z</time>
      </trkpt>
      <trkpt lat="28.234087911388396" lon="112.90347729028836">
        <ele>60.80334306973964</ele>
        <time>2026-09-18T22:46:28.600000Z</time>
      </trkpt>
      <trkpt lat="28.234089244713058" lon="112.90350280621638">
        <ele>60.86216249316931</ele>
        <time>2026-09-18T22:46:29.600000Z</time>
      </trkpt>
      <trkpt lat="28.23409111039233" lon="112.9035279268656">
        <ele>60.92533427849412</ele>
        <time>2026-09-18T22:46:30.600000Z</time>
      </trkpt>
      <trkpt lat="28.23409380102921" lon="112.903552636023">
        <ele>60.99226050078869</ele>
        <time>2026-09-18T22:46:31.600000Z</time>
      </trkpt>
      <trkpt lat="28.234096361215933" lon="112.9035773525592">
        <ele>61.06264439411461</ele>
        <time>2026-09-18T22:46:32.600000Z</time>
      </trkpt>
      <trkpt lat="28.234097650006966" lon="112.903602518155">
        <ele>61.136079599149525</ele>
        <time>2026-09-18T22:46:33.600000Z</time>
      </trkpt>
      <trkpt lat="28.234097598596843" lon="112.90362814157999">
        <ele>61.21282354276627</ele>
        <time>2026-09-18T22:46:34.600000Z</time>
      </trkpt>
      <trkpt lat="28.234096683462234" lon="112.90365389939777">
        <ele>61.29309936054051</ele>
        <time>2026-09-18T22:46:35.600000Z</time>
      </trkpt>
      <trkpt lat="28.234095480840285" lon="112.9036793919797">
        <ele>61.37663726415485</ele>
        <time>2026-09-18T22:46:36.600000Z</time>
      </trkpt>
      <trkpt lat="28.234094184764835" lon="112.9037042876639">
        <ele>61.46347180195153</ele>
        <time>2026-09-18T22:46:37.600000Z</time>
      </trkpt>
      <trkpt lat="28.234092706103166" lon="112.90372836326337">
        <ele>61.55323829874396</ele>
        <time>2026-09-18T22:46:38.600000Z</time>
      </trkpt>
      <trkpt lat="28.234091244643245" lon="112.90375178183791">
        <ele>61.64583192206919</ele>
        <time>2026-09-18T22:46:39.600000Z</time>
      </trkpt>
      <trkpt lat="28.23408961659494" lon="112.90377512740444">
        <ele>61.74068229366094</ele>
        <time>2026-09-18T22:46:40.600000Z</time>
      </trkpt>
      <trkpt lat="28.234087591217968" lon="112.90379901213215">
        <ele>61.836988132447004</ele>
        <time>2026-09-18T22:46:41.600000Z</time>
      </trkpt>
      <trkpt lat="28.234085381117453" lon="112.90382368978132">
        <ele>61.9343150081113</ele>
        <time>2026-09-18T22:46:42.600000Z</time>
      </trkpt>
      <trkpt lat="28.23408338579122" lon="112.9038489844421">
        <ele>62.0317340772599</ele>
        <time>2026-09-18T22:46:43.600000Z</time>
      </trkpt>
      <trkpt lat="28.234081893950982" lon="112.90387438887605">
        <ele>62.12887507677078</ele>
        <time>2026-09-18T22:46:44.600000Z</time>
      </trkpt>
      <trkpt lat="28.234080892707844" lon="112.90389953937049">
        <ele>62.225107638165355</ele>
        <time>2026-09-18T22:46:45.600000Z</time>
      </trkpt>
      <trkpt lat="28.23408023954274" lon="112.90392447393172">
        <ele>62.32010603696108</ele>
        <time>2026-09-18T22:46:46.600000Z</time>
      </trkpt>
      <trkpt lat="28.23407958065241" lon="112.90394972673047">
        <ele>62.41404856927693</ele>
        <time>2026-09-18T22:46:47.600000Z</time>
      </trkpt>
      <trkpt lat="28.234078627762674" lon="112.90397584649158">
        <ele>62.50723845511675</ele>
        <time>2026-09-18T22:46:48.600000Z</time>
      </trkpt>
      <trkpt lat="28.23407729214271" lon="112.90400263421292">
        <ele>62.60026577766985</ele>
        <time>2026-09-18T22:46:49.600000Z</time>
      </trkpt>
      <trkpt lat="28.234075630675598" lon="112.90402928040069">
        <ele>62.69326336681843</ele>
        <time>2026-09-18T22:46:50.600000Z</time>
      </trkpt>
      <trkpt lat="28.234073918551505" lon="112.90405509173154">
        <ele>62.78617167286575</ele>
        <time>2026-09-18T22:46:51.600000Z</time>
      </trkpt>
      <trkpt lat="28.23407243830476" lon="112.90407981473203">
        <ele>62.87904420867562</ele>
        <time>2026-09-18T22:46:52.600000Z</time>
      </trkpt>
      <trkpt lat="28.234071288677523" lon="112.90410355583298">
        <ele>62.97121280990541</ele>
        <time>2026-09-18T22:46:53.600000Z</time>
      </trkpt>
      <trkpt lat="28.23407048336694" lon="112.90412661461902">
        <ele>63.06221987120807</ele>
        <time>2026-09-18T22:46:54.600000Z</time>
      </trkpt>
      <trkpt lat="28.234069874055596" lon="112.90414926875874">
        <ele>63.1513859750703</ele>
        <time>2026-09-18T22:46:55.500000Z</time>
      </trkpt>
      <trkpt lat="28.234069257573175" lon="112.90417169250433">
        <ele>63.23851656448096</ele>
        <time>2026-09-18T22:46:56.500000Z</time>
      </trkpt>
      <trkpt lat="28.234068592210523" lon="112.90419434520832">
        <ele>63.3232673862949</ele>
        <time>2026-09-18T22:46:57.500000Z</time>
      </trkpt>
      <trkpt lat="28.23406769144364" lon="112.90421759223463">
        <ele>63.40470371861011</ele>
        <time>2026-09-18T22:46:58.500000Z</time>
      </trkpt>
      <trkpt lat="28.234066259656338" lon="112.90424124886944">
        <ele>63.48253938462585</ele>
        <time>2026-09-18T22:46:59.500000Z</time>
      </trkpt>
      <trkpt lat="28.234064351430348" lon="112.90426509511461">
        <ele>63.55611273739487</ele>
        <time>2026-09-18T22:47:00.500000Z</time>
      </trkpt>
      <trkpt lat="28.234062112289482" lon="112.9042889951911">
        <ele>63.62484586983919</ele>
        <time>2026-09-18T22:47:01.500000Z</time>
      </trkpt>
      <trkpt lat="28.234059652317395" lon="112.90431291022743">
        <ele>63.68812529370189</ele>
        <time>2026-09-18T22:47:02.500000Z</time>
      </trkpt>
      <trkpt lat="28.23405727640071" lon="112.90433695536504">
        <ele>63.74565102532506</ele>
        <time>2026-09-18T22:47:03.500000Z</time>
      </trkpt>
      <trkpt lat="28.234055122673947" lon="112.90436111166547">
        <ele>63.79785337951034</ele>
        <time>2026-09-18T22:47:04.500000Z</time>
      </trkpt>
      <trkpt lat="28.234053191186785" lon="112.90438537164286">
        <ele>63.844861747696996</ele>
        <time>2026-09-18T22:47:05.500000Z</time>
      </trkpt>
      <trkpt lat="28.234051384971142" lon="112.90440975040971">
        <ele>63.888069743290544</ele>
        <time>2026-09-18T22:47:06.500000Z</time>
      </trkpt>
      <trkpt lat="28.23404963522604" lon="112.90443407587286">
        <ele>63.928783191367984</ele>
        <time>2026-09-18T22:47:07.500000Z</time>
      </trkpt>
      <trkpt lat="28.23404798116409" lon="112.90445821818415">
        <ele>63.96797502413392</ele>
        <time>2026-09-18T22:47:08.500000Z</time>
      </trkpt>
      <trkpt lat="28.234046418554296" lon="112.90448228447936">
        <ele>64.00759278144687</ele>
        <time>2026-09-18T22:47:09.500000Z</time>
      </trkpt>
      <trkpt lat="28.23404481871039" lon="112.9045063451535">
        <ele>64.04836919438094</ele>
        <time>2026-09-18T22:47:10.500000Z</time>
      </trkpt>
      <trkpt lat="28.234042892463084" lon="112.90453041731526">
        <ele>64.09140734840184</ele>
        <time>2026-09-18T22:47:11.500000Z</time>
      </trkpt>
      <trkpt lat="28.234040325985404" lon="112.90455462823245">
        <ele>64.13652997743338</ele>
        <time>2026-09-18T22:47:12.500000Z</time>
      </trkpt>
      <trkpt lat="28.23403712094785" lon="112.90457900765989">
        <ele>64.18339490517974</ele>
        <time>2026-09-18T22:47:13.500000Z</time>
      </trkpt>
      <trkpt lat="28.234033563652925" lon="112.90460344083156">
        <ele>64.23173847049475</ele>
        <time>2026-09-18T22:47:14.500000Z</time>
      </trkpt>
      <trkpt lat="28.234029957371344" lon="112.90462783782195">
        <ele>64.28106157109141</ele>
        <time>2026-09-18T22:47:15.500000Z</time>
      </trkpt>
      <trkpt lat="28.23402660082964" lon="112.90465205050963">
        <ele>64.33089248556644</ele>
        <time>2026-09-18T22:47:16.500000Z</time>
      </trkpt>
      <trkpt lat="28.23402369663438" lon="112.90467595444203">
        <ele>64.38161987625062</ele>
        <time>2026-09-18T22:47:17.500000Z</time>
      </trkpt>
      <trkpt lat="28.23402125939533" lon="112.90469970786017">
        <ele>64.4329087221995</ele>
        <time>2026-09-18T22:47:18.500000Z</time>
      </trkpt>
      <trkpt lat="28.23401925837577" lon="112.9047235805063">
        <ele>64.48501641862094</ele>
        <time>2026-09-18T22:47:19.500000Z</time>
      </trkpt>
      <trkpt lat="28.234017678643944" lon="112.90474776282987">
        <ele>64.53811337519437</ele>
        <time>2026-09-18T22:47:20.500000Z</time>
      </trkpt>
      <trkpt lat="28.234016374960675" lon="112.90477219440142">
        <ele>64.59937040135264</ele>
        <time>2026-09-18T22:47:21.500000Z</time>
      </trkpt>
      <trkpt lat="28.234015136925283" lon="112.90479673125745">
        <ele>64.65582676511258</ele>
        <time>2026-09-18T22:47:22.500000Z</time>
      </trkpt>
      <trkpt lat="28.234013934789104" lon="112.90482126624896">
        <ele>64.71295826788992</ele>
        <time>2026-09-18T22:47:23.500000Z</time>
      </trkpt>
      <trkpt lat="28.234013065241808" lon="112.90484572044778">
        <ele>64.77140158973634</ele>
        <time>2026-09-18T22:47:24.500000Z</time>
      </trkpt>
      <trkpt lat="28.2340127395006" lon="112.90487015903845">
        <ele>64.83124576788396</ele>
        <time>2026-09-18T22:47:25.500000Z</time>
      </trkpt>
      <trkpt lat="28.23401290983956" lon="112.90489457491539">
        <ele>64.89239057339728</ele>
        <time>2026-09-18T22:47:26.500000Z</time>
      </trkpt>
      <trkpt lat="28.234013551503622" lon="112.9049189671401">
        <ele>64.95478946901858</ele>
        <time>2026-09-18T22:47:27.500000Z</time>
      </trkpt>
      <trkpt lat="28.23401481241899" lon="112.9049434142667">
        <ele>65.01843366399407</ele>
        <time>2026-09-18T22:47:28.500000Z</time>
      </trkpt>
      <trkpt lat="28.234016902771348" lon="112.90496793239694">
        <ele>65.08326577208936</ele>
        <time>2026-09-18T22:47:29.500000Z</time>
      </trkpt>
      <trkpt lat="28.23401972735217" lon="112.904992477369">
        <ele>65.14924725983292</ele>
        <time>2026-09-18T22:47:30.500000Z</time>
      </trkpt>
      <trkpt lat="28.234022599045268" lon="112.90501724151588">
        <ele>65.2164797456935</ele>
        <time>2026-09-18T22:47:31.500000Z</time>
      </trkpt>
      <trkpt lat="28.23402487699901" lon="112.9050423796785">
        <ele>65.28519214782864</ele>
        <time>2026-09-18T22:47:32.500000Z</time>
      </trkpt>
      <trkpt lat="28.234026204243158" lon="112.90506794581327">
        <ele>65.3555567394942</ele>
        <time>2026-09-18T22:47:33.500000Z</time>
      </trkpt>
      <trkpt lat="28.23402655197091" lon="112.90509409738132">
        <ele>65.42758951429278</ele>
        <time>2026-09-18T22:47:34.500000Z</time>
      </trkpt>
      <trkpt lat="28.23402642609359" lon="112.90512066089806">
        <ele>65.50111584831029</ele>
        <time>2026-09-18T22:47:35.500000Z</time>
      </trkpt>
      <trkpt lat="28.2340262651913" lon="112.90514713019364">
        <ele>65.57593358680606</ele>
        <time>2026-09-18T22:47:36.500000Z</time>
      </trkpt>
      <trkpt lat="28.234026014800584" lon="112.90517333061868">
        <ele>65.6519247610122</ele>
        <time>2026-09-18T22:47:37.500000Z</time>
      </trkpt>
      <trkpt lat="28.234025743500943" lon="112.90519934183457">
        <ele>65.72901360876858</ele>
        <time>2026-09-18T22:47:38.500000Z</time>
        <extensions>
          <gpxtpx:TrackPointExtension>
            <gpxtpx:hr>174</gpxtpx:hr>
          </gpxtpx:TrackPointExtension>
        </extensions>
      </trkpt>
      <trkpt lat="28.23402522051584" lon="112.90522535611109">
        <ele>65.80710854753852</ele>
        <time>2026-09-18T22:47:39.500000Z</time>
        <extensions>
          <gpxtpx:TrackPointExtension>
            <gpxtpx:hr>174</gpxtpx:hr>
          </gpxtpx:TrackPointExtension>
        </extensions>
      </trkpt>
      <trkpt lat="28.234023853206182" lon="112.90525144362462">
        <ele>65.88608007505536</ele>
        <time>2026-09-18T22:47:40.500000Z</time>
        <extensions>
          <gpxtpx:TrackPointExtension>
            <gpxtpx:hr>174</gpxtpx:hr>
          </gpxtpx:TrackPointExtension>
        </extensions>
      </trkpt>
      <trkpt lat="28.234021330017423" lon="112.90527759493489">
        <ele>65.96578099112958</ele>
        <time>2026-09-18T22:47:41.500000Z</time>
        <extensions>
          <gpxtpx:TrackPointExtension>
            <gpxtpx:hr>174</gpxtpx:hr>
          </gpxtpx:TrackPointExtension>
        </extensions>
      </trkpt>
      <trkpt lat="28.234018046775365" lon="112.90530391603359">
        <ele>66.04598661605269</ele>
        <time>2026-09-18T22:47:42.500000Z</time>
        <extensions>
          <gpxtpx:TrackPointExtension>
            <gpxtpx:hr>174</gpxtpx:hr>
          </gpxtpx:TrackPointExtension>
        </extensions>
      </trkpt>
      <trkpt lat="28.234014869305344" lon="112.90533048056483">
        <ele>66.12635654304177</ele>
        <time>2026-09-18T22:47:43.500000Z</time>
        <extensions>
          <gpxtpx:TrackPointExtension>
            <gpxtpx:hr>174</gpxtpx:hr>
          </gpxtpx:TrackPointExtension>
        </extensions>
      </trkpt>
      <trkpt lat="28.234012098553453" lon="112.90535722829807">
        <ele>66.2065111771226</ele>
        <time>2026-09-18T22:47:44.500000Z</time>
        <extensions>
          <gpxtpx:TrackPointExtension>
            <gpxtpx:hr>174</gpxtpx:hr>
          </gpxtpx:TrackPointExtension>
        </extensions>
      </trkpt>
      <trkpt lat="28.234009619258504" lon="112.90538386913191">
        <ele>66.28608926385641</ele>
        <time>2026-09-18T22:47:45.500000Z</time>
        <extensions>
          <gpxtpx:TrackPointExtension>
            <gpxtpx:hr>174</gpxtpx:hr>
          </gpxtpx:TrackPointExtension>
        </extensions>
      </trkpt>
      <trkpt lat="28.234007605112666" lon="112.90541031997213">
        <ele>66.36477755848318</ele>
        <time>2026-09-18T22:47:46.500000Z</time>
        <extensions>
          <gpxtpx:TrackPointExtension>
            <gpxtpx:hr>174</gpxtpx:hr>
          </gpxtpx:TrackPointExtension>
        </extensions>
      </trkpt>
      <trkpt lat="28.234006326214917" lon="112.90543674320278">
        <ele>66.44235486257821</ele>
        <time>2026-09-18T22:47:47.500000Z</time>
        <extensions>
          <gpxtpx:TrackPointExtension>
            <gpxtpx:hr>174</gpxtpx:hr>
          </gpxtpx:TrackPointExtension>
        </extensions>
      </trkpt>
      <trkpt lat="28.23400565796991" lon="112.90546317402583">
        <ele>66.51880532223731</ele>
        <time>2026-09-18T22:47:48.400000Z</time>
        <extensions>
          <gpxtpx:TrackPointExtension>
            <gpxtpx:hr>174</gpxtpx:hr>
          </gpxtpx:TrackPointExtension>
        </extensions>
      </trkpt>
      <trkpt lat="28.234005432750184" lon="112.90548938709344">
        <ele>66.59434255585074</ele>
        <time>2026-09-18T22:47:49.400000Z</time>
        <extensions>
          <gpxtpx:TrackPointExtension>
            <gpxtpx:hr>175</gpxtpx:hr>
          </gpxtpx:TrackPointExtension>
        </extensions>
      </trkpt>
      <trkpt lat="28.23400554187393" lon="112.90551534283463">
        <ele>66.66924871038646</ele>
        <time>2026-09-18T22:47:50.400000Z</time>
        <extensions>
          <gpxtpx:TrackPointExtension>
            <gpxtpx:hr>175</gpxtpx:hr>
          </gpxtpx:TrackPointExtension>
        </extensions>
      </trkpt>
      <trkpt lat="28.234005810102765" lon="112.9055412379161">
        <ele>66.74380630347878</ele>
        <time>2026-09-18T22:47:51.400000Z</time>
        <extensions>
          <gpxtpx:TrackPointExtension>
            <gpxtpx:hr>175</gpxtpx:hr>
          </gpxtpx:TrackPointExtension>
        </extensions>
      </trkpt>
      <trkpt lat="28.23400590356342" lon="112.90556733996094">
        <ele>66.81837006285787</ele>
        <time>2026-09-18T22:47:52.400000Z</time>
        <extensions>
          <gpxtpx:TrackPointExtension>
            <gpxtpx:hr>175</gpxtpx:hr>
          </gpxtpx:TrackPointExtension>
        </extensions>
      </trkpt>
      <trkpt lat="28.23400560322456" lon="112.90559366081551">
        <ele>66.89340678043664</ele>
        <time>2026-09-18T22:47:53.400000Z</time>
        <extensions>
          <gpxtpx:TrackPointExtension>
            <gpxtpx:hr>175</gpxtpx:hr>
          </gpxtpx:TrackPointExtension>
        </extensions>
      </trkpt>
      <trkpt lat="28.234004913959332" lon="112.90561968324695">
        <ele>66.96940915938467</ele>
        <time>2026-09-18T22:47:54.400000Z</time>
        <extensions>
          <gpxtpx:TrackPointExtension>
            <gpxtpx:hr>175</gpxtpx:hr>
          </gpxtpx:TrackPointExtension>
        </extensions>
      </trkpt>
      <trkpt lat="28.234004008543582" lon="112.90564515287893">
        <ele>67.0468306094408</ele>
        <time>2026-09-18T22:47:55.400000Z</time>
        <extensions>
          <gpxtpx:TrackPointExtension>
            <gpxtpx:hr>175</gpxtpx:hr>
          </gpxtpx:TrackPointExtension>
        </extensions>
      </trkpt>
      <trkpt lat="28.234003025334708" lon="112.90567057470187">
        <ele>67.12607375066727</ele>
        <time>2026-09-18T22:47:56.400000Z</time>
        <extensions>
          <gpxtpx:TrackPointExtension>
            <gpxtpx:hr>175</gpxtpx:hr>
          </gpxtpx:TrackPointExtension>
        </extensions>
      </trkpt>
      <trkpt lat="28.234001908677403" lon="112.90569641955356">
        <ele>67.20743286889046</ele>
        <time>2026-09-18T22:47:57.400000Z</time>
        <extensions>
          <gpxtpx:TrackPointExtension>
            <gpxtpx:hr>175</gpxtpx:hr>
          </gpxtpx:TrackPointExtension>
        </extensions>
      </trkpt>
      <trkpt lat="28.234000584590394" lon="112.90572284737006">
        <ele>67.29118346050382</ele>
        <time>2026-09-18T22:47:58.400000Z</time>
        <extensions>
          <gpxtpx:TrackPointExtension>
            <gpxtpx:hr>175</gpxtpx:hr>
          </gpxtpx:TrackPointExtension>
        </extensions>
      </trkpt>
      <trkpt lat="28.2339992705056" lon="112.90574978007993">
        <ele>67.37763761449605</ele>
        <time>2026-09-18T22:47:59.400000Z</time>
        <extensions>
          <gpxtpx:TrackPointExtension>
            <gpxtpx:hr>175</gpxtpx:hr>
          </gpxtpx:TrackPointExtension>
        </extensions>
      </trkpt>
      <trkpt lat="28.233998110146107" lon="112.90577704259499">
        <ele>67.46701689716429</ele>
        <time>2026-09-18T22:48:00.400000Z</time>
        <extensions>
          <gpxtpx:TrackPointExtension>
            <gpxtpx:hr>175</gpxtpx:hr>
          </gpxtpx:TrackPointExtension>
        </extensions>
      </trkpt>
      <trkpt lat="28.233996938762058" lon="112.90580429363894">
        <ele>67.5593823324889</ele>
        <time>2026-09-18T22:48:01.400000Z</time>
        <extensions>
          <gpxtpx:TrackPointExtension>
            <gpxtpx:hr>175</gpxtpx:hr>
          </gpxtpx:TrackPointExtension>
        </extensions>
      </trkpt>
      <trkpt lat="28.233995685864667" lon="112.90583118665438">
        <ele>67.65464905370027</ele>
        <time>2026-09-18T22:48:02.400000Z</time>
        <extensions>
          <gpxtpx:TrackPointExtension>
            <gpxtpx:hr>175</gpxtpx:hr>
          </gpxtpx:TrackPointExtension>
        </extensions>
      </trkpt>
      <trkpt lat="28.233994460022704" lon="112.90585763366535">
        <ele>67.7526618828997</ele>
        <time>2026-09-18T22:48:03.400000Z</time>
        <extensions>
          <gpxtpx:TrackPointExtension>
            <gpxtpx:hr>175</gpxtpx:hr>
          </gpxtpx:TrackPointExtension>
        </extensions>
      </trkpt>
      <trkpt lat="28.233993325759492" lon="112.90588373006145">
        <ele>67.85321072582155</ele>
        <time>2026-09-18T22:48:04.400000Z</time>
        <extensions>
          <gpxtpx:TrackPointExtension>
            <gpxtpx:hr>174</gpxtpx:hr>
          </gpxtpx:TrackPointExtension>
        </extensions>
      </trkpt>
      <trkpt lat="28.23399234202013" lon="112.90590953637917">
        <ele>67.95598745904863</ele>
        <time>2026-09-18T22:48:05.400000Z</time>
        <extensions>
          <gpxtpx:TrackPointExtension>
            <gpxtpx:hr>174</gpxtpx:hr>
          </gpxtpx:TrackPointExtension>
        </extensions>
      </trkpt>
      <trkpt lat="28.233991595258384" lon="112.90593498873872">
        <ele>68.06058003846556</ele>
        <time>2026-09-18T22:48:06.400000Z</time>
        <extensions>
          <gpxtpx:TrackPointExtension>
            <gpxtpx:hr>174</gpxtpx:hr>
          </gpxtpx:TrackPointExtension>
        </extensions>
      </trkpt>
      <trkpt lat="28.233990982962577" lon="112.90596009957608">
        <ele>68.16635235678405</ele>
        <time>2026-09-18T22:48:07.400000Z</time>
        <extensions>
          <gpxtpx:TrackPointExtension>
            <gpxtpx:hr>174</gpxtpx:hr>
          </gpxtpx:TrackPointExtension>
        </extensions>
      </trkpt>
      <trkpt lat="28.233990288551745" lon="112.90598505529942">
        <ele>68.272227704525</ele>
        <time>2026-09-18T22:48:08.400000Z</time>
        <extensions>
          <gpxtpx:TrackPointExtension>
            <gpxtpx:hr>174</gpxtpx:hr>
          </gpxtpx:TrackPointExtension>
        </extensions>
      </trkpt>
      <trkpt lat="28.233989393089047" lon="112.90601022480193">
        <ele>68.37654613796622</ele>
        <time>2026-09-18T22:48:09.400000Z</time>
        <extensions>
          <gpxtpx:TrackPointExtension>
            <gpxtpx:hr>174</gpxtpx:hr>
          </gpxtpx:TrackPointExtension>
        </extensions>
      </trkpt>
      <trkpt lat="28.233988176943296" lon="112.90603589808639">
        <ele>68.47696078103036</ele>
        <time>2026-09-18T22:48:10.400000Z</time>
        <extensions>
          <gpxtpx:TrackPointExtension>
            <gpxtpx:hr>175</gpxtpx:hr>
          </gpxtpx:TrackPointExtension>
        </extensions>
      </trkpt>
      <trkpt lat="28.23398686460606" lon="112.90605694050012">
        <ele>68.55338762979954</ele>
        <time>2026-09-18T22:48:11.200000Z</time>
        <extensions>
          <gpxtpx:TrackPointExtension>
            <gpxtpx:hr>175</gpxtpx:hr>
          </gpxtpx:TrackPointExtension>
        </extensions>
      </trkpt>
      <trkpt lat="28.233984740471104" lon="112.90608363507123">
        <ele>68.6419672165066</ele>
        <time>2026-09-18T22:48:12.200000Z</time>
        <extensions>
          <gpxtpx:TrackPointExtension>
            <gpxtpx:hr>175</gpxtpx:hr>
          </gpxtpx:TrackPointExtension>
        </extensions>
      </trkpt>
      <trkpt lat="28.23398219272913" lon="112.90611032045047">
        <ele>68.72150023002177</ele>
        <time>2026-09-18T22:48:13.200000Z</time>
        <extensions>
          <gpxtpx:TrackPointExtension>
            <gpxtpx:hr>174</gpxtpx:hr>
          </gpxtpx:TrackPointExtension>
        </extensions>
      </trkpt>
      <trkpt lat="28.233979534322476" lon="112.90613646690626">
        <ele>68.7923344662413</ele>
        <time>2026-09-18T22:48:14.200000Z</time>
        <extensions>
          <gpxtpx:TrackPointExtension>
            <gpxtpx:hr>174</gpxtpx:hr>
          </gpxtpx:TrackPointExtension>
        </extensions>
      </trkpt>
      <trkpt lat="28.23397686750833" lon="112.90616215930503">
        <ele>68.85566341970116</ele>
        <time>2026-09-18T22:48:15.200000Z</time>
        <extensions>
          <gpxtpx:TrackPointExtension>
            <gpxtpx:hr>174</gpxtpx:hr>
          </gpxtpx:TrackPointExtension>
        </extensions>
      </trkpt>
      <trkpt lat="28.23397409389267" lon="112.90618781001896">
        <ele>68.91303848754615</ele>
        <time>2026-09-18T22:48:16.200000Z</time>
        <extensions>
          <gpxtpx:TrackPointExtension>
            <gpxtpx:hr>174</gpxtpx:hr>
          </gpxtpx:TrackPointExtension>
        </extensions>
      </trkpt>
      <trkpt lat="28.233971193065585" lon="112.90621360394519">
        <ele>68.9660648535937</ele>
        <time>2026-09-18T22:48:17.200000Z</time>
        <extensions>
          <gpxtpx:TrackPointExtension>
            <gpxtpx:hr>174</gpxtpx:hr>
          </gpxtpx:TrackPointExtension>
        </extensions>
      </trkpt>
      <trkpt lat="28.23396832966163" lon="112.90623946939506">
        <ele>69.01617041695863</ele>
        <time>2026-09-18T22:48:18.200000Z</time>
        <extensions>
          <gpxtpx:TrackPointExtension>
            <gpxtpx:hr>174</gpxtpx:hr>
          </gpxtpx:TrackPointExtension>
        </extensions>
      </trkpt>
      <trkpt lat="28.233965639473954" lon="112.90626535921909">
        <ele>69.06440807878971</ele>
        <time>2026-09-18T22:48:19.200000Z</time>
        <extensions>
          <gpxtpx:TrackPointExtension>
            <gpxtpx:hr>175</gpxtpx:hr>
          </gpxtpx:TrackPointExtension>
        </extensions>
      </trkpt>
      <trkpt lat="28.23396313481342" lon="112.90629134425203">
        <ele>69.11134642641991</ele>
        <time>2026-09-18T22:48:20.200000Z</time>
        <extensions>
          <gpxtpx:TrackPointExtension>
            <gpxtpx:hr>175</gpxtpx:hr>
          </gpxtpx:TrackPointExtension>
        </extensions>
      </trkpt>
      <trkpt lat="28.233960787575562" lon="112.90631737357326">
        <ele>69.15709643345326</ele>
        <time>2026-09-18T22:48:21.200000Z</time>
        <extensions>
          <gpxtpx:TrackPointExtension>
            <gpxtpx:hr>175</gpxtpx:hr>
          </gpxtpx:TrackPointExtension>
        </extensions>
      </trkpt>
      <trkpt lat="28.23395855277289" lon="112.90634344423731">
        <ele>69.20141888409853</ele>
        <time>2026-09-18T22:48:22.200000Z</time>
        <extensions>
          <gpxtpx:TrackPointExtension>
            <gpxtpx:hr>175</gpxtpx:hr>
          </gpxtpx:TrackPointExtension>
        </extensions>
      </trkpt>
      <trkpt lat="28.23395635632587" lon="112.90636946934572">
        <ele>69.24390956480056</ele>
        <time>2026-09-18T22:48:23.200000Z</time>
        <extensions>
          <gpxtpx:TrackPointExtension>
            <gpxtpx:hr>175</gpxtpx:hr>
          </gpxtpx:TrackPointExtension>
        </extensions>
      </trkpt>
      <trkpt lat="28.233954243319324" lon="112.90639541749852">
        <ele>69.28428018186241</ele>
        <time>2026-09-18T22:48:24.200000Z</time>
        <extensions>
          <gpxtpx:TrackPointExtension>
            <gpxtpx:hr>175</gpxtpx:hr>
          </gpxtpx:TrackPointExtension>
        </extensions>
      </trkpt>
      <trkpt lat="28.233952246814134" lon="112.90642154417444">
        <ele>69.3225689586252</ele>
        <time>2026-09-18T22:48:25.200000Z</time>
        <extensions>
          <gpxtpx:TrackPointExtension>
            <gpxtpx:hr>174</gpxtpx:hr>
          </gpxtpx:TrackPointExtension>
        </extensions>
      </trkpt>
      <trkpt lat="28.23395039507304" lon="112.90644817991034">
        <ele>69.35911600664258</ele>
        <time>2026-09-18T22:48:26.200000Z</time>
        <extensions>
          <gpxtpx:TrackPointExtension>
            <gpxtpx:hr>174</gpxtpx:hr>
          </gpxtpx:TrackPointExtension>
        </extensions>
      </trkpt>
      <trkpt lat="28.233948685287043" lon="112.90647525312775">
        <ele>69.39442192483693</ele>
        <time>2026-09-18T22:48:27.200000Z</time>
        <extensions>
          <gpxtpx:TrackPointExtension>
            <gpxtpx:hr>174</gpxtpx:hr>
          </gpxtpx:TrackPointExtension>
        </extensions>
      </trkpt>
      <trkpt lat="28.233947035939075" lon="112.90650224401875">
        <ele>69.42898315005004</ele>
        <time>2026-09-18T22:48:28.200000Z</time>
        <extensions>
          <gpxtpx:TrackPointExtension>
            <gpxtpx:hr>174</gpxtpx:hr>
          </gpxtpx:TrackPointExtension>
        </extensions>
      </trkpt>
      <trkpt lat="28.233945380027627" lon="112.9065289044726">
        <ele>69.46309179067612</ele>
        <time>2026-09-18T22:48:29.200000Z</time>
        <extensions>
          <gpxtpx:TrackPointExtension>
            <gpxtpx:hr>174</gpxtpx:hr>
          </gpxtpx:TrackPointExtension>
        </extensions>
      </trkpt>
      <trkpt lat="28.233943677229874" lon="112.90655555203398">
        <ele>69.49669675435871</ele>
        <time>2026-09-18T22:48:30.200000Z</time>
        <extensions>
          <gpxtpx:TrackPointExtension>
            <gpxtpx:hr>173</gpxtpx:hr>
          </gpxtpx:TrackPointExtension>
        </extensions>
      </trkpt>
      <trkpt lat="28.23394194290113" lon="112.90658243669492">
        <ele>69.52944490406662</ele>
        <time>2026-09-18T22:48:31.200000Z</time>
        <extensions>
          <gpxtpx:TrackPointExtension>
            <gpxtpx:hr>173</gpxtpx:hr>
          </gpxtpx:TrackPointExtension>
        </extensions>
      </trkpt>
      <trkpt lat="28.23394006652225" lon="112.90660953358477">
        <ele>69.56084069889039</ele>
        <time>2026-09-18T22:48:32.200000Z</time>
        <extensions>
          <gpxtpx:TrackPointExtension>
            <gpxtpx:hr>173</gpxtpx:hr>
          </gpxtpx:TrackPointExtension>
        </extensions>
      </trkpt>
      <trkpt lat="28.23393823627597" lon="112.90663689706527">
        <ele>69.59040004387498</ele>
        <time>2026-09-18T22:48:33.200000Z</time>
        <extensions>
          <gpxtpx:TrackPointExtension>
            <gpxtpx:hr>173</gpxtpx:hr>
          </gpxtpx:TrackPointExtension>
        </extensions>
      </trkpt>
      <trkpt lat="28.233936729201638" lon="112.90666438106531">
        <ele>69.61785599309951</ele>
        <time>2026-09-18T22:48:34.200000Z</time>
        <extensions>
          <gpxtpx:TrackPointExtension>
            <gpxtpx:hr>173</gpxtpx:hr>
          </gpxtpx:TrackPointExtension>
        </extensions>
      </trkpt>
      <trkpt lat="28.233935473506232" lon="112.9066917191364">
        <ele>69.64324866887182</ele>
        <time>2026-09-18T22:48:35.200000Z</time>
        <extensions>
          <gpxtpx:TrackPointExtension>
            <gpxtpx:hr>173</gpxtpx:hr>
          </gpxtpx:TrackPointExtension>
        </extensions>
      </trkpt>
      <trkpt lat="28.233934357010135" lon="112.9067191241522">
        <ele>69.66689009126276</ele>
        <time>2026-09-18T22:48:36.200000Z</time>
        <extensions>
          <gpxtpx:TrackPointExtension>
            <gpxtpx:hr>173</gpxtpx:hr>
          </gpxtpx:TrackPointExtension>
        </extensions>
      </trkpt>
      <trkpt lat="28.233933435117546" lon="112.90674678901729">
        <ele>69.68919171951711</ele>
        <time>2026-09-18T22:48:37.200000Z</time>
        <extensions>
          <gpxtpx:TrackPointExtension>
            <gpxtpx:hr>173</gpxtpx:hr>
          </gpxtpx:TrackPointExtension>
        </extensions>
      </trkpt>
      <trkpt lat="28.233932771161545" lon="112.9067745809155">
        <ele>69.71053005568683</ele>
        <time>2026-09-18T22:48:38.200000Z</time>
        <extensions>
          <gpxtpx:TrackPointExtension>
            <gpxtpx:hr>173</gpxtpx:hr>
          </gpxtpx:TrackPointExtension>
        </extensions>
      </trkpt>
      <trkpt lat="28.23393220547678" lon="112.90680227564033">
        <ele>69.73119735252112</ele>
        <time>2026-09-18T22:48:39.200000Z</time>
        <extensions>
          <gpxtpx:TrackPointExtension>
            <gpxtpx:hr>173</gpxtpx:hr>
          </gpxtpx:TrackPointExtension>
        </extensions>
      </trkpt>
      <trkpt lat="28.233931626068653" lon="112.90682995964815">
        <ele>69.75139992963523</ele>
        <time>2026-09-18T22:48:40.200000Z</time>
        <extensions>
          <gpxtpx:TrackPointExtension>
            <gpxtpx:hr>173</gpxtpx:hr>
          </gpxtpx:TrackPointExtension>
        </extensions>
      </trkpt>
      <trkpt lat="28.233931282225697" lon="112.90685779128">
        <ele>69.77127987053245</ele>
        <time>2026-09-18T22:48:41.200000Z</time>
        <extensions>
          <gpxtpx:TrackPointExtension>
            <gpxtpx:hr>172</gpxtpx:hr>
          </gpxtpx:TrackPointExtension>
        </extensions>
      </trkpt>
      <trkpt lat="28.233931060752713" lon="112.90688563502364">
        <ele>69.79095546714962</ele>
        <time>2026-09-18T22:48:42.200000Z</time>
        <extensions>
          <gpxtpx:TrackPointExtension>
            <gpxtpx:hr>172</gpxtpx:hr>
          </gpxtpx:TrackPointExtension>
        </extensions>
      </trkpt>
      <trkpt lat="28.233930704952876" lon="112.90691320827767">
        <ele>69.8105452619493</ele>
        <time>2026-09-18T22:48:43.200000Z</time>
        <extensions>
          <gpxtpx:TrackPointExtension>
            <gpxtpx:hr>172</gpxtpx:hr>
          </gpxtpx:TrackPointExtension>
        </extensions>
      </trkpt>
      <trkpt lat="28.233930208255707" lon="112.90694035523644">
        <ele>69.83014571107924</ele>
        <time>2026-09-18T22:48:44.200000Z</time>
        <extensions>
          <gpxtpx:TrackPointExtension>
            <gpxtpx:hr>172</gpxtpx:hr>
          </gpxtpx:TrackPointExtension>
        </extensions>
      </trkpt>
      <trkpt lat="28.233929584087164" lon="112.90696734118144">
        <ele>69.84979704488069</ele>
        <time>2026-09-18T22:48:45.200000Z</time>
        <extensions>
          <gpxtpx:TrackPointExtension>
            <gpxtpx:hr>172</gpxtpx:hr>
          </gpxtpx:TrackPointExtension>
        </extensions>
      </trkpt>
      <trkpt lat="28.233928943751387" lon="112.90699449148507">
        <ele>69.86948715336621</ele>
        <time>2026-09-18T22:48:46.200000Z</time>
        <extensions>
          <gpxtpx:TrackPointExtension>
            <gpxtpx:hr>169</gpxtpx:hr>
          </gpxtpx:TrackPointExtension>
        </extensions>
      </trkpt>
      <trkpt lat="28.233928435370203" lon="112.90702207029668">
        <ele>69.88919471483678</ele>
        <time>2026-09-18T22:48:47.200000Z</time>
        <extensions>
          <gpxtpx:TrackPointExtension>
            <gpxtpx:hr>169</gpxtpx:hr>
          </gpxtpx:TrackPointExtension>
        </extensions>
      </trkpt>
      <trkpt lat="28.233928205626466" lon="112.9070499594785">
        <ele>69.90891175996512</ele>
        <time>2026-09-18T22:48:48.200000Z</time>
        <extensions>
          <gpxtpx:TrackPointExtension>
            <gpxtpx:hr>169</gpxtpx:hr>
          </gpxtpx:TrackPointExtension>
        </extensions>
      </trkpt>
      <trkpt lat="28.233928213596638" lon="112.90707782542565">
        <ele>69.92859174311161</ele>
        <time>2026-09-18T22:48:49.200000Z</time>
        <extensions>
          <gpxtpx:TrackPointExtension>
            <gpxtpx:hr>169</gpxtpx:hr>
          </gpxtpx:TrackPointExtension>
        </extensions>
      </trkpt>
      <trkpt lat="28.233928513888248" lon="112.90710549240791">
        <ele>69.94805511739105</ele>
        <time>2026-09-18T22:48:50.200000Z</time>
        <extensions>
          <gpxtpx:TrackPointExtension>
            <gpxtpx:hr>169</gpxtpx:hr>
          </gpxtpx:TrackPointExtension>
        </extensions>
      </trkpt>
      <trkpt lat="28.233929145378266" lon="112.90713292539287">
        <ele>69.96689553651959</ele>
        <time>2026-09-18T22:48:51.200000Z</time>
        <extensions>
          <gpxtpx:TrackPointExtension>
            <gpxtpx:hr>167</gpxtpx:hr>
          </gpxtpx:TrackPointExtension>
        </extensions>
      </trkpt>
      <trkpt lat="28.233929638701852" lon="112.90716025472032">
        <ele>69.98439186811447</ele>
        <time>2026-09-18T22:48:52.200000Z</time>
        <extensions>
          <gpxtpx:TrackPointExtension>
            <gpxtpx:hr>167</gpxtpx:hr>
          </gpxtpx:TrackPointExtension>
        </extensions>
      </trkpt>
      <trkpt lat="28.233929514792184" lon="112.90718756994124">
        <ele>69.999462406151</ele>
        <time>2026-09-18T22:48:53.200000Z</time>
        <extensions>
          <gpxtpx:TrackPointExtension>
            <gpxtpx:hr>167</gpxtpx:hr>
          </gpxtpx:TrackPointExtension>
        </extensions>
      </trkpt>
      <trkpt lat="28.23392878935115" lon="112.90721493152431">
        <ele>70.01072295196354</ele>
        <time>2026-09-18T22:48:54.200000Z</time>
        <extensions>
          <gpxtpx:TrackPointExtension>
            <gpxtpx:hr>167</gpxtpx:hr>
          </gpxtpx:TrackPointExtension>
        </extensions>
      </trkpt>
      <trkpt lat="28.233927564372276" lon="112.90724230357904">
        <ele>70.01665111631155</ele>
        <time>2026-09-18T22:48:55.200000Z</time>
        <extensions>
          <gpxtpx:TrackPointExtension>
            <gpxtpx:hr>167</gpxtpx:hr>
          </gpxtpx:TrackPointExtension>
        </extensions>
      </trkpt>
      <trkpt lat="28.23392599011341" lon="112.90726961653984">
        <ele>70.01586597319692</ele>
        <time>2026-09-18T22:48:56.200000Z</time>
        <extensions>
          <gpxtpx:TrackPointExtension>
            <gpxtpx:hr>167</gpxtpx:hr>
          </gpxtpx:TrackPointExtension>
        </extensions>
      </trkpt>
      <trkpt lat="28.233923969970242" lon="112.90729997270682">
        <ele>70.00570274703205</ele>
        <time>2026-09-18T22:48:57.300000Z</time>
        <extensions>
          <gpxtpx:TrackPointExtension>
            <gpxtpx:hr>167</gpxtpx:hr>
          </gpxtpx:TrackPointExtension>
        </extensions>
      </trkpt>
      <trkpt lat="28.233922179179388" lon="112.90732451023793">
        <ele>69.9905546111986</ele>
        <time>2026-09-18T22:48:58.200000Z</time>
        <extensions>
          <gpxtpx:TrackPointExtension>
            <gpxtpx:hr>167</gpxtpx:hr>
          </gpxtpx:TrackPointExtension>
        </extensions>
      </trkpt>
      <trkpt lat="28.233919788888205" lon="112.90735511680944">
        <ele>69.9631907613948</ele>
        <time>2026-09-18T22:48:59.300000Z</time>
        <extensions>
          <gpxtpx:TrackPointExtension>
            <gpxtpx:hr>165</gpxtpx:hr>
          </gpxtpx:TrackPointExtension>
        </extensions>
      </trkpt>
      <trkpt lat="28.23391730148557" lon="112.90738269527515">
        <ele>69.93087144847959</ele>
        <time>2026-09-18T22:49:00.300000Z</time>
        <extensions>
          <gpxtpx:TrackPointExtension>
            <gpxtpx:hr>165</gpxtpx:hr>
          </gpxtpx:TrackPointExtension>
        </extensions>
      </trkpt>
      <trkpt lat="28.23391399226351" lon="112.90741017067671">
        <ele>69.89246057532728</ele>
        <time>2026-09-18T22:49:01.300000Z</time>
        <extensions>
          <gpxtpx:TrackPointExtension>
            <gpxtpx:hr>165</gpxtpx:hr>
          </gpxtpx:TrackPointExtension>
        </extensions>
      </trkpt>
      <trkpt lat="28.23391021784902" lon="112.9074347067137">
        <ele>69.85271441191435</ele>
        <time>2026-09-18T22:49:02.200000Z</time>
        <extensions>
          <gpxtpx:TrackPointExtension>
            <gpxtpx:hr>165</gpxtpx:hr>
          </gpxtpx:TrackPointExtension>
        </extensions>
      </trkpt>
      <trkpt lat="28.233905676820292" lon="112.9074620075352">
        <ele>69.80219625961035</ele>
        <time>2026-09-18T22:49:03.200000Z</time>
        <extensions>
          <gpxtpx:TrackPointExtension>
            <gpxtpx:hr>165</gpxtpx:hr>
          </gpxtpx:TrackPointExtension>
        </extensions>
      </trkpt>
      <trkpt lat="28.23390088665803" lon="112.907492100515">
        <ele>69.74066074658185</ele>
        <time>2026-09-18T22:49:04.300000Z</time>
        <extensions>
          <gpxtpx:TrackPointExtension>
            <gpxtpx:hr>165</gpxtpx:hr>
          </gpxtpx:TrackPointExtension>
        </extensions>
      </trkpt>
      <trkpt lat="28.233897221236006" lon="112.9075196449301">
        <ele>69.68280125316232</ele>
        <time>2026-09-18T22:49:05.300000Z</time>
        <extensions>
          <gpxtpx:TrackPointExtension>
            <gpxtpx:hr>165</gpxtpx:hr>
          </gpxtpx:TrackPointExtension>
        </extensions>
      </trkpt>
      <trkpt lat="28.2338944591206" lon="112.90754723465038">
        <ele>69.62690756376833</ele>
        <time>2026-09-18T22:49:06.300000Z</time>
        <extensions>
          <gpxtpx:TrackPointExtension>
            <gpxtpx:hr>165</gpxtpx:hr>
          </gpxtpx:TrackPointExtension>
        </extensions>
      </trkpt>
      <trkpt lat="28.233892478822927" lon="112.90757488201413">
        <ele>69.57540445588529</ele>
        <time>2026-09-18T22:49:07.300000Z</time>
        <extensions>
          <gpxtpx:TrackPointExtension>
            <gpxtpx:hr>165</gpxtpx:hr>
          </gpxtpx:TrackPointExtension>
        </extensions>
      </trkpt>
      <trkpt lat="28.233890998294306" lon="112.90760254994589">
        <ele>69.53010994195938</ele>
        <time>2026-09-18T22:49:08.300000Z</time>
        <extensions>
          <gpxtpx:TrackPointExtension>
            <gpxtpx:hr>165</gpxtpx:hr>
          </gpxtpx:TrackPointExtension>
        </extensions>
      </trkpt>
      <trkpt lat="28.233889758864855" lon="112.90763011164883">
        <ele>69.49236909206957</ele>
        <time>2026-09-18T22:49:09.300000Z</time>
        <extensions>
          <gpxtpx:TrackPointExtension>
            <gpxtpx:hr>165</gpxtpx:hr>
          </gpxtpx:TrackPointExtension>
        </extensions>
      </trkpt>
      <trkpt lat="28.233888728812186" lon="112.90765762306722">
        <ele>69.46305794361979</ele>
        <time>2026-09-18T22:49:10.300000Z</time>
        <extensions>
          <gpxtpx:TrackPointExtension>
            <gpxtpx:hr>165</gpxtpx:hr>
          </gpxtpx:TrackPointExtension>
        </extensions>
      </trkpt>
      <trkpt lat="28.233887824952472" lon="112.90768552239834">
        <ele>69.44254471268505</ele>
        <time>2026-09-18T22:49:11.300000Z</time>
        <extensions>
          <gpxtpx:TrackPointExtension>
            <gpxtpx:hr>165</gpxtpx:hr>
          </gpxtpx:TrackPointExtension>
        </extensions>
      </trkpt>
      <trkpt lat="28.233886691544015" lon="112.90771394423149">
        <ele>69.43064779508859</ele>
        <time>2026-09-18T22:49:12.300000Z</time>
        <extensions>
          <gpxtpx:TrackPointExtension>
            <gpxtpx:hr>165</gpxtpx:hr>
          </gpxtpx:TrackPointExtension>
        </extensions>
      </trkpt>
      <trkpt lat="28.233885134490166" lon="112.90774255557284">
        <ele>69.42667420394719</ele>
        <time>2026-09-18T22:49:13.300000Z</time>
        <extensions>
          <gpxtpx:TrackPointExtension>
            <gpxtpx:hr>165</gpxtpx:hr>
          </gpxtpx:TrackPointExtension>
        </extensions>
      </trkpt>
      <trkpt lat="28.233883214793625" lon="112.90777102123252">
        <ele>69.42934944853187</ele>
        <time>2026-09-18T22:49:14.300000Z</time>
        <extensions>
          <gpxtpx:TrackPointExtension>
            <gpxtpx:hr>165</gpxtpx:hr>
          </gpxtpx:TrackPointExtension>
        </extensions>
      </trkpt>
      <trkpt lat="28.233881159949853" lon="112.9077993212236">
        <ele>69.43664179928601</ele>
        <time>2026-09-18T22:49:15.300000Z</time>
        <extensions>
          <gpxtpx:TrackPointExtension>
            <gpxtpx:hr>165</gpxtpx:hr>
          </gpxtpx:TrackPointExtension>
        </extensions>
      </trkpt>
      <trkpt lat="28.233879710897888" lon="112.90782546771064">
        <ele>69.4451120942831</ele>
        <time>2026-09-18T22:49:16.200000Z</time>
        <extensions>
          <gpxtpx:TrackPointExtension>
            <gpxtpx:hr>165</gpxtpx:hr>
          </gpxtpx:TrackPointExtension>
        </extensions>
      </trkpt>
      <trkpt lat="28.233879447611457" lon="112.9078537409594">
        <ele>69.45338921062648</ele>
        <time>2026-09-18T22:49:17.200000Z</time>
        <extensions>
          <gpxtpx:TrackPointExtension>
            <gpxtpx:hr>165</gpxtpx:hr>
          </gpxtpx:TrackPointExtension>
        </extensions>
      </trkpt>
      <trkpt lat="28.23388078372422" lon="112.90788400997057">
        <ele>69.45914961770177</ele>
        <time>2026-09-18T22:49:18.300000Z</time>
        <extensions>
          <gpxtpx:TrackPointExtension>
            <gpxtpx:hr>165</gpxtpx:hr>
          </gpxtpx:TrackPointExtension>
        </extensions>
      </trkpt>
      <trkpt lat="28.233882593780145" lon="112.90791021413698">
        <ele>69.46068026963621</ele>
        <time>2026-09-18T22:49:19.200000Z</time>
        <extensions>
          <gpxtpx:TrackPointExtension>
            <gpxtpx:hr>165</gpxtpx:hr>
          </gpxtpx:TrackPointExtension>
        </extensions>
      </trkpt>
      <trkpt lat="28.23388457224909" lon="112.90793834950288">
        <ele>69.4575948305428</ele>
        <time>2026-09-18T22:49:20.200000Z</time>
        <extensions>
          <gpxtpx:TrackPointExtension>
            <gpxtpx:hr>165</gpxtpx:hr>
          </gpxtpx:TrackPointExtension>
        </extensions>
      </trkpt>
      <trkpt lat="28.233886219065006" lon="112.90796663703506">
        <ele>69.44834908470511</ele>
        <time>2026-09-18T22:49:21.200000Z</time>
        <extensions>
          <gpxtpx:TrackPointExtension>
            <gpxtpx:hr>165</gpxtpx:hr>
          </gpxtpx:TrackPointExtension>
        </extensions>
      </trkpt>
      <trkpt lat="28.233887468054068" lon="112.90799505561704">
        <ele>69.4322819057852</ele>
        <time>2026-09-18T22:49:22.200000Z</time>
        <extensions>
          <gpxtpx:TrackPointExtension>
            <gpxtpx:hr>166</gpxtpx:hr>
          </gpxtpx:TrackPointExtension>
        </extensions>
      </trkpt>
      <trkpt lat="28.233888500455514" lon="112.90802335690516">
        <ele>69.40944466087967</ele>
        <time>2026-09-18T22:49:23.200000Z</time>
        <extensions>
          <gpxtpx:TrackPointExtension>
            <gpxtpx:hr>166</gpxtpx:hr>
          </gpxtpx:TrackPointExtension>
        </extensions>
      </trkpt>
      <trkpt lat="28.233889102731126" lon="112.90805157711752">
        <ele>69.3806913131848</ele>
        <time>2026-09-18T22:49:24.200000Z</time>
        <extensions>
          <gpxtpx:TrackPointExtension>
            <gpxtpx:hr>166</gpxtpx:hr>
          </gpxtpx:TrackPointExtension>
        </extensions>
      </trkpt>
      <trkpt lat="28.233889090293587" lon="112.90808001527168">
        <ele>69.34738253988326</ele>
        <time>2026-09-18T22:49:25.200000Z</time>
        <extensions>
          <gpxtpx:TrackPointExtension>
            <gpxtpx:hr>166</gpxtpx:hr>
          </gpxtpx:TrackPointExtension>
        </extensions>
      </trkpt>
      <trkpt lat="28.233888484157315" lon="112.90810874769055">
        <ele>69.31097608432174</ele>
        <time>2026-09-18T22:49:26.200000Z</time>
        <extensions>
          <gpxtpx:TrackPointExtension>
            <gpxtpx:hr>166</gpxtpx:hr>
          </gpxtpx:TrackPointExtension>
        </extensions>
      </trkpt>
      <trkpt lat="28.233887436021025" lon="112.90813754595932">
        <ele>69.27273392211646</ele>
        <time>2026-09-18T22:49:27.200000Z</time>
        <extensions>
          <gpxtpx:TrackPointExtension>
            <gpxtpx:hr>167</gpxtpx:hr>
          </gpxtpx:TrackPointExtension>
        </extensions>
      </trkpt>
      <trkpt lat="28.233886224751167" lon="112.90816640511854">
        <ele>69.23348956182599</ele>
        <time>2026-09-18T22:49:28.200000Z</time>
        <extensions>
          <gpxtpx:TrackPointExtension>
            <gpxtpx:hr>167</gpxtpx:hr>
          </gpxtpx:TrackPointExtension>
        </extensions>
      </trkpt>
      <trkpt lat="28.233885068573397" lon="112.90819559697007">
        <ele>69.19355772342533</ele>
        <time>2026-09-18T22:49:29.200000Z</time>
        <extensions>
          <gpxtpx:TrackPointExtension>
            <gpxtpx:hr>167</gpxtpx:hr>
          </gpxtpx:TrackPointExtension>
        </extensions>
      </trkpt>
      <trkpt lat="28.233884044693873" lon="112.90822516220624">
        <ele>69.15287951938808</ele>
        <time>2026-09-18T22:49:30.200000Z</time>
        <extensions>
          <gpxtpx:TrackPointExtension>
            <gpxtpx:hr>167</gpxtpx:hr>
          </gpxtpx:TrackPointExtension>
        </extensions>
      </trkpt>
      <trkpt lat="28.233883022519887" lon="112.90825460521899">
        <ele>69.11127126961946</ele>
        <time>2026-09-18T22:49:31.200000Z</time>
        <extensions>
          <gpxtpx:TrackPointExtension>
            <gpxtpx:hr>167</gpxtpx:hr>
          </gpxtpx:TrackPointExtension>
        </extensions>
      </trkpt>
      <trkpt lat="28.233881617854582" lon="112.90828348924899">
        <ele>69.06862986180931</ele>
        <time>2026-09-18T22:49:32.200000Z</time>
        <extensions>
          <gpxtpx:TrackPointExtension>
            <gpxtpx:hr>166</gpxtpx:hr>
          </gpxtpx:TrackPointExtension>
        </extensions>
      </trkpt>
      <trkpt lat="28.233879903808326" lon="112.90831206062427">
        <ele>69.02511438634247</ele>
        <time>2026-09-18T22:49:33.200000Z</time>
        <extensions>
          <gpxtpx:TrackPointExtension>
            <gpxtpx:hr>166</gpxtpx:hr>
          </gpxtpx:TrackPointExtension>
        </extensions>
      </trkpt>
      <trkpt lat="28.233878379432227" lon="112.9083405242844">
        <ele>68.98122605215758</ele>
        <time>2026-09-18T22:49:34.200000Z</time>
        <extensions>
          <gpxtpx:TrackPointExtension>
            <gpxtpx:hr>166</gpxtpx:hr>
          </gpxtpx:TrackPointExtension>
        </extensions>
      </trkpt>
      <trkpt lat="28.233877268503928" lon="112.90836846842703">
        <ele>68.9377344828099</ele>
        <time>2026-09-18T22:49:35.200000Z</time>
        <extensions>
          <gpxtpx:TrackPointExtension>
            <gpxtpx:hr>166</gpxtpx:hr>
          </gpxtpx:TrackPointExtension>
        </extensions>
      </trkpt>
      <trkpt lat="28.233876352434365" lon="112.90839545835176">
        <ele>68.89549717213959</ele>
        <time>2026-09-18T22:49:36.200000Z</time>
        <extensions>
          <gpxtpx:TrackPointExtension>
            <gpxtpx:hr>166</gpxtpx:hr>
          </gpxtpx:TrackPointExtension>
        </extensions>
      </trkpt>
      <trkpt lat="28.233875658498718" lon="112.90842186796873">
        <ele>68.85525580868125</ele>
        <time>2026-09-18T22:49:37.200000Z</time>
        <extensions>
          <gpxtpx:TrackPointExtension>
            <gpxtpx:hr>166</gpxtpx:hr>
          </gpxtpx:TrackPointExtension>
        </extensions>
      </trkpt>
      <trkpt lat="28.233875378855707" lon="112.90844839337831">
        <ele>68.81740133091807</ele>
        <time>2026-09-18T22:49:38.200000Z</time>
        <extensions>
          <gpxtpx:TrackPointExtension>
            <gpxtpx:hr>166</gpxtpx:hr>
          </gpxtpx:TrackPointExtension>
        </extensions>
      </trkpt>
      <trkpt lat="28.233875307885768" lon="112.90847535827137">
        <ele>68.78180304076523</ele>
        <time>2026-09-18T22:49:39.200000Z</time>
        <extensions>
          <gpxtpx:TrackPointExtension>
            <gpxtpx:hr>163</gpxtpx:hr>
          </gpxtpx:TrackPointExtension>
        </extensions>
      </trkpt>
      <trkpt lat="28.233874957972585" lon="112.90850282770045">
        <ele>68.74785838555545</ele>
        <time>2026-09-18T22:49:40.200000Z</time>
        <extensions>
          <gpxtpx:TrackPointExtension>
            <gpxtpx:hr>163</gpxtpx:hr>
          </gpxtpx:TrackPointExtension>
        </extensions>
      </trkpt>
      <trkpt lat="28.233873864476237" lon="112.90853082232447">
        <ele>68.714688279666</ele>
        <time>2026-09-18T22:49:41.200000Z</time>
        <extensions>
          <gpxtpx:TrackPointExtension>
            <gpxtpx:hr>163</gpxtpx:hr>
          </gpxtpx:TrackPointExtension>
        </extensions>
      </trkpt>
      <trkpt lat="28.233872035341218" lon="112.90855904188926">
        <ele>68.68136219959706</ele>
        <time>2026-09-18T22:49:42.200000Z</time>
        <extensions>
          <gpxtpx:TrackPointExtension>
            <gpxtpx:hr>163</gpxtpx:hr>
          </gpxtpx:TrackPointExtension>
        </extensions>
      </trkpt>
      <trkpt lat="28.233869850636335" lon="112.90858734594975">
        <ele>68.64714854490012</ele>
        <time>2026-09-18T22:49:43.200000Z</time>
        <extensions>
          <gpxtpx:TrackPointExtension>
            <gpxtpx:hr>163</gpxtpx:hr>
          </gpxtpx:TrackPointExtension>
        </extensions>
      </trkpt>
      <trkpt lat="28.23386765296283" lon="112.90861560188915">
        <ele>68.61166947335005</ele>
        <time>2026-09-18T22:49:44.200000Z</time>
        <extensions>
          <gpxtpx:TrackPointExtension>
            <gpxtpx:hr>163</gpxtpx:hr>
          </gpxtpx:TrackPointExtension>
        </extensions>
      </trkpt>
      <trkpt lat="28.233865554620724" lon="112.90864339369489">
        <ele>68.57481565512717</ele>
        <time>2026-09-18T22:49:45.200000Z</time>
        <extensions>
          <gpxtpx:TrackPointExtension>
            <gpxtpx:hr>163</gpxtpx:hr>
          </gpxtpx:TrackPointExtension>
        </extensions>
      </trkpt>
      <trkpt lat="28.23386345727601" lon="112.90867050906718">
        <ele>68.53645781427622</ele>
        <time>2026-09-18T22:49:46.200000Z</time>
        <extensions>
          <gpxtpx:TrackPointExtension>
            <gpxtpx:hr>162</gpxtpx:hr>
          </gpxtpx:TrackPointExtension>
        </extensions>
      </trkpt>
      <trkpt lat="28.233861070790674" lon="112.90869705197966">
        <ele>68.49615600798279</ele>
        <time>2026-09-18T22:49:47.200000Z</time>
        <extensions>
          <gpxtpx:TrackPointExtension>
            <gpxtpx:hr>162</gpxtpx:hr>
          </gpxtpx:TrackPointExtension>
        </extensions>
      </trkpt>
      <trkpt lat="28.233858264300775" lon="112.90872342429375">
        <ele>68.45297203212976</ele>
        <time>2026-09-18T22:49:48.200000Z</time>
        <extensions>
          <gpxtpx:TrackPointExtension>
            <gpxtpx:hr>162</gpxtpx:hr>
          </gpxtpx:TrackPointExtension>
        </extensions>
      </trkpt>
      <trkpt lat="28.233855329154633" lon="112.90874981803242">
        <ele>68.40538369026035</ele>
        <time>2026-09-18T22:49:49.200000Z</time>
        <extensions>
          <gpxtpx:TrackPointExtension>
            <gpxtpx:hr>162</gpxtpx:hr>
          </gpxtpx:TrackPointExtension>
        </extensions>
      </trkpt>
      <trkpt lat="28.23385266952009" lon="112.9087761622679">
        <ele>68.35126581043005</ele>
        <time>2026-09-18T22:49:50.200000Z</time>
        <extensions>
          <gpxtpx:TrackPointExtension>
            <gpxtpx:hr>162</gpxtpx:hr>
          </gpxtpx:TrackPointExtension>
        </extensions>
      </trkpt>
      <trkpt lat="28.23385008223047" lon="112.90880229612152">
        <ele>68.28801601100713</ele>
        <time>2026-09-18T22:49:51.200000Z</time>
        <extensions>
          <gpxtpx:TrackPointExtension>
            <gpxtpx:hr>162</gpxtpx:hr>
          </gpxtpx:TrackPointExtension>
        </extensions>
      </trkpt>
      <trkpt lat="28.23384711545067" lon="112.90882808109716">
        <ele>68.21286411117762</ele>
        <time>2026-09-18T22:49:52.200000Z</time>
        <extensions>
          <gpxtpx:TrackPointExtension>
            <gpxtpx:hr>162</gpxtpx:hr>
          </gpxtpx:TrackPointExtension>
        </extensions>
      </trkpt>
      <trkpt lat="28.233843830898937" lon="112.90885367418369">
        <ele>68.12350027821958</ele>
        <time>2026-09-18T22:49:53.200000Z</time>
        <extensions>
          <gpxtpx:TrackPointExtension>
            <gpxtpx:hr>162</gpxtpx:hr>
          </gpxtpx:TrackPointExtension>
        </extensions>
      </trkpt>
      <trkpt lat="28.23384053865112" lon="112.90887955640609">
        <ele>68.01905198395252</ele>
        <time>2026-09-18T22:49:54.200000Z</time>
        <extensions>
          <gpxtpx:TrackPointExtension>
            <gpxtpx:hr>162</gpxtpx:hr>
          </gpxtpx:TrackPointExtension>
        </extensions>
      </trkpt>
      <trkpt lat="28.233837349032108" lon="112.90890591040423">
        <ele>67.90172281768173</ele>
        <time>2026-09-18T22:49:55.200000Z</time>
        <extensions>
          <gpxtpx:TrackPointExtension>
            <gpxtpx:hr>164</gpxtpx:hr>
          </gpxtpx:TrackPointExtension>
        </extensions>
      </trkpt>
      <trkpt lat="28.233834246365607" lon="112.90893261809674">
        <ele>67.77600945904851</ele>
        <time>2026-09-18T22:49:56.200000Z</time>
        <extensions>
          <gpxtpx:TrackPointExtension>
            <gpxtpx:hr>164</gpxtpx:hr>
          </gpxtpx:TrackPointExtension>
        </extensions>
      </trkpt>
      <trkpt lat="28.23383139826697" lon="112.90895952046952">
        <ele>67.64631219487637</ele>
        <time>2026-09-18T22:49:57.200000Z</time>
        <extensions>
          <gpxtpx:TrackPointExtension>
            <gpxtpx:hr>164</gpxtpx:hr>
          </gpxtpx:TrackPointExtension>
        </extensions>
      </trkpt>
      <trkpt lat="28.23382905614412" lon="112.90898644757974">
        <ele>67.51609278190881</ele>
        <time>2026-09-18T22:49:58.200000Z</time>
        <extensions>
          <gpxtpx:TrackPointExtension>
            <gpxtpx:hr>164</gpxtpx:hr>
          </gpxtpx:TrackPointExtension>
        </extensions>
      </trkpt>
      <trkpt lat="28.233827422357336" lon="112.90901339867047">
        <ele>67.38771601207554</ele>
        <time>2026-09-18T22:49:59.200000Z</time>
        <extensions>
          <gpxtpx:TrackPointExtension>
            <gpxtpx:hr>164</gpxtpx:hr>
          </gpxtpx:TrackPointExtension>
        </extensions>
      </trkpt>
      <trkpt lat="28.233826436542554" lon="112.90904046141502">
        <ele>67.26271944493055</ele>
        <time>2026-09-18T22:50:00.200000Z</time>
        <extensions>
          <gpxtpx:TrackPointExtension>
            <gpxtpx:hr>164</gpxtpx:hr>
          </gpxtpx:TrackPointExtension>
        </extensions>
      </trkpt>
      <trkpt lat="28.23382568978721" lon="112.9090676264538">
        <ele>67.1423618607223</ele>
        <time>2026-09-18T22:50:01.200000Z</time>
        <extensions>
          <gpxtpx:TrackPointExtension>
            <gpxtpx:hr>166</gpxtpx:hr>
          </gpxtpx:TrackPointExtension>
        </extensions>
      </trkpt>
      <trkpt lat="28.233824931899935" lon="112.90909503780483">
        <ele>67.0271986760199</ele>
        <time>2026-09-18T22:50:02.200000Z</time>
        <extensions>
          <gpxtpx:TrackPointExtension>
            <gpxtpx:hr>166</gpxtpx:hr>
          </gpxtpx:TrackPointExtension>
        </extensions>
      </trkpt>
      <trkpt lat="28.233824286690467" lon="112.90912316954605">
        <ele>66.91710636392236</ele>
        <time>2026-09-18T22:50:03.200000Z</time>
        <extensions>
          <gpxtpx:TrackPointExtension>
            <gpxtpx:hr>166</gpxtpx:hr>
          </gpxtpx:TrackPointExtension>
        </extensions>
      </trkpt>
      <trkpt lat="28.233823992443874" lon="112.90915199118581">
        <ele>66.811688371934</ele>
        <time>2026-09-18T22:50:04.200000Z</time>
        <extensions>
          <gpxtpx:TrackPointExtension>
            <gpxtpx:hr>166</gpxtpx:hr>
          </gpxtpx:TrackPointExtension>
        </extensions>
      </trkpt>
      <trkpt lat="28.233824374906053" lon="112.90918093029074">
        <ele>66.7101984648034</ele>
        <time>2026-09-18T22:50:05.200000Z</time>
        <extensions>
          <gpxtpx:TrackPointExtension>
            <gpxtpx:hr>166</gpxtpx:hr>
          </gpxtpx:TrackPointExtension>
        </extensions>
      </trkpt>
      <trkpt lat="28.23382542443471" lon="112.90920962991459">
        <ele>66.61188128963113</ele>
        <time>2026-09-18T22:50:06.200000Z</time>
        <extensions>
          <gpxtpx:TrackPointExtension>
            <gpxtpx:hr>166</gpxtpx:hr>
          </gpxtpx:TrackPointExtension>
        </extensions>
      </trkpt>
      <trkpt lat="28.23382673561288" lon="112.9092379826245">
        <ele>66.51570330560207</ele>
        <time>2026-09-18T22:50:07.200000Z</time>
        <extensions>
          <gpxtpx:TrackPointExtension>
            <gpxtpx:hr>165</gpxtpx:hr>
          </gpxtpx:TrackPointExtension>
        </extensions>
      </trkpt>
      <trkpt lat="28.233828193139857" lon="112.90926588775481">
        <ele>66.4208425693214</ele>
        <time>2026-09-18T22:50:08.200000Z</time>
        <extensions>
          <gpxtpx:TrackPointExtension>
            <gpxtpx:hr>165</gpxtpx:hr>
          </gpxtpx:TrackPointExtension>
        </extensions>
      </trkpt>
      <trkpt lat="28.233829978054043" lon="112.90929329175327">
        <ele>66.32659432012588</ele>
        <time>2026-09-18T22:50:09.200000Z</time>
        <extensions>
          <gpxtpx:TrackPointExtension>
            <gpxtpx:hr>165</gpxtpx:hr>
          </gpxtpx:TrackPointExtension>
        </extensions>
      </trkpt>
      <trkpt lat="28.233832480760928" lon="112.90932053167849">
        <ele>66.23211278580129</ele>
        <time>2026-09-18T22:50:10.200000Z</time>
        <extensions>
          <gpxtpx:TrackPointExtension>
            <gpxtpx:hr>165</gpxtpx:hr>
          </gpxtpx:TrackPointExtension>
        </extensions>
      </trkpt>
      <trkpt lat="28.233836001979757" lon="112.90934787862876">
        <ele>66.1373012540862</ele>
        <time>2026-09-18T22:50:11.200000Z</time>
        <extensions>
          <gpxtpx:TrackPointExtension>
            <gpxtpx:hr>165</gpxtpx:hr>
          </gpxtpx:TrackPointExtension>
        </extensions>
      </trkpt>
      <trkpt lat="28.23384002838767" lon="112.90937519696114">
        <ele>66.04186703637242</ele>
        <time>2026-09-18T22:50:12.200000Z</time>
        <extensions>
          <gpxtpx:TrackPointExtension>
            <gpxtpx:hr>165</gpxtpx:hr>
          </gpxtpx:TrackPointExtension>
        </extensions>
      </trkpt>
      <trkpt lat="28.233843717414093" lon="112.9094024338334">
        <ele>65.9458520943299</ele>
        <time>2026-09-18T22:50:13.200000Z</time>
        <extensions>
          <gpxtpx:TrackPointExtension>
            <gpxtpx:hr>164</gpxtpx:hr>
          </gpxtpx:TrackPointExtension>
        </extensions>
      </trkpt>
      <trkpt lat="28.233846953828387" lon="112.90942983069698">
        <ele>65.84926912374794</ele>
        <time>2026-09-18T22:50:14.200000Z</time>
        <extensions>
          <gpxtpx:TrackPointExtension>
            <gpxtpx:hr>164</gpxtpx:hr>
          </gpxtpx:TrackPointExtension>
        </extensions>
      </trkpt>
      <trkpt lat="28.233849824607496" lon="112.90945747310546">
        <ele>65.75264616217464</ele>
        <time>2026-09-18T22:50:15.200000Z</time>
        <extensions>
          <gpxtpx:TrackPointExtension>
            <gpxtpx:hr>164</gpxtpx:hr>
          </gpxtpx:TrackPointExtension>
        </extensions>
      </trkpt>
      <trkpt lat="28.233852343805445" lon="112.90948508051785">
        <ele>65.65604822617024</ele>
        <time>2026-09-18T22:50:16.200000Z</time>
        <extensions>
          <gpxtpx:TrackPointExtension>
            <gpxtpx:hr>164</gpxtpx:hr>
          </gpxtpx:TrackPointExtension>
        </extensions>
      </trkpt>
      <trkpt lat="28.233854564851946" lon="112.90951251143714">
        <ele>65.55903639644384</ele>
        <time>2026-09-18T22:50:17.200000Z</time>
        <extensions>
          <gpxtpx:TrackPointExtension>
            <gpxtpx:hr>164</gpxtpx:hr>
          </gpxtpx:TrackPointExtension>
        </extensions>
      </trkpt>
      <trkpt lat="28.233856517395395" lon="112.90953989477545">
        <ele>65.4617163632065</ele>
        <time>2026-09-18T22:50:18.200000Z</time>
        <extensions>
          <gpxtpx:TrackPointExtension>
            <gpxtpx:hr>164</gpxtpx:hr>
          </gpxtpx:TrackPointExtension>
        </extensions>
      </trkpt>
      <trkpt lat="28.233858284070042" lon="112.90956731651826">
        <ele>65.36391326691955</ele>
        <time>2026-09-18T22:50:19.200000Z</time>
        <extensions>
          <gpxtpx:TrackPointExtension>
            <gpxtpx:hr>165</gpxtpx:hr>
          </gpxtpx:TrackPointExtension>
        </extensions>
      </trkpt>
      <trkpt lat="28.233859835358167" lon="112.90959478341088">
        <ele>65.26541159208864</ele>
        <time>2026-09-18T22:50:20.200000Z</time>
        <extensions>
          <gpxtpx:TrackPointExtension>
            <gpxtpx:hr>165</gpxtpx:hr>
          </gpxtpx:TrackPointExtension>
        </extensions>
      </trkpt>
      <trkpt lat="28.233861164137156" lon="112.90962223719303">
        <ele>65.16606785915792</ele>
        <time>2026-09-18T22:50:21.200000Z</time>
        <extensions>
          <gpxtpx:TrackPointExtension>
            <gpxtpx:hr>165</gpxtpx:hr>
          </gpxtpx:TrackPointExtension>
        </extensions>
      </trkpt>
      <trkpt lat="28.23386231224076" lon="112.90964955827276">
        <ele>65.06624353118241</ele>
        <time>2026-09-18T22:50:22.200000Z</time>
        <extensions>
          <gpxtpx:TrackPointExtension>
            <gpxtpx:hr>165</gpxtpx:hr>
          </gpxtpx:TrackPointExtension>
        </extensions>
      </trkpt>
      <trkpt lat="28.233863439626145" lon="112.9096770238245">
        <ele>64.96674040518701</ele>
        <time>2026-09-18T22:50:23.200000Z</time>
        <extensions>
          <gpxtpx:TrackPointExtension>
            <gpxtpx:hr>165</gpxtpx:hr>
          </gpxtpx:TrackPointExtension>
        </extensions>
      </trkpt>
      <trkpt lat="28.233864612411875" lon="112.90970482788968">
        <ele>64.86862723529339</ele>
        <time>2026-09-18T22:50:24.100000Z</time>
        <extensions>
          <gpxtpx:TrackPointExtension>
            <gpxtpx:hr>165</gpxtpx:hr>
          </gpxtpx:TrackPointExtension>
        </extensions>
      </trkpt>
      <trkpt lat="28.23386569598067" lon="112.90973272061842">
        <ele>64.77331001218408</ele>
        <time>2026-09-18T22:50:25.100000Z</time>
        <extensions>
          <gpxtpx:TrackPointExtension>
            <gpxtpx:hr>165</gpxtpx:hr>
          </gpxtpx:TrackPointExtension>
        </extensions>
      </trkpt>
      <trkpt lat="28.23386649496931" lon="112.90976048773769">
        <ele>64.6825309721753</ele>
        <time>2026-09-18T22:50:26.100000Z</time>
        <extensions>
          <gpxtpx:TrackPointExtension>
            <gpxtpx:hr>165</gpxtpx:hr>
          </gpxtpx:TrackPointExtension>
        </extensions>
      </trkpt>
      <trkpt lat="28.233866907448736" lon="112.90978795929308">
        <ele>64.5985043765977</ele>
        <time>2026-09-18T22:50:27.100000Z</time>
        <extensions>
          <gpxtpx:TrackPointExtension>
            <gpxtpx:hr>165</gpxtpx:hr>
          </gpxtpx:TrackPointExtension>
        </extensions>
      </trkpt>
      <trkpt lat="28.23386694661555" lon="112.90981525101286">
        <ele>64.52332515642047</ele>
        <time>2026-09-18T22:50:28.100000Z</time>
        <extensions>
          <gpxtpx:TrackPointExtension>
            <gpxtpx:hr>165</gpxtpx:hr>
          </gpxtpx:TrackPointExtension>
        </extensions>
      </trkpt>
      <trkpt lat="28.233866657392063" lon="112.90984281230266">
        <ele>64.45919721294194</ele>
        <time>2026-09-18T22:50:29.100000Z</time>
        <extensions>
          <gpxtpx:TrackPointExtension>
            <gpxtpx:hr>165</gpxtpx:hr>
          </gpxtpx:TrackPointExtension>
        </extensions>
      </trkpt>
      <trkpt lat="28.233866018376254" lon="112.90987095489459">
        <ele>64.40785219147801</ele>
        <time>2026-09-18T22:50:30.100000Z</time>
        <extensions>
          <gpxtpx:TrackPointExtension>
            <gpxtpx:hr>165</gpxtpx:hr>
          </gpxtpx:TrackPointExtension>
        </extensions>
      </trkpt>
      <trkpt lat="28.233865030939846" lon="112.90989983541596">
        <ele>64.37092990335077</ele>
        <time>2026-09-18T22:50:31.100000Z</time>
        <extensions>
          <gpxtpx:TrackPointExtension>
            <gpxtpx:hr>165</gpxtpx:hr>
          </gpxtpx:TrackPointExtension>
        </extensions>
      </trkpt>
      <trkpt lat="28.23386374456299" lon="112.9099294791714">
        <ele>64.34940743912011</ele>
        <time>2026-09-18T22:50:32.100000Z</time>
        <extensions>
          <gpxtpx:TrackPointExtension>
            <gpxtpx:hr>165</gpxtpx:hr>
          </gpxtpx:TrackPointExtension>
        </extensions>
      </trkpt>
      <trkpt lat="28.233862261820274" lon="112.90995959214686">
        <ele>64.34375779889524</ele>
        <time>2026-09-18T22:50:33.100000Z</time>
        <extensions>
          <gpxtpx:TrackPointExtension>
            <gpxtpx:hr>165</gpxtpx:hr>
          </gpxtpx:TrackPointExtension>
        </extensions>
      </trkpt>
      <trkpt lat="28.233861080257395" lon="112.90998985301253">
        <ele>64.35409642849118</ele>
        <time>2026-09-18T22:50:34.100000Z</time>
        <extensions>
          <gpxtpx:TrackPointExtension>
            <gpxtpx:hr>165</gpxtpx:hr>
          </gpxtpx:TrackPointExtension>
        </extensions>
      </trkpt>
      <trkpt lat="28.233860643585984" lon="112.91002017509642">
        <ele>64.37997731566429</ele>
        <time>2026-09-18T22:50:35.100000Z</time>
        <extensions>
          <gpxtpx:TrackPointExtension>
            <gpxtpx:hr>165</gpxtpx:hr>
          </gpxtpx:TrackPointExtension>
        </extensions>
      </trkpt>
      <trkpt lat="28.23386097419607" lon="112.91005047936507">
        <ele>64.42019056808203</ele>
        <time>2026-09-18T22:50:36.100000Z</time>
        <extensions>
          <gpxtpx:TrackPointExtension>
            <gpxtpx:hr>165</gpxtpx:hr>
          </gpxtpx:TrackPointExtension>
        </extensions>
      </trkpt>
      <trkpt lat="28.233861442458235" lon="112.91008055750383">
        <ele>64.47312079090625</ele>
        <time>2026-09-18T22:50:37.100000Z</time>
        <extensions>
          <gpxtpx:TrackPointExtension>
            <gpxtpx:hr>165</gpxtpx:hr>
          </gpxtpx:TrackPointExtension>
        </extensions>
      </trkpt>
      <trkpt lat="28.23386111920825" lon="112.9101103665897">
        <ele>64.53701440989971</ele>
        <time>2026-09-18T22:50:38.100000Z</time>
        <extensions>
          <gpxtpx:TrackPointExtension>
            <gpxtpx:hr>165</gpxtpx:hr>
          </gpxtpx:TrackPointExtension>
        </extensions>
      </trkpt>
      <trkpt lat="28.233859344618097" lon="112.91013990686577">
        <ele>64.60972800944</ele>
        <time>2026-09-18T22:50:39.100000Z</time>
        <extensions>
          <gpxtpx:TrackPointExtension>
            <gpxtpx:hr>165</gpxtpx:hr>
          </gpxtpx:TrackPointExtension>
        </extensions>
      </trkpt>
      <trkpt lat="28.233855973158033" lon="112.91016921828178">
        <ele>64.68912961706519</ele>
        <time>2026-09-18T22:50:40.100000Z</time>
        <extensions>
          <gpxtpx:TrackPointExtension>
            <gpxtpx:hr>165</gpxtpx:hr>
          </gpxtpx:TrackPointExtension>
        </extensions>
      </trkpt>
      <trkpt lat="28.23385156815582" lon="112.91019835569483">
        <ele>64.77327711321414</ele>
        <time>2026-09-18T22:50:41.100000Z</time>
        <extensions>
          <gpxtpx:TrackPointExtension>
            <gpxtpx:hr>165</gpxtpx:hr>
          </gpxtpx:TrackPointExtension>
        </extensions>
      </trkpt>
      <trkpt lat="28.233847084174165" lon="112.91022748464444">
        <ele>64.86002986505628</ele>
        <time>2026-09-18T22:50:42.100000Z</time>
        <extensions>
          <gpxtpx:TrackPointExtension>
            <gpxtpx:hr>166</gpxtpx:hr>
          </gpxtpx:TrackPointExtension>
        </extensions>
      </trkpt>
      <trkpt lat="28.23384323378195" lon="112.91025675761728">
        <ele>64.94809927418828</ele>
        <time>2026-09-18T22:50:43.100000Z</time>
        <extensions>
          <gpxtpx:TrackPointExtension>
            <gpxtpx:hr>166</gpxtpx:hr>
          </gpxtpx:TrackPointExtension>
        </extensions>
      </trkpt>
      <trkpt lat="28.23384026503625" lon="112.91028591336702">
        <ele>65.03591363225132</ele>
        <time>2026-09-18T22:50:44.100000Z</time>
        <extensions>
          <gpxtpx:TrackPointExtension>
            <gpxtpx:hr>166</gpxtpx:hr>
          </gpxtpx:TrackPointExtension>
        </extensions>
      </trkpt>
      <trkpt lat="28.233838065977167" lon="112.910314767403">
        <ele>65.12232046294957</ele>
        <time>2026-09-18T22:50:45.100000Z</time>
        <extensions>
          <gpxtpx:TrackPointExtension>
            <gpxtpx:hr>166</gpxtpx:hr>
          </gpxtpx:TrackPointExtension>
        </extensions>
      </trkpt>
      <trkpt lat="28.23383661772162" lon="112.91034364106775">
        <ele>65.20676101185381</ele>
        <time>2026-09-18T22:50:46.100000Z</time>
        <extensions>
          <gpxtpx:TrackPointExtension>
            <gpxtpx:hr>166</gpxtpx:hr>
          </gpxtpx:TrackPointExtension>
        </extensions>
      </trkpt>
      <trkpt lat="28.233835815367524" lon="112.91037299901802">
        <ele>65.28829471953213</ele>
        <time>2026-09-18T22:50:47.100000Z</time>
        <extensions>
          <gpxtpx:TrackPointExtension>
            <gpxtpx:hr>166</gpxtpx:hr>
          </gpxtpx:TrackPointExtension>
        </extensions>
      </trkpt>
      <trkpt lat="28.23383536276039" lon="112.91040277357018">
        <ele>65.3669768506661</ele>
        <time>2026-09-18T22:50:48.100000Z</time>
        <extensions>
          <gpxtpx:TrackPointExtension>
            <gpxtpx:hr>166</gpxtpx:hr>
          </gpxtpx:TrackPointExtension>
        </extensions>
      </trkpt>
      <trkpt lat="28.233835245612084" lon="112.9104323768243">
        <ele>65.44224738515913</ele>
        <time>2026-09-18T22:50:49.100000Z</time>
        <extensions>
          <gpxtpx:TrackPointExtension>
            <gpxtpx:hr>166</gpxtpx:hr>
          </gpxtpx:TrackPointExtension>
        </extensions>
      </trkpt>
      <trkpt lat="28.233835285588615" lon="112.91046136980508">
        <ele>65.51369159668684</ele>
        <time>2026-09-18T22:50:50.100000Z</time>
        <extensions>
          <gpxtpx:TrackPointExtension>
            <gpxtpx:hr>166</gpxtpx:hr>
          </gpxtpx:TrackPointExtension>
        </extensions>
      </trkpt>
      <trkpt lat="28.233835336886234" lon="112.91049003819943">
        <ele>65.58099490217865</ele>
        <time>2026-09-18T22:50:51.100000Z</time>
        <extensions>
          <gpxtpx:TrackPointExtension>
            <gpxtpx:hr>166</gpxtpx:hr>
          </gpxtpx:TrackPointExtension>
        </extensions>
      </trkpt>
      <trkpt lat="28.233835292674602" lon="112.91051876199815">
        <ele>65.64364201948047</ele>
        <time>2026-09-18T22:50:52.100000Z</time>
        <extensions>
          <gpxtpx:TrackPointExtension>
            <gpxtpx:hr>166</gpxtpx:hr>
          </gpxtpx:TrackPointExtension>
        </extensions>
      </trkpt>
      <trkpt lat="28.233834968292744" lon="112.91054760291992">
        <ele>65.70105142705142</ele>
        <time>2026-09-18T22:50:53.100000Z</time>
        <extensions>
          <gpxtpx:TrackPointExtension>
            <gpxtpx:hr>165</gpxtpx:hr>
          </gpxtpx:TrackPointExtension>
        </extensions>
      </trkpt>
      <trkpt lat="28.233834173500977" lon="112.91057636398882">
        <ele>65.7531420532614</ele>
        <time>2026-09-18T22:50:54.100000Z</time>
        <extensions>
          <gpxtpx:TrackPointExtension>
            <gpxtpx:hr>165</gpxtpx:hr>
          </gpxtpx:TrackPointExtension>
        </extensions>
      </trkpt>
      <trkpt lat="28.23383298250729" lon="112.9106047256809">
        <ele>65.79941337741911</ele>
        <time>2026-09-18T22:50:55.100000Z</time>
        <extensions>
          <gpxtpx:TrackPointExtension>
            <gpxtpx:hr>165</gpxtpx:hr>
          </gpxtpx:TrackPointExtension>
        </extensions>
      </trkpt>
      <trkpt lat="28.233831691447676" lon="112.91063264851016">
        <ele>65.83964787609875</ele>
        <time>2026-09-18T22:50:56.100000Z</time>
        <extensions>
          <gpxtpx:TrackPointExtension>
            <gpxtpx:hr>165</gpxtpx:hr>
          </gpxtpx:TrackPointExtension>
        </extensions>
      </trkpt>
      <trkpt lat="28.233830655266367" lon="112.91066034874076">
        <ele>65.87360289227217</ele>
        <time>2026-09-18T22:50:57.100000Z</time>
        <extensions>
          <gpxtpx:TrackPointExtension>
            <gpxtpx:hr>165</gpxtpx:hr>
          </gpxtpx:TrackPointExtension>
        </extensions>
      </trkpt>
      <trkpt lat="28.233830056894135" lon="112.91068814644956">
        <ele>65.9013435728848</ele>
        <time>2026-09-18T22:50:58.100000Z</time>
        <extensions>
          <gpxtpx:TrackPointExtension>
            <gpxtpx:hr>165</gpxtpx:hr>
          </gpxtpx:TrackPointExtension>
        </extensions>
      </trkpt>
      <trkpt lat="28.233829715284397" lon="112.91071620731613">
        <ele>65.92305663879961</ele>
        <time>2026-09-18T22:50:59.100000Z</time>
        <extensions>
          <gpxtpx:TrackPointExtension>
            <gpxtpx:hr>166</gpxtpx:hr>
          </gpxtpx:TrackPointExtension>
        </extensions>
      </trkpt>
      <trkpt lat="28.23382952826185" lon="112.91074448172093">
        <ele>65.93865358177572</ele>
        <time>2026-09-18T22:51:00.100000Z</time>
        <extensions>
          <gpxtpx:TrackPointExtension>
            <gpxtpx:hr>166</gpxtpx:hr>
          </gpxtpx:TrackPointExtension>
        </extensions>
      </trkpt>
      <trkpt lat="28.233829579254696" lon="112.91077281976398">
        <ele>65.94813777972013</ele>
        <time>2026-09-18T22:51:01.100000Z</time>
        <extensions>
          <gpxtpx:TrackPointExtension>
            <gpxtpx:hr>166</gpxtpx:hr>
          </gpxtpx:TrackPointExtension>
        </extensions>
      </trkpt>
      <trkpt lat="28.233829826177583" lon="112.9108012078265">
        <ele>65.95149846747518</ele>
        <time>2026-09-18T22:51:02.100000Z</time>
        <extensions>
          <gpxtpx:TrackPointExtension>
            <gpxtpx:hr>166</gpxtpx:hr>
          </gpxtpx:TrackPointExtension>
        </extensions>
      </trkpt>
      <trkpt lat="28.23383014578937" lon="112.910829730635">
        <ele>65.94876284804195</ele>
        <time>2026-09-18T22:51:03.100000Z</time>
        <extensions>
          <gpxtpx:TrackPointExtension>
            <gpxtpx:hr>166</gpxtpx:hr>
          </gpxtpx:TrackPointExtension>
        </extensions>
      </trkpt>
      <trkpt lat="28.233830767900354" lon="112.9108584613753">
        <ele>65.94043218065053</ele>
        <time>2026-09-18T22:51:04.100000Z</time>
        <extensions>
          <gpxtpx:TrackPointExtension>
            <gpxtpx:hr>166</gpxtpx:hr>
          </gpxtpx:TrackPointExtension>
        </extensions>
      </trkpt>
      <trkpt lat="28.23383175806651" lon="112.91088734016931">
        <ele>65.92735856492072</ele>
        <time>2026-09-18T22:51:05.100000Z</time>
        <extensions>
          <gpxtpx:TrackPointExtension>
            <gpxtpx:hr>166</gpxtpx:hr>
          </gpxtpx:TrackPointExtension>
        </extensions>
      </trkpt>
      <trkpt lat="28.23383305619307" lon="112.91091609265517">
        <ele>65.91002363432199</ele>
        <time>2026-09-18T22:51:06.100000Z</time>
        <extensions>
          <gpxtpx:TrackPointExtension>
            <gpxtpx:hr>167</gpxtpx:hr>
          </gpxtpx:TrackPointExtension>
        </extensions>
      </trkpt>
      <trkpt lat="28.233834584662567" lon="112.91094487159886">
        <ele>65.88936328701675</ele>
        <time>2026-09-18T22:51:07.100000Z</time>
        <extensions>
          <gpxtpx:TrackPointExtension>
            <gpxtpx:hr>167</gpxtpx:hr>
          </gpxtpx:TrackPointExtension>
        </extensions>
      </trkpt>
      <trkpt lat="28.23383602661945" lon="112.91097402674953">
        <ele>65.86623386573046</ele>
        <time>2026-09-18T22:51:08.100000Z</time>
        <extensions>
          <gpxtpx:TrackPointExtension>
            <gpxtpx:hr>167</gpxtpx:hr>
          </gpxtpx:TrackPointExtension>
        </extensions>
      </trkpt>
      <trkpt lat="28.233837233858345" lon="112.91100355068575">
        <ele>65.8412538189441</ele>
        <time>2026-09-18T22:51:09.100000Z</time>
        <extensions>
          <gpxtpx:TrackPointExtension>
            <gpxtpx:hr>167</gpxtpx:hr>
          </gpxtpx:TrackPointExtension>
        </extensions>
      </trkpt>
      <trkpt lat="28.23383838900777" lon="112.91103329342887">
        <ele>65.81504006311297</ele>
        <time>2026-09-18T22:51:10.100000Z</time>
        <extensions>
          <gpxtpx:TrackPointExtension>
            <gpxtpx:hr>167</gpxtpx:hr>
          </gpxtpx:TrackPointExtension>
        </extensions>
      </trkpt>
      <trkpt lat="28.233839464719196" lon="112.91106318571931">
        <ele>65.7873799316585</ele>
        <time>2026-09-18T22:51:11.100000Z</time>
        <extensions>
          <gpxtpx:TrackPointExtension>
            <gpxtpx:hr>167</gpxtpx:hr>
          </gpxtpx:TrackPointExtension>
        </extensions>
      </trkpt>
      <trkpt lat="28.2338401989867" lon="112.91109309921771">
        <ele>65.75850076135248</ele>
        <time>2026-09-18T22:51:12.100000Z</time>
        <extensions>
          <gpxtpx:TrackPointExtension>
            <gpxtpx:hr>167</gpxtpx:hr>
          </gpxtpx:TrackPointExtension>
        </extensions>
      </trkpt>
      <trkpt lat="28.233840338017785" lon="112.91112278160395">
        <ele>65.72906331717968</ele>
        <time>2026-09-18T22:51:13.100000Z</time>
        <extensions>
          <gpxtpx:TrackPointExtension>
            <gpxtpx:hr>167</gpxtpx:hr>
          </gpxtpx:TrackPointExtension>
        </extensions>
      </trkpt>
      <trkpt lat="28.233839546230502" lon="112.91115209542825">
        <ele>65.69974192325026</ele>
        <time>2026-09-18T22:51:14.100000Z</time>
        <extensions>
          <gpxtpx:TrackPointExtension>
            <gpxtpx:hr>167</gpxtpx:hr>
          </gpxtpx:TrackPointExtension>
        </extensions>
      </trkpt>
      <trkpt lat="28.23383792658107" lon="112.91118108199902">
        <ele>65.67164015676826</ele>
        <time>2026-09-18T22:51:15.100000Z</time>
        <extensions>
          <gpxtpx:TrackPointExtension>
            <gpxtpx:hr>167</gpxtpx:hr>
          </gpxtpx:TrackPointExtension>
        </extensions>
      </trkpt>
      <trkpt lat="28.23383639417933" lon="112.91121004498594">
        <ele>65.64575698040426</ele>
        <time>2026-09-18T22:51:16.100000Z</time>
        <extensions>
          <gpxtpx:TrackPointExtension>
            <gpxtpx:hr>167</gpxtpx:hr>
          </gpxtpx:TrackPointExtension>
        </extensions>
      </trkpt>
      <trkpt lat="28.233836049129994" lon="112.9112391966039">
        <ele>65.62239001784474</ele>
        <time>2026-09-18T22:51:17Z</time>
        <extensions>
          <gpxtpx:TrackPointExtension>
            <gpxtpx:hr>167</gpxtpx:hr>
          </gpxtpx:TrackPointExtension>
        </extensions>
      </trkpt>
      <trkpt lat="28.233837500239034" lon="112.91126811452892">
        <ele>65.6019036564976</ele>
        <time>2026-09-18T22:51:18Z</time>
        <extensions>
          <gpxtpx:TrackPointExtension>
            <gpxtpx:hr>167</gpxtpx:hr>
          </gpxtpx:TrackPointExtension>
        </extensions>
      </trkpt>
      <trkpt lat="28.23384023184223" lon="112.91129640908969">
        <ele>65.5842690654099</ele>
        <time>2026-09-18T22:51:19Z</time>
        <extensions>
          <gpxtpx:TrackPointExtension>
            <gpxtpx:hr>167</gpxtpx:hr>
          </gpxtpx:TrackPointExtension>
        </extensions>
      </trkpt>
      <trkpt lat="28.2338430605879" lon="112.91132431252528">
        <ele>65.56937634013593</ele>
        <time>2026-09-18T22:51:20Z</time>
        <extensions>
          <gpxtpx:TrackPointExtension>
            <gpxtpx:hr>167</gpxtpx:hr>
          </gpxtpx:TrackPointExtension>
        </extensions>
      </trkpt>
      <trkpt lat="28.233845382005175" lon="112.91135217007667">
        <ele>65.55695119127631</ele>
        <time>2026-09-18T22:51:21Z</time>
        <extensions>
          <gpxtpx:TrackPointExtension>
            <gpxtpx:hr>167</gpxtpx:hr>
          </gpxtpx:TrackPointExtension>
        </extensions>
      </trkpt>
      <trkpt lat="28.23384709706173" lon="112.91138005806764">
        <ele>65.5464591467753</ele>
        <time>2026-09-18T22:51:22Z</time>
        <extensions>
          <gpxtpx:TrackPointExtension>
            <gpxtpx:hr>167</gpxtpx:hr>
          </gpxtpx:TrackPointExtension>
        </extensions>
      </trkpt>
      <trkpt lat="28.23384865551852" lon="112.91140793277086">
        <ele>65.53710799477994</ele>
        <time>2026-09-18T22:51:23Z</time>
        <extensions>
          <gpxtpx:TrackPointExtension>
            <gpxtpx:hr>167</gpxtpx:hr>
          </gpxtpx:TrackPointExtension>
        </extensions>
      </trkpt>
      <trkpt lat="28.23385036756078" lon="112.91143567492824">
        <ele>65.52819371968508</ele>
        <time>2026-09-18T22:51:24Z</time>
        <extensions>
          <gpxtpx:TrackPointExtension>
            <gpxtpx:hr>168</gpxtpx:hr>
          </gpxtpx:TrackPointExtension>
        </extensions>
      </trkpt>
      <trkpt lat="28.23385203659478" lon="112.9114632280063">
        <ele>65.51885638106614</ele>
        <time>2026-09-18T22:51:25Z</time>
        <extensions>
          <gpxtpx:TrackPointExtension>
            <gpxtpx:hr>168</gpxtpx:hr>
          </gpxtpx:TrackPointExtension>
        </extensions>
      </trkpt>
      <trkpt lat="28.233853459541027" lon="112.91149074870519">
        <ele>65.50824042316526</ele>
        <time>2026-09-18T22:51:26Z</time>
        <extensions>
          <gpxtpx:TrackPointExtension>
            <gpxtpx:hr>168</gpxtpx:hr>
          </gpxtpx:TrackPointExtension>
        </extensions>
      </trkpt>
      <trkpt lat="28.23385441913512" lon="112.91151826635719">
        <ele>65.49550424516201</ele>
        <time>2026-09-18T22:51:27Z</time>
        <extensions>
          <gpxtpx:TrackPointExtension>
            <gpxtpx:hr>168</gpxtpx:hr>
          </gpxtpx:TrackPointExtension>
        </extensions>
      </trkpt>
      <trkpt lat="28.233854851824766" lon="112.91154577424639">
        <ele>65.47962809354067</ele>
        <time>2026-09-18T22:51:28Z</time>
        <extensions>
          <gpxtpx:TrackPointExtension>
            <gpxtpx:hr>168</gpxtpx:hr>
          </gpxtpx:TrackPointExtension>
        </extensions>
      </trkpt>
      <trkpt lat="28.233854864434957" lon="112.91157338007042">
        <ele>65.45946205407381</ele>
        <time>2026-09-18T22:51:29Z</time>
        <extensions>
          <gpxtpx:TrackPointExtension>
            <gpxtpx:hr>168</gpxtpx:hr>
          </gpxtpx:TrackPointExtension>
        </extensions>
      </trkpt>
      <trkpt lat="28.233854533931346" lon="112.91160112432065">
        <ele>65.43387439474463</ele>
        <time>2026-09-18T22:51:30Z</time>
        <extensions>
          <gpxtpx:TrackPointExtension>
            <gpxtpx:hr>168</gpxtpx:hr>
          </gpxtpx:TrackPointExtension>
        </extensions>
      </trkpt>
      <trkpt lat="28.233853761687605" lon="112.91162886197107">
        <ele>65.40185443684459</ele>
        <time>2026-09-18T22:51:31Z</time>
        <extensions>
          <gpxtpx:TrackPointExtension>
            <gpxtpx:hr>168</gpxtpx:hr>
          </gpxtpx:TrackPointExtension>
        </extensions>
      </trkpt>
      <trkpt lat="28.233852613843027" lon="112.91165655801638">
        <ele>65.36250833328813</ele>
        <time>2026-09-18T22:51:32Z</time>
        <extensions>
          <gpxtpx:TrackPointExtension>
            <gpxtpx:hr>168</gpxtpx:hr>
          </gpxtpx:TrackPointExtension>
        </extensions>
      </trkpt>
      <trkpt lat="28.23385128007828" lon="112.91168442740513">
        <ele>65.3150828871876</ele>
        <time>2026-09-18T22:51:33Z</time>
        <extensions>
          <gpxtpx:TrackPointExtension>
            <gpxtpx:hr>168</gpxtpx:hr>
          </gpxtpx:TrackPointExtension>
        </extensions>
      </trkpt>
      <trkpt lat="28.233849949595875" lon="112.91171266399229">
        <ele>65.25885668117553</ele>
        <time>2026-09-18T22:51:34Z</time>
        <extensions>
          <gpxtpx:TrackPointExtension>
            <gpxtpx:hr>167</gpxtpx:hr>
          </gpxtpx:TrackPointExtension>
        </extensions>
      </trkpt>
      <trkpt lat="28.233848832813344" lon="112.91174128164518">
        <ele>65.1931400289759</ele>
        <time>2026-09-18T22:51:35Z</time>
        <extensions>
          <gpxtpx:TrackPointExtension>
            <gpxtpx:hr>167</gpxtpx:hr>
          </gpxtpx:TrackPointExtension>
        </extensions>
      </trkpt>
      <trkpt lat="28.23384801277879" lon="112.91177011258905">
        <ele>65.11778662633151</ele>
        <time>2026-09-18T22:51:36Z</time>
        <extensions>
          <gpxtpx:TrackPointExtension>
            <gpxtpx:hr>167</gpxtpx:hr>
          </gpxtpx:TrackPointExtension>
        </extensions>
      </trkpt>
      <trkpt lat="28.233847308425798" lon="112.91179911816575">
        <ele>65.0327870324254</ele>
        <time>2026-09-18T22:51:37Z</time>
        <extensions>
          <gpxtpx:TrackPointExtension>
            <gpxtpx:hr>167</gpxtpx:hr>
          </gpxtpx:TrackPointExtension>
        </extensions>
      </trkpt>
      <trkpt lat="28.23384659783956" lon="112.91182840804679">
        <ele>64.93858453538269</ele>
        <time>2026-09-18T22:51:38Z</time>
        <extensions>
          <gpxtpx:TrackPointExtension>
            <gpxtpx:hr>167</gpxtpx:hr>
          </gpxtpx:TrackPointExtension>
        </extensions>
      </trkpt>
      <trkpt lat="28.23384589953946" lon="112.91185796266122">
        <ele>64.83581809140742</ele>
        <time>2026-09-18T22:51:39Z</time>
        <extensions>
          <gpxtpx:TrackPointExtension>
            <gpxtpx:hr>167</gpxtpx:hr>
          </gpxtpx:TrackPointExtension>
        </extensions>
      </trkpt>
      <trkpt lat="28.23384521061867" lon="112.91188758190673">
        <ele>64.72510039899498</ele>
        <time>2026-09-18T22:51:40Z</time>
        <extensions>
          <gpxtpx:TrackPointExtension>
            <gpxtpx:hr>167</gpxtpx:hr>
          </gpxtpx:TrackPointExtension>
        </extensions>
      </trkpt>
      <trkpt lat="28.23384454337126" lon="112.91191695643901">
        <ele>64.60717597324401</ele>
        <time>2026-09-18T22:51:41Z</time>
        <extensions>
          <gpxtpx:TrackPointExtension>
            <gpxtpx:hr>168</gpxtpx:hr>
          </gpxtpx:TrackPointExtension>
        </extensions>
      </trkpt>
      <trkpt lat="28.233843691848335" lon="112.91194592933672">
        <ele>64.48297246266156</ele>
        <time>2026-09-18T22:51:42Z</time>
        <extensions>
          <gpxtpx:TrackPointExtension>
            <gpxtpx:hr>168</gpxtpx:hr>
          </gpxtpx:TrackPointExtension>
        </extensions>
      </trkpt>
      <trkpt lat="28.233842547009072" lon="112.91197456338112">
        <ele>64.35369457956403</ele>
        <time>2026-09-18T22:51:43Z</time>
        <extensions>
          <gpxtpx:TrackPointExtension>
            <gpxtpx:hr>168</gpxtpx:hr>
          </gpxtpx:TrackPointExtension>
        </extensions>
      </trkpt>
      <trkpt lat="28.233841414814428" lon="112.91200303053408">
        <ele>64.22116799652576</ele>
        <time>2026-09-18T22:51:44Z</time>
        <extensions>
          <gpxtpx:TrackPointExtension>
            <gpxtpx:hr>169</gpxtpx:hr>
          </gpxtpx:TrackPointExtension>
        </extensions>
      </trkpt>
      <trkpt lat="28.233840763889514" lon="112.91203138537861">
        <ele>64.08711225073785</ele>
        <time>2026-09-18T22:51:45Z</time>
        <extensions>
          <gpxtpx:TrackPointExtension>
            <gpxtpx:hr>169</gpxtpx:hr>
          </gpxtpx:TrackPointExtension>
        </extensions>
      </trkpt>
      <trkpt lat="28.233840617934625" lon="112.91205954165599">
        <ele>63.95313751325011</ele>
        <time>2026-09-18T22:51:46Z</time>
        <extensions>
          <gpxtpx:TrackPointExtension>
            <gpxtpx:hr>169</gpxtpx:hr>
          </gpxtpx:TrackPointExtension>
        </extensions>
      </trkpt>
      <trkpt lat="28.233840717732583" lon="112.91208763705706">
        <ele>63.820736459456384</ele>
        <time>2026-09-18T22:51:47Z</time>
        <extensions>
          <gpxtpx:TrackPointExtension>
            <gpxtpx:hr>169</gpxtpx:hr>
          </gpxtpx:TrackPointExtension>
        </extensions>
      </trkpt>
      <trkpt lat="28.233840716071093" lon="112.91211606647454">
        <ele>63.69126721192151</ele>
        <time>2026-09-18T22:51:48Z</time>
        <extensions>
          <gpxtpx:TrackPointExtension>
            <gpxtpx:hr>169</gpxtpx:hr>
          </gpxtpx:TrackPointExtension>
        </extensions>
      </trkpt>
      <trkpt lat="28.23384054453338" lon="112.9121450545059">
        <ele>63.565924231894314</ele>
        <time>2026-09-18T22:51:49Z</time>
        <extensions>
          <gpxtpx:TrackPointExtension>
            <gpxtpx:hr>169</gpxtpx:hr>
          </gpxtpx:TrackPointExtension>
        </extensions>
      </trkpt>
      <trkpt lat="28.233840544898076" lon="112.91217440421025">
        <ele>63.445417039096355</ele>
        <time>2026-09-18T22:51:50Z</time>
        <extensions>
          <gpxtpx:TrackPointExtension>
            <gpxtpx:hr>169</gpxtpx:hr>
          </gpxtpx:TrackPointExtension>
        </extensions>
      </trkpt>
      <trkpt lat="28.233840711625223" lon="112.91220359626526">
        <ele>63.33023110497743</ele>
        <time>2026-09-18T22:51:51Z</time>
        <extensions>
          <gpxtpx:TrackPointExtension>
            <gpxtpx:hr>169</gpxtpx:hr>
          </gpxtpx:TrackPointExtension>
        </extensions>
      </trkpt>
      <trkpt lat="28.23384071799997" lon="112.91223227168287">
        <ele>63.22075263597071</ele>
        <time>2026-09-18T22:51:52Z</time>
        <extensions>
          <gpxtpx:TrackPointExtension>
            <gpxtpx:hr>169</gpxtpx:hr>
          </gpxtpx:TrackPointExtension>
        </extensions>
      </trkpt>
      <trkpt lat="28.233840458309174" lon="112.9122603445034">
        <ele>63.117489469237626</ele>
        <time>2026-09-18T22:51:53Z</time>
        <extensions>
          <gpxtpx:TrackPointExtension>
            <gpxtpx:hr>169</gpxtpx:hr>
          </gpxtpx:TrackPointExtension>
        </extensions>
      </trkpt>
      <trkpt lat="28.233840066816086" lon="112.91228800060577">
        <ele>63.02105827070773</ele>
        <time>2026-09-18T22:51:54Z</time>
        <extensions>
          <gpxtpx:TrackPointExtension>
            <gpxtpx:hr>169</gpxtpx:hr>
          </gpxtpx:TrackPointExtension>
        </extensions>
      </trkpt>
      <trkpt lat="28.233839579406418" lon="112.91231584151882">
        <ele>62.932060982100666</ele>
        <time>2026-09-18T22:51:55Z</time>
        <extensions>
          <gpxtpx:TrackPointExtension>
            <gpxtpx:hr>169</gpxtpx:hr>
          </gpxtpx:TrackPointExtension>
        </extensions>
      </trkpt>
      <trkpt lat="28.233838929978134" lon="112.91234429812602">
        <ele>62.85081957746297</ele>
        <time>2026-09-18T22:51:56Z</time>
        <extensions>
          <gpxtpx:TrackPointExtension>
            <gpxtpx:hr>169</gpxtpx:hr>
          </gpxtpx:TrackPointExtension>
        </extensions>
      </trkpt>
      <trkpt lat="28.233838013600256" lon="112.91237328823807">
        <ele>62.77767337486148</ele>
        <time>2026-09-18T22:51:57Z</time>
        <extensions>
          <gpxtpx:TrackPointExtension>
            <gpxtpx:hr>169</gpxtpx:hr>
          </gpxtpx:TrackPointExtension>
        </extensions>
      </trkpt>
      <trkpt lat="28.233836854887294" lon="112.91240243823643">
        <ele>62.71272461861372</ele>
        <time>2026-09-18T22:51:58Z</time>
        <extensions>
          <gpxtpx:TrackPointExtension>
            <gpxtpx:hr>169</gpxtpx:hr>
          </gpxtpx:TrackPointExtension>
        </extensions>
      </trkpt>
      <trkpt lat="28.23383547505616" lon="112.9124316389796">
        <ele>62.65626225806773</ele>
        <time>2026-09-18T22:51:59Z</time>
        <extensions>
          <gpxtpx:TrackPointExtension>
            <gpxtpx:hr>169</gpxtpx:hr>
          </gpxtpx:TrackPointExtension>
        </extensions>
      </trkpt>
      <trkpt lat="28.2338338764847" lon="112.91246103243363">
        <ele>62.60834782104939</ele>
        <time>2026-09-18T22:52:00Z</time>
        <extensions>
          <gpxtpx:TrackPointExtension>
            <gpxtpx:hr>169</gpxtpx:hr>
          </gpxtpx:TrackPointExtension>
        </extensions>
      </trkpt>
      <trkpt lat="28.233832234159383" lon="112.91249068276524">
        <ele>62.56869098730385</ele>
        <time>2026-09-18T22:52:01Z</time>
        <extensions>
          <gpxtpx:TrackPointExtension>
            <gpxtpx:hr>169</gpxtpx:hr>
          </gpxtpx:TrackPointExtension>
        </extensions>
      </trkpt>
      <trkpt lat="28.23383060170945" lon="112.91252059412652">
        <ele>62.537044785916805</ele>
        <time>2026-09-18T22:52:02Z</time>
        <extensions>
          <gpxtpx:TrackPointExtension>
            <gpxtpx:hr>169</gpxtpx:hr>
          </gpxtpx:TrackPointExtension>
        </extensions>
      </trkpt>
      <trkpt lat="28.23382898221175" lon="112.9125506672389">
        <ele>62.51327541936189</ele>
        <time>2026-09-18T22:52:03Z</time>
        <extensions>
          <gpxtpx:TrackPointExtension>
            <gpxtpx:hr>169</gpxtpx:hr>
          </gpxtpx:TrackPointExtension>
        </extensions>
      </trkpt>
      <trkpt lat="28.233827411161265" lon="112.91258073036246">
        <ele>62.49736151937395</ele>
        <time>2026-09-18T22:52:04Z</time>
        <extensions>
          <gpxtpx:TrackPointExtension>
            <gpxtpx:hr>169</gpxtpx:hr>
          </gpxtpx:TrackPointExtension>
        </extensions>
      </trkpt>
      <trkpt lat="28.233825840759298" lon="112.91261070745257">
        <ele>62.489521698094904</ele>
        <time>2026-09-18T22:52:05Z</time>
        <extensions>
          <gpxtpx:TrackPointExtension>
            <gpxtpx:hr>169</gpxtpx:hr>
          </gpxtpx:TrackPointExtension>
        </extensions>
      </trkpt>
      <trkpt lat="28.233824189297398" lon="112.91264067469689">
        <ele>62.48963299114257</ele>
        <time>2026-09-18T22:52:06Z</time>
        <extensions>
          <gpxtpx:TrackPointExtension>
            <gpxtpx:hr>169</gpxtpx:hr>
          </gpxtpx:TrackPointExtension>
        </extensions>
      </trkpt>
      <trkpt lat="28.233822581796854" lon="112.91267074034752">
        <ele>62.49750576727092</ele>
        <time>2026-09-18T22:52:07Z</time>
        <extensions>
          <gpxtpx:TrackPointExtension>
            <gpxtpx:hr>169</gpxtpx:hr>
          </gpxtpx:TrackPointExtension>
        </extensions>
      </trkpt>
      <trkpt lat="28.233821146026308" lon="112.91270088686504">
        <ele>62.51245441660285</ele>
        <time>2026-09-18T22:52:07.900000Z</time>
        <extensions>
          <gpxtpx:TrackPointExtension>
            <gpxtpx:hr>169</gpxtpx:hr>
          </gpxtpx:TrackPointExtension>
        </extensions>
      </trkpt>
      <trkpt lat="28.233819732948877" lon="112.91273078527051">
        <ele>62.533439432270825</ele>
        <time>2026-09-18T22:52:08.900000Z</time>
        <extensions>
          <gpxtpx:TrackPointExtension>
            <gpxtpx:hr>169</gpxtpx:hr>
          </gpxtpx:TrackPointExtension>
        </extensions>
      </trkpt>
      <trkpt lat="28.23381807894635" lon="112.91276020941909">
        <ele>62.55898851342499</ele>
        <time>2026-09-18T22:52:09.900000Z</time>
        <extensions>
          <gpxtpx:TrackPointExtension>
            <gpxtpx:hr>169</gpxtpx:hr>
          </gpxtpx:TrackPointExtension>
        </extensions>
      </trkpt>
      <trkpt lat="28.233816305369416" lon="112.91278945121141">
        <ele>62.58707162365317</ele>
        <time>2026-09-18T22:52:10.900000Z</time>
        <extensions>
          <gpxtpx:TrackPointExtension>
            <gpxtpx:hr>169</gpxtpx:hr>
          </gpxtpx:TrackPointExtension>
        </extensions>
      </trkpt>
      <trkpt lat="28.23381461761252" lon="112.91281900382263">
        <ele>62.61563955433667</ele>
        <time>2026-09-18T22:52:11.900000Z</time>
        <extensions>
          <gpxtpx:TrackPointExtension>
            <gpxtpx:hr>169</gpxtpx:hr>
          </gpxtpx:TrackPointExtension>
        </extensions>
      </trkpt>
      <trkpt lat="28.233813366919872" lon="112.91284894374049">
        <ele>62.642930479720235</ele>
        <time>2026-09-18T22:52:12.900000Z</time>
        <extensions>
          <gpxtpx:TrackPointExtension>
            <gpxtpx:hr>169</gpxtpx:hr>
          </gpxtpx:TrackPointExtension>
        </extensions>
      </trkpt>
      <trkpt lat="28.233812939714014" lon="112.91287876997617">
        <ele>62.66752055846155</ele>
        <time>2026-09-18T22:52:13.900000Z</time>
        <extensions>
          <gpxtpx:TrackPointExtension>
            <gpxtpx:hr>170</gpxtpx:hr>
          </gpxtpx:TrackPointExtension>
        </extensions>
      </trkpt>
      <trkpt lat="28.233813297166684" lon="112.91290793948713">
        <ele>62.688443906605244</ele>
        <time>2026-09-18T22:52:14.900000Z</time>
        <extensions>
          <gpxtpx:TrackPointExtension>
            <gpxtpx:hr>170</gpxtpx:hr>
          </gpxtpx:TrackPointExtension>
        </extensions>
      </trkpt>
      <trkpt lat="28.23381441654907" lon="112.91293649847186">
        <ele>62.70536772161722</ele>
        <time>2026-09-18T22:52:15.900000Z</time>
        <extensions>
          <gpxtpx:TrackPointExtension>
            <gpxtpx:hr>170</gpxtpx:hr>
          </gpxtpx:TrackPointExtension>
        </extensions>
      </trkpt>
      <trkpt lat="28.233816261386902" lon="112.91296481004056">
        <ele>62.71823960356414</ele>
        <time>2026-09-18T22:52:16.900000Z</time>
        <extensions>
          <gpxtpx:TrackPointExtension>
            <gpxtpx:hr>170</gpxtpx:hr>
          </gpxtpx:TrackPointExtension>
        </extensions>
      </trkpt>
      <trkpt lat="28.23381858415493" lon="112.91299315422208">
        <ele>62.727587391622365</ele>
        <time>2026-09-18T22:52:17.900000Z</time>
        <extensions>
          <gpxtpx:TrackPointExtension>
            <gpxtpx:hr>170</gpxtpx:hr>
          </gpxtpx:TrackPointExtension>
        </extensions>
      </trkpt>
      <trkpt lat="28.233820827782687" lon="112.91302153898924">
        <ele>62.73387726955116</ele>
        <time>2026-09-18T22:52:18.900000Z</time>
        <extensions>
          <gpxtpx:TrackPointExtension>
            <gpxtpx:hr>170</gpxtpx:hr>
          </gpxtpx:TrackPointExtension>
        </extensions>
      </trkpt>
      <trkpt lat="28.233822497901475" lon="112.91304979209453">
        <ele>62.73740262258798</ele>
        <time>2026-09-18T22:52:19.900000Z</time>
        <extensions>
          <gpxtpx:TrackPointExtension>
            <gpxtpx:hr>171</gpxtpx:hr>
          </gpxtpx:TrackPointExtension>
        </extensions>
      </trkpt>
      <trkpt lat="28.2338234241977" lon="112.91307800344593">
        <ele>62.738403148017824</ele>
        <time>2026-09-18T22:52:20.900000Z</time>
        <extensions>
          <gpxtpx:TrackPointExtension>
            <gpxtpx:hr>171</gpxtpx:hr>
          </gpxtpx:TrackPointExtension>
        </extensions>
      </trkpt>
      <trkpt lat="28.23382354453606" lon="112.91310642725608">
        <ele>62.736873826012015</ele>
        <time>2026-09-18T22:52:21.900000Z</time>
        <extensions>
          <gpxtpx:TrackPointExtension>
            <gpxtpx:hr>171</gpxtpx:hr>
          </gpxtpx:TrackPointExtension>
        </extensions>
      </trkpt>
      <trkpt lat="28.23382283536225" lon="112.91313525379888">
        <ele>62.73292401339859</ele>
        <time>2026-09-18T22:52:22.900000Z</time>
        <extensions>
          <gpxtpx:TrackPointExtension>
            <gpxtpx:hr>171</gpxtpx:hr>
          </gpxtpx:TrackPointExtension>
        </extensions>
      </trkpt>
      <trkpt lat="28.2338216294144" lon="112.91316454752403">
        <ele>62.72685670852661</ele>
        <time>2026-09-18T22:52:23.900000Z</time>
        <extensions>
          <gpxtpx:TrackPointExtension>
            <gpxtpx:hr>171</gpxtpx:hr>
          </gpxtpx:TrackPointExtension>
        </extensions>
      </trkpt>
      <trkpt lat="28.233820414881993" lon="112.91319429108181">
        <ele>62.718700259923935</ele>
        <time>2026-09-18T22:52:24.900000Z</time>
        <extensions>
          <gpxtpx:TrackPointExtension>
            <gpxtpx:hr>171</gpxtpx:hr>
          </gpxtpx:TrackPointExtension>
        </extensions>
      </trkpt>
      <trkpt lat="28.233819682907658" lon="112.91322446319528">
        <ele>62.708991115912795</ele>
        <time>2026-09-18T22:52:25.900000Z</time>
        <extensions>
          <gpxtpx:TrackPointExtension>
            <gpxtpx:hr>171</gpxtpx:hr>
          </gpxtpx:TrackPointExtension>
        </extensions>
      </trkpt>
      <trkpt lat="28.23381966547172" lon="112.91325488845229">
        <ele>62.69771034643054</ele>
        <time>2026-09-18T22:52:26.900000Z</time>
        <extensions>
          <gpxtpx:TrackPointExtension>
            <gpxtpx:hr>171</gpxtpx:hr>
          </gpxtpx:TrackPointExtension>
        </extensions>
      </trkpt>
      <trkpt lat="28.233820107773184" lon="112.9132853827198">
        <ele>62.684883369132876</ele>
        <time>2026-09-18T22:52:27.900000Z</time>
        <extensions>
          <gpxtpx:TrackPointExtension>
            <gpxtpx:hr>171</gpxtpx:hr>
          </gpxtpx:TrackPointExtension>
        </extensions>
      </trkpt>
      <trkpt lat="28.233820560630004" lon="112.91331596197013">
        <ele>62.67063035070896</ele>
        <time>2026-09-18T22:52:28.900000Z</time>
        <extensions>
          <gpxtpx:TrackPointExtension>
            <gpxtpx:hr>172</gpxtpx:hr>
          </gpxtpx:TrackPointExtension>
        </extensions>
      </trkpt>
      <trkpt lat="28.233820702159285" lon="112.91334661055225">
        <ele>62.65517710428685</ele>
        <time>2026-09-18T22:52:29.900000Z</time>
        <extensions>
          <gpxtpx:TrackPointExtension>
            <gpxtpx:hr>172</gpxtpx:hr>
          </gpxtpx:TrackPointExtension>
        </extensions>
      </trkpt>
      <trkpt lat="28.233820379636363" lon="112.91337730213938">
        <ele>62.63863552827388</ele>
        <time>2026-09-18T22:52:30.900000Z</time>
        <extensions>
          <gpxtpx:TrackPointExtension>
            <gpxtpx:hr>172</gpxtpx:hr>
          </gpxtpx:TrackPointExtension>
        </extensions>
      </trkpt>
      <trkpt lat="28.233819512970474" lon="112.91340805183744">
        <ele>62.62149822991341</ele>
        <time>2026-09-18T22:52:31.900000Z</time>
        <extensions>
          <gpxtpx:TrackPointExtension>
            <gpxtpx:hr>172</gpxtpx:hr>
          </gpxtpx:TrackPointExtension>
        </extensions>
      </trkpt>
      <trkpt lat="28.233818175389573" lon="112.91343892572307">
        <ele>62.6041596820578</ele>
        <time>2026-09-18T22:52:32.900000Z</time>
        <extensions>
          <gpxtpx:TrackPointExtension>
            <gpxtpx:hr>172</gpxtpx:hr>
          </gpxtpx:TrackPointExtension>
        </extensions>
      </trkpt>
      <trkpt lat="28.233816378169106" lon="112.91346987950729">
        <ele>62.58736382238567</ele>
        <time>2026-09-18T22:52:33.900000Z</time>
        <extensions>
          <gpxtpx:TrackPointExtension>
            <gpxtpx:hr>172</gpxtpx:hr>
          </gpxtpx:TrackPointExtension>
        </extensions>
      </trkpt>
      <trkpt lat="28.23381397299851" lon="112.91350045603382">
        <ele>62.57153081521392</ele>
        <time>2026-09-18T22:52:34.900000Z</time>
        <extensions>
          <gpxtpx:TrackPointExtension>
            <gpxtpx:hr>170</gpxtpx:hr>
          </gpxtpx:TrackPointExtension>
        </extensions>
      </trkpt>
      <trkpt lat="28.233810655674073" lon="112.91353013789463">
        <ele>62.55729923862964</ele>
        <time>2026-09-18T22:52:35.900000Z</time>
        <extensions>
          <gpxtpx:TrackPointExtension>
            <gpxtpx:hr>170</gpxtpx:hr>
          </gpxtpx:TrackPointExtension>
        </extensions>
      </trkpt>
      <trkpt lat="28.233806228092178" lon="112.91355888029359">
        <ele>62.54540339298546</ele>
        <time>2026-09-18T22:52:36.900000Z</time>
        <extensions>
          <gpxtpx:TrackPointExtension>
            <gpxtpx:hr>170</gpxtpx:hr>
          </gpxtpx:TrackPointExtension>
        </extensions>
      </trkpt>
      <trkpt lat="28.233800800365284" lon="112.91358709936402">
        <ele>62.536643762141466</ele>
        <time>2026-09-18T22:52:37.900000Z</time>
        <extensions>
          <gpxtpx:TrackPointExtension>
            <gpxtpx:hr>170</gpxtpx:hr>
          </gpxtpx:TrackPointExtension>
        </extensions>
      </trkpt>
      <trkpt lat="28.233794592716574" lon="112.91361509169735">
        <ele>62.53231269586831</ele>
        <time>2026-09-18T22:52:38.900000Z</time>
        <extensions>
          <gpxtpx:TrackPointExtension>
            <gpxtpx:hr>171</gpxtpx:hr>
          </gpxtpx:TrackPointExtension>
        </extensions>
      </trkpt>
      <trkpt lat="28.233787624485114" lon="112.91364278437143">
        <ele>62.53311731945723</ele>
        <time>2026-09-18T22:52:39.900000Z</time>
        <extensions>
          <gpxtpx:TrackPointExtension>
            <gpxtpx:hr>171</gpxtpx:hr>
          </gpxtpx:TrackPointExtension>
        </extensions>
      </trkpt>
      <trkpt lat="28.233780208879338" lon="112.91366997359599">
        <ele>62.53976254630834</ele>
        <time>2026-09-18T22:52:40.900000Z</time>
        <extensions>
          <gpxtpx:TrackPointExtension>
            <gpxtpx:hr>171</gpxtpx:hr>
          </gpxtpx:TrackPointExtension>
        </extensions>
      </trkpt>
      <trkpt lat="28.233773382758894" lon="112.91369662352282">
        <ele>62.55292252637446</ele>
        <time>2026-09-18T22:52:41.900000Z</time>
        <extensions>
          <gpxtpx:TrackPointExtension>
            <gpxtpx:hr>171</gpxtpx:hr>
          </gpxtpx:TrackPointExtension>
        </extensions>
      </trkpt>
      <trkpt lat="28.23376856205708" lon="112.91372312294786">
        <ele>62.57298384141177</ele>
        <time>2026-09-18T22:52:42.900000Z</time>
        <extensions>
          <gpxtpx:TrackPointExtension>
            <gpxtpx:hr>170</gpxtpx:hr>
          </gpxtpx:TrackPointExtension>
        </extensions>
      </trkpt>
      <trkpt lat="28.23376695345669" lon="112.9137501100735">
        <ele>62.60064151696861</ele>
        <time>2026-09-18T22:52:43.900000Z</time>
        <extensions>
          <gpxtpx:TrackPointExtension>
            <gpxtpx:hr>170</gpxtpx:hr>
          </gpxtpx:TrackPointExtension>
        </extensions>
      </trkpt>
      <trkpt lat="28.23376887130673" lon="112.91377768021722">
        <ele>62.63645331002772</ele>
        <time>2026-09-18T22:52:44.900000Z</time>
        <extensions>
          <gpxtpx:TrackPointExtension>
            <gpxtpx:hr>170</gpxtpx:hr>
          </gpxtpx:TrackPointExtension>
        </extensions>
      </trkpt>
      <trkpt lat="28.233773656149406" lon="112.91380564828226">
        <ele>62.680446011945605</ele>
        <time>2026-09-18T22:52:45.900000Z</time>
        <extensions>
          <gpxtpx:TrackPointExtension>
            <gpxtpx:hr>170</gpxtpx:hr>
          </gpxtpx:TrackPointExtension>
        </extensions>
      </trkpt>
      <trkpt lat="28.2337804974811" lon="112.91383420666206">
        <ele>62.73182656802237</ele>
        <time>2026-09-18T22:52:46.900000Z</time>
        <extensions>
          <gpxtpx:TrackPointExtension>
            <gpxtpx:hr>170</gpxtpx:hr>
          </gpxtpx:TrackPointExtension>
        </extensions>
      </trkpt>
      <trkpt lat="28.233788665453673" lon="112.91386349601731">
        <ele>62.78949632681906</ele>
        <time>2026-09-18T22:52:47.900000Z</time>
        <extensions>
          <gpxtpx:TrackPointExtension>
            <gpxtpx:hr>170</gpxtpx:hr>
          </gpxtpx:TrackPointExtension>
        </extensions>
      </trkpt>
      <trkpt lat="28.23379743272908" lon="112.91389327121531">
        <ele>62.85181716643274</ele>
        <time>2026-09-18T22:52:48.900000Z</time>
        <extensions>
          <gpxtpx:TrackPointExtension>
            <gpxtpx:hr>171</gpxtpx:hr>
          </gpxtpx:TrackPointExtension>
        </extensions>
      </trkpt>
      <trkpt lat="28.233806258129057" lon="112.913923137911">
        <ele>62.917189456522465</ele>
        <time>2026-09-18T22:52:49.900000Z</time>
        <extensions>
          <gpxtpx:TrackPointExtension>
            <gpxtpx:hr>171</gpxtpx:hr>
          </gpxtpx:TrackPointExtension>
        </extensions>
      </trkpt>
      <trkpt lat="28.233814535034945" lon="112.91395312748085">
        <ele>62.9843002865091</ele>
        <time>2026-09-18T22:52:50.900000Z</time>
        <extensions>
          <gpxtpx:TrackPointExtension>
            <gpxtpx:hr>171</gpxtpx:hr>
          </gpxtpx:TrackPointExtension>
        </extensions>
      </trkpt>
      <trkpt lat="28.233821881767046" lon="112.9139833148588">
        <ele>63.051288393326104</ele>
        <time>2026-09-18T22:52:51.900000Z</time>
        <extensions>
          <gpxtpx:TrackPointExtension>
            <gpxtpx:hr>171</gpxtpx:hr>
          </gpxtpx:TrackPointExtension>
        </extensions>
      </trkpt>
      <trkpt lat="28.23382808468402" lon="112.91401359500541">
        <ele>63.11713824607432</ele>
        <time>2026-09-18T22:52:52.900000Z</time>
        <extensions>
          <gpxtpx:TrackPointExtension>
            <gpxtpx:hr>171</gpxtpx:hr>
          </gpxtpx:TrackPointExtension>
        </extensions>
      </trkpt>
      <trkpt lat="28.23383311459666" lon="112.91404368278408">
        <ele>63.18061336968094</ele>
        <time>2026-09-18T22:52:53.900000Z</time>
        <extensions>
          <gpxtpx:TrackPointExtension>
            <gpxtpx:hr>171</gpxtpx:hr>
          </gpxtpx:TrackPointExtension>
        </extensions>
      </trkpt>
      <trkpt lat="28.233837049526407" lon="112.91407354996062">
        <ele>63.2404346074909</ele>
        <time>2026-09-18T22:52:54.900000Z</time>
        <extensions>
          <gpxtpx:TrackPointExtension>
            <gpxtpx:hr>171</gpxtpx:hr>
          </gpxtpx:TrackPointExtension>
        </extensions>
      </trkpt>
      <trkpt lat="28.23383997532814" lon="112.91410365883067">
        <ele>63.29573287721723</ele>
        <time>2026-09-18T22:52:55.900000Z</time>
        <extensions>
          <gpxtpx:TrackPointExtension>
            <gpxtpx:hr>171</gpxtpx:hr>
          </gpxtpx:TrackPointExtension>
        </extensions>
      </trkpt>
      <trkpt lat="28.23384195901962" lon="112.91413429744966">
        <ele>63.345644077286124</ele>
        <time>2026-09-18T22:52:56.900000Z</time>
        <extensions>
          <gpxtpx:TrackPointExtension>
            <gpxtpx:hr>171</gpxtpx:hr>
          </gpxtpx:TrackPointExtension>
        </extensions>
      </trkpt>
      <trkpt lat="28.2338428949603" lon="112.91416537337008">
        <ele>63.38990380242467</ele>
        <time>2026-09-18T22:52:57.900000Z</time>
        <extensions>
          <gpxtpx:TrackPointExtension>
            <gpxtpx:hr>171</gpxtpx:hr>
          </gpxtpx:TrackPointExtension>
        </extensions>
      </trkpt>
      <trkpt lat="28.233842738932942" lon="112.91419656919375">
        <ele>63.42778865993023</ele>
        <time>2026-09-18T22:52:58.900000Z</time>
        <extensions>
          <gpxtpx:TrackPointExtension>
            <gpxtpx:hr>171</gpxtpx:hr>
          </gpxtpx:TrackPointExtension>
        </extensions>
      </trkpt>
      <trkpt lat="28.233841584065022" lon="112.9142277035494">
        <ele>63.45971663016826</ele>
        <time>2026-09-18T22:52:59.800000Z</time>
        <extensions>
          <gpxtpx:TrackPointExtension>
            <gpxtpx:hr>171</gpxtpx:hr>
          </gpxtpx:TrackPointExtension>
        </extensions>
      </trkpt>
      <trkpt lat="28.233839679695123" lon="112.91425872295184">
        <ele>63.48583825491369</ele>
        <time>2026-09-18T22:53:00.800000Z</time>
        <extensions>
          <gpxtpx:TrackPointExtension>
            <gpxtpx:hr>171</gpxtpx:hr>
          </gpxtpx:TrackPointExtension>
        </extensions>
      </trkpt>
      <trkpt lat="28.23383718159374" lon="112.91428967080202">
        <ele>63.506355406716466</ele>
        <time>2026-09-18T22:53:01.800000Z</time>
        <extensions>
          <gpxtpx:TrackPointExtension>
            <gpxtpx:hr>171</gpxtpx:hr>
          </gpxtpx:TrackPointExtension>
        </extensions>
      </trkpt>
      <trkpt lat="28.233834223679498" lon="112.91432060101515">
        <ele>63.52209758013487</ele>
        <time>2026-09-18T22:53:02.800000Z</time>
        <extensions>
          <gpxtpx:TrackPointExtension>
            <gpxtpx:hr>173</gpxtpx:hr>
          </gpxtpx:TrackPointExtension>
        </extensions>
      </trkpt>
      <trkpt lat="28.23383080530976" lon="112.91435144793427">
        <ele>63.53367750067264</ele>
        <time>2026-09-18T22:53:03.800000Z</time>
        <extensions>
          <gpxtpx:TrackPointExtension>
            <gpxtpx:hr>173</gpxtpx:hr>
          </gpxtpx:TrackPointExtension>
        </extensions>
      </trkpt>
      <trkpt lat="28.23382682252751" lon="112.91438212679108">
        <ele>63.542817207053304</ele>
        <time>2026-09-18T22:53:04.800000Z</time>
        <extensions>
          <gpxtpx:TrackPointExtension>
            <gpxtpx:hr>173</gpxtpx:hr>
          </gpxtpx:TrackPointExtension>
        </extensions>
      </trkpt>
      <trkpt lat="28.233822286590332" lon="112.91441270879113">
        <ele>63.55153728835285</ele>
        <time>2026-09-18T22:53:05.800000Z</time>
        <extensions>
          <gpxtpx:TrackPointExtension>
            <gpxtpx:hr>173</gpxtpx:hr>
          </gpxtpx:TrackPointExtension>
        </extensions>
      </trkpt>
      <trkpt lat="28.23381726685985" lon="112.91444340590947">
        <ele>63.56114931590855</ele>
        <time>2026-09-18T22:53:06.800000Z</time>
        <extensions>
          <gpxtpx:TrackPointExtension>
            <gpxtpx:hr>174</gpxtpx:hr>
          </gpxtpx:TrackPointExtension>
        </extensions>
      </trkpt>
      <trkpt lat="28.233811957876707" lon="112.91447421701304">
        <ele>63.573383756913245</ele>
        <time>2026-09-18T22:53:07.800000Z</time>
        <extensions>
          <gpxtpx:TrackPointExtension>
            <gpxtpx:hr>174</gpxtpx:hr>
          </gpxtpx:TrackPointExtension>
        </extensions>
      </trkpt>
      <trkpt lat="28.23380642000831" lon="112.91450504118319">
        <ele>63.58907311409712</ele>
        <time>2026-09-18T22:53:08.800000Z</time>
        <extensions>
          <gpxtpx:TrackPointExtension>
            <gpxtpx:hr>174</gpxtpx:hr>
          </gpxtpx:TrackPointExtension>
        </extensions>
      </trkpt>
      <trkpt lat="28.233800610865636" lon="112.9145359074227">
        <ele>63.6082947216928</ele>
        <time>2026-09-18T22:53:09.800000Z</time>
        <extensions>
          <gpxtpx:TrackPointExtension>
            <gpxtpx:hr>174</gpxtpx:hr>
          </gpxtpx:TrackPointExtension>
        </extensions>
      </trkpt>
      <trkpt lat="28.233794636819802" lon="112.91456700566474">
        <ele>63.63065332453698</ele>
        <time>2026-09-18T22:53:10.800000Z</time>
        <extensions>
          <gpxtpx:TrackPointExtension>
            <gpxtpx:hr>174</gpxtpx:hr>
          </gpxtpx:TrackPointExtension>
        </extensions>
      </trkpt>
      <trkpt lat="28.233788958861044" lon="112.9145984537652">
        <ele>63.65585757046938</ele>
        <time>2026-09-18T22:53:11.800000Z</time>
        <extensions>
          <gpxtpx:TrackPointExtension>
            <gpxtpx:hr>174</gpxtpx:hr>
          </gpxtpx:TrackPointExtension>
        </extensions>
      </trkpt>
      <trkpt lat="28.23378392903927" lon="112.9146301044115">
        <ele>63.68309092056006</ele>
        <time>2026-09-18T22:53:12.800000Z</time>
        <extensions>
          <gpxtpx:TrackPointExtension>
            <gpxtpx:hr>174</gpxtpx:hr>
          </gpxtpx:TrackPointExtension>
        </extensions>
      </trkpt>
      <trkpt lat="28.23377959548559" lon="112.91466162410525">
        <ele>63.71239104215056</ele>
        <time>2026-09-18T22:53:13.800000Z</time>
        <extensions>
          <gpxtpx:TrackPointExtension>
            <gpxtpx:hr>174</gpxtpx:hr>
          </gpxtpx:TrackPointExtension>
        </extensions>
      </trkpt>
      <trkpt lat="28.233775882899963" lon="112.91469280644671">
        <ele>63.742943342775106</ele>
        <time>2026-09-18T22:53:14.800000Z</time>
        <extensions>
          <gpxtpx:TrackPointExtension>
            <gpxtpx:hr>174</gpxtpx:hr>
          </gpxtpx:TrackPointExtension>
        </extensions>
      </trkpt>
      <trkpt lat="28.233772725412212" lon="112.91472355229617">
        <ele>63.77321349643171</ele>
        <time>2026-09-18T22:53:15.800000Z</time>
        <extensions>
          <gpxtpx:TrackPointExtension>
            <gpxtpx:hr>174</gpxtpx:hr>
          </gpxtpx:TrackPointExtension>
        </extensions>
      </trkpt>
      <trkpt lat="28.233770135640604" lon="112.91475371596287">
        <ele>63.803945544175804</ele>
        <time>2026-09-18T22:53:16.800000Z</time>
        <extensions>
          <gpxtpx:TrackPointExtension>
            <gpxtpx:hr>175</gpxtpx:hr>
          </gpxtpx:TrackPointExtension>
        </extensions>
      </trkpt>
      <trkpt lat="28.233768106759275" lon="112.9147831516829">
        <ele>63.83407600503415</ele>
        <time>2026-09-18T22:53:17.800000Z</time>
        <extensions>
          <gpxtpx:TrackPointExtension>
            <gpxtpx:hr>175</gpxtpx:hr>
          </gpxtpx:TrackPointExtension>
        </extensions>
      </trkpt>
      <trkpt lat="28.233766776903586" lon="112.91481211701115">
        <ele>63.86370076611638</ele>
        <time>2026-09-18T22:53:18.800000Z</time>
        <extensions>
          <gpxtpx:TrackPointExtension>
            <gpxtpx:hr>175</gpxtpx:hr>
          </gpxtpx:TrackPointExtension>
        </extensions>
      </trkpt>
      <trkpt lat="28.23376627284783" lon="112.91484102923478">
        <ele>63.893631900660694</ele>
        <time>2026-09-18T22:53:19.800000Z</time>
        <extensions>
          <gpxtpx:TrackPointExtension>
            <gpxtpx:hr>175</gpxtpx:hr>
          </gpxtpx:TrackPointExtension>
        </extensions>
      </trkpt>
      <trkpt lat="28.233766454426423" lon="112.91486992200173">
        <ele>63.923136092722416</ele>
        <time>2026-09-18T22:53:20.800000Z</time>
        <extensions>
          <gpxtpx:TrackPointExtension>
            <gpxtpx:hr>175</gpxtpx:hr>
          </gpxtpx:TrackPointExtension>
        </extensions>
      </trkpt>
      <trkpt lat="28.233766949795022" lon="112.9148988260155">
        <ele>63.951657900586724</ele>
        <time>2026-09-18T22:53:21.800000Z</time>
        <extensions>
          <gpxtpx:TrackPointExtension>
            <gpxtpx:hr>175</gpxtpx:hr>
          </gpxtpx:TrackPointExtension>
        </extensions>
      </trkpt>
      <trkpt lat="28.23376746996906" lon="112.91492796346787">
        <ele>63.97932770010084</ele>
        <time>2026-09-18T22:53:22.800000Z</time>
        <extensions>
          <gpxtpx:TrackPointExtension>
            <gpxtpx:hr>176</gpxtpx:hr>
          </gpxtpx:TrackPointExtension>
        </extensions>
      </trkpt>
      <trkpt lat="28.233767811461387" lon="112.9149574370086">
        <ele>64.00602573808283</ele>
        <time>2026-09-18T22:53:23.800000Z</time>
        <extensions>
          <gpxtpx:TrackPointExtension>
            <gpxtpx:hr>176</gpxtpx:hr>
          </gpxtpx:TrackPointExtension>
        </extensions>
      </trkpt>
      <trkpt lat="28.233767865609906" lon="112.9149871143077">
        <ele>64.03172522317618</ele>
        <time>2026-09-18T22:53:24.800000Z</time>
        <extensions>
          <gpxtpx:TrackPointExtension>
            <gpxtpx:hr>176</gpxtpx:hr>
          </gpxtpx:TrackPointExtension>
        </extensions>
      </trkpt>
      <trkpt lat="28.233767603982066" lon="112.91501721777747">
        <ele>64.05679894704372</ele>
        <time>2026-09-18T22:53:25.800000Z</time>
        <extensions>
          <gpxtpx:TrackPointExtension>
            <gpxtpx:hr>176</gpxtpx:hr>
          </gpxtpx:TrackPointExtension>
        </extensions>
      </trkpt>
      <trkpt lat="28.23376684516657" lon="112.91504783711">
        <ele>64.08117107767612</ele>
        <time>2026-09-18T22:53:26.800000Z</time>
        <extensions>
          <gpxtpx:TrackPointExtension>
            <gpxtpx:hr>176</gpxtpx:hr>
          </gpxtpx:TrackPointExtension>
        </extensions>
      </trkpt>
      <trkpt lat="28.23376537659573" lon="112.91507874491087">
        <ele>64.10531720239669</ele>
        <time>2026-09-18T22:53:27.800000Z</time>
        <extensions>
          <gpxtpx:TrackPointExtension>
            <gpxtpx:hr>176</gpxtpx:hr>
          </gpxtpx:TrackPointExtension>
        </extensions>
      </trkpt>
      <trkpt lat="28.233763189084204" lon="112.91510975730608">
        <ele>64.12977249361575</ele>
        <time>2026-09-18T22:53:28.800000Z</time>
        <extensions>
          <gpxtpx:TrackPointExtension>
            <gpxtpx:hr>176</gpxtpx:hr>
          </gpxtpx:TrackPointExtension>
        </extensions>
      </trkpt>
      <trkpt lat="28.233760292399577" lon="112.9151407791954">
        <ele>64.15428085252643</ele>
        <time>2026-09-18T22:53:29.800000Z</time>
        <extensions>
          <gpxtpx:TrackPointExtension>
            <gpxtpx:hr>176</gpxtpx:hr>
          </gpxtpx:TrackPointExtension>
        </extensions>
      </trkpt>
      <trkpt lat="28.233756837406315" lon="112.91517184474573">
        <ele>64.17903807014227</ele>
        <time>2026-09-18T22:53:30.800000Z</time>
        <extensions>
          <gpxtpx:TrackPointExtension>
            <gpxtpx:hr>176</gpxtpx:hr>
          </gpxtpx:TrackPointExtension>
        </extensions>
      </trkpt>
      <trkpt lat="28.23375313955031" lon="112.91520282698197">
        <ele>64.20375868212432</ele>
        <time>2026-09-18T22:53:31.800000Z</time>
        <extensions>
          <gpxtpx:TrackPointExtension>
            <gpxtpx:hr>176</gpxtpx:hr>
          </gpxtpx:TrackPointExtension>
        </extensions>
      </trkpt>
      <trkpt lat="28.233749443848332" lon="112.91523375120795">
        <ele>64.22823202610016</ele>
        <time>2026-09-18T22:53:32.800000Z</time>
        <extensions>
          <gpxtpx:TrackPointExtension>
            <gpxtpx:hr>176</gpxtpx:hr>
          </gpxtpx:TrackPointExtension>
        </extensions>
      </trkpt>
      <trkpt lat="28.23374584464218" lon="112.91526464045825">
        <ele>64.25269100349396</ele>
        <time>2026-09-18T22:53:33.800000Z</time>
        <extensions>
          <gpxtpx:TrackPointExtension>
            <gpxtpx:hr>176</gpxtpx:hr>
          </gpxtpx:TrackPointExtension>
        </extensions>
      </trkpt>
      <trkpt lat="28.233742232771142" lon="112.9152953728085">
        <ele>64.27762000076473</ele>
        <time>2026-09-18T22:53:34.800000Z</time>
        <extensions>
          <gpxtpx:TrackPointExtension>
            <gpxtpx:hr>176</gpxtpx:hr>
          </gpxtpx:TrackPointExtension>
        </extensions>
      </trkpt>
      <trkpt lat="28.233738633451683" lon="112.91532594729118">
        <ele>64.30296097882092</ele>
        <time>2026-09-18T22:53:35.800000Z</time>
        <extensions>
          <gpxtpx:TrackPointExtension>
            <gpxtpx:hr>176</gpxtpx:hr>
          </gpxtpx:TrackPointExtension>
        </extensions>
      </trkpt>
      <trkpt lat="28.233735066594534" lon="112.91535649484166">
        <ele>64.32879251521081</ele>
        <time>2026-09-18T22:53:36.800000Z</time>
        <extensions>
          <gpxtpx:TrackPointExtension>
            <gpxtpx:hr>176</gpxtpx:hr>
          </gpxtpx:TrackPointExtension>
        </extensions>
      </trkpt>
      <trkpt lat="28.233731433532352" lon="112.91538707582335">
        <ele>64.3548574987799</ele>
        <time>2026-09-18T22:53:37.800000Z</time>
        <extensions>
          <gpxtpx:TrackPointExtension>
            <gpxtpx:hr>176</gpxtpx:hr>
          </gpxtpx:TrackPointExtension>
        </extensions>
      </trkpt>
      <trkpt lat="28.233727643913454" lon="112.91541760051474">
        <ele>64.38088379986584</ele>
        <time>2026-09-18T22:53:38.800000Z</time>
        <extensions>
          <gpxtpx:TrackPointExtension>
            <gpxtpx:hr>176</gpxtpx:hr>
          </gpxtpx:TrackPointExtension>
        </extensions>
      </trkpt>
      <trkpt lat="28.23372384407642" lon="112.91544792087704">
        <ele>64.4068847950548</ele>
        <time>2026-09-18T22:53:39.800000Z</time>
        <extensions>
          <gpxtpx:TrackPointExtension>
            <gpxtpx:hr>176</gpxtpx:hr>
          </gpxtpx:TrackPointExtension>
        </extensions>
      </trkpt>
      <trkpt lat="28.23372032219326" lon="112.91547804549693">
        <ele>64.43294484633952</ele>
        <time>2026-09-18T22:53:40.800000Z</time>
        <extensions>
          <gpxtpx:TrackPointExtension>
            <gpxtpx:hr>176</gpxtpx:hr>
          </gpxtpx:TrackPointExtension>
        </extensions>
      </trkpt>
      <trkpt lat="28.23371724842736" lon="112.91550809815026">
        <ele>64.45861786231399</ele>
        <time>2026-09-18T22:53:41.800000Z</time>
        <extensions>
          <gpxtpx:TrackPointExtension>
            <gpxtpx:hr>176</gpxtpx:hr>
          </gpxtpx:TrackPointExtension>
        </extensions>
      </trkpt>
      <trkpt lat="28.233714824654168" lon="112.91553806033046">
        <ele>64.4840981895104</ele>
        <time>2026-09-18T22:53:42.800000Z</time>
        <extensions>
          <gpxtpx:TrackPointExtension>
            <gpxtpx:hr>176</gpxtpx:hr>
          </gpxtpx:TrackPointExtension>
        </extensions>
      </trkpt>
      <trkpt lat="28.233713158699366" lon="112.91556787671783">
        <ele>64.50909989327192</ele>
        <time>2026-09-18T22:53:43.800000Z</time>
        <extensions>
          <gpxtpx:TrackPointExtension>
            <gpxtpx:hr>176</gpxtpx:hr>
          </gpxtpx:TrackPointExtension>
        </extensions>
      </trkpt>
      <trkpt lat="28.233712215557187" lon="112.91559738080176">
        <ele>64.53326418995857</ele>
        <time>2026-09-18T22:53:44.800000Z</time>
        <extensions>
          <gpxtpx:TrackPointExtension>
            <gpxtpx:hr>176</gpxtpx:hr>
          </gpxtpx:TrackPointExtension>
        </extensions>
      </trkpt>
      <trkpt lat="28.23371156560614" lon="112.91562660210928">
        <ele>64.55620250292122</ele>
        <time>2026-09-18T22:53:45.800000Z</time>
        <extensions>
          <gpxtpx:TrackPointExtension>
            <gpxtpx:hr>176</gpxtpx:hr>
          </gpxtpx:TrackPointExtension>
        </extensions>
      </trkpt>
      <trkpt lat="28.233710862535354" lon="112.91565575694862">
        <ele>64.57805023062974</ele>
        <time>2026-09-18T22:53:46.800000Z</time>
        <extensions>
          <gpxtpx:TrackPointExtension>
            <gpxtpx:hr>176</gpxtpx:hr>
          </gpxtpx:TrackPointExtension>
        </extensions>
      </trkpt>
      <trkpt lat="28.23370997550133" lon="112.91568505377316">
        <ele>64.59912985563278</ele>
        <time>2026-09-18T22:53:47.800000Z</time>
        <extensions>
          <gpxtpx:TrackPointExtension>
            <gpxtpx:hr>178</gpxtpx:hr>
          </gpxtpx:TrackPointExtension>
        </extensions>
      </trkpt>
      <trkpt lat="28.233708937126128" lon="112.91571452459051">
        <ele>64.61977483332157</ele>
        <time>2026-09-18T22:53:48.800000Z</time>
        <extensions>
          <gpxtpx:TrackPointExtension>
            <gpxtpx:hr>178</gpxtpx:hr>
          </gpxtpx:TrackPointExtension>
        </extensions>
      </trkpt>
      <trkpt lat="28.233707725005008" lon="112.91574406452528">
        <ele>64.6398963406682</ele>
        <time>2026-09-18T22:53:49.800000Z</time>
        <extensions>
          <gpxtpx:TrackPointExtension>
            <gpxtpx:hr>178</gpxtpx:hr>
          </gpxtpx:TrackPointExtension>
        </extensions>
      </trkpt>
      <trkpt lat="28.233705759947583" lon="112.91577364853781">
        <ele>64.65944840945303</ele>
        <time>2026-09-18T22:53:50.700000Z</time>
        <extensions>
          <gpxtpx:TrackPointExtension>
            <gpxtpx:hr>178</gpxtpx:hr>
          </gpxtpx:TrackPointExtension>
        </extensions>
      </trkpt>
      <trkpt lat="28.233702748612505" lon="112.91580322470328">
        <ele>64.67786003742367</ele>
        <time>2026-09-18T22:53:51.700000Z</time>
        <extensions>
          <gpxtpx:TrackPointExtension>
            <gpxtpx:hr>178</gpxtpx:hr>
          </gpxtpx:TrackPointExtension>
        </extensions>
      </trkpt>
      <trkpt lat="28.23369915155921" lon="112.91583290592054">
        <ele>64.69490906316787</ele>
        <time>2026-09-18T22:53:52.700000Z</time>
        <extensions>
          <gpxtpx:TrackPointExtension>
            <gpxtpx:hr>178</gpxtpx:hr>
          </gpxtpx:TrackPointExtension>
        </extensions>
      </trkpt>
      <trkpt lat="28.233695856526865" lon="112.91586271100569">
        <ele>64.71008513774723</ele>
        <time>2026-09-18T22:53:53.700000Z</time>
        <extensions>
          <gpxtpx:TrackPointExtension>
            <gpxtpx:hr>178</gpxtpx:hr>
          </gpxtpx:TrackPointExtension>
        </extensions>
      </trkpt>
      <trkpt lat="28.23369343818154" lon="112.91589246295108">
        <ele>64.72298952937126</ele>
        <time>2026-09-18T22:53:54.700000Z</time>
        <extensions>
          <gpxtpx:TrackPointExtension>
            <gpxtpx:hr>178</gpxtpx:hr>
          </gpxtpx:TrackPointExtension>
        </extensions>
      </trkpt>
      <trkpt lat="28.23369131710895" lon="112.91592182926125">
        <ele>64.73318806290627</ele>
        <time>2026-09-18T22:53:55.700000Z</time>
        <extensions>
          <gpxtpx:TrackPointExtension>
            <gpxtpx:hr>178</gpxtpx:hr>
          </gpxtpx:TrackPointExtension>
        </extensions>
      </trkpt>
      <trkpt lat="28.233688711228204" lon="112.9159505904465">
        <ele>64.73986940365285</ele>
        <time>2026-09-18T22:53:56.700000Z</time>
        <extensions>
          <gpxtpx:TrackPointExtension>
            <gpxtpx:hr>178</gpxtpx:hr>
          </gpxtpx:TrackPointExtension>
        </extensions>
      </trkpt>
      <trkpt lat="28.233685626372097" lon="112.91597879804317">
        <ele>64.74265284556895</ele>
        <time>2026-09-18T22:53:57.700000Z</time>
        <extensions>
          <gpxtpx:TrackPointExtension>
            <gpxtpx:hr>178</gpxtpx:hr>
          </gpxtpx:TrackPointExtension>
        </extensions>
      </trkpt>
      <trkpt lat="28.233682291468515" lon="112.91600676274231">
        <ele>64.74174767080694</ele>
        <time>2026-09-18T22:53:58.700000Z</time>
        <extensions>
          <gpxtpx:TrackPointExtension>
            <gpxtpx:hr>178</gpxtpx:hr>
          </gpxtpx:TrackPointExtension>
        </extensions>
      </trkpt>
      <trkpt lat="28.233678900423953" lon="112.9160347405951">
        <ele>64.73717080522329</ele>
        <time>2026-09-18T22:53:59.700000Z</time>
        <extensions>
          <gpxtpx:TrackPointExtension>
            <gpxtpx:hr>178</gpxtpx:hr>
          </gpxtpx:TrackPointExtension>
        </extensions>
      </trkpt>
      <trkpt lat="28.23367536098374" lon="112.91606282844799">
        <ele>64.72936269361526</ele>
        <time>2026-09-18T22:54:00.700000Z</time>
        <extensions>
          <gpxtpx:TrackPointExtension>
            <gpxtpx:hr>178</gpxtpx:hr>
          </gpxtpx:TrackPointExtension>
        </extensions>
      </trkpt>
      <trkpt lat="28.23367142783271" lon="112.91609105410032">
        <ele>64.71852049045265</ele>
        <time>2026-09-18T22:54:01.700000Z</time>
        <extensions>
          <gpxtpx:TrackPointExtension>
            <gpxtpx:hr>178</gpxtpx:hr>
          </gpxtpx:TrackPointExtension>
        </extensions>
      </trkpt>
      <trkpt lat="28.233666955590365" lon="112.91611936927276">
        <ele>64.7053749943152</ele>
        <time>2026-09-18T22:54:02.700000Z</time>
        <extensions>
          <gpxtpx:TrackPointExtension>
            <gpxtpx:hr>178</gpxtpx:hr>
          </gpxtpx:TrackPointExtension>
        </extensions>
      </trkpt>
      <trkpt lat="28.233661951841743" lon="112.91614795861537">
        <ele>64.69073075056076</ele>
        <time>2026-09-18T22:54:03.700000Z</time>
        <extensions>
          <gpxtpx:TrackPointExtension>
            <gpxtpx:hr>178</gpxtpx:hr>
          </gpxtpx:TrackPointExtension>
        </extensions>
      </trkpt>
      <trkpt lat="28.23365665919793" lon="112.91617696219923">
        <ele>64.67507690284401</ele>
        <time>2026-09-18T22:54:04.700000Z</time>
        <extensions>
          <gpxtpx:TrackPointExtension>
            <gpxtpx:hr>178</gpxtpx:hr>
          </gpxtpx:TrackPointExtension>
        </extensions>
      </trkpt>
      <trkpt lat="28.233651471823652" lon="112.91620635607318">
        <ele>64.65791631024331</ele>
        <time>2026-09-18T22:54:05.700000Z</time>
        <extensions>
          <gpxtpx:TrackPointExtension>
            <gpxtpx:hr>177</gpxtpx:hr>
          </gpxtpx:TrackPointExtension>
        </extensions>
      </trkpt>
      <trkpt lat="28.233646745242098" lon="112.91623597899891">
        <ele>64.64022094197571</ele>
        <time>2026-09-18T22:54:06.700000Z</time>
        <extensions>
          <gpxtpx:TrackPointExtension>
            <gpxtpx:hr>177</gpxtpx:hr>
          </gpxtpx:TrackPointExtension>
        </extensions>
      </trkpt>
      <trkpt lat="28.233642571770694" lon="112.91626569298936">
        <ele>64.62202028743923</ele>
        <time>2026-09-18T22:54:07.700000Z</time>
        <extensions>
          <gpxtpx:TrackPointExtension>
            <gpxtpx:hr>177</gpxtpx:hr>
          </gpxtpx:TrackPointExtension>
        </extensions>
      </trkpt>
      <trkpt lat="28.233638943575684" lon="112.91629522017097">
        <ele>64.60430212505162</ele>
        <time>2026-09-18T22:54:08.700000Z</time>
        <extensions>
          <gpxtpx:TrackPointExtension>
            <gpxtpx:hr>177</gpxtpx:hr>
          </gpxtpx:TrackPointExtension>
        </extensions>
      </trkpt>
      <trkpt lat="28.2336357154122" lon="112.91632438770384">
        <ele>64.58692654035985</ele>
        <time>2026-09-18T22:54:09.700000Z</time>
        <extensions>
          <gpxtpx:TrackPointExtension>
            <gpxtpx:hr>177</gpxtpx:hr>
          </gpxtpx:TrackPointExtension>
        </extensions>
      </trkpt>
      <trkpt lat="28.233632806908016" lon="112.91635334182854">
        <ele>64.57048707921058</ele>
        <time>2026-09-18T22:54:10.700000Z</time>
        <extensions>
          <gpxtpx:TrackPointExtension>
            <gpxtpx:hr>177</gpxtpx:hr>
          </gpxtpx:TrackPointExtension>
        </extensions>
      </trkpt>
      <trkpt lat="28.233630288364033" lon="112.91638221168131">
        <ele>64.55559816863388</ele>
        <time>2026-09-18T22:54:11.700000Z</time>
        <extensions>
          <gpxtpx:TrackPointExtension>
            <gpxtpx:hr>177</gpxtpx:hr>
          </gpxtpx:TrackPointExtension>
        </extensions>
      </trkpt>
      <trkpt lat="28.23362826862279" lon="112.91641115495365">
        <ele>64.54254683293402</ele>
        <time>2026-09-18T22:54:12.700000Z</time>
        <extensions>
          <gpxtpx:TrackPointExtension>
            <gpxtpx:hr>177</gpxtpx:hr>
          </gpxtpx:TrackPointExtension>
        </extensions>
      </trkpt>
      <trkpt lat="28.233626672816847" lon="112.9164403210621">
        <ele>64.53197065927088</ele>
        <time>2026-09-18T22:54:13.700000Z</time>
        <extensions>
          <gpxtpx:TrackPointExtension>
            <gpxtpx:hr>177</gpxtpx:hr>
          </gpxtpx:TrackPointExtension>
        </extensions>
      </trkpt>
      <trkpt lat="28.233625009642356" lon="112.91646962731116">
        <ele>64.52427165117115</ele>
        <time>2026-09-18T22:54:14.700000Z</time>
        <extensions>
          <gpxtpx:TrackPointExtension>
            <gpxtpx:hr>178</gpxtpx:hr>
          </gpxtpx:TrackPointExtension>
        </extensions>
      </trkpt>
      <trkpt lat="28.233623118513993" lon="112.91649901809667">
        <ele>64.51920830830932</ele>
        <time>2026-09-18T22:54:15.700000Z</time>
        <extensions>
          <gpxtpx:TrackPointExtension>
            <gpxtpx:hr>178</gpxtpx:hr>
          </gpxtpx:TrackPointExtension>
        </extensions>
      </trkpt>
      <trkpt lat="28.233621029194417" lon="112.91652857023533">
        <ele>64.51687680836767</ele>
        <time>2026-09-18T22:54:16.700000Z</time>
        <extensions>
          <gpxtpx:TrackPointExtension>
            <gpxtpx:hr>178</gpxtpx:hr>
          </gpxtpx:TrackPointExtension>
        </extensions>
      </trkpt>
      <trkpt lat="28.233618569060525" lon="112.91655836480957">
        <ele>64.51707004010677</ele>
        <time>2026-09-18T22:54:17.700000Z</time>
        <extensions>
          <gpxtpx:TrackPointExtension>
            <gpxtpx:hr>178</gpxtpx:hr>
          </gpxtpx:TrackPointExtension>
        </extensions>
      </trkpt>
      <trkpt lat="28.23361553924744" lon="112.9165884417974">
        <ele>64.51963743939996</ele>
        <time>2026-09-18T22:54:18.700000Z</time>
        <extensions>
          <gpxtpx:TrackPointExtension>
            <gpxtpx:hr>178</gpxtpx:hr>
          </gpxtpx:TrackPointExtension>
        </extensions>
      </trkpt>
      <trkpt lat="28.23361176425092" lon="112.9166187675376">
        <ele>64.52450200356543</ele>
        <time>2026-09-18T22:54:19.700000Z</time>
        <extensions>
          <gpxtpx:TrackPointExtension>
            <gpxtpx:hr>178</gpxtpx:hr>
          </gpxtpx:TrackPointExtension>
        </extensions>
      </trkpt>
      <trkpt lat="28.23360728387066" lon="112.91664924531732">
        <ele>64.53134832624346</ele>
        <time>2026-09-18T22:54:20.700000Z</time>
        <extensions>
          <gpxtpx:TrackPointExtension>
            <gpxtpx:hr>178</gpxtpx:hr>
          </gpxtpx:TrackPointExtension>
        </extensions>
      </trkpt>
      <trkpt lat="28.233602371733607" lon="112.91667954979265">
        <ele>64.54056567978114</ele>
        <time>2026-09-18T22:54:21.700000Z</time>
        <extensions>
          <gpxtpx:TrackPointExtension>
            <gpxtpx:hr>178</gpxtpx:hr>
          </gpxtpx:TrackPointExtension>
        </extensions>
      </trkpt>
      <trkpt lat="28.233597281588978" lon="112.91670936278013">
        <ele>64.55249700695276</ele>
        <time>2026-09-18T22:54:22.700000Z</time>
        <extensions>
          <gpxtpx:TrackPointExtension>
            <gpxtpx:hr>178</gpxtpx:hr>
          </gpxtpx:TrackPointExtension>
        </extensions>
      </trkpt>
      <trkpt lat="28.233592057318614" lon="112.91673874337359">
        <ele>64.56792680546641</ele>
        <time>2026-09-18T22:54:23.700000Z</time>
        <extensions>
          <gpxtpx:TrackPointExtension>
            <gpxtpx:hr>178</gpxtpx:hr>
          </gpxtpx:TrackPointExtension>
        </extensions>
      </trkpt>
      <trkpt lat="28.233586907763186" lon="112.91676814302919">
        <ele>64.58710866235197</ele>
        <time>2026-09-18T22:54:24.700000Z</time>
        <extensions>
          <gpxtpx:TrackPointExtension>
            <gpxtpx:hr>178</gpxtpx:hr>
          </gpxtpx:TrackPointExtension>
        </extensions>
      </trkpt>
      <trkpt lat="28.233582313327457" lon="112.91679773761048">
        <ele>64.60989005304873</ele>
        <time>2026-09-18T22:54:25.700000Z</time>
        <extensions>
          <gpxtpx:TrackPointExtension>
            <gpxtpx:hr>178</gpxtpx:hr>
          </gpxtpx:TrackPointExtension>
        </extensions>
      </trkpt>
      <trkpt lat="28.23357861419047" lon="112.91682757884323">
        <ele>64.63628808129579</ele>
        <time>2026-09-18T22:54:26.700000Z</time>
        <extensions>
          <gpxtpx:TrackPointExtension>
            <gpxtpx:hr>178</gpxtpx:hr>
          </gpxtpx:TrackPointExtension>
        </extensions>
      </trkpt>
      <trkpt lat="28.23357556568165" lon="112.91685773966843">
        <ele>64.66566364746541</ele>
        <time>2026-09-18T22:54:27.700000Z</time>
        <extensions>
          <gpxtpx:TrackPointExtension>
            <gpxtpx:hr>178</gpxtpx:hr>
          </gpxtpx:TrackPointExtension>
        </extensions>
      </trkpt>
      <trkpt lat="28.233572640335435" lon="112.91688810098738">
        <ele>64.69694083277136</ele>
        <time>2026-09-18T22:54:28.700000Z</time>
        <extensions>
          <gpxtpx:TrackPointExtension>
            <gpxtpx:hr>178</gpxtpx:hr>
          </gpxtpx:TrackPointExtension>
        </extensions>
      </trkpt>
      <trkpt lat="28.233569393453983" lon="112.91691845148861">
        <ele>64.72895663324744</ele>
        <time>2026-09-18T22:54:29.700000Z</time>
        <extensions>
          <gpxtpx:TrackPointExtension>
            <gpxtpx:hr>178</gpxtpx:hr>
          </gpxtpx:TrackPointExtension>
        </extensions>
      </trkpt>
      <trkpt lat="28.233565812037256" lon="112.91694871726938">
        <ele>64.76031722314656</ele>
        <time>2026-09-18T22:54:30.700000Z</time>
        <extensions>
          <gpxtpx:TrackPointExtension>
            <gpxtpx:hr>178</gpxtpx:hr>
          </gpxtpx:TrackPointExtension>
        </extensions>
      </trkpt>
      <trkpt lat="28.233561920112884" lon="112.91697900480514">
        <ele>64.7901755971834</ele>
        <time>2026-09-18T22:54:31.700000Z</time>
        <extensions>
          <gpxtpx:TrackPointExtension>
            <gpxtpx:hr>178</gpxtpx:hr>
          </gpxtpx:TrackPointExtension>
        </extensions>
      </trkpt>
      <trkpt lat="28.233557469177537" lon="112.91700941369491">
        <ele>64.81706776004285</ele>
        <time>2026-09-18T22:54:32.700000Z</time>
        <extensions>
          <gpxtpx:TrackPointExtension>
            <gpxtpx:hr>177</gpxtpx:hr>
          </gpxtpx:TrackPointExtension>
        </extensions>
      </trkpt>
      <trkpt lat="28.23355234670949" lon="112.91704001878392">
        <ele>64.83975954633206</ele>
        <time>2026-09-18T22:54:33.700000Z</time>
        <extensions>
          <gpxtpx:TrackPointExtension>
            <gpxtpx:hr>177</gpxtpx:hr>
          </gpxtpx:TrackPointExtension>
        </extensions>
      </trkpt>
      <trkpt lat="28.233546534603597" lon="112.91707053784468">
        <ele>64.85679510980844</ele>
        <time>2026-09-18T22:54:34.700000Z</time>
        <extensions>
          <gpxtpx:TrackPointExtension>
            <gpxtpx:hr>177</gpxtpx:hr>
          </gpxtpx:TrackPointExtension>
        </extensions>
      </trkpt>
      <trkpt lat="28.23354040553168" lon="112.9171007813122">
        <ele>64.86721549741924</ele>
        <time>2026-09-18T22:54:35.700000Z</time>
        <extensions>
          <gpxtpx:TrackPointExtension>
            <gpxtpx:hr>177</gpxtpx:hr>
          </gpxtpx:TrackPointExtension>
        </extensions>
      </trkpt>
      <trkpt lat="28.233534354593875" lon="112.91713078999976">
        <ele>64.87065543420613</ele>
        <time>2026-09-18T22:54:36.700000Z</time>
        <extensions>
          <gpxtpx:TrackPointExtension>
            <gpxtpx:hr>176</gpxtpx:hr>
          </gpxtpx:TrackPointExtension>
        </extensions>
      </trkpt>
      <trkpt lat="28.233528555193676" lon="112.91716064711764">
        <ele>64.86750205792487</ele>
        <time>2026-09-18T22:54:37.700000Z</time>
        <extensions>
          <gpxtpx:TrackPointExtension>
            <gpxtpx:hr>176</gpxtpx:hr>
          </gpxtpx:TrackPointExtension>
        </extensions>
      </trkpt>
      <trkpt lat="28.233523203790643" lon="112.91719041494247">
        <ele>64.85802987124771</ele>
        <time>2026-09-18T22:54:38.700000Z</time>
        <extensions>
          <gpxtpx:TrackPointExtension>
            <gpxtpx:hr>176</gpxtpx:hr>
          </gpxtpx:TrackPointExtension>
        </extensions>
      </trkpt>
      <trkpt lat="28.233518496861247" lon="112.91722017950933">
        <ele>64.8421772532165</ele>
        <time>2026-09-18T22:54:39.700000Z</time>
        <extensions>
          <gpxtpx:TrackPointExtension>
            <gpxtpx:hr>176</gpxtpx:hr>
          </gpxtpx:TrackPointExtension>
        </extensions>
      </trkpt>
      <trkpt lat="28.2335143060933" lon="112.91725005019418">
        <ele>64.82052522152662</ele>
        <time>2026-09-18T22:54:40.700000Z</time>
        <extensions>
          <gpxtpx:TrackPointExtension>
            <gpxtpx:hr>176</gpxtpx:hr>
          </gpxtpx:TrackPointExtension>
        </extensions>
      </trkpt>
      <trkpt lat="28.23351044109796" lon="112.91728006046903">
        <ele>64.7936139870435</ele>
        <time>2026-09-18T22:54:41.600000Z</time>
        <extensions>
          <gpxtpx:TrackPointExtension>
            <gpxtpx:hr>176</gpxtpx:hr>
          </gpxtpx:TrackPointExtension>
        </extensions>
      </trkpt>
      <trkpt lat="28.233506893308277" lon="112.91731046201346">
        <ele>64.7616781052202</ele>
        <time>2026-09-18T22:54:42.600000Z</time>
        <extensions>
          <gpxtpx:TrackPointExtension>
            <gpxtpx:hr>176</gpxtpx:hr>
          </gpxtpx:TrackPointExtension>
        </extensions>
      </trkpt>
      <trkpt lat="28.233503688068957" lon="112.9173412638012">
        <ele>64.72596836369485</ele>
        <time>2026-09-18T22:54:43.600000Z</time>
        <extensions>
          <gpxtpx:TrackPointExtension>
            <gpxtpx:hr>176</gpxtpx:hr>
          </gpxtpx:TrackPointExtension>
        </extensions>
      </trkpt>
      <trkpt lat="28.23350082050453" lon="112.91737222535251">
        <ele>64.68617521878332</ele>
        <time>2026-09-18T22:54:44.600000Z</time>
        <extensions>
          <gpxtpx:TrackPointExtension>
            <gpxtpx:hr>176</gpxtpx:hr>
          </gpxtpx:TrackPointExtension>
        </extensions>
      </trkpt>
      <trkpt lat="28.23349795352451" lon="112.91740305812797">
        <ele>64.64226053934544</ele>
        <time>2026-09-18T22:54:45.600000Z</time>
        <extensions>
          <gpxtpx:TrackPointExtension>
            <gpxtpx:hr>176</gpxtpx:hr>
          </gpxtpx:TrackPointExtension>
        </extensions>
      </trkpt>
      <trkpt lat="28.233494711299098" lon="112.91743369203043">
        <ele>64.59335961844772</ele>
        <time>2026-09-18T22:54:46.600000Z</time>
        <extensions>
          <gpxtpx:TrackPointExtension>
            <gpxtpx:hr>176</gpxtpx:hr>
          </gpxtpx:TrackPointExtension>
        </extensions>
      </trkpt>
      <trkpt lat="28.233490800137186" lon="112.91746426053989">
        <ele>64.53972081374377</ele>
        <time>2026-09-18T22:54:47.600000Z</time>
        <extensions>
          <gpxtpx:TrackPointExtension>
            <gpxtpx:hr>176</gpxtpx:hr>
          </gpxtpx:TrackPointExtension>
        </extensions>
      </trkpt>
      <trkpt lat="28.23348589793682" lon="112.91749479978101">
        <ele>64.48119866941124</ele>
        <time>2026-09-18T22:54:48.600000Z</time>
        <extensions>
          <gpxtpx:TrackPointExtension>
            <gpxtpx:hr>177</gpxtpx:hr>
          </gpxtpx:TrackPointExtension>
        </extensions>
      </trkpt>
      <trkpt lat="28.233479582981715" lon="112.91752529019541">
        <ele>64.41730665694922</ele>
        <time>2026-09-18T22:54:49.600000Z</time>
        <extensions>
          <gpxtpx:TrackPointExtension>
            <gpxtpx:hr>177</gpxtpx:hr>
          </gpxtpx:TrackPointExtension>
        </extensions>
      </trkpt>
      <trkpt lat="28.23347153882868" lon="112.91755541076559">
        <ele>64.34876154270023</ele>
        <time>2026-09-18T22:54:50.600000Z</time>
        <extensions>
          <gpxtpx:TrackPointExtension>
            <gpxtpx:hr>177</gpxtpx:hr>
          </gpxtpx:TrackPointExtension>
        </extensions>
      </trkpt>
      <trkpt lat="28.23346169153116" lon="112.9175848111752">
        <ele>64.27590294834226</ele>
        <time>2026-09-18T22:54:51.600000Z</time>
        <extensions>
          <gpxtpx:TrackPointExtension>
            <gpxtpx:hr>177</gpxtpx:hr>
          </gpxtpx:TrackPointExtension>
        </extensions>
      </trkpt>
      <trkpt lat="28.233449898123112" lon="112.91761317694771">
        <ele>64.19902926776558</ele>
        <time>2026-09-18T22:54:52.600000Z</time>
        <extensions>
          <gpxtpx:TrackPointExtension>
            <gpxtpx:hr>177</gpxtpx:hr>
          </gpxtpx:TrackPointExtension>
        </extensions>
      </trkpt>
      <trkpt lat="28.233435699611743" lon="112.91764001720377">
        <ele>64.11801258008927</ele>
        <time>2026-09-18T22:54:53.600000Z</time>
        <extensions>
          <gpxtpx:TrackPointExtension>
            <gpxtpx:hr>177</gpxtpx:hr>
          </gpxtpx:TrackPointExtension>
        </extensions>
      </trkpt>
      <trkpt lat="28.233418804627824" lon="112.91766484665936">
        <ele>64.03301405161619</ele>
        <time>2026-09-18T22:54:54.600000Z</time>
        <extensions>
          <gpxtpx:TrackPointExtension>
            <gpxtpx:hr>177</gpxtpx:hr>
          </gpxtpx:TrackPointExtension>
        </extensions>
      </trkpt>
      <trkpt lat="28.23339932311385" lon="112.91768732328768">
        <ele>63.944703104905784</ele>
        <time>2026-09-18T22:54:55.600000Z</time>
        <extensions>
          <gpxtpx:TrackPointExtension>
            <gpxtpx:hr>177</gpxtpx:hr>
          </gpxtpx:TrackPointExtension>
        </extensions>
      </trkpt>
      <trkpt lat="28.23337761438023" lon="112.91770725011315">
        <ele>63.853449321351945</ele>
        <time>2026-09-18T22:54:56.600000Z</time>
        <extensions>
          <gpxtpx:TrackPointExtension>
            <gpxtpx:hr>177</gpxtpx:hr>
          </gpxtpx:TrackPointExtension>
        </extensions>
      </trkpt>
      <trkpt lat="28.233354166702277" lon="112.91772449512703">
        <ele>63.759246037341654</ele>
        <time>2026-09-18T22:54:57.600000Z</time>
        <extensions>
          <gpxtpx:TrackPointExtension>
            <gpxtpx:hr>177</gpxtpx:hr>
          </gpxtpx:TrackPointExtension>
        </extensions>
      </trkpt>
      <trkpt lat="28.23332922330035" lon="112.91773893984823">
        <ele>63.66179284825921</ele>
        <time>2026-09-18T22:54:58.600000Z</time>
        <extensions>
          <gpxtpx:TrackPointExtension>
            <gpxtpx:hr>177</gpxtpx:hr>
          </gpxtpx:TrackPointExtension>
        </extensions>
      </trkpt>
      <trkpt lat="28.233303128533525" lon="112.91775048007185">
        <ele>63.561517785303295</ele>
        <time>2026-09-18T22:54:59.600000Z</time>
        <extensions>
          <gpxtpx:TrackPointExtension>
            <gpxtpx:hr>177</gpxtpx:hr>
          </gpxtpx:TrackPointExtension>
        </extensions>
      </trkpt>
      <trkpt lat="28.233276429875488" lon="112.91775901289293">
        <ele>63.45861137099564</ele>
        <time>2026-09-18T22:55:00.600000Z</time>
        <extensions>
          <gpxtpx:TrackPointExtension>
            <gpxtpx:hr>177</gpxtpx:hr>
          </gpxtpx:TrackPointExtension>
        </extensions>
      </trkpt>
      <trkpt lat="28.23324963532651" lon="112.91776483613671">
        <ele>63.35298198554665</ele>
        <time>2026-09-18T22:55:01.600000Z</time>
        <extensions>
          <gpxtpx:TrackPointExtension>
            <gpxtpx:hr>177</gpxtpx:hr>
          </gpxtpx:TrackPointExtension>
        </extensions>
      </trkpt>
      <trkpt lat="28.233222974539185" lon="112.91776794983247">
        <ele>63.245251409709454</ele>
        <time>2026-09-18T22:55:02.600000Z</time>
        <extensions>
          <gpxtpx:TrackPointExtension>
            <gpxtpx:hr>177</gpxtpx:hr>
          </gpxtpx:TrackPointExtension>
        </extensions>
      </trkpt>
      <trkpt lat="28.23319661779909" lon="112.9177685534675">
        <ele>63.13566042948514</ele>
        <time>2026-09-18T22:55:03.600000Z</time>
        <extensions>
          <gpxtpx:TrackPointExtension>
            <gpxtpx:hr>177</gpxtpx:hr>
          </gpxtpx:TrackPointExtension>
        </extensions>
      </trkpt>
      <trkpt lat="28.233170550589247" lon="112.9177674349747">
        <ele>63.0254031252116</ele>
        <time>2026-09-18T22:55:04.600000Z</time>
        <extensions>
          <gpxtpx:TrackPointExtension>
            <gpxtpx:hr>176</gpxtpx:hr>
          </gpxtpx:TrackPointExtension>
        </extensions>
      </trkpt>
      <trkpt lat="28.233144517669285" lon="112.91776507448066">
        <ele>62.91499326005578</ele>
        <time>2026-09-18T22:55:05.600000Z</time>
        <extensions>
          <gpxtpx:TrackPointExtension>
            <gpxtpx:hr>176</gpxtpx:hr>
          </gpxtpx:TrackPointExtension>
        </extensions>
      </trkpt>
      <trkpt lat="28.233118178707233" lon="112.91776179889288">
        <ele>62.80594597849995</ele>
        <time>2026-09-18T22:55:06.600000Z</time>
        <extensions>
          <gpxtpx:TrackPointExtension>
            <gpxtpx:hr>176</gpxtpx:hr>
          </gpxtpx:TrackPointExtension>
        </extensions>
      </trkpt>
      <trkpt lat="28.2330914777642" lon="112.9177580045031">
        <ele>62.698633970692754</ele>
        <time>2026-09-18T22:55:07.600000Z</time>
        <extensions>
          <gpxtpx:TrackPointExtension>
            <gpxtpx:hr>176</gpxtpx:hr>
          </gpxtpx:TrackPointExtension>
        </extensions>
      </trkpt>
      <trkpt lat="28.233064430477686" lon="112.91775397478534">
        <ele>62.59384258557111</ele>
        <time>2026-09-18T22:55:08.600000Z</time>
        <extensions>
          <gpxtpx:TrackPointExtension>
            <gpxtpx:hr>176</gpxtpx:hr>
          </gpxtpx:TrackPointExtension>
        </extensions>
      </trkpt>
      <trkpt lat="28.233036790340652" lon="112.9177497797903">
        <ele>62.49268787819892</ele>
        <time>2026-09-18T22:55:09.600000Z</time>
        <extensions>
          <gpxtpx:TrackPointExtension>
            <gpxtpx:hr>177</gpxtpx:hr>
          </gpxtpx:TrackPointExtension>
        </extensions>
      </trkpt>
      <trkpt lat="28.233008560235415" lon="112.91774554990306">
        <ele>62.39474773220718</ele>
        <time>2026-09-18T22:55:10.600000Z</time>
        <extensions>
          <gpxtpx:TrackPointExtension>
            <gpxtpx:hr>177</gpxtpx:hr>
          </gpxtpx:TrackPointExtension>
        </extensions>
      </trkpt>
      <trkpt lat="28.23298009427136" lon="112.9177413573049">
        <ele>62.30007392913103</ele>
        <time>2026-09-18T22:55:11.600000Z</time>
        <extensions>
          <gpxtpx:TrackPointExtension>
            <gpxtpx:hr>177</gpxtpx:hr>
          </gpxtpx:TrackPointExtension>
        </extensions>
      </trkpt>
      <trkpt lat="28.232951769180087" lon="112.91773729486322">
        <ele>62.208046743646264</ele>
        <time>2026-09-18T22:55:12.600000Z</time>
        <extensions>
          <gpxtpx:TrackPointExtension>
            <gpxtpx:hr>177</gpxtpx:hr>
          </gpxtpx:TrackPointExtension>
        </extensions>
      </trkpt>
      <trkpt lat="28.23292368610984" lon="112.91773333751298">
        <ele>62.11813377868384</ele>
        <time>2026-09-18T22:55:13.600000Z</time>
        <extensions>
          <gpxtpx:TrackPointExtension>
            <gpxtpx:hr>177</gpxtpx:hr>
          </gpxtpx:TrackPointExtension>
        </extensions>
      </trkpt>
      <trkpt lat="28.232895811387994" lon="112.91772939542422">
        <ele>62.029760563746095</ele>
        <time>2026-09-18T22:55:14.600000Z</time>
        <extensions>
          <gpxtpx:TrackPointExtension>
            <gpxtpx:hr>177</gpxtpx:hr>
          </gpxtpx:TrackPointExtension>
        </extensions>
      </trkpt>
      <trkpt lat="28.232868050613245" lon="112.91772524647672">
        <ele>61.942810805514455</ele>
        <time>2026-09-18T22:55:15.600000Z</time>
        <extensions>
          <gpxtpx:TrackPointExtension>
            <gpxtpx:hr>177</gpxtpx:hr>
          </gpxtpx:TrackPointExtension>
        </extensions>
      </trkpt>
      <trkpt lat="28.23284043257614" lon="112.91772077701448">
        <ele>61.85693135112524</ele>
        <time>2026-09-18T22:55:16.600000Z</time>
        <extensions>
          <gpxtpx:TrackPointExtension>
            <gpxtpx:hr>177</gpxtpx:hr>
          </gpxtpx:TrackPointExtension>
        </extensions>
      </trkpt>
      <trkpt lat="28.23281294885976" lon="112.91771593377723">
        <ele>61.77152003534138</ele>
        <time>2026-09-18T22:55:17.600000Z</time>
        <extensions>
          <gpxtpx:TrackPointExtension>
            <gpxtpx:hr>177</gpxtpx:hr>
          </gpxtpx:TrackPointExtension>
        </extensions>
      </trkpt>
      <trkpt lat="28.23278546104229" lon="112.91771080934824">
        <ele>61.68610912654549</ele>
        <time>2026-09-18T22:55:18.600000Z</time>
        <extensions>
          <gpxtpx:TrackPointExtension>
            <gpxtpx:hr>177</gpxtpx:hr>
          </gpxtpx:TrackPointExtension>
        </extensions>
      </trkpt>
      <trkpt lat="28.232757877004353" lon="112.91770557051663">
        <ele>61.599944340996444</ele>
        <time>2026-09-18T22:55:19.600000Z</time>
        <extensions>
          <gpxtpx:TrackPointExtension>
            <gpxtpx:hr>177</gpxtpx:hr>
          </gpxtpx:TrackPointExtension>
        </extensions>
      </trkpt>
      <trkpt lat="28.232730288186243" lon="112.9177003971076">
        <ele>61.51301469840109</ele>
        <time>2026-09-18T22:55:20.600000Z</time>
        <extensions>
          <gpxtpx:TrackPointExtension>
            <gpxtpx:hr>177</gpxtpx:hr>
          </gpxtpx:TrackPointExtension>
        </extensions>
      </trkpt>
      <trkpt lat="28.232702672612266" lon="112.91769574051051">
        <ele>61.424866151064634</ele>
        <time>2026-09-18T22:55:21.600000Z</time>
        <extensions>
          <gpxtpx:TrackPointExtension>
            <gpxtpx:hr>176</gpxtpx:hr>
          </gpxtpx:TrackPointExtension>
        </extensions>
      </trkpt>
      <trkpt lat="28.232674915563834" lon="112.91769195326243">
        <ele>61.33558880165219</ele>
        <time>2026-09-18T22:55:22.600000Z</time>
        <extensions>
          <gpxtpx:TrackPointExtension>
            <gpxtpx:hr>176</gpxtpx:hr>
          </gpxtpx:TrackPointExtension>
        </extensions>
      </trkpt>
      <trkpt lat="28.232647233085558" lon="112.91768903507555">
        <ele>61.24475455097854</ele>
        <time>2026-09-18T22:55:23.600000Z</time>
        <extensions>
          <gpxtpx:TrackPointExtension>
            <gpxtpx:hr>176</gpxtpx:hr>
          </gpxtpx:TrackPointExtension>
        </extensions>
      </trkpt>
      <trkpt lat="28.232619914076466" lon="112.9176864954821">
        <ele>61.15179871302098</ele>
        <time>2026-09-18T22:55:24.600000Z</time>
        <extensions>
          <gpxtpx:TrackPointExtension>
            <gpxtpx:hr>176</gpxtpx:hr>
          </gpxtpx:TrackPointExtension>
        </extensions>
      </trkpt>
      <trkpt lat="28.232593316078788" lon="112.91768382270541">
        <ele>61.057407218031585</ele>
        <time>2026-09-18T22:55:25.600000Z</time>
        <extensions>
          <gpxtpx:TrackPointExtension>
            <gpxtpx:hr>176</gpxtpx:hr>
          </gpxtpx:TrackPointExtension>
        </extensions>
      </trkpt>
      <trkpt lat="28.232567563378883" lon="112.91768105376887">
        <ele>60.96164518035948</ele>
        <time>2026-09-18T22:55:26.600000Z</time>
        <extensions>
          <gpxtpx:TrackPointExtension>
            <gpxtpx:hr>176</gpxtpx:hr>
          </gpxtpx:TrackPointExtension>
        </extensions>
      </trkpt>
      <trkpt lat="28.23254232983791" lon="112.91767867698998">
        <ele>60.86505296546966</ele>
        <time>2026-09-18T22:55:27.600000Z</time>
        <extensions>
          <gpxtpx:TrackPointExtension>
            <gpxtpx:hr>176</gpxtpx:hr>
          </gpxtpx:TrackPointExtension>
        </extensions>
      </trkpt>
      <trkpt lat="28.232517394409648" lon="112.91767682172609">
        <ele>60.768856530077755</ele>
        <time>2026-09-18T22:55:28.600000Z</time>
        <extensions>
          <gpxtpx:TrackPointExtension>
            <gpxtpx:hr>176</gpxtpx:hr>
          </gpxtpx:TrackPointExtension>
        </extensions>
      </trkpt>
      <trkpt lat="28.232492934843794" lon="112.9176752502203">
        <ele>60.6735371388495</ele>
        <time>2026-09-18T22:55:29.600000Z</time>
        <extensions>
          <gpxtpx:TrackPointExtension>
            <gpxtpx:hr>176</gpxtpx:hr>
          </gpxtpx:TrackPointExtension>
        </extensions>
      </trkpt>
      <trkpt lat="28.232469378432885" lon="112.91767357370885">
        <ele>60.58012963924557</ele>
        <time>2026-09-18T22:55:30.600000Z</time>
        <extensions>
          <gpxtpx:TrackPointExtension>
            <gpxtpx:hr>176</gpxtpx:hr>
          </gpxtpx:TrackPointExtension>
        </extensions>
      </trkpt>
      <trkpt lat="28.232447346761084" lon="112.91767185267847">
        <ele>60.48967065196484</ele>
        <time>2026-09-18T22:55:31.600000Z</time>
        <extensions>
          <gpxtpx:TrackPointExtension>
            <gpxtpx:hr>176</gpxtpx:hr>
          </gpxtpx:TrackPointExtension>
        </extensions>
      </trkpt>
      <trkpt lat="28.232427362255773" lon="112.91767033803163">
        <ele>60.40222217142582</ele>
        <time>2026-09-18T22:55:32.500000Z</time>
        <extensions>
          <gpxtpx:TrackPointExtension>
            <gpxtpx:hr>176</gpxtpx:hr>
          </gpxtpx:TrackPointExtension>
        </extensions>
      </trkpt>
      <trkpt lat="28.232409231002592" lon="112.9176685592532">
        <ele>60.318078523501754</ele>
        <time>2026-09-18T22:55:33.500000Z</time>
        <extensions>
          <gpxtpx:TrackPointExtension>
            <gpxtpx:hr>176</gpxtpx:hr>
          </gpxtpx:TrackPointExtension>
        </extensions>
      </trkpt>
      <trkpt lat="28.232392146020082" lon="112.91766613888562">
        <ele>60.23780542332679</ele>
        <time>2026-09-18T22:55:34.500000Z</time>
        <extensions>
          <gpxtpx:TrackPointExtension>
            <gpxtpx:hr>176</gpxtpx:hr>
          </gpxtpx:TrackPointExtension>
        </extensions>
      </trkpt>
      <trkpt lat="28.232375327399012" lon="112.9176629727066">
        <ele>60.16117851808667</ele>
        <time>2026-09-18T22:55:35.500000Z</time>
        <extensions>
          <gpxtpx:TrackPointExtension>
            <gpxtpx:hr>176</gpxtpx:hr>
          </gpxtpx:TrackPointExtension>
        </extensions>
      </trkpt>
      <trkpt lat="28.23235827089408" lon="112.9176586894338">
        <ele>60.08845955785364</ele>
        <time>2026-09-18T22:55:36.500000Z</time>
        <extensions>
          <gpxtpx:TrackPointExtension>
            <gpxtpx:hr>176</gpxtpx:hr>
          </gpxtpx:TrackPointExtension>
        </extensions>
      </trkpt>
      <trkpt lat="28.23234070212921" lon="112.9176528711511">
        <ele>60.02018188405782</ele>
        <time>2026-09-18T22:55:37.500000Z</time>
        <extensions>
          <gpxtpx:TrackPointExtension>
            <gpxtpx:hr>176</gpxtpx:hr>
          </gpxtpx:TrackPointExtension>
        </extensions>
      </trkpt>
      <trkpt lat="28.232322406088187" lon="112.91764547408343">
        <ele>59.956692554056644</ele>
        <time>2026-09-18T22:55:38.500000Z</time>
        <extensions>
          <gpxtpx:TrackPointExtension>
            <gpxtpx:hr>176</gpxtpx:hr>
          </gpxtpx:TrackPointExtension>
        </extensions>
      </trkpt>
      <trkpt lat="28.232302930226826" lon="112.917636488806">
        <ele>59.89890172239393</ele>
        <time>2026-09-18T22:55:39.500000Z</time>
        <extensions>
          <gpxtpx:TrackPointExtension>
            <gpxtpx:hr>176</gpxtpx:hr>
          </gpxtpx:TrackPointExtension>
        </extensions>
      </trkpt>
      <trkpt lat="28.232281933507505" lon="112.91762603495546">
        <ele>59.84733309969306</ele>
        <time>2026-09-18T22:55:40.500000Z</time>
        <extensions>
          <gpxtpx:TrackPointExtension>
            <gpxtpx:hr>173</gpxtpx:hr>
          </gpxtpx:TrackPointExtension>
        </extensions>
      </trkpt>
      <trkpt lat="28.232259544514733" lon="112.91761433442969">
        <ele>59.80166498571634</ele>
        <time>2026-09-18T22:55:41.500000Z</time>
        <extensions>
          <gpxtpx:TrackPointExtension>
            <gpxtpx:hr>173</gpxtpx:hr>
          </gpxtpx:TrackPointExtension>
        </extensions>
      </trkpt>
      <trkpt lat="28.232236274524375" lon="112.91760186534282">
        <ele>59.76166654471308</ele>
        <time>2026-09-18T22:55:42.500000Z</time>
        <extensions>
          <gpxtpx:TrackPointExtension>
            <gpxtpx:hr>173</gpxtpx:hr>
          </gpxtpx:TrackPointExtension>
        </extensions>
      </trkpt>
      <trkpt lat="28.232212782052024" lon="112.9175891059114">
        <ele>59.7270216755569</ele>
        <time>2026-09-18T22:55:43.500000Z</time>
        <extensions>
          <gpxtpx:TrackPointExtension>
            <gpxtpx:hr>173</gpxtpx:hr>
          </gpxtpx:TrackPointExtension>
        </extensions>
      </trkpt>
      <trkpt lat="28.23218962930817" lon="112.9175762108268">
        <ele>59.696969914250076</ele>
        <time>2026-09-18T22:55:44.500000Z</time>
        <extensions>
          <gpxtpx:TrackPointExtension>
            <gpxtpx:hr>172</gpxtpx:hr>
          </gpxtpx:TrackPointExtension>
        </extensions>
      </trkpt>
      <trkpt lat="28.232166929706054" lon="112.917563068626">
        <ele>59.67036969214678</ele>
        <time>2026-09-18T22:55:45.500000Z</time>
        <extensions>
          <gpxtpx:TrackPointExtension>
            <gpxtpx:hr>172</gpxtpx:hr>
          </gpxtpx:TrackPointExtension>
        </extensions>
      </trkpt>
      <trkpt lat="28.232144446955054" lon="112.9175494171636">
        <ele>59.645926306955516</ele>
        <time>2026-09-18T22:55:46.500000Z</time>
        <extensions>
          <gpxtpx:TrackPointExtension>
            <gpxtpx:hr>172</gpxtpx:hr>
          </gpxtpx:TrackPointExtension>
        </extensions>
      </trkpt>
      <trkpt lat="28.232121878508938" lon="112.91753514976766">
        <ele>59.62162111885846</ele>
        <time>2026-09-18T22:55:47.500000Z</time>
        <extensions>
          <gpxtpx:TrackPointExtension>
            <gpxtpx:hr>172</gpxtpx:hr>
          </gpxtpx:TrackPointExtension>
        </extensions>
      </trkpt>
      <trkpt lat="28.232099062705363" lon="112.91752002069252">
        <ele>59.59645427763462</ele>
        <time>2026-09-18T22:55:48.500000Z</time>
        <extensions>
          <gpxtpx:TrackPointExtension>
            <gpxtpx:hr>173</gpxtpx:hr>
          </gpxtpx:TrackPointExtension>
        </extensions>
      </trkpt>
      <trkpt lat="28.232076150015324" lon="112.91750411279011">
        <ele>59.56932233180851</ele>
        <time>2026-09-18T22:55:49.500000Z</time>
        <extensions>
          <gpxtpx:TrackPointExtension>
            <gpxtpx:hr>173</gpxtpx:hr>
          </gpxtpx:TrackPointExtension>
        </extensions>
      </trkpt>
      <trkpt lat="28.232053179677223" lon="112.9174879648533">
        <ele>59.53969440981746</ele>
        <time>2026-09-18T22:55:50.500000Z</time>
        <extensions>
          <gpxtpx:TrackPointExtension>
            <gpxtpx:hr>173</gpxtpx:hr>
          </gpxtpx:TrackPointExtension>
        </extensions>
      </trkpt>
      <trkpt lat="28.232030006990136" lon="112.91747218331435">
        <ele>59.50782449916005</ele>
        <time>2026-09-18T22:55:51.500000Z</time>
        <extensions>
          <gpxtpx:TrackPointExtension>
            <gpxtpx:hr>173</gpxtpx:hr>
          </gpxtpx:TrackPointExtension>
        </extensions>
      </trkpt>
      <trkpt lat="28.232006548553912" lon="112.91745676074127">
        <ele>59.47383010573685</ele>
        <time>2026-09-18T22:55:52.500000Z</time>
        <extensions>
          <gpxtpx:TrackPointExtension>
            <gpxtpx:hr>173</gpxtpx:hr>
          </gpxtpx:TrackPointExtension>
        </extensions>
      </trkpt>
      <trkpt lat="28.231982806184647" lon="112.91744149360903">
        <ele>59.438054476864636</ele>
        <time>2026-09-18T22:55:53.500000Z</time>
        <extensions>
          <gpxtpx:TrackPointExtension>
            <gpxtpx:hr>173</gpxtpx:hr>
          </gpxtpx:TrackPointExtension>
        </extensions>
      </trkpt>
      <trkpt lat="28.231958806943194" lon="112.91742631713683">
        <ele>59.401033248752356</ele>
        <time>2026-09-18T22:55:54.500000Z</time>
        <extensions>
          <gpxtpx:TrackPointExtension>
            <gpxtpx:hr>172</gpxtpx:hr>
          </gpxtpx:TrackPointExtension>
        </extensions>
      </trkpt>
      <trkpt lat="28.23193488287004" lon="112.91741111229346">
        <ele>59.362799221649766</ele>
        <time>2026-09-18T22:55:55.500000Z</time>
        <extensions>
          <gpxtpx:TrackPointExtension>
            <gpxtpx:hr>172</gpxtpx:hr>
          </gpxtpx:TrackPointExtension>
        </extensions>
      </trkpt>
      <trkpt lat="28.231911465893756" lon="112.91739585925565">
        <ele>59.323579776100814</ele>
        <time>2026-09-18T22:55:56.500000Z</time>
        <extensions>
          <gpxtpx:TrackPointExtension>
            <gpxtpx:hr>172</gpxtpx:hr>
          </gpxtpx:TrackPointExtension>
        </extensions>
      </trkpt>
      <trkpt lat="28.23188855880603" lon="112.91738061079688">
        <ele>59.28357529453933</ele>
        <time>2026-09-18T22:55:57.500000Z</time>
        <extensions>
          <gpxtpx:TrackPointExtension>
            <gpxtpx:hr>172</gpxtpx:hr>
          </gpxtpx:TrackPointExtension>
        </extensions>
      </trkpt>
      <trkpt lat="28.23186587735455" lon="112.91736552771569">
        <ele>59.2424025349319</ele>
        <time>2026-09-18T22:55:58.500000Z</time>
        <extensions>
          <gpxtpx:TrackPointExtension>
            <gpxtpx:hr>172</gpxtpx:hr>
          </gpxtpx:TrackPointExtension>
        </extensions>
      </trkpt>
      <trkpt lat="28.231843095402553" lon="112.91735060266905">
        <ele>59.19978961814195</ele>
        <time>2026-09-18T22:55:59.500000Z</time>
        <extensions>
          <gpxtpx:TrackPointExtension>
            <gpxtpx:hr>172</gpxtpx:hr>
          </gpxtpx:TrackPointExtension>
        </extensions>
      </trkpt>
      <trkpt lat="28.231819968055888" lon="112.91733574153527">
        <ele>59.15519076772034</ele>
        <time>2026-09-18T22:56:00.500000Z</time>
        <extensions>
          <gpxtpx:TrackPointExtension>
            <gpxtpx:hr>171</gpxtpx:hr>
          </gpxtpx:TrackPointExtension>
        </extensions>
      </trkpt>
      <trkpt lat="28.23179630996054" lon="112.91732080606982">
        <ele>59.107987051829696</ele>
        <time>2026-09-18T22:56:01.500000Z</time>
        <extensions>
          <gpxtpx:TrackPointExtension>
            <gpxtpx:hr>171</gpxtpx:hr>
          </gpxtpx:TrackPointExtension>
        </extensions>
      </trkpt>
      <trkpt lat="28.231771964237215" lon="112.91730577477229">
        <ele>59.05761707574129</ele>
        <time>2026-09-18T22:56:02.500000Z</time>
        <extensions>
          <gpxtpx:TrackPointExtension>
            <gpxtpx:hr>171</gpxtpx:hr>
          </gpxtpx:TrackPointExtension>
        </extensions>
      </trkpt>
      <trkpt lat="28.231746946971377" lon="112.91729066260035">
        <ele>59.003590817563236</ele>
        <time>2026-09-18T22:56:03.500000Z</time>
        <extensions>
          <gpxtpx:TrackPointExtension>
            <gpxtpx:hr>171</gpxtpx:hr>
          </gpxtpx:TrackPointExtension>
        </extensions>
      </trkpt>
      <trkpt lat="28.231721415473668" lon="112.9172757685023">
        <ele>58.94535023253411</ele>
        <time>2026-09-18T22:56:04.500000Z</time>
        <extensions>
          <gpxtpx:TrackPointExtension>
            <gpxtpx:hr>171</gpxtpx:hr>
          </gpxtpx:TrackPointExtension>
        </extensions>
      </trkpt>
      <trkpt lat="28.231695403463544" lon="112.9172614333279">
        <ele>58.88280479796231</ele>
        <time>2026-09-18T22:56:05.500000Z</time>
        <extensions>
          <gpxtpx:TrackPointExtension>
            <gpxtpx:hr>172</gpxtpx:hr>
          </gpxtpx:TrackPointExtension>
        </extensions>
      </trkpt>
      <trkpt lat="28.23166920038757" lon="112.91724737923296">
        <ele>58.815749761648476</ele>
        <time>2026-09-18T22:56:06.500000Z</time>
        <extensions>
          <gpxtpx:TrackPointExtension>
            <gpxtpx:hr>172</gpxtpx:hr>
          </gpxtpx:TrackPointExtension>
        </extensions>
      </trkpt>
      <trkpt lat="28.23164313959872" lon="112.91723321831351">
        <ele>58.74417219217867</ele>
        <time>2026-09-18T22:56:07.500000Z</time>
        <extensions>
          <gpxtpx:TrackPointExtension>
            <gpxtpx:hr>172</gpxtpx:hr>
          </gpxtpx:TrackPointExtension>
        </extensions>
      </trkpt>
      <trkpt lat="28.231617476084725" lon="112.91721840580355">
        <ele>58.66841607261449</ele>
        <time>2026-09-18T22:56:08.500000Z</time>
        <extensions>
          <gpxtpx:TrackPointExtension>
            <gpxtpx:hr>172</gpxtpx:hr>
          </gpxtpx:TrackPointExtension>
        </extensions>
      </trkpt>
      <trkpt lat="28.231592196691246" lon="112.91720286773091">
        <ele>58.58885927591473</ele>
        <time>2026-09-18T22:56:09.500000Z</time>
        <extensions>
          <gpxtpx:TrackPointExtension>
            <gpxtpx:hr>172</gpxtpx:hr>
          </gpxtpx:TrackPointExtension>
        </extensions>
      </trkpt>
      <trkpt lat="28.231566836298132" lon="112.91718694886238">
        <ele>58.50579382199794</ele>
        <time>2026-09-18T22:56:10.500000Z</time>
        <extensions>
          <gpxtpx:TrackPointExtension>
            <gpxtpx:hr>172</gpxtpx:hr>
          </gpxtpx:TrackPointExtension>
        </extensions>
      </trkpt>
      <trkpt lat="28.231541196361174" lon="112.91717083619626">
        <ele>58.419375291094184</ele>
        <time>2026-09-18T22:56:11.500000Z</time>
        <extensions>
          <gpxtpx:TrackPointExtension>
            <gpxtpx:hr>172</gpxtpx:hr>
          </gpxtpx:TrackPointExtension>
        </extensions>
      </trkpt>
      <trkpt lat="28.231515407213053" lon="112.91715460200972">
        <ele>58.328389851376414</ele>
        <time>2026-09-18T22:56:12.500000Z</time>
        <extensions>
          <gpxtpx:TrackPointExtension>
            <gpxtpx:hr>172</gpxtpx:hr>
          </gpxtpx:TrackPointExtension>
        </extensions>
      </trkpt>
      <trkpt lat="28.23148980212121" lon="112.91713844354325">
        <ele>58.23410678841174</ele>
        <time>2026-09-18T22:56:13.500000Z</time>
        <extensions>
          <gpxtpx:TrackPointExtension>
            <gpxtpx:hr>172</gpxtpx:hr>
          </gpxtpx:TrackPointExtension>
        </extensions>
      </trkpt>
      <trkpt lat="28.231464766632214" lon="112.91712245736166">
        <ele>58.136001996695995</ele>
        <time>2026-09-18T22:56:14.500000Z</time>
        <extensions>
          <gpxtpx:TrackPointExtension>
            <gpxtpx:hr>172</gpxtpx:hr>
          </gpxtpx:TrackPointExtension>
        </extensions>
      </trkpt>
      <trkpt lat="28.231440309810555" lon="112.91710665883522">
        <ele>58.03434108849615</ele>
        <time>2026-09-18T22:56:15.500000Z</time>
        <extensions>
          <gpxtpx:TrackPointExtension>
            <gpxtpx:hr>172</gpxtpx:hr>
          </gpxtpx:TrackPointExtension>
        </extensions>
      </trkpt>
      <trkpt lat="28.231415971673698" lon="112.91709126171497">
        <ele>57.92981274332851</ele>
        <time>2026-09-18T22:56:16.500000Z</time>
        <extensions>
          <gpxtpx:TrackPointExtension>
            <gpxtpx:hr>172</gpxtpx:hr>
          </gpxtpx:TrackPointExtension>
        </extensions>
      </trkpt>
      <trkpt lat="28.231391335366357" lon="112.91707622392447">
        <ele>57.82347774412483</ele>
        <time>2026-09-18T22:56:17.500000Z</time>
        <extensions>
          <gpxtpx:TrackPointExtension>
            <gpxtpx:hr>172</gpxtpx:hr>
          </gpxtpx:TrackPointExtension>
        </extensions>
      </trkpt>
      <trkpt lat="28.23136630524643" lon="112.91706139706214">
        <ele>57.71655033249408</ele>
        <time>2026-09-18T22:56:18.500000Z</time>
        <extensions>
          <gpxtpx:TrackPointExtension>
            <gpxtpx:hr>172</gpxtpx:hr>
          </gpxtpx:TrackPointExtension>
        </extensions>
      </trkpt>
      <trkpt lat="28.231340917863285" lon="112.91704672202388">
        <ele>57.610050722025335</ele>
        <time>2026-09-18T22:56:19.500000Z</time>
        <extensions>
          <gpxtpx:TrackPointExtension>
            <gpxtpx:hr>172</gpxtpx:hr>
          </gpxtpx:TrackPointExtension>
        </extensions>
      </trkpt>
      <trkpt lat="28.231315251070953" lon="112.9170324121224">
        <ele>57.50491926539689</ele>
        <time>2026-09-18T22:56:20.500000Z</time>
        <extensions>
          <gpxtpx:TrackPointExtension>
            <gpxtpx:hr>172</gpxtpx:hr>
          </gpxtpx:TrackPointExtension>
        </extensions>
      </trkpt>
      <trkpt lat="28.23128940613814" lon="112.91701804010727">
        <ele>57.40190404560417</ele>
        <time>2026-09-18T22:56:21.500000Z</time>
        <extensions>
          <gpxtpx:TrackPointExtension>
            <gpxtpx:hr>172</gpxtpx:hr>
          </gpxtpx:TrackPointExtension>
        </extensions>
      </trkpt>
      <trkpt lat="28.23126364759405" lon="112.91700318067956">
        <ele>57.30152677278966</ele>
        <time>2026-09-18T22:56:22.500000Z</time>
        <extensions>
          <gpxtpx:TrackPointExtension>
            <gpxtpx:hr>172</gpxtpx:hr>
          </gpxtpx:TrackPointExtension>
        </extensions>
      </trkpt>
      <trkpt lat="28.231238232960074" lon="112.91698788684286">
        <ele>57.2044733306393</ele>
        <time>2026-09-18T22:56:23.400000Z</time>
        <extensions>
          <gpxtpx:TrackPointExtension>
            <gpxtpx:hr>172</gpxtpx:hr>
          </gpxtpx:TrackPointExtension>
        </extensions>
      </trkpt>
      <trkpt lat="28.23121306760815" lon="112.91697205083898">
        <ele>57.11104756500572</ele>
        <time>2026-09-18T22:56:24.400000Z</time>
        <extensions>
          <gpxtpx:TrackPointExtension>
            <gpxtpx:hr>172</gpxtpx:hr>
          </gpxtpx:TrackPointExtension>
        </extensions>
      </trkpt>
      <trkpt lat="28.231188236035862" lon="112.91695609903792">
        <ele>57.02116575464606</ele>
        <time>2026-09-18T22:56:25.400000Z</time>
        <extensions>
          <gpxtpx:TrackPointExtension>
            <gpxtpx:hr>172</gpxtpx:hr>
          </gpxtpx:TrackPointExtension>
        </extensions>
      </trkpt>
      <trkpt lat="28.23116402066742" lon="112.91694048783313">
        <ele>56.93466074485332</ele>
        <time>2026-09-18T22:56:26.400000Z</time>
        <extensions>
          <gpxtpx:TrackPointExtension>
            <gpxtpx:hr>172</gpxtpx:hr>
          </gpxtpx:TrackPointExtension>
        </extensions>
      </trkpt>
      <trkpt lat="28.23114044500173" lon="112.9169253536192">
        <ele>56.851600052788854</ele>
        <time>2026-09-18T22:56:27.400000Z</time>
        <extensions>
          <gpxtpx:TrackPointExtension>
            <gpxtpx:hr>172</gpxtpx:hr>
          </gpxtpx:TrackPointExtension>
        </extensions>
      </trkpt>
      <trkpt lat="28.231117284971166" lon="112.91691078549358">
        <ele>56.77229777164757</ele>
        <time>2026-09-18T22:56:28.400000Z</time>
        <extensions>
          <gpxtpx:TrackPointExtension>
            <gpxtpx:hr>172</gpxtpx:hr>
          </gpxtpx:TrackPointExtension>
        </extensions>
      </trkpt>
      <trkpt lat="28.23109418927241" lon="112.91689675252886">
        <ele>56.69704081118107</ele>
        <time>2026-09-18T22:56:29.400000Z</time>
        <extensions>
          <gpxtpx:TrackPointExtension>
            <gpxtpx:hr>172</gpxtpx:hr>
          </gpxtpx:TrackPointExtension>
        </extensions>
      </trkpt>
      <trkpt lat="28.231070837355386" lon="112.91688282770576">
        <ele>56.62570455018431</ele>
        <time>2026-09-18T22:56:30.400000Z</time>
        <extensions>
          <gpxtpx:TrackPointExtension>
            <gpxtpx:hr>173</gpxtpx:hr>
          </gpxtpx:TrackPointExtension>
        </extensions>
      </trkpt>
      <trkpt lat="28.23104705621306" lon="112.9168685944759">
        <ele>56.557852051220834</ele>
        <time>2026-09-18T22:56:31.400000Z</time>
        <extensions>
          <gpxtpx:TrackPointExtension>
            <gpxtpx:hr>173</gpxtpx:hr>
          </gpxtpx:TrackPointExtension>
        </extensions>
      </trkpt>
      <trkpt lat="28.231022769570036" lon="112.91685431390664">
        <ele>56.49304975010455</ele>
        <time>2026-09-18T22:56:32.400000Z</time>
        <extensions>
          <gpxtpx:TrackPointExtension>
            <gpxtpx:hr>173</gpxtpx:hr>
          </gpxtpx:TrackPointExtension>
        </extensions>
      </trkpt>
      <trkpt lat="28.230998109396126" lon="112.91683977500116">
        <ele>56.43079128675163</ele>
        <time>2026-09-18T22:56:33.400000Z</time>
        <extensions>
          <gpxtpx:TrackPointExtension>
            <gpxtpx:hr>173</gpxtpx:hr>
          </gpxtpx:TrackPointExtension>
        </extensions>
      </trkpt>
      <trkpt lat="28.230973385860114" lon="112.91682482367112">
        <ele>56.3703440297395</ele>
        <time>2026-09-18T22:56:34.400000Z</time>
        <extensions>
          <gpxtpx:TrackPointExtension>
            <gpxtpx:hr>173</gpxtpx:hr>
          </gpxtpx:TrackPointExtension>
        </extensions>
      </trkpt>
      <trkpt lat="28.230948770733903" lon="112.91680955113563">
        <ele>56.310827256180346</ele>
        <time>2026-09-18T22:56:35.400000Z</time>
        <extensions>
          <gpxtpx:TrackPointExtension>
            <gpxtpx:hr>172</gpxtpx:hr>
          </gpxtpx:TrackPointExtension>
        </extensions>
      </trkpt>
      <trkpt lat="28.230924390979116" lon="112.91679376804336">
        <ele>56.25117304734886</ele>
        <time>2026-09-18T22:56:36.400000Z</time>
        <extensions>
          <gpxtpx:TrackPointExtension>
            <gpxtpx:hr>172</gpxtpx:hr>
          </gpxtpx:TrackPointExtension>
        </extensions>
      </trkpt>
      <trkpt lat="28.23090014659193" lon="112.91677749254501">
        <ele>56.19014052115381</ele>
        <time>2026-09-18T22:56:37.400000Z</time>
        <extensions>
          <gpxtpx:TrackPointExtension>
            <gpxtpx:hr>172</gpxtpx:hr>
          </gpxtpx:TrackPointExtension>
        </extensions>
      </trkpt>
      <trkpt lat="28.230875794298246" lon="112.91676089310236">
        <ele>56.12670590355992</ele>
        <time>2026-09-18T22:56:38.400000Z</time>
        <extensions>
          <gpxtpx:TrackPointExtension>
            <gpxtpx:hr>172</gpxtpx:hr>
          </gpxtpx:TrackPointExtension>
        </extensions>
      </trkpt>
      <trkpt lat="28.2308512431327" lon="112.91674428210969">
        <ele>56.06015620753169</ele>
        <time>2026-09-18T22:56:39.400000Z</time>
        <extensions>
          <gpxtpx:TrackPointExtension>
            <gpxtpx:hr>172</gpxtpx:hr>
          </gpxtpx:TrackPointExtension>
        </extensions>
      </trkpt>
      <trkpt lat="28.230826506474195" lon="112.91672800352073">
        <ele>55.99040338024497</ele>
        <time>2026-09-18T22:56:40.400000Z</time>
        <extensions>
          <gpxtpx:TrackPointExtension>
            <gpxtpx:hr>174</gpxtpx:hr>
          </gpxtpx:TrackPointExtension>
        </extensions>
      </trkpt>
      <trkpt lat="28.230801511211226" lon="112.91671239924763">
        <ele>55.91782255563885</ele>
        <time>2026-09-18T22:56:41.400000Z</time>
        <extensions>
          <gpxtpx:TrackPointExtension>
            <gpxtpx:hr>174</gpxtpx:hr>
          </gpxtpx:TrackPointExtension>
        </extensions>
      </trkpt>
      <trkpt lat="28.230775846887465" lon="112.91669743799147">
        <ele>55.84290779475123</ele>
        <time>2026-09-18T22:56:42.400000Z</time>
        <extensions>
          <gpxtpx:TrackPointExtension>
            <gpxtpx:hr>174</gpxtpx:hr>
          </gpxtpx:TrackPointExtension>
        </extensions>
      </trkpt>
      <trkpt lat="28.2307493047779" lon="112.91668311260038">
        <ele>55.76630805712193</ele>
        <time>2026-09-18T22:56:43.400000Z</time>
        <extensions>
          <gpxtpx:TrackPointExtension>
            <gpxtpx:hr>174</gpxtpx:hr>
          </gpxtpx:TrackPointExtension>
        </extensions>
      </trkpt>
      <trkpt lat="28.2307220652565" lon="112.91666935967892">
        <ele>55.68889473285526</ele>
        <time>2026-09-18T22:56:44.400000Z</time>
        <extensions>
          <gpxtpx:TrackPointExtension>
            <gpxtpx:hr>174</gpxtpx:hr>
          </gpxtpx:TrackPointExtension>
        </extensions>
      </trkpt>
      <trkpt lat="28.23069441753811" lon="112.91665590123678">
        <ele>55.611747248098254</ele>
        <time>2026-09-18T22:56:45.400000Z</time>
        <extensions>
          <gpxtpx:TrackPointExtension>
            <gpxtpx:hr>174</gpxtpx:hr>
          </gpxtpx:TrackPointExtension>
        </extensions>
      </trkpt>
      <trkpt lat="28.230666682006746" lon="112.91664255439699">
        <ele>55.536082371138036</ele>
        <time>2026-09-18T22:56:46.400000Z</time>
        <extensions>
          <gpxtpx:TrackPointExtension>
            <gpxtpx:hr>174</gpxtpx:hr>
          </gpxtpx:TrackPointExtension>
        </extensions>
      </trkpt>
      <trkpt lat="28.230639079450647" lon="112.9166290957365">
        <ele>55.46293142717332</ele>
        <time>2026-09-18T22:56:47.400000Z</time>
        <extensions>
          <gpxtpx:TrackPointExtension>
            <gpxtpx:hr>174</gpxtpx:hr>
          </gpxtpx:TrackPointExtension>
        </extensions>
      </trkpt>
      <trkpt lat="28.230611805612007" lon="112.9166155858463">
        <ele>55.39305024128407</ele>
        <time>2026-09-18T22:56:48.400000Z</time>
        <extensions>
          <gpxtpx:TrackPointExtension>
            <gpxtpx:hr>174</gpxtpx:hr>
          </gpxtpx:TrackPointExtension>
        </extensions>
      </trkpt>
      <trkpt lat="28.230584744083846" lon="112.91660220917014">
        <ele>55.327138557098806</ele>
        <time>2026-09-18T22:56:49.400000Z</time>
        <extensions>
          <gpxtpx:TrackPointExtension>
            <gpxtpx:hr>174</gpxtpx:hr>
          </gpxtpx:TrackPointExtension>
        </extensions>
      </trkpt>
      <trkpt lat="28.230557665847083" lon="112.91658925006166">
        <ele>55.265732989646494</ele>
        <time>2026-09-18T22:56:50.400000Z</time>
        <extensions>
          <gpxtpx:TrackPointExtension>
            <gpxtpx:hr>175</gpxtpx:hr>
          </gpxtpx:TrackPointExtension>
        </extensions>
      </trkpt>
      <trkpt lat="28.230530622506347" lon="112.91657646771542">
        <ele>55.208908807486296</ele>
        <time>2026-09-18T22:56:51.400000Z</time>
        <extensions>
          <gpxtpx:TrackPointExtension>
            <gpxtpx:hr>175</gpxtpx:hr>
          </gpxtpx:TrackPointExtension>
        </extensions>
      </trkpt>
      <trkpt lat="28.230503601867042" lon="112.91656354701827">
        <ele>55.15617840830237</ele>
        <time>2026-09-18T22:56:52.400000Z</time>
        <extensions>
          <gpxtpx:TrackPointExtension>
            <gpxtpx:hr>175</gpxtpx:hr>
          </gpxtpx:TrackPointExtension>
        </extensions>
      </trkpt>
      <trkpt lat="28.23047638087953" lon="112.91655093761476">
        <ele>55.10661479178816</ele>
        <time>2026-09-18T22:56:53.400000Z</time>
        <extensions>
          <gpxtpx:TrackPointExtension>
            <gpxtpx:hr>175</gpxtpx:hr>
          </gpxtpx:TrackPointExtension>
        </extensions>
      </trkpt>
      <trkpt lat="28.23044884703232" lon="112.91653882665148">
        <ele>55.05914406757802</ele>
        <time>2026-09-18T22:56:54.400000Z</time>
        <extensions>
          <gpxtpx:TrackPointExtension>
            <gpxtpx:hr>175</gpxtpx:hr>
          </gpxtpx:TrackPointExtension>
        </extensions>
      </trkpt>
      <trkpt lat="28.230421131220883" lon="112.91652732018319">
        <ele>55.01268511917442</ele>
        <time>2026-09-18T22:56:55.400000Z</time>
        <extensions>
          <gpxtpx:TrackPointExtension>
            <gpxtpx:hr>175</gpxtpx:hr>
          </gpxtpx:TrackPointExtension>
        </extensions>
      </trkpt>
      <trkpt lat="28.230393352061217" lon="112.91651642641784">
        <ele>54.966058598831296</ele>
        <time>2026-09-18T22:56:56.400000Z</time>
        <extensions>
          <gpxtpx:TrackPointExtension>
            <gpxtpx:hr>175</gpxtpx:hr>
          </gpxtpx:TrackPointExtension>
        </extensions>
      </trkpt>
      <trkpt lat="28.230365740523155" lon="112.91650589266202">
        <ele>54.918031874112785</ele>
        <time>2026-09-18T22:56:57.400000Z</time>
        <extensions>
          <gpxtpx:TrackPointExtension>
            <gpxtpx:hr>175</gpxtpx:hr>
          </gpxtpx:TrackPointExtension>
        </extensions>
      </trkpt>
      <trkpt lat="28.230338534931228" lon="112.91649572368863">
        <ele>54.86740519758314</ele>
        <time>2026-09-18T22:56:58.400000Z</time>
        <extensions>
          <gpxtpx:TrackPointExtension>
            <gpxtpx:hr>175</gpxtpx:hr>
          </gpxtpx:TrackPointExtension>
        </extensions>
      </trkpt>
      <trkpt lat="28.230311679134903" lon="112.91648619252555">
        <ele>54.813016425818205</ele>
        <time>2026-09-18T22:56:59.400000Z</time>
        <extensions>
          <gpxtpx:TrackPointExtension>
            <gpxtpx:hr>175</gpxtpx:hr>
          </gpxtpx:TrackPointExtension>
        </extensions>
      </trkpt>
      <trkpt lat="28.230284893968115" lon="112.91647745091056">
        <ele>54.7538640787825</ele>
        <time>2026-09-18T22:57:00.400000Z</time>
        <extensions>
          <gpxtpx:TrackPointExtension>
            <gpxtpx:hr>176</gpxtpx:hr>
          </gpxtpx:TrackPointExtension>
        </extensions>
      </trkpt>
      <trkpt lat="28.23025775060842" lon="112.91646934975851">
        <ele>54.68925937637687</ele>
        <time>2026-09-18T22:57:01.400000Z</time>
        <extensions>
          <gpxtpx:TrackPointExtension>
            <gpxtpx:hr>176</gpxtpx:hr>
          </gpxtpx:TrackPointExtension>
        </extensions>
      </trkpt>
      <trkpt lat="28.230234617585047" lon="112.91646298043091">
        <ele>54.631284075789154</ele>
        <time>2026-09-18T22:57:02.200000Z</time>
        <extensions>
          <gpxtpx:TrackPointExtension>
            <gpxtpx:hr>176</gpxtpx:hr>
          </gpxtpx:TrackPointExtension>
        </extensions>
      </trkpt>
      <trkpt lat="28.230206151307762" lon="112.9164559534376">
        <ele>54.55656572710723</ele>
        <time>2026-09-18T22:57:03.200000Z</time>
        <extensions>
          <gpxtpx:TrackPointExtension>
            <gpxtpx:hr>176</gpxtpx:hr>
          </gpxtpx:TrackPointExtension>
        </extensions>
      </trkpt>
      <trkpt lat="28.23017270275084" lon="112.91644913986957">
        <ele>54.46372801065445</ele>
        <time>2026-09-18T22:57:04.400000Z</time>
        <extensions>
          <gpxtpx:TrackPointExtension>
            <gpxtpx:hr>176</gpxtpx:hr>
          </gpxtpx:TrackPointExtension>
        </extensions>
      </trkpt>
      <trkpt lat="28.23014412664972" lon="112.91644410635246">
        <ele>54.38143321312964</ele>
        <time>2026-09-18T22:57:05.400000Z</time>
        <extensions>
          <gpxtpx:TrackPointExtension>
            <gpxtpx:hr>176</gpxtpx:hr>
          </gpxtpx:TrackPointExtension>
        </extensions>
      </trkpt>
      <trkpt lat="28.230115795233015" lon="112.91643890776658">
        <ele>54.29936720896512</ele>
        <time>2026-09-18T22:57:06.400000Z</time>
        <extensions>
          <gpxtpx:TrackPointExtension>
            <gpxtpx:hr>176</gpxtpx:hr>
          </gpxtpx:TrackPointExtension>
        </extensions>
      </trkpt>
      <trkpt lat="28.230087543918913" lon="112.9164328947349">
        <ele>54.21888071857393</ele>
        <time>2026-09-18T22:57:07.400000Z</time>
        <extensions>
          <gpxtpx:TrackPointExtension>
            <gpxtpx:hr>176</gpxtpx:hr>
          </gpxtpx:TrackPointExtension>
        </extensions>
      </trkpt>
      <trkpt lat="28.230059048355248" lon="112.91642600466004">
        <ele>54.14036391302943</ele>
        <time>2026-09-18T22:57:08.400000Z</time>
        <extensions>
          <gpxtpx:TrackPointExtension>
            <gpxtpx:hr>176</gpxtpx:hr>
          </gpxtpx:TrackPointExtension>
        </extensions>
      </trkpt>
      <trkpt lat="28.230034603283077" lon="112.9164198414988">
        <ele>54.07466185092926</ele>
        <time>2026-09-18T22:57:09.200000Z</time>
        <extensions>
          <gpxtpx:TrackPointExtension>
            <gpxtpx:hr>176</gpxtpx:hr>
          </gpxtpx:TrackPointExtension>
        </extensions>
      </trkpt>
      <trkpt lat="28.23000539947232" lon="112.91641258035786">
        <ele>53.99593489803374</ele>
        <time>2026-09-18T22:57:10.200000Z</time>
        <extensions>
          <gpxtpx:TrackPointExtension>
            <gpxtpx:hr>176</gpxtpx:hr>
          </gpxtpx:TrackPointExtension>
        </extensions>
      </trkpt>
      <trkpt lat="28.22997181897909" lon="112.91640500483034">
        <ele>53.9033816838637</ele>
        <time>2026-09-18T22:57:11.400000Z</time>
        <extensions>
          <gpxtpx:TrackPointExtension>
            <gpxtpx:hr>176</gpxtpx:hr>
          </gpxtpx:TrackPointExtension>
        </extensions>
      </trkpt>
      <trkpt lat="28.229942889322793" lon="112.91639806128418">
        <ele>53.82177394349128</ele>
        <time>2026-09-18T22:57:12.400000Z</time>
        <extensions>
          <gpxtpx:TrackPointExtension>
            <gpxtpx:hr>176</gpxtpx:hr>
          </gpxtpx:TrackPointExtension>
        </extensions>
      </trkpt>
      <trkpt lat="28.22991836089978" lon="112.91639111400946">
        <ele>53.75100346561521</ele>
        <time>2026-09-18T22:57:13.200000Z</time>
        <extensions>
          <gpxtpx:TrackPointExtension>
            <gpxtpx:hr>176</gpxtpx:hr>
          </gpxtpx:TrackPointExtension>
        </extensions>
      </trkpt>
      <trkpt lat="28.229889698579274" lon="112.91638243223744">
        <ele>53.665471515618265</ele>
        <time>2026-09-18T22:57:14.200000Z</time>
        <extensions>
          <gpxtpx:TrackPointExtension>
            <gpxtpx:hr>176</gpxtpx:hr>
          </gpxtpx:TrackPointExtension>
        </extensions>
      </trkpt>
      <trkpt lat="28.229860960992056" lon="112.91637339974683">
        <ele>53.576525702141225</ele>
        <time>2026-09-18T22:57:15.200000Z</time>
        <extensions>
          <gpxtpx:TrackPointExtension>
            <gpxtpx:hr>176</gpxtpx:hr>
          </gpxtpx:TrackPointExtension>
        </extensions>
      </trkpt>
      <trkpt lat="28.229832068595524" lon="112.9163643304579">
        <ele>53.484668331220746</ele>
        <time>2026-09-18T22:57:16.200000Z</time>
        <extensions>
          <gpxtpx:TrackPointExtension>
            <gpxtpx:hr>176</gpxtpx:hr>
          </gpxtpx:TrackPointExtension>
        </extensions>
      </trkpt>
      <trkpt lat="28.229803115315395" lon="112.91635538741488">
        <ele>53.3909664042294</ele>
        <time>2026-09-18T22:57:17.200000Z</time>
        <extensions>
          <gpxtpx:TrackPointExtension>
            <gpxtpx:hr>176</gpxtpx:hr>
          </gpxtpx:TrackPointExtension>
        </extensions>
      </trkpt>
      <trkpt lat="28.229774301633526" lon="112.91634659618198">
        <ele>53.29666645824909</ele>
        <time>2026-09-18T22:57:18.200000Z</time>
        <extensions>
          <gpxtpx:TrackPointExtension>
            <gpxtpx:hr>176</gpxtpx:hr>
          </gpxtpx:TrackPointExtension>
        </extensions>
      </trkpt>
      <trkpt lat="28.229745729527878" lon="112.91633804971268">
        <ele>53.202795354649425</ele>
        <time>2026-09-18T22:57:19.200000Z</time>
        <extensions>
          <gpxtpx:TrackPointExtension>
            <gpxtpx:hr>176</gpxtpx:hr>
          </gpxtpx:TrackPointExtension>
        </extensions>
      </trkpt>
      <trkpt lat="28.22971733573647" lon="112.91632996613018">
        <ele>53.10992533527315</ele>
        <time>2026-09-18T22:57:20.200000Z</time>
        <extensions>
          <gpxtpx:TrackPointExtension>
            <gpxtpx:hr>176</gpxtpx:hr>
          </gpxtpx:TrackPointExtension>
        </extensions>
      </trkpt>
      <trkpt lat="28.229688866923496" lon="112.91632249070895">
        <ele>53.01812225393951</ele>
        <time>2026-09-18T22:57:21.200000Z</time>
        <extensions>
          <gpxtpx:TrackPointExtension>
            <gpxtpx:hr>176</gpxtpx:hr>
          </gpxtpx:TrackPointExtension>
        </extensions>
      </trkpt>
      <trkpt lat="28.22966009225014" lon="112.9163158235247">
        <ele>52.92694780230522</ele>
        <time>2026-09-18T22:57:22.200000Z</time>
        <extensions>
          <gpxtpx:TrackPointExtension>
            <gpxtpx:hr>176</gpxtpx:hr>
          </gpxtpx:TrackPointExtension>
        </extensions>
      </trkpt>
      <trkpt lat="28.229627555616208" lon="112.91630962095671">
        <ele>52.82407113816589</ele>
        <time>2026-09-18T22:57:23.300000Z</time>
        <extensions>
          <gpxtpx:TrackPointExtension>
            <gpxtpx:hr>176</gpxtpx:hr>
          </gpxtpx:TrackPointExtension>
        </extensions>
      </trkpt>
      <trkpt lat="28.229598690248004" lon="112.91630527729487">
        <ele>52.73166888393462</ele>
        <time>2026-09-18T22:57:24.300000Z</time>
        <extensions>
          <gpxtpx:TrackPointExtension>
            <gpxtpx:hr>176</gpxtpx:hr>
          </gpxtpx:TrackPointExtension>
        </extensions>
      </trkpt>
      <trkpt lat="28.22957005402105" lon="112.91630140965523">
        <ele>52.63741304632276</ele>
        <time>2026-09-18T22:57:25.300000Z</time>
        <extensions>
          <gpxtpx:TrackPointExtension>
            <gpxtpx:hr>177</gpxtpx:hr>
          </gpxtpx:TrackPointExtension>
        </extensions>
      </trkpt>
      <trkpt lat="28.22954213772082" lon="112.91629737919553">
        <ele>52.541121089830995</ele>
        <time>2026-09-18T22:57:26.300000Z</time>
        <extensions>
          <gpxtpx:TrackPointExtension>
            <gpxtpx:hr>177</gpxtpx:hr>
          </gpxtpx:TrackPointExtension>
        </extensions>
      </trkpt>
      <trkpt lat="28.229518349406963" lon="112.91629357836139">
        <ele>52.45490341912955</ele>
        <time>2026-09-18T22:57:27.200000Z</time>
        <extensions>
          <gpxtpx:TrackPointExtension>
            <gpxtpx:hr>177</gpxtpx:hr>
          </gpxtpx:TrackPointExtension>
        </extensions>
      </trkpt>
      <trkpt lat="28.229492566199983" lon="112.91628920442069">
        <ele>52.35638397373259</ele>
        <time>2026-09-18T22:57:28.200000Z</time>
        <extensions>
          <gpxtpx:TrackPointExtension>
            <gpxtpx:hr>177</gpxtpx:hr>
          </gpxtpx:TrackPointExtension>
        </extensions>
      </trkpt>
      <trkpt lat="28.22946851858951" lon="112.91628463488107">
        <ele>52.25797864980996</ele>
        <time>2026-09-18T22:57:29.200000Z</time>
        <extensions>
          <gpxtpx:TrackPointExtension>
            <gpxtpx:hr>177</gpxtpx:hr>
          </gpxtpx:TrackPointExtension>
        </extensions>
      </trkpt>
      <trkpt lat="28.229446491208748" lon="112.91627961312214">
        <ele>52.160225694067776</ele>
        <time>2026-09-18T22:57:30.200000Z</time>
        <extensions>
          <gpxtpx:TrackPointExtension>
            <gpxtpx:hr>177</gpxtpx:hr>
          </gpxtpx:TrackPointExtension>
        </extensions>
      </trkpt>
      <trkpt lat="28.229426513010164" lon="112.91627452910035">
        <ele>52.06329154036939</ele>
        <time>2026-09-18T22:57:31.200000Z</time>
        <extensions>
          <gpxtpx:TrackPointExtension>
            <gpxtpx:hr>177</gpxtpx:hr>
          </gpxtpx:TrackPointExtension>
        </extensions>
      </trkpt>
      <trkpt lat="28.229408524318" lon="112.91626968189262">
        <ele>51.9672171222046</ele>
        <time>2026-09-18T22:57:32.200000Z</time>
        <extensions>
          <gpxtpx:TrackPointExtension>
            <gpxtpx:hr>177</gpxtpx:hr>
          </gpxtpx:TrackPointExtension>
        </extensions>
      </trkpt>
      <trkpt lat="28.229392280869778" lon="112.91626526719686">
        <ele>51.87222554348409</ele>
        <time>2026-09-18T22:57:33.200000Z</time>
        <extensions>
          <gpxtpx:TrackPointExtension>
            <gpxtpx:hr>176</gpxtpx:hr>
          </gpxtpx:TrackPointExtension>
        </extensions>
      </trkpt>
      <trkpt lat="28.229377218413813" lon="112.91626170530857">
        <ele>51.77910654153675</ele>
        <time>2026-09-18T22:57:34.200000Z</time>
        <extensions>
          <gpxtpx:TrackPointExtension>
            <gpxtpx:hr>176</gpxtpx:hr>
          </gpxtpx:TrackPointExtension>
        </extensions>
      </trkpt>
      <trkpt lat="28.229362810250635" lon="112.91625969957998">
        <ele>51.6894355956465</ele>
        <time>2026-09-18T22:57:35.200000Z</time>
        <extensions>
          <gpxtpx:TrackPointExtension>
            <gpxtpx:hr>176</gpxtpx:hr>
          </gpxtpx:TrackPointExtension>
        </extensions>
      </trkpt>
      <trkpt lat="28.22934911549538" lon="112.91625839290566">
        <ele>51.605380833148956</ele>
        <time>2026-09-18T22:57:36.200000Z</time>
        <extensions>
          <gpxtpx:TrackPointExtension>
            <gpxtpx:hr>176</gpxtpx:hr>
          </gpxtpx:TrackPointExtension>
        </extensions>
      </trkpt>
      <trkpt lat="28.22933671261601" lon="112.91625628328967">
        <ele>51.52927825972438</ele>
        <time>2026-09-18T22:57:37.200000Z</time>
        <extensions>
          <gpxtpx:TrackPointExtension>
            <gpxtpx:hr>175</gpxtpx:hr>
          </gpxtpx:TrackPointExtension>
        </extensions>
      </trkpt>
      <trkpt lat="28.229326011613693" lon="112.91625340240768">
        <ele>51.463164603337646</ele>
        <time>2026-09-18T22:57:38.200000Z</time>
        <extensions>
          <gpxtpx:TrackPointExtension>
            <gpxtpx:hr>175</gpxtpx:hr>
          </gpxtpx:TrackPointExtension>
        </extensions>
      </trkpt>
      <trkpt lat="28.229316244576538" lon="112.91625004304566">
        <ele>51.40820155385882</ele>
        <time>2026-09-18T22:57:39.200000Z</time>
        <extensions>
          <gpxtpx:TrackPointExtension>
            <gpxtpx:hr>175</gpxtpx:hr>
          </gpxtpx:TrackPointExtension>
        </extensions>
      </trkpt>
      <trkpt lat="28.229306069330995" lon="112.91624617009577">
        <ele>51.36423225328326</ele>
        <time>2026-09-18T22:57:40.200000Z</time>
        <extensions>
          <gpxtpx:TrackPointExtension>
            <gpxtpx:hr>175</gpxtpx:hr>
          </gpxtpx:TrackPointExtension>
        </extensions>
      </trkpt>
      <trkpt lat="28.229294589892852" lon="112.91624175934986">
        <ele>51.32983605097979</ele>
        <time>2026-09-18T22:57:41.200000Z</time>
        <extensions>
          <gpxtpx:TrackPointExtension>
            <gpxtpx:hr>175</gpxtpx:hr>
          </gpxtpx:TrackPointExtension>
        </extensions>
      </trkpt>
      <trkpt lat="28.22928167710191" lon="112.91623685102567">
        <ele>51.30262797139585</ele>
        <time>2026-09-18T22:57:42.200000Z</time>
        <extensions>
          <gpxtpx:TrackPointExtension>
            <gpxtpx:hr>175</gpxtpx:hr>
          </gpxtpx:TrackPointExtension>
        </extensions>
      </trkpt>
      <trkpt lat="28.229268056177382" lon="112.91623156471591">
        <ele>51.27959394175559</ele>
        <time>2026-09-18T22:57:43.200000Z</time>
        <extensions>
          <gpxtpx:TrackPointExtension>
            <gpxtpx:hr>175</gpxtpx:hr>
          </gpxtpx:TrackPointExtension>
        </extensions>
      </trkpt>
      <trkpt lat="28.229254520046652" lon="112.91622632271837">
        <ele>51.25754760298878</ele>
        <time>2026-09-18T22:57:44.200000Z</time>
        <extensions>
          <gpxtpx:TrackPointExtension>
            <gpxtpx:hr>168</gpxtpx:hr>
          </gpxtpx:TrackPointExtension>
        </extensions>
      </trkpt>
      <trkpt lat="28.229241352540342" lon="112.91622139695941">
        <ele>51.233565987087786</ele>
        <time>2026-09-18T22:57:45.200000Z</time>
        <extensions>
          <gpxtpx:TrackPointExtension>
            <gpxtpx:hr>168</gpxtpx:hr>
          </gpxtpx:TrackPointExtension>
        </extensions>
      </trkpt>
      <trkpt lat="28.22922852820185" lon="112.91621701931628">
        <ele>51.20530321355909</ele>
        <time>2026-09-18T22:57:46.200000Z</time>
        <extensions>
          <gpxtpx:TrackPointExtension>
            <gpxtpx:hr>168</gpxtpx:hr>
          </gpxtpx:TrackPointExtension>
        </extensions>
      </trkpt>
      <trkpt lat="28.229215915341477" lon="112.91621340915981">
        <ele>51.17125239316374</ele>
        <time>2026-09-18T22:57:47.200000Z</time>
        <extensions>
          <gpxtpx:TrackPointExtension>
            <gpxtpx:hr>168</gpxtpx:hr>
          </gpxtpx:TrackPointExtension>
        </extensions>
      </trkpt>
      <trkpt lat="28.229203483535194" lon="112.91621076068913">
        <ele>51.130834435112774</ele>
        <time>2026-09-18T22:57:48.200000Z</time>
        <extensions>
          <gpxtpx:TrackPointExtension>
            <gpxtpx:hr>168</gpxtpx:hr>
          </gpxtpx:TrackPointExtension>
        </extensions>
      </trkpt>
      <trkpt lat="28.2291913066748" lon="112.91620874965703">
        <ele>51.08420635480434</ele>
        <time>2026-09-18T22:57:49.200000Z</time>
        <extensions>
          <gpxtpx:TrackPointExtension>
            <gpxtpx:hr>167</gpxtpx:hr>
          </gpxtpx:TrackPointExtension>
        </extensions>
      </trkpt>
      <trkpt lat="28.229179384553763" lon="112.91620689794117">
        <ele>51.032007867470384</ele>
        <time>2026-09-18T22:57:50.200000Z</time>
        <extensions>
          <gpxtpx:TrackPointExtension>
            <gpxtpx:hr>167</gpxtpx:hr>
          </gpxtpx:TrackPointExtension>
        </extensions>
      </trkpt>
      <trkpt lat="28.22916759324904" lon="112.91620548322287">
        <ele>50.97516528517008</ele>
        <time>2026-09-18T22:57:51.200000Z</time>
        <extensions>
          <gpxtpx:TrackPointExtension>
            <gpxtpx:hr>167</gpxtpx:hr>
          </gpxtpx:TrackPointExtension>
        </extensions>
      </trkpt>
      <trkpt lat="28.22915572304311" lon="112.91620505003412">
        <ele>50.914740609005094</ele>
        <time>2026-09-18T22:57:52.200000Z</time>
        <extensions>
          <gpxtpx:TrackPointExtension>
            <gpxtpx:hr>167</gpxtpx:hr>
          </gpxtpx:TrackPointExtension>
        </extensions>
      </trkpt>
      <trkpt lat="28.229143645716405" lon="112.91620572078457">
        <ele>50.85179967433214</ele>
        <time>2026-09-18T22:57:53.200000Z</time>
        <extensions>
          <gpxtpx:TrackPointExtension>
            <gpxtpx:hr>161</gpxtpx:hr>
          </gpxtpx:TrackPointExtension>
        </extensions>
      </trkpt>
      <trkpt lat="28.229131274423406" lon="112.91620662549373">
        <ele>50.78724019601941</ele>
        <time>2026-09-18T22:57:54.200000Z</time>
        <extensions>
          <gpxtpx:TrackPointExtension>
            <gpxtpx:hr>161</gpxtpx:hr>
          </gpxtpx:TrackPointExtension>
        </extensions>
      </trkpt>
      <trkpt lat="28.22911870698505" lon="112.91620717981576">
        <ele>50.721629766747355</ele>
        <time>2026-09-18T22:57:55.200000Z</time>
        <extensions>
          <gpxtpx:TrackPointExtension>
            <gpxtpx:hr>161</gpxtpx:hr>
          </gpxtpx:TrackPointExtension>
        </extensions>
      </trkpt>
      <trkpt lat="28.22910611056671" lon="112.91620780048005">
        <ele>50.655128391459584</ele>
        <time>2026-09-18T22:57:56.200000Z</time>
        <extensions>
          <gpxtpx:TrackPointExtension>
            <gpxtpx:hr>161</gpxtpx:hr>
          </gpxtpx:TrackPointExtension>
        </extensions>
      </trkpt>
      <trkpt lat="28.229093573875787" lon="112.91620862326245">
        <ele>50.5874756462872</ele>
        <time>2026-09-18T22:57:57.200000Z</time>
        <extensions>
          <gpxtpx:TrackPointExtension>
            <gpxtpx:hr>161</gpxtpx:hr>
          </gpxtpx:TrackPointExtension>
        </extensions>
      </trkpt>
      <trkpt lat="28.2290812087747" lon="112.91620908701594">
        <ele>50.51805446669459</ele>
        <time>2026-09-18T22:57:58.200000Z</time>
        <extensions>
          <gpxtpx:TrackPointExtension>
            <gpxtpx:hr>161</gpxtpx:hr>
          </gpxtpx:TrackPointExtension>
        </extensions>
      </trkpt>
      <trkpt lat="28.22906910422973" lon="112.91620832406043">
        <ele>50.446080876514316</ele>
        <time>2026-09-18T22:57:59.200000Z</time>
        <extensions>
          <gpxtpx:TrackPointExtension>
            <gpxtpx:hr>158</gpxtpx:hr>
          </gpxtpx:TrackPointExtension>
        </extensions>
      </trkpt>
      <trkpt lat="28.22905699327441" lon="112.91620552760011">
        <ele>50.370855033397675</ele>
        <time>2026-09-18T22:58:00.200000Z</time>
        <extensions>
          <gpxtpx:TrackPointExtension>
            <gpxtpx:hr>158</gpxtpx:hr>
          </gpxtpx:TrackPointExtension>
        </extensions>
      </trkpt>
      <trkpt lat="28.229044815600535" lon="112.91620083590571">
        <ele>50.291951588355005</ele>
        <time>2026-09-18T22:58:01.200000Z</time>
        <extensions>
          <gpxtpx:TrackPointExtension>
            <gpxtpx:hr>158</gpxtpx:hr>
          </gpxtpx:TrackPointExtension>
        </extensions>
      </trkpt>
      <trkpt lat="28.22903293069615" lon="112.91619499361741">
        <ele>50.2093576034531</ele>
        <time>2026-09-18T22:58:02.200000Z</time>
        <extensions>
          <gpxtpx:TrackPointExtension>
            <gpxtpx:hr>158</gpxtpx:hr>
          </gpxtpx:TrackPointExtension>
        </extensions>
      </trkpt>
      <trkpt lat="28.22902158805096" lon="112.91618823330748">
        <ele>50.123557137325406</ele>
        <time>2026-09-18T22:58:03.200000Z</time>
        <extensions>
          <gpxtpx:TrackPointExtension>
            <gpxtpx:hr>158</gpxtpx:hr>
          </gpxtpx:TrackPointExtension>
        </extensions>
      </trkpt>
      <trkpt lat="28.229010773936885" lon="112.916180822518">
        <ele>50.03549169935286</ele>
        <time>2026-09-18T22:58:04.200000Z</time>
        <extensions>
          <gpxtpx:TrackPointExtension>
            <gpxtpx:hr>158</gpxtpx:hr>
          </gpxtpx:TrackPointExtension>
        </extensions>
      </trkpt>
      <trkpt lat="28.229000021825566" lon="112.91617336864547">
        <ele>49.94644499476999</ele>
        <time>2026-09-18T22:58:05.200000Z</time>
        <extensions>
          <gpxtpx:TrackPointExtension>
            <gpxtpx:hr>155</gpxtpx:hr>
          </gpxtpx:TrackPointExtension>
        </extensions>
      </trkpt>
      <trkpt lat="28.22898873542861" lon="112.91616639244691">
        <ele>49.857865382917225</ele>
        <time>2026-09-18T22:58:06.200000Z</time>
        <extensions>
          <gpxtpx:TrackPointExtension>
            <gpxtpx:hr>155</gpxtpx:hr>
          </gpxtpx:TrackPointExtension>
        </extensions>
      </trkpt>
      <trkpt lat="28.22897664506064" lon="112.9161597925025">
        <ele>49.771063761785626</ele>
        <time>2026-09-18T22:58:07.200000Z</time>
        <extensions>
          <gpxtpx:TrackPointExtension>
            <gpxtpx:hr>155</gpxtpx:hr>
          </gpxtpx:TrackPointExtension>
        </extensions>
      </trkpt>
      <trkpt lat="28.228963757153945" lon="112.91615344121352">
        <ele>49.68697188887745</ele>
        <time>2026-09-18T22:58:08.200000Z</time>
        <extensions>
          <gpxtpx:TrackPointExtension>
            <gpxtpx:hr>155</gpxtpx:hr>
          </gpxtpx:TrackPointExtension>
        </extensions>
      </trkpt>
      <trkpt lat="28.228950469388444" lon="112.91614722879224">
        <ele>49.60618040896952</ele>
        <time>2026-09-18T22:58:09.200000Z</time>
        <extensions>
          <gpxtpx:TrackPointExtension>
            <gpxtpx:hr>155</gpxtpx:hr>
          </gpxtpx:TrackPointExtension>
        </extensions>
      </trkpt>
      <trkpt lat="28.228937235379888" lon="112.9161407842849">
        <ele>49.529146591201425</ele>
        <time>2026-09-18T22:58:10.200000Z</time>
        <extensions>
          <gpxtpx:TrackPointExtension>
            <gpxtpx:hr>155</gpxtpx:hr>
          </gpxtpx:TrackPointExtension>
        </extensions>
      </trkpt>
      <trkpt lat="28.228924244725146" lon="112.91613413942129">
        <ele>49.456349762156606</ele>
        <time>2026-09-18T22:58:11.200000Z</time>
        <extensions>
          <gpxtpx:TrackPointExtension>
            <gpxtpx:hr>155</gpxtpx:hr>
          </gpxtpx:TrackPointExtension>
        </extensions>
      </trkpt>
      <trkpt lat="28.22891165259505" lon="112.91612754057338">
        <ele>49.388323568739</ele>
        <time>2026-09-18T22:58:12.200000Z</time>
        <extensions>
          <gpxtpx:TrackPointExtension>
            <gpxtpx:hr>155</gpxtpx:hr>
          </gpxtpx:TrackPointExtension>
        </extensions>
      </trkpt>
      <trkpt lat="28.228899591280033" lon="112.91612119692026">
        <ele>49.3256061822176</ele>
        <time>2026-09-18T22:58:13.200000Z</time>
        <extensions>
          <gpxtpx:TrackPointExtension>
            <gpxtpx:hr>151</gpxtpx:hr>
          </gpxtpx:TrackPointExtension>
        </extensions>
      </trkpt>
      <trkpt lat="28.228888356860125" lon="112.91611508039355">
        <ele>49.268658329732716</ele>
        <time>2026-09-18T22:58:14.200000Z</time>
        <extensions>
          <gpxtpx:TrackPointExtension>
            <gpxtpx:hr>151</gpxtpx:hr>
          </gpxtpx:TrackPointExtension>
        </extensions>
      </trkpt>
      <trkpt lat="28.228878013722174" lon="112.91610904282595">
        <ele>49.217729424126446</ele>
        <time>2026-09-18T22:58:15.200000Z</time>
        <extensions>
          <gpxtpx:TrackPointExtension>
            <gpxtpx:hr>151</gpxtpx:hr>
          </gpxtpx:TrackPointExtension>
        </extensions>
      </trkpt>
      <trkpt lat="28.228868294534752" lon="112.91610308289937">
        <ele>49.172749168239534</ele>
        <time>2026-09-18T22:58:16.200000Z</time>
        <extensions>
          <gpxtpx:TrackPointExtension>
            <gpxtpx:hr>151</gpxtpx:hr>
          </gpxtpx:TrackPointExtension>
        </extensions>
      </trkpt>
      <trkpt lat="28.22885905081886" lon="112.91609771419652">
        <ele>49.13335473742336</ele>
        <time>2026-09-18T22:58:17.200000Z</time>
        <extensions>
          <gpxtpx:TrackPointExtension>
            <gpxtpx:hr>151</gpxtpx:hr>
          </gpxtpx:TrackPointExtension>
        </extensions>
      </trkpt>
      <trkpt lat="28.228850195612573" lon="112.91609343683427">
        <ele>49.09894498065114</ele>
        <time>2026-09-18T22:58:18.200000Z</time>
        <extensions>
          <gpxtpx:TrackPointExtension>
            <gpxtpx:hr>151</gpxtpx:hr>
          </gpxtpx:TrackPointExtension>
        </extensions>
      </trkpt>
      <trkpt lat="28.228841683476137" lon="112.91609041930865">
        <ele>49.068725992925465</ele>
        <time>2026-09-18T22:58:19.200000Z</time>
        <extensions>
          <gpxtpx:TrackPointExtension>
            <gpxtpx:hr>150</gpxtpx:hr>
          </gpxtpx:TrackPointExtension>
        </extensions>
      </trkpt>
      <trkpt lat="28.22883348851004" lon="112.91608848407628">
        <ele>49.04177080653608</ele>
        <time>2026-09-18T22:58:20.200000Z</time>
        <extensions>
          <gpxtpx:TrackPointExtension>
            <gpxtpx:hr>150</gpxtpx:hr>
          </gpxtpx:TrackPointExtension>
        </extensions>
      </trkpt>
      <trkpt lat="28.228825572753426" lon="112.91608716671837">
        <ele>49.017077905125916</ele>
        <time>2026-09-18T22:58:21.200000Z</time>
        <extensions>
          <gpxtpx:TrackPointExtension>
            <gpxtpx:hr>150</gpxtpx:hr>
          </gpxtpx:TrackPointExtension>
        </extensions>
      </trkpt>
      <trkpt lat="28.22881786448777" lon="112.91608624030377">
        <ele>48.993684247136116</ele>
        <time>2026-09-18T22:58:22.200000Z</time>
        <extensions>
          <gpxtpx:TrackPointExtension>
            <gpxtpx:hr>150</gpxtpx:hr>
          </gpxtpx:TrackPointExtension>
        </extensions>
      </trkpt>
      <trkpt lat="28.228810053054403" lon="112.91608553324201">
        <ele>48.97077409271151</ele>
        <time>2026-09-18T22:58:23.200000Z</time>
        <extensions>
          <gpxtpx:TrackPointExtension>
            <gpxtpx:hr>149</gpxtpx:hr>
          </gpxtpx:TrackPointExtension>
        </extensions>
      </trkpt>
      <trkpt lat="28.228801806195616" lon="112.91608494150734">
        <ele>48.94768871180713</ele>
        <time>2026-09-18T22:58:24.200000Z</time>
        <extensions>
          <gpxtpx:TrackPointExtension>
            <gpxtpx:hr>149</gpxtpx:hr>
          </gpxtpx:TrackPointExtension>
        </extensions>
      </trkpt>
      <trkpt lat="28.228793003843816" lon="112.91608440655986">
        <ele>48.923832007683814</ele>
        <time>2026-09-18T22:58:25.200000Z</time>
        <extensions>
          <gpxtpx:TrackPointExtension>
            <gpxtpx:hr>149</gpxtpx:hr>
          </gpxtpx:TrackPointExtension>
        </extensions>
      </trkpt>
      <trkpt lat="28.228783620742515" lon="112.91608387752555">
        <ele>48.89860536996275</ele>
        <time>2026-09-18T22:58:26.200000Z</time>
        <extensions>
          <gpxtpx:TrackPointExtension>
            <gpxtpx:hr>149</gpxtpx:hr>
          </gpxtpx:TrackPointExtension>
        </extensions>
      </trkpt>
      <trkpt lat="28.22877363088122" lon="112.91608330683906">
        <ele>48.871472768485546</ele>
        <time>2026-09-18T22:58:27.200000Z</time>
        <extensions>
          <gpxtpx:TrackPointExtension>
            <gpxtpx:hr>149</gpxtpx:hr>
          </gpxtpx:TrackPointExtension>
        </extensions>
      </trkpt>
      <trkpt lat="28.228762953016496" lon="112.91608265107588">
        <ele>48.842123337090015</ele>
        <time>2026-09-18T22:58:28.200000Z</time>
        <extensions>
          <gpxtpx:TrackPointExtension>
            <gpxtpx:hr>146</gpxtpx:hr>
          </gpxtpx:TrackPointExtension>
        </extensions>
      </trkpt>
      <trkpt lat="28.228751434967396" lon="112.91608187400423">
        <ele>48.81057034060359</ele>
        <time>2026-09-18T22:58:29.200000Z</time>
        <extensions>
          <gpxtpx:TrackPointExtension>
            <gpxtpx:hr>146</gpxtpx:hr>
          </gpxtpx:TrackPointExtension>
        </extensions>
      </trkpt>
      <trkpt lat="28.228738979791437" lon="112.91608094470949">
        <ele>48.77715436462313</ele>
        <time>2026-09-18T22:58:30.200000Z</time>
        <extensions>
          <gpxtpx:TrackPointExtension>
            <gpxtpx:hr>146</gpxtpx:hr>
          </gpxtpx:TrackPointExtension>
        </extensions>
      </trkpt>
      <trkpt lat="28.22872560464508" lon="112.91607983488069">
        <ele>48.74251420330256</ele>
        <time>2026-09-18T22:58:31.200000Z</time>
        <extensions>
          <gpxtpx:TrackPointExtension>
            <gpxtpx:hr>146</gpxtpx:hr>
          </gpxtpx:TrackPointExtension>
        </extensions>
      </trkpt>
      <trkpt lat="28.228711407347188" lon="112.9160785176778">
        <ele>48.707576194778085</ele>
        <time>2026-09-18T22:58:32.200000Z</time>
        <extensions>
          <gpxtpx:TrackPointExtension>
            <gpxtpx:hr>146</gpxtpx:hr>
          </gpxtpx:TrackPointExtension>
        </extensions>
      </trkpt>
      <trkpt lat="28.228696479482288" lon="112.91607697190113">
        <ele>48.67362571693957</ele>
        <time>2026-09-18T22:58:33.200000Z</time>
        <extensions>
          <gpxtpx:TrackPointExtension>
            <gpxtpx:hr>146</gpxtpx:hr>
          </gpxtpx:TrackPointExtension>
        </extensions>
      </trkpt>
      <trkpt lat="28.228680882881864" lon="112.91607518349971">
        <ele>48.642367577180266</ele>
        <time>2026-09-18T22:58:34.200000Z</time>
        <extensions>
          <gpxtpx:TrackPointExtension>
            <gpxtpx:hr>144</gpxtpx:hr>
          </gpxtpx:TrackPointExtension>
        </extensions>
      </trkpt>
      <trkpt lat="28.22866466079141" lon="112.91607314480062">
        <ele>48.61625778675079</ele>
        <time>2026-09-18T22:58:35.200000Z</time>
        <extensions>
          <gpxtpx:TrackPointExtension>
            <gpxtpx:hr>144</gpxtpx:hr>
          </gpxtpx:TrackPointExtension>
        </extensions>
      </trkpt>
      <trkpt lat="28.228647849510843" lon="112.91607085409674">
        <ele>48.598723583854735</ele>
        <time>2026-09-18T22:58:36.200000Z</time>
        <extensions>
          <gpxtpx:TrackPointExtension>
            <gpxtpx:hr>144</gpxtpx:hr>
          </gpxtpx:TrackPointExtension>
        </extensions>
      </trkpt>
      <trkpt lat="28.228630489995084" lon="112.91606831859085">
        <ele>48.59433639422059</ele>
        <time>2026-09-18T22:58:37.200000Z</time>
        <extensions>
          <gpxtpx:TrackPointExtension>
            <gpxtpx:hr>144</gpxtpx:hr>
          </gpxtpx:TrackPointExtension>
        </extensions>
      </trkpt>
      <trkpt lat="28.228612558314406" lon="112.91606543888264">
        <ele>48.6087487032637</ele>
        <time>2026-09-18T22:58:38.200000Z</time>
        <extensions>
          <gpxtpx:TrackPointExtension>
            <gpxtpx:hr>144</gpxtpx:hr>
          </gpxtpx:TrackPointExtension>
        </extensions>
      </trkpt>
      <trkpt lat="28.228593880689505" lon="112.91606197606286">
        <ele>48.648183298297226</ele>
        <time>2026-09-18T22:58:39.200000Z</time>
        <extensions>
          <gpxtpx:TrackPointExtension>
            <gpxtpx:hr>144</gpxtpx:hr>
          </gpxtpx:TrackPointExtension>
        </extensions>
      </trkpt>
      <trkpt lat="28.228574188922423" lon="112.91605765872319">
        <ele>48.71845786366612</ele>
        <time>2026-09-18T22:58:40.200000Z</time>
        <extensions>
          <gpxtpx:TrackPointExtension>
            <gpxtpx:hr>142</gpxtpx:hr>
          </gpxtpx:TrackPointExtension>
        </extensions>
      </trkpt>
      <trkpt lat="28.228573102240833" lon="112.91605740111444">
        <ele>48.723190393298864</ele>
        <time>2026-09-18T22:58:40.300000Z</time>
        <extensions>
          <gpxtpx:TrackPointExtension>
            <gpxtpx:hr>142</gpxtpx:hr>
          </gpxtpx:TrackPointExtension>
        </extensions>
      </trkpt>
      <trkpt lat="28.22823864316996" lon="112.9159883637845">
        <ele>50.401830249466</ele>
        <time>2026-09-18T22:58:59.200000Z</time>
        <extensions>
          <gpxtpx:TrackPointExtension>
            <gpxtpx:hr>138</gpxtpx:hr>
          </gpxtpx:TrackPointExtension>
        </extensions>
      </trkpt>
      <trkpt lat="28.228224879387387" lon="112.91598651109355">
        <ele>50.469553833827376</ele>
        <time>2026-09-18T22:59:00.100000Z</time>
        <extensions>
          <gpxtpx:TrackPointExtension>
            <gpxtpx:hr>138</gpxtpx:hr>
          </gpxtpx:TrackPointExtension>
        </extensions>
      </trkpt>
      <trkpt lat="28.228210796093208" lon="112.91598560785009">
        <ele>50.50755147635937</ele>
        <time>2026-09-18T22:59:01.100000Z</time>
        <extensions>
          <gpxtpx:TrackPointExtension>
            <gpxtpx:hr>138</gpxtpx:hr>
          </gpxtpx:TrackPointExtension>
        </extensions>
      </trkpt>
      <trkpt lat="28.2281970676636" lon="112.91598593994125">
        <ele>50.513135514222085</ele>
        <time>2026-09-18T22:59:02.100000Z</time>
        <extensions>
          <gpxtpx:TrackPointExtension>
            <gpxtpx:hr>136</gpxtpx:hr>
          </gpxtpx:TrackPointExtension>
        </extensions>
      </trkpt>
      <trkpt lat="28.228182956564414" lon="112.91598744265977">
        <ele>50.490094664506614</ele>
        <time>2026-09-18T22:59:03.100000Z</time>
        <extensions>
          <gpxtpx:TrackPointExtension>
            <gpxtpx:hr>136</gpxtpx:hr>
          </gpxtpx:TrackPointExtension>
        </extensions>
      </trkpt>
      <trkpt lat="28.22816774035956" lon="112.9159896482544">
        <ele>50.44195644930005</ele>
        <time>2026-09-18T22:59:04.100000Z</time>
        <extensions>
          <gpxtpx:TrackPointExtension>
            <gpxtpx:hr>136</gpxtpx:hr>
          </gpxtpx:TrackPointExtension>
        </extensions>
      </trkpt>
      <trkpt lat="28.22815128346964" lon="112.91599234984297">
        <ele>50.372004970908165</ele>
        <time>2026-09-18T22:59:05.100000Z</time>
        <extensions>
          <gpxtpx:TrackPointExtension>
            <gpxtpx:hr>136</gpxtpx:hr>
          </gpxtpx:TrackPointExtension>
        </extensions>
      </trkpt>
      <trkpt lat="28.228134123601848" lon="112.91599588788102">
        <ele>50.2838712381199</ele>
        <time>2026-09-18T22:59:06.100000Z</time>
        <extensions>
          <gpxtpx:TrackPointExtension>
            <gpxtpx:hr>136</gpxtpx:hr>
          </gpxtpx:TrackPointExtension>
        </extensions>
      </trkpt>
      <trkpt lat="28.22811612663334" lon="112.9160005731025">
        <ele>50.181007558479905</ele>
        <time>2026-09-18T22:59:07.100000Z</time>
        <extensions>
          <gpxtpx:TrackPointExtension>
            <gpxtpx:hr>137</gpxtpx:hr>
          </gpxtpx:TrackPointExtension>
        </extensions>
      </trkpt>
      <trkpt lat="28.228097388195767" lon="112.91600633656986">
        <ele>50.06675403006375</ele>
        <time>2026-09-18T22:59:08.100000Z</time>
        <extensions>
          <gpxtpx:TrackPointExtension>
            <gpxtpx:hr>137</gpxtpx:hr>
          </gpxtpx:TrackPointExtension>
        </extensions>
      </trkpt>
      <trkpt lat="28.2280777411821" lon="112.9160133941947">
        <ele>49.94400614500046</ele>
        <time>2026-09-18T22:59:09.100000Z</time>
        <extensions>
          <gpxtpx:TrackPointExtension>
            <gpxtpx:hr>137</gpxtpx:hr>
          </gpxtpx:TrackPointExtension>
        </extensions>
      </trkpt>
      <trkpt lat="28.228056631360523" lon="112.91602213006755">
        <ele>49.815130131319165</ele>
        <time>2026-09-18T22:59:10.100000Z</time>
        <extensions>
          <gpxtpx:TrackPointExtension>
            <gpxtpx:hr>137</gpxtpx:hr>
          </gpxtpx:TrackPointExtension>
        </extensions>
      </trkpt>
      <trkpt lat="28.22803473872582" lon="112.91603234939298">
        <ele>49.681719784624875</ele>
        <time>2026-09-18T22:59:11.100000Z</time>
        <extensions>
          <gpxtpx:TrackPointExtension>
            <gpxtpx:hr>137</gpxtpx:hr>
          </gpxtpx:TrackPointExtension>
        </extensions>
      </trkpt>
      <trkpt lat="28.22801228910303" lon="112.91604312260769">
        <ele>49.54424113873392</ele>
        <time>2026-09-18T22:59:12.100000Z</time>
        <extensions>
          <gpxtpx:TrackPointExtension>
            <gpxtpx:hr>137</gpxtpx:hr>
          </gpxtpx:TrackPointExtension>
        </extensions>
      </trkpt>
      <trkpt lat="28.22798859484121" lon="112.91605278039965">
        <ele>49.403051058761775</ele>
        <time>2026-09-18T22:59:13.100000Z</time>
        <extensions>
          <gpxtpx:TrackPointExtension>
            <gpxtpx:hr>141</gpxtpx:hr>
          </gpxtpx:TrackPointExtension>
        </extensions>
      </trkpt>
      <trkpt lat="28.227962975639798" lon="112.91605969838623">
        <ele>49.257840569131076</ele>
        <time>2026-09-18T22:59:14.100000Z</time>
        <extensions>
          <gpxtpx:TrackPointExtension>
            <gpxtpx:hr>141</gpxtpx:hr>
          </gpxtpx:TrackPointExtension>
        </extensions>
      </trkpt>
      <trkpt lat="28.227935833124274" lon="112.91606404471868">
        <ele>49.109137752093375</ele>
        <time>2026-09-18T22:59:15.100000Z</time>
        <extensions>
          <gpxtpx:TrackPointExtension>
            <gpxtpx:hr>141</gpxtpx:hr>
          </gpxtpx:TrackPointExtension>
        </extensions>
      </trkpt>
      <trkpt lat="28.22790803119902" lon="112.91606721902201">
        <ele>48.95704754721373</ele>
        <time>2026-09-18T22:59:16.100000Z</time>
        <extensions>
          <gpxtpx:TrackPointExtension>
            <gpxtpx:hr>141</gpxtpx:hr>
          </gpxtpx:TrackPointExtension>
        </extensions>
      </trkpt>
      <trkpt lat="28.227879784534146" lon="112.91606979370013">
        <ele>48.80208491999656</ele>
        <time>2026-09-18T22:59:17.100000Z</time>
        <extensions>
          <gpxtpx:TrackPointExtension>
            <gpxtpx:hr>141</gpxtpx:hr>
          </gpxtpx:TrackPointExtension>
        </extensions>
      </trkpt>
      <trkpt lat="28.227851163572954" lon="112.91607202115395">
        <ele>48.64511121157557</ele>
        <time>2026-09-18T22:59:18.100000Z</time>
        <extensions>
          <gpxtpx:TrackPointExtension>
            <gpxtpx:hr>143</gpxtpx:hr>
          </gpxtpx:TrackPointExtension>
        </extensions>
      </trkpt>
      <trkpt lat="28.227822516999666" lon="112.91607436120131">
        <ele>48.48692032601684</ele>
        <time>2026-09-18T22:59:19.100000Z</time>
        <extensions>
          <gpxtpx:TrackPointExtension>
            <gpxtpx:hr>143</gpxtpx:hr>
          </gpxtpx:TrackPointExtension>
        </extensions>
      </trkpt>
      <trkpt lat="28.227794079565783" lon="112.91607720511982">
        <ele>48.32798674888909</ele>
        <time>2026-09-18T22:59:20.100000Z</time>
        <extensions>
          <gpxtpx:TrackPointExtension>
            <gpxtpx:hr>143</gpxtpx:hr>
          </gpxtpx:TrackPointExtension>
        </extensions>
      </trkpt>
      <trkpt lat="28.22776595165721" lon="112.91608064639229">
        <ele>48.16924996301532</ele>
        <time>2026-09-18T22:59:21.100000Z</time>
        <extensions>
          <gpxtpx:TrackPointExtension>
            <gpxtpx:hr>143</gpxtpx:hr>
          </gpxtpx:TrackPointExtension>
        </extensions>
      </trkpt>
      <trkpt lat="28.22773828462748" lon="112.91608424588019">
        <ele>48.01100262720138</ele>
        <time>2026-09-18T22:59:22.100000Z</time>
        <extensions>
          <gpxtpx:TrackPointExtension>
            <gpxtpx:hr>143</gpxtpx:hr>
          </gpxtpx:TrackPointExtension>
        </extensions>
      </trkpt>
      <trkpt lat="28.22771101855928" lon="112.91608748880984">
        <ele>47.85411007795483</ele>
        <time>2026-09-18T22:59:23.100000Z</time>
        <extensions>
          <gpxtpx:TrackPointExtension>
            <gpxtpx:hr>147</gpxtpx:hr>
          </gpxtpx:TrackPointExtension>
        </extensions>
      </trkpt>
      <trkpt lat="28.227683889733587" lon="112.91609027395796">
        <ele>47.6990403784439</ele>
        <time>2026-09-18T22:59:24.100000Z</time>
        <extensions>
          <gpxtpx:TrackPointExtension>
            <gpxtpx:hr>147</gpxtpx:hr>
          </gpxtpx:TrackPointExtension>
        </extensions>
      </trkpt>
      <trkpt lat="28.22765656625618" lon="112.91609288071258">
        <ele>47.54653459135443</ele>
        <time>2026-09-18T22:59:25.100000Z</time>
        <extensions>
          <gpxtpx:TrackPointExtension>
            <gpxtpx:hr>147</gpxtpx:hr>
          </gpxtpx:TrackPointExtension>
        </extensions>
      </trkpt>
      <trkpt lat="28.227628908197786" lon="112.91609533957771">
        <ele>47.39730681106448</ele>
        <time>2026-09-18T22:59:26.100000Z</time>
        <extensions>
          <gpxtpx:TrackPointExtension>
            <gpxtpx:hr>147</gpxtpx:hr>
          </gpxtpx:TrackPointExtension>
        </extensions>
      </trkpt>
      <trkpt lat="28.227601042848846" lon="112.9160975199858">
        <ele>47.25186980795115</ele>
        <time>2026-09-18T22:59:27.100000Z</time>
        <extensions>
          <gpxtpx:TrackPointExtension>
            <gpxtpx:hr>147</gpxtpx:hr>
          </gpxtpx:TrackPointExtension>
        </extensions>
      </trkpt>
      <trkpt lat="28.227573016785634" lon="112.91609962461577">
        <ele>47.110668363049626</ele>
        <time>2026-09-18T22:59:28.100000Z</time>
        <extensions>
          <gpxtpx:TrackPointExtension>
            <gpxtpx:hr>147</gpxtpx:hr>
          </gpxtpx:TrackPointExtension>
        </extensions>
      </trkpt>
      <trkpt lat="28.2275450396921" lon="112.9161019884563">
        <ele>46.97351558879018</ele>
        <time>2026-09-18T22:59:29.100000Z</time>
        <extensions>
          <gpxtpx:TrackPointExtension>
            <gpxtpx:hr>149</gpxtpx:hr>
          </gpxtpx:TrackPointExtension>
        </extensions>
      </trkpt>
      <trkpt lat="28.227517400056243" lon="112.91610488684526">
        <ele>46.840152946300805</ele>
        <time>2026-09-18T22:59:30.100000Z</time>
        <extensions>
          <gpxtpx:TrackPointExtension>
            <gpxtpx:hr>149</gpxtpx:hr>
          </gpxtpx:TrackPointExtension>
        </extensions>
      </trkpt>
      <trkpt lat="28.22749032137069" lon="112.91610816185622">
        <ele>46.71011759992689</ele>
        <time>2026-09-18T22:59:31.100000Z</time>
        <extensions>
          <gpxtpx:TrackPointExtension>
            <gpxtpx:hr>149</gpxtpx:hr>
          </gpxtpx:TrackPointExtension>
        </extensions>
      </trkpt>
      <trkpt lat="28.227463515420926" lon="112.91611160233299">
        <ele>46.582564862445</ele>
        <time>2026-09-18T22:59:32.100000Z</time>
        <extensions>
          <gpxtpx:TrackPointExtension>
            <gpxtpx:hr>149</gpxtpx:hr>
          </gpxtpx:TrackPointExtension>
        </extensions>
      </trkpt>
      <trkpt lat="28.22743637893141" lon="112.9161152897827">
        <ele>46.456460748799145</ele>
        <time>2026-09-18T22:59:33.100000Z</time>
        <extensions>
          <gpxtpx:TrackPointExtension>
            <gpxtpx:hr>149</gpxtpx:hr>
          </gpxtpx:TrackPointExtension>
        </extensions>
      </trkpt>
      <trkpt lat="28.227408794268353" lon="112.9161194971124">
        <ele>46.33063012454659</ele>
        <time>2026-09-18T22:59:34.100000Z</time>
        <extensions>
          <gpxtpx:TrackPointExtension>
            <gpxtpx:hr>153</gpxtpx:hr>
          </gpxtpx:TrackPointExtension>
        </extensions>
      </trkpt>
      <trkpt lat="28.227381104336366" lon="112.91612456945576">
        <ele>46.203707752749324</ele>
        <time>2026-09-18T22:59:35.100000Z</time>
        <extensions>
          <gpxtpx:TrackPointExtension>
            <gpxtpx:hr>153</gpxtpx:hr>
          </gpxtpx:TrackPointExtension>
        </extensions>
      </trkpt>
      <trkpt lat="28.227353581056803" lon="112.91613068420365">
        <ele>46.07427892833948</ele>
        <time>2026-09-18T22:59:36.100000Z</time>
        <extensions>
          <gpxtpx:TrackPointExtension>
            <gpxtpx:hr>153</gpxtpx:hr>
          </gpxtpx:TrackPointExtension>
        </extensions>
      </trkpt>
      <trkpt lat="28.2273260411547" lon="112.91613767921183">
        <ele>45.94100684765726</ele>
        <time>2026-09-18T22:59:37.100000Z</time>
        <extensions>
          <gpxtpx:TrackPointExtension>
            <gpxtpx:hr>153</gpxtpx:hr>
          </gpxtpx:TrackPointExtension>
        </extensions>
      </trkpt>
      <trkpt lat="28.227298313185727" lon="112.91614492995633">
        <ele>45.80284272227436</ele>
        <time>2026-09-18T22:59:38.100000Z</time>
        <extensions>
          <gpxtpx:TrackPointExtension>
            <gpxtpx:hr>153</gpxtpx:hr>
          </gpxtpx:TrackPointExtension>
        </extensions>
      </trkpt>
      <trkpt lat="28.22727034651346" lon="112.91615181937819">
        <ele>45.658998609520495</ele>
        <time>2026-09-18T22:59:39.100000Z</time>
        <extensions>
          <gpxtpx:TrackPointExtension>
            <gpxtpx:hr>156</gpxtpx:hr>
          </gpxtpx:TrackPointExtension>
        </extensions>
      </trkpt>
      <trkpt lat="28.227241952682913" lon="112.91615816546033">
        <ele>45.5092155514285</ele>
        <time>2026-09-18T22:59:40.100000Z</time>
        <extensions>
          <gpxtpx:TrackPointExtension>
            <gpxtpx:hr>156</gpxtpx:hr>
          </gpxtpx:TrackPointExtension>
        </extensions>
      </trkpt>
      <trkpt lat="28.227213018029246" lon="112.91616395608482">
        <ele>45.35348331835121</ele>
        <time>2026-09-18T22:59:41.100000Z</time>
        <extensions>
          <gpxtpx:TrackPointExtension>
            <gpxtpx:hr>156</gpxtpx:hr>
          </gpxtpx:TrackPointExtension>
        </extensions>
      </trkpt>
      <trkpt lat="28.22718377637106" lon="112.91616901084517">
        <ele>45.19207183085382</ele>
        <time>2026-09-18T22:59:42.100000Z</time>
        <extensions>
          <gpxtpx:TrackPointExtension>
            <gpxtpx:hr>156</gpxtpx:hr>
          </gpxtpx:TrackPointExtension>
        </extensions>
      </trkpt>
      <trkpt lat="28.227154385335076" lon="112.91617308776163">
        <ele>45.02508742362261</ele>
        <time>2026-09-18T22:59:43.100000Z</time>
        <extensions>
          <gpxtpx:TrackPointExtension>
            <gpxtpx:hr>157</gpxtpx:hr>
          </gpxtpx:TrackPointExtension>
        </extensions>
      </trkpt>
      <trkpt lat="28.227124627380224" lon="112.91617622939856">
        <ele>44.85313264746219</ele>
        <time>2026-09-18T22:59:44.100000Z</time>
        <extensions>
          <gpxtpx:TrackPointExtension>
            <gpxtpx:hr>157</gpxtpx:hr>
          </gpxtpx:TrackPointExtension>
        </extensions>
      </trkpt>
      <trkpt lat="28.227094479418575" lon="112.91617893895298">
        <ele>44.677346245385706</ele>
        <time>2026-09-18T22:59:45.100000Z</time>
        <extensions>
          <gpxtpx:TrackPointExtension>
            <gpxtpx:hr>157</gpxtpx:hr>
          </gpxtpx:TrackPointExtension>
        </extensions>
      </trkpt>
      <trkpt lat="28.227064156437212" lon="112.9161815718576">
        <ele>44.49906689487398</ele>
        <time>2026-09-18T22:59:46.100000Z</time>
        <extensions>
          <gpxtpx:TrackPointExtension>
            <gpxtpx:hr>157</gpxtpx:hr>
          </gpxtpx:TrackPointExtension>
        </extensions>
      </trkpt>
      <trkpt lat="28.22703407575574" lon="112.91618409225968">
        <ele>44.319048065692186</ele>
        <time>2026-09-18T22:59:47Z</time>
        <extensions>
          <gpxtpx:TrackPointExtension>
            <gpxtpx:hr>157</gpxtpx:hr>
          </gpxtpx:TrackPointExtension>
        </extensions>
      </trkpt>
      <trkpt lat="28.227004382475386" lon="112.91618670258937">
        <ele>44.13892100844532</ele>
        <time>2026-09-18T22:59:48Z</time>
        <extensions>
          <gpxtpx:TrackPointExtension>
            <gpxtpx:hr>157</gpxtpx:hr>
          </gpxtpx:TrackPointExtension>
        </extensions>
      </trkpt>
      <trkpt lat="28.226974906018835" lon="112.91618956674793">
        <ele>43.96039626374841</ele>
        <time>2026-09-18T22:59:49Z</time>
        <extensions>
          <gpxtpx:TrackPointExtension>
            <gpxtpx:hr>162</gpxtpx:hr>
          </gpxtpx:TrackPointExtension>
        </extensions>
      </trkpt>
      <trkpt lat="28.226945580993043" lon="112.91619271441664">
        <ele>43.7847444396466</ele>
        <time>2026-09-18T22:59:50Z</time>
        <extensions>
          <gpxtpx:TrackPointExtension>
            <gpxtpx:hr>162</gpxtpx:hr>
          </gpxtpx:TrackPointExtension>
        </extensions>
      </trkpt>
      <trkpt lat="28.22691629169379" lon="112.91619607028447">
        <ele>43.6135229524225</ele>
        <time>2026-09-18T22:59:51Z</time>
        <extensions>
          <gpxtpx:TrackPointExtension>
            <gpxtpx:hr>162</gpxtpx:hr>
          </gpxtpx:TrackPointExtension>
        </extensions>
      </trkpt>
      <trkpt lat="28.226887054609847" lon="112.91619941665479">
        <ele>43.44760446809232</ele>
        <time>2026-09-18T22:59:52Z</time>
        <extensions>
          <gpxtpx:TrackPointExtension>
            <gpxtpx:hr>162</gpxtpx:hr>
          </gpxtpx:TrackPointExtension>
        </extensions>
      </trkpt>
      <trkpt lat="28.22685791298292" lon="112.91620266107367">
        <ele>43.28831803239882</ele>
        <time>2026-09-18T22:59:53Z</time>
        <extensions>
          <gpxtpx:TrackPointExtension>
            <gpxtpx:hr>162</gpxtpx:hr>
          </gpxtpx:TrackPointExtension>
        </extensions>
      </trkpt>
      <trkpt lat="28.226828781381712" lon="112.91620595771755">
        <ele>43.136585532687604</ele>
        <time>2026-09-18T22:59:54Z</time>
        <extensions>
          <gpxtpx:TrackPointExtension>
            <gpxtpx:hr>162</gpxtpx:hr>
          </gpxtpx:TrackPointExtension>
        </extensions>
      </trkpt>
      <trkpt lat="28.226799592962536" lon="112.916209444178">
        <ele>42.993082714267075</ele>
        <time>2026-09-18T22:59:55Z</time>
        <extensions>
          <gpxtpx:TrackPointExtension>
            <gpxtpx:hr>162</gpxtpx:hr>
          </gpxtpx:TrackPointExtension>
        </extensions>
      </trkpt>
      <trkpt lat="28.22677044255024" lon="112.91621277557405">
        <ele>42.85844480711967</ele>
        <time>2026-09-18T22:59:56Z</time>
        <extensions>
          <gpxtpx:TrackPointExtension>
            <gpxtpx:hr>162</gpxtpx:hr>
          </gpxtpx:TrackPointExtension>
        </extensions>
      </trkpt>
      <trkpt lat="28.226741695074317" lon="112.91621569627486">
        <ele>42.73263752833009</ele>
        <time>2026-09-18T22:59:57Z</time>
        <extensions>
          <gpxtpx:TrackPointExtension>
            <gpxtpx:hr>165</gpxtpx:hr>
          </gpxtpx:TrackPointExtension>
        </extensions>
      </trkpt>
      <trkpt lat="28.22671370536657" lon="112.91621829501098">
        <ele>42.61590583063662</ele>
        <time>2026-09-18T22:59:58Z</time>
        <extensions>
          <gpxtpx:TrackPointExtension>
            <gpxtpx:hr>165</gpxtpx:hr>
          </gpxtpx:TrackPointExtension>
        </extensions>
      </trkpt>
      <trkpt lat="28.226686217884012" lon="112.9162208631365">
        <ele>42.50823034439236</ele>
        <time>2026-09-18T22:59:59Z</time>
        <extensions>
          <gpxtpx:TrackPointExtension>
            <gpxtpx:hr>165</gpxtpx:hr>
          </gpxtpx:TrackPointExtension>
        </extensions>
      </trkpt>
      <trkpt lat="28.226658523575704" lon="112.91622358789188">
        <ele>42.4091552644968</ele>
        <time>2026-09-18T23:00:00Z</time>
        <extensions>
          <gpxtpx:TrackPointExtension>
            <gpxtpx:hr>165</gpxtpx:hr>
          </gpxtpx:TrackPointExtension>
        </extensions>
      </trkpt>
      <trkpt lat="28.226630265727685" lon="112.91622646020981">
        <ele>42.31805151049048</ele>
        <time>2026-09-18T23:00:01Z</time>
        <extensions>
          <gpxtpx:TrackPointExtension>
            <gpxtpx:hr>165</gpxtpx:hr>
          </gpxtpx:TrackPointExtension>
        </extensions>
      </trkpt>
      <trkpt lat="28.226601805595514" lon="112.9162296004446">
        <ele>42.235353332944214</ele>
        <time>2026-09-18T23:00:02Z</time>
        <extensions>
          <gpxtpx:TrackPointExtension>
            <gpxtpx:hr>165</gpxtpx:hr>
          </gpxtpx:TrackPointExtension>
        </extensions>
      </trkpt>
      <trkpt lat="28.22657376632833" lon="112.91623312347323">
        <ele>42.16145545151085</ele>
        <time>2026-09-18T23:00:03Z</time>
        <extensions>
          <gpxtpx:TrackPointExtension>
            <gpxtpx:hr>165</gpxtpx:hr>
          </gpxtpx:TrackPointExtension>
        </extensions>
      </trkpt>
      <trkpt lat="28.226546537425772" lon="112.91623704993836">
        <ele>42.09637213125825</ele>
        <time>2026-09-18T23:00:04Z</time>
        <extensions>
          <gpxtpx:TrackPointExtension>
            <gpxtpx:hr>167</gpxtpx:hr>
          </gpxtpx:TrackPointExtension>
        </extensions>
      </trkpt>
      <trkpt lat="28.22651989180472" lon="112.91624115192504">
        <ele>42.03996528033167</ele>
        <time>2026-09-18T23:00:05Z</time>
        <extensions>
          <gpxtpx:TrackPointExtension>
            <gpxtpx:hr>167</gpxtpx:hr>
          </gpxtpx:TrackPointExtension>
        </extensions>
      </trkpt>
      <trkpt lat="28.226493401685346" lon="112.91624523844597">
        <ele>41.9923243438825</ele>
        <time>2026-09-18T23:00:06Z</time>
        <extensions>
          <gpxtpx:TrackPointExtension>
            <gpxtpx:hr>167</gpxtpx:hr>
          </gpxtpx:TrackPointExtension>
        </extensions>
      </trkpt>
      <trkpt lat="28.226466801247845" lon="112.91624940079133">
        <ele>41.95375086553395</ele>
        <time>2026-09-18T23:00:07Z</time>
        <extensions>
          <gpxtpx:TrackPointExtension>
            <gpxtpx:hr>167</gpxtpx:hr>
          </gpxtpx:TrackPointExtension>
        </extensions>
      </trkpt>
      <trkpt lat="28.226440147611083" lon="112.91625395952087">
        <ele>41.92427606601268</ele>
        <time>2026-09-18T23:00:08Z</time>
        <extensions>
          <gpxtpx:TrackPointExtension>
            <gpxtpx:hr>167</gpxtpx:hr>
          </gpxtpx:TrackPointExtension>
        </extensions>
      </trkpt>
      <trkpt lat="28.22641353045718" lon="112.91625916159806">
        <ele>41.90332254767418</ele>
        <time>2026-09-18T23:00:09Z</time>
        <extensions>
          <gpxtpx:TrackPointExtension>
            <gpxtpx:hr>167</gpxtpx:hr>
          </gpxtpx:TrackPointExtension>
        </extensions>
      </trkpt>
      <trkpt lat="28.22638711224277" lon="112.91626480078276">
        <ele>41.89007027447224</ele>
        <time>2026-09-18T23:00:10Z</time>
        <extensions>
          <gpxtpx:TrackPointExtension>
            <gpxtpx:hr>167</gpxtpx:hr>
          </gpxtpx:TrackPointExtension>
        </extensions>
      </trkpt>
      <trkpt lat="28.226360866394028" lon="112.91627063131466">
        <ele>41.88326731137931</ele>
        <time>2026-09-18T23:00:11Z</time>
        <extensions>
          <gpxtpx:TrackPointExtension>
            <gpxtpx:hr>167</gpxtpx:hr>
          </gpxtpx:TrackPointExtension>
        </extensions>
      </trkpt>
      <trkpt lat="28.22633479160816" lon="112.91627654754356">
        <ele>41.881396202370524</ele>
        <time>2026-09-18T23:00:12Z</time>
        <extensions>
          <gpxtpx:TrackPointExtension>
            <gpxtpx:hr>167</gpxtpx:hr>
          </gpxtpx:TrackPointExtension>
        </extensions>
      </trkpt>
      <trkpt lat="28.226308884064036" lon="112.91628267218522">
        <ele>41.88288229890168</ele>
        <time>2026-09-18T23:00:13Z</time>
        <extensions>
          <gpxtpx:TrackPointExtension>
            <gpxtpx:hr>168</gpxtpx:hr>
          </gpxtpx:TrackPointExtension>
        </extensions>
      </trkpt>
      <trkpt lat="28.226283001958162" lon="112.91628904152218">
        <ele>41.886447831988335</ele>
        <time>2026-09-18T23:00:14Z</time>
        <extensions>
          <gpxtpx:TrackPointExtension>
            <gpxtpx:hr>168</gpxtpx:hr>
          </gpxtpx:TrackPointExtension>
        </extensions>
      </trkpt>
      <trkpt lat="28.226257036582354" lon="112.91629552421762">
        <ele>41.89097121544182</ele>
        <time>2026-09-18T23:00:15Z</time>
        <extensions>
          <gpxtpx:TrackPointExtension>
            <gpxtpx:hr>168</gpxtpx:hr>
          </gpxtpx:TrackPointExtension>
        </extensions>
      </trkpt>
      <trkpt lat="28.22623099030651" lon="112.91630148800793">
        <ele>41.89575116150081</ele>
        <time>2026-09-18T23:00:16Z</time>
        <extensions>
          <gpxtpx:TrackPointExtension>
            <gpxtpx:hr>168</gpxtpx:hr>
          </gpxtpx:TrackPointExtension>
        </extensions>
      </trkpt>
      <trkpt lat="28.226204911737838" lon="112.91630625846923">
        <ele>41.899705049581826</ele>
        <time>2026-09-18T23:00:17Z</time>
        <extensions>
          <gpxtpx:TrackPointExtension>
            <gpxtpx:hr>168</gpxtpx:hr>
          </gpxtpx:TrackPointExtension>
        </extensions>
      </trkpt>
      <trkpt lat="28.22617874645402" lon="112.91630969279917">
        <ele>41.901758812367916</ele>
        <time>2026-09-18T23:00:18Z</time>
        <extensions>
          <gpxtpx:TrackPointExtension>
            <gpxtpx:hr>168</gpxtpx:hr>
          </gpxtpx:TrackPointExtension>
        </extensions>
      </trkpt>
      <trkpt lat="28.226152571963116" lon="112.91631356385341">
        <ele>41.900841664522886</ele>
        <time>2026-09-18T23:00:19Z</time>
        <extensions>
          <gpxtpx:TrackPointExtension>
            <gpxtpx:hr>168</gpxtpx:hr>
          </gpxtpx:TrackPointExtension>
        </extensions>
      </trkpt>
      <trkpt lat="28.226126466293568" lon="112.91631898827708">
        <ele>41.89601165987551</ele>
        <time>2026-09-18T23:00:20Z</time>
        <extensions>
          <gpxtpx:TrackPointExtension>
            <gpxtpx:hr>168</gpxtpx:hr>
          </gpxtpx:TrackPointExtension>
        </extensions>
      </trkpt>
      <trkpt lat="28.226100450993943" lon="112.91632546637443">
        <ele>41.887545579113066</ele>
        <time>2026-09-18T23:00:21Z</time>
        <extensions>
          <gpxtpx:TrackPointExtension>
            <gpxtpx:hr>168</gpxtpx:hr>
          </gpxtpx:TrackPointExtension>
        </extensions>
      </trkpt>
      <trkpt lat="28.226074456343493" lon="112.91633305270736">
        <ele>41.874609286896884</ele>
        <time>2026-09-18T23:00:22Z</time>
        <extensions>
          <gpxtpx:TrackPointExtension>
            <gpxtpx:hr>168</gpxtpx:hr>
          </gpxtpx:TrackPointExtension>
        </extensions>
      </trkpt>
      <trkpt lat="28.22604855842428" lon="112.91634103669548">
        <ele>41.85795725043863</ele>
        <time>2026-09-18T23:00:23Z</time>
        <extensions>
          <gpxtpx:TrackPointExtension>
            <gpxtpx:hr>168</gpxtpx:hr>
          </gpxtpx:TrackPointExtension>
        </extensions>
      </trkpt>
      <trkpt lat="28.226022292394" lon="112.9163487953349">
        <ele>41.83802359830588</ele>
        <time>2026-09-18T23:00:24Z</time>
        <extensions>
          <gpxtpx:TrackPointExtension>
            <gpxtpx:hr>171</gpxtpx:hr>
          </gpxtpx:TrackPointExtension>
        </extensions>
      </trkpt>
      <trkpt lat="28.22599542578846" lon="112.91635592872525">
        <ele>41.81510040629655</ele>
        <time>2026-09-18T23:00:25Z</time>
        <extensions>
          <gpxtpx:TrackPointExtension>
            <gpxtpx:hr>171</gpxtpx:hr>
          </gpxtpx:TrackPointExtension>
        </extensions>
      </trkpt>
      <trkpt lat="28.22596825358521" lon="112.91636226424252">
        <ele>41.79037659242749</ele>
        <time>2026-09-18T23:00:26Z</time>
        <extensions>
          <gpxtpx:TrackPointExtension>
            <gpxtpx:hr>171</gpxtpx:hr>
          </gpxtpx:TrackPointExtension>
        </extensions>
      </trkpt>
      <trkpt lat="28.22594126575191" lon="112.91636800171922">
        <ele>41.76517708040774</ele>
        <time>2026-09-18T23:00:27Z</time>
        <extensions>
          <gpxtpx:TrackPointExtension>
            <gpxtpx:hr>171</gpxtpx:hr>
          </gpxtpx:TrackPointExtension>
        </extensions>
      </trkpt>
      <trkpt lat="28.225914610457448" lon="112.91637360256473">
        <ele>41.73986192326993</ele>
        <time>2026-09-18T23:00:28Z</time>
        <extensions>
          <gpxtpx:TrackPointExtension>
            <gpxtpx:hr>171</gpxtpx:hr>
          </gpxtpx:TrackPointExtension>
        </extensions>
      </trkpt>
      <trkpt lat="28.225887921800958" lon="112.91637947036268">
        <ele>41.715987116098404</ele>
        <time>2026-09-18T23:00:29Z</time>
        <extensions>
          <gpxtpx:TrackPointExtension>
            <gpxtpx:hr>171</gpxtpx:hr>
          </gpxtpx:TrackPointExtension>
        </extensions>
      </trkpt>
      <trkpt lat="28.225860929752482" lon="112.91638576682182">
        <ele>41.69396388344467</ele>
        <time>2026-09-18T23:00:30Z</time>
        <extensions>
          <gpxtpx:TrackPointExtension>
            <gpxtpx:hr>171</gpxtpx:hr>
          </gpxtpx:TrackPointExtension>
        </extensions>
      </trkpt>
      <trkpt lat="28.225833684916275" lon="112.91639251950023">
        <ele>41.675432635471225</ele>
        <time>2026-09-18T23:00:31Z</time>
        <extensions>
          <gpxtpx:TrackPointExtension>
            <gpxtpx:hr>171</gpxtpx:hr>
          </gpxtpx:TrackPointExtension>
        </extensions>
      </trkpt>
      <trkpt lat="28.22580645828662" lon="112.91639956606933">
        <ele>41.661076999269426</ele>
        <time>2026-09-18T23:00:32Z</time>
        <extensions>
          <gpxtpx:TrackPointExtension>
            <gpxtpx:hr>171</gpxtpx:hr>
          </gpxtpx:TrackPointExtension>
        </extensions>
      </trkpt>
      <trkpt lat="28.225779323056823" lon="112.91640677452693">
        <ele>41.65152694284916</ele>
        <time>2026-09-18T23:00:33Z</time>
        <extensions>
          <gpxtpx:TrackPointExtension>
            <gpxtpx:hr>171</gpxtpx:hr>
          </gpxtpx:TrackPointExtension>
        </extensions>
      </trkpt>
      <trkpt lat="28.225752138409913" lon="112.91641403986492">
        <ele>41.64772408083081</ele>
        <time>2026-09-18T23:00:34Z</time>
        <extensions>
          <gpxtpx:TrackPointExtension>
            <gpxtpx:hr>171</gpxtpx:hr>
          </gpxtpx:TrackPointExtension>
        </extensions>
      </trkpt>
      <trkpt lat="28.225724908104674" lon="112.91642149106436">
        <ele>41.65048171300441</ele>
        <time>2026-09-18T23:00:35Z</time>
        <extensions>
          <gpxtpx:TrackPointExtension>
            <gpxtpx:hr>171</gpxtpx:hr>
          </gpxtpx:TrackPointExtension>
        </extensions>
      </trkpt>
      <trkpt lat="28.225697570946657" lon="112.91642895581899">
        <ele>41.66002260521054</ele>
        <time>2026-09-18T23:00:36Z</time>
        <extensions>
          <gpxtpx:TrackPointExtension>
            <gpxtpx:hr>171</gpxtpx:hr>
          </gpxtpx:TrackPointExtension>
        </extensions>
      </trkpt>
      <trkpt lat="28.225670238142392" lon="112.9164358151585">
        <ele>41.67711402196437</ele>
        <time>2026-09-18T23:00:37Z</time>
        <extensions>
          <gpxtpx:TrackPointExtension>
            <gpxtpx:hr>171</gpxtpx:hr>
          </gpxtpx:TrackPointExtension>
        </extensions>
      </trkpt>
      <trkpt lat="28.225643059205442" lon="112.91644152853027">
        <ele>41.70215780753642</ele>
        <time>2026-09-18T23:00:37.900000Z</time>
        <extensions>
          <gpxtpx:TrackPointExtension>
            <gpxtpx:hr>171</gpxtpx:hr>
          </gpxtpx:TrackPointExtension>
        </extensions>
      </trkpt>
      <trkpt lat="28.225616147432337" lon="112.91644591550606">
        <ele>41.73632492031902</ele>
        <time>2026-09-18T23:00:38.900000Z</time>
        <extensions>
          <gpxtpx:TrackPointExtension>
            <gpxtpx:hr>171</gpxtpx:hr>
          </gpxtpx:TrackPointExtension>
        </extensions>
      </trkpt>
      <trkpt lat="28.225589481596455" lon="112.91644923098642">
        <ele>41.78019170742482</ele>
        <time>2026-09-18T23:00:39.900000Z</time>
        <extensions>
          <gpxtpx:TrackPointExtension>
            <gpxtpx:hr>171</gpxtpx:hr>
          </gpxtpx:TrackPointExtension>
        </extensions>
      </trkpt>
      <trkpt lat="28.22556288724127" lon="112.91645175514432">
        <ele>41.833904578350484</ele>
        <time>2026-09-18T23:00:40.900000Z</time>
        <extensions>
          <gpxtpx:TrackPointExtension>
            <gpxtpx:hr>171</gpxtpx:hr>
          </gpxtpx:TrackPointExtension>
        </extensions>
      </trkpt>
      <trkpt lat="28.225536194621938" lon="112.91645360359657">
        <ele>41.89741090219468</ele>
        <time>2026-09-18T23:00:41.900000Z</time>
        <extensions>
          <gpxtpx:TrackPointExtension>
            <gpxtpx:hr>171</gpxtpx:hr>
          </gpxtpx:TrackPointExtension>
        </extensions>
      </trkpt>
      <trkpt lat="28.225509453441422" lon="112.9164549628055">
        <ele>41.97001822292805</ele>
        <time>2026-09-18T23:00:42.900000Z</time>
        <extensions>
          <gpxtpx:TrackPointExtension>
            <gpxtpx:hr>171</gpxtpx:hr>
          </gpxtpx:TrackPointExtension>
        </extensions>
      </trkpt>
      <trkpt lat="28.22548290648422" lon="112.91645631848237">
        <ele>42.05072000529617</ele>
        <time>2026-09-18T23:00:43.900000Z</time>
        <extensions>
          <gpxtpx:TrackPointExtension>
            <gpxtpx:hr>171</gpxtpx:hr>
          </gpxtpx:TrackPointExtension>
        </extensions>
      </trkpt>
      <trkpt lat="28.225456909283896" lon="112.91645743676796">
        <ele>42.138414782471955</ele>
        <time>2026-09-18T23:00:44.900000Z</time>
        <extensions>
          <gpxtpx:TrackPointExtension>
            <gpxtpx:hr>171</gpxtpx:hr>
          </gpxtpx:TrackPointExtension>
        </extensions>
      </trkpt>
      <trkpt lat="28.225431803577447" lon="112.91645765671161">
        <ele>42.23206639010459</ele>
        <time>2026-09-18T23:00:45.900000Z</time>
        <extensions>
          <gpxtpx:TrackPointExtension>
            <gpxtpx:hr>171</gpxtpx:hr>
          </gpxtpx:TrackPointExtension>
        </extensions>
      </trkpt>
      <trkpt lat="28.225408054976906" lon="112.9164563441312">
        <ele>42.330510046333075</ele>
        <time>2026-09-18T23:00:46.900000Z</time>
        <extensions>
          <gpxtpx:TrackPointExtension>
            <gpxtpx:hr>171</gpxtpx:hr>
          </gpxtpx:TrackPointExtension>
        </extensions>
      </trkpt>
      <trkpt lat="28.225386497659194" lon="112.91645324655782">
        <ele>42.432487660087645</ele>
        <time>2026-09-18T23:00:47.900000Z</time>
        <extensions>
          <gpxtpx:TrackPointExtension>
            <gpxtpx:hr>171</gpxtpx:hr>
          </gpxtpx:TrackPointExtension>
        </extensions>
      </trkpt>
      <trkpt lat="28.225367990222527" lon="112.91644855718063">
        <ele>42.53664095979184</ele>
        <time>2026-09-18T23:00:48.900000Z</time>
        <extensions>
          <gpxtpx:TrackPointExtension>
            <gpxtpx:hr>172</gpxtpx:hr>
          </gpxtpx:TrackPointExtension>
        </extensions>
      </trkpt>
      <trkpt lat="28.225353497405543" lon="112.91644206879788">
        <ele>42.64195817708969</ele>
        <time>2026-09-18T23:00:49.900000Z</time>
        <extensions>
          <gpxtpx:TrackPointExtension>
            <gpxtpx:hr>172</gpxtpx:hr>
          </gpxtpx:TrackPointExtension>
        </extensions>
      </trkpt>
      <trkpt lat="28.22534477128599" lon="112.91643399885079">
        <ele>42.74740197416395</ele>
        <time>2026-09-18T23:00:50.900000Z</time>
        <extensions>
          <gpxtpx:TrackPointExtension>
            <gpxtpx:hr>172</gpxtpx:hr>
          </gpxtpx:TrackPointExtension>
        </extensions>
      </trkpt>
      <trkpt lat="28.225341430785136" lon="112.91642679259515">
        <ele>42.852717847563326</ele>
        <time>2026-09-18T23:00:51.900000Z</time>
        <extensions>
          <gpxtpx:TrackPointExtension>
            <gpxtpx:hr>172</gpxtpx:hr>
          </gpxtpx:TrackPointExtension>
        </extensions>
      </trkpt>
      <trkpt lat="28.225340779786364" lon="112.91642428315984">
        <ele>42.957708769477904</ele>
        <time>2026-09-18T23:00:52.900000Z</time>
        <extensions>
          <gpxtpx:TrackPointExtension>
            <gpxtpx:hr>172</gpxtpx:hr>
          </gpxtpx:TrackPointExtension>
        </extensions>
      </trkpt>
      <trkpt lat="28.22533894771066" lon="112.91642768175203">
        <ele>43.06222418602556</ele>
        <time>2026-09-18T23:00:53.900000Z</time>
        <extensions>
          <gpxtpx:TrackPointExtension>
            <gpxtpx:hr>172</gpxtpx:hr>
          </gpxtpx:TrackPointExtension>
        </extensions>
      </trkpt>
      <trkpt lat="28.225333399446445" lon="112.9164342799524">
        <ele>43.165780099108815</ele>
        <time>2026-09-18T23:00:54.900000Z</time>
        <extensions>
          <gpxtpx:TrackPointExtension>
            <gpxtpx:hr>171</gpxtpx:hr>
          </gpxtpx:TrackPointExtension>
        </extensions>
      </trkpt>
      <trkpt lat="28.22532407190124" lon="112.91644026563921">
        <ele>43.268364764750004</ele>
        <time>2026-09-18T23:00:55.900000Z</time>
        <extensions>
          <gpxtpx:TrackPointExtension>
            <gpxtpx:hr>171</gpxtpx:hr>
          </gpxtpx:TrackPointExtension>
        </extensions>
      </trkpt>
      <trkpt lat="28.22531160747916" lon="112.91644390767264">
        <ele>43.36880854237825</ele>
        <time>2026-09-18T23:00:56.900000Z</time>
        <extensions>
          <gpxtpx:TrackPointExtension>
            <gpxtpx:hr>171</gpxtpx:hr>
          </gpxtpx:TrackPointExtension>
        </extensions>
      </trkpt>
      <trkpt lat="28.225297560953624" lon="112.9164459720871">
        <ele>43.46736953873187</ele>
        <time>2026-09-18T23:00:57.900000Z</time>
        <extensions>
          <gpxtpx:TrackPointExtension>
            <gpxtpx:hr>171</gpxtpx:hr>
          </gpxtpx:TrackPointExtension>
        </extensions>
      </trkpt>
      <trkpt lat="28.225283517024874" lon="112.91644836536709">
        <ele>43.5630453703925</ele>
        <time>2026-09-18T23:00:58.900000Z</time>
        <extensions>
          <gpxtpx:TrackPointExtension>
            <gpxtpx:hr>167</gpxtpx:hr>
          </gpxtpx:TrackPointExtension>
        </extensions>
      </trkpt>
      <trkpt lat="28.225271030992506" lon="112.91645317930687">
        <ele>43.65579889342189</ele>
        <time>2026-09-18T23:00:59.900000Z</time>
        <extensions>
          <gpxtpx:TrackPointExtension>
            <gpxtpx:hr>167</gpxtpx:hr>
          </gpxtpx:TrackPointExtension>
        </extensions>
      </trkpt>
      <trkpt lat="28.22526045574539" lon="112.9164597920618">
        <ele>43.74563075788319</ele>
        <time>2026-09-18T23:01:00.900000Z</time>
        <extensions>
          <gpxtpx:TrackPointExtension>
            <gpxtpx:hr>167</gpxtpx:hr>
          </gpxtpx:TrackPointExtension>
        </extensions>
      </trkpt>
      <trkpt lat="28.225250376825873" lon="112.91646506889343">
        <ele>43.83170580025762</ele>
        <time>2026-09-18T23:01:01.900000Z</time>
        <extensions>
          <gpxtpx:TrackPointExtension>
            <gpxtpx:hr>167</gpxtpx:hr>
          </gpxtpx:TrackPointExtension>
        </extensions>
      </trkpt>
      <trkpt lat="28.225239575482664" lon="112.91646749991408">
        <ele>43.91397988144308</ele>
        <time>2026-09-18T23:01:02.900000Z</time>
        <extensions>
          <gpxtpx:TrackPointExtension>
            <gpxtpx:hr>167</gpxtpx:hr>
          </gpxtpx:TrackPointExtension>
        </extensions>
      </trkpt>
      <trkpt lat="28.225227913894503" lon="112.91646737812133">
        <ele>43.992373041808605</ele>
        <time>2026-09-18T23:01:03.900000Z</time>
        <extensions>
          <gpxtpx:TrackPointExtension>
            <gpxtpx:hr>167</gpxtpx:hr>
          </gpxtpx:TrackPointExtension>
        </extensions>
      </trkpt>
      <trkpt lat="28.22521526412584" lon="112.9164657210827">
        <ele>44.06635778862983</ele>
        <time>2026-09-18T23:01:04.900000Z</time>
        <extensions>
          <gpxtpx:TrackPointExtension>
            <gpxtpx:hr>165</gpxtpx:hr>
          </gpxtpx:TrackPointExtension>
        </extensions>
      </trkpt>
      <trkpt lat="28.225201674124744" lon="112.9164637139342">
        <ele>44.135693933814764</ele>
        <time>2026-09-18T23:01:05.900000Z</time>
        <extensions>
          <gpxtpx:TrackPointExtension>
            <gpxtpx:hr>165</gpxtpx:hr>
          </gpxtpx:TrackPointExtension>
        </extensions>
      </trkpt>
      <trkpt lat="28.225187309558546" lon="112.91646219189816">
        <ele>44.20026439614594</ele>
        <time>2026-09-18T23:01:06.900000Z</time>
        <extensions>
          <gpxtpx:TrackPointExtension>
            <gpxtpx:hr>165</gpxtpx:hr>
          </gpxtpx:TrackPointExtension>
        </extensions>
      </trkpt>
      <trkpt lat="28.22517217649116" lon="112.91646204719235">
        <ele>44.25939012039453</ele>
        <time>2026-09-18T23:01:07.900000Z</time>
        <extensions>
          <gpxtpx:TrackPointExtension>
            <gpxtpx:hr>165</gpxtpx:hr>
          </gpxtpx:TrackPointExtension>
        </extensions>
      </trkpt>
      <trkpt lat="28.225156157670284" lon="112.9164631801725">
        <ele>44.31334250140935</ele>
        <time>2026-09-18T23:01:08.900000Z</time>
        <extensions>
          <gpxtpx:TrackPointExtension>
            <gpxtpx:hr>163</gpxtpx:hr>
          </gpxtpx:TrackPointExtension>
        </extensions>
      </trkpt>
      <trkpt lat="28.22513920335215" lon="112.91646433196982">
        <ele>44.36212289147079</ele>
        <time>2026-09-18T23:01:09.900000Z</time>
        <extensions>
          <gpxtpx:TrackPointExtension>
            <gpxtpx:hr>163</gpxtpx:hr>
          </gpxtpx:TrackPointExtension>
        </extensions>
      </trkpt>
      <trkpt lat="28.225121089751212" lon="112.91646523659841">
        <ele>44.405635996721685</ele>
        <time>2026-09-18T23:01:10.900000Z</time>
        <extensions>
          <gpxtpx:TrackPointExtension>
            <gpxtpx:hr>163</gpxtpx:hr>
          </gpxtpx:TrackPointExtension>
        </extensions>
      </trkpt>
      <trkpt lat="28.22510230580283" lon="112.91646626201383">
        <ele>44.44470512866974</ele>
        <time>2026-09-18T23:01:11.900000Z</time>
        <extensions>
          <gpxtpx:TrackPointExtension>
            <gpxtpx:hr>160</gpxtpx:hr>
          </gpxtpx:TrackPointExtension>
        </extensions>
      </trkpt>
      <trkpt lat="28.22508270285051" lon="112.91646737618267">
        <ele>44.480077157728374</ele>
        <time>2026-09-18T23:01:12.900000Z</time>
        <extensions>
          <gpxtpx:TrackPointExtension>
            <gpxtpx:hr>160</gpxtpx:hr>
          </gpxtpx:TrackPointExtension>
        </extensions>
      </trkpt>
      <trkpt lat="28.225062192459472" lon="112.91646844710161">
        <ele>44.51327782589942</ele>
        <time>2026-09-18T23:01:13.900000Z</time>
        <extensions>
          <gpxtpx:TrackPointExtension>
            <gpxtpx:hr>160</gpxtpx:hr>
          </gpxtpx:TrackPointExtension>
        </extensions>
      </trkpt>
      <trkpt lat="28.225040319882556" lon="112.91646962732402">
        <ele>44.546404846943915</ele>
        <time>2026-09-18T23:01:14.900000Z</time>
        <extensions>
          <gpxtpx:TrackPointExtension>
            <gpxtpx:hr>160</gpxtpx:hr>
          </gpxtpx:TrackPointExtension>
        </extensions>
      </trkpt>
      <trkpt lat="28.225016144026668" lon="112.91647115833587">
        <ele>44.580277596600354</ele>
        <time>2026-09-18T23:01:15.900000Z</time>
        <extensions>
          <gpxtpx:TrackPointExtension>
            <gpxtpx:hr>160</gpxtpx:hr>
          </gpxtpx:TrackPointExtension>
        </extensions>
      </trkpt>
      <trkpt lat="28.2249904718552" lon="112.91647289247979">
        <ele>44.61628280673176</ele>
        <time>2026-09-18T23:01:16.900000Z</time>
        <extensions>
          <gpxtpx:TrackPointExtension>
            <gpxtpx:hr>160</gpxtpx:hr>
          </gpxtpx:TrackPointExtension>
        </extensions>
      </trkpt>
      <trkpt lat="28.22496391992603" lon="112.91647453191014">
        <ele>44.65596944466233</ele>
        <time>2026-09-18T23:01:17.900000Z</time>
        <extensions>
          <gpxtpx:TrackPointExtension>
            <gpxtpx:hr>161</gpxtpx:hr>
          </gpxtpx:TrackPointExtension>
        </extensions>
      </trkpt>
      <trkpt lat="28.2249369473688" lon="112.91647583467461">
        <ele>44.698777897283435</ele>
        <time>2026-09-18T23:01:18.900000Z</time>
        <extensions>
          <gpxtpx:TrackPointExtension>
            <gpxtpx:hr>161</gpxtpx:hr>
          </gpxtpx:TrackPointExtension>
        </extensions>
      </trkpt>
      <trkpt lat="28.224909790712925" lon="112.91647688468754">
        <ele>44.74450657796115</ele>
        <time>2026-09-18T23:01:19.900000Z</time>
        <extensions>
          <gpxtpx:TrackPointExtension>
            <gpxtpx:hr>161</gpxtpx:hr>
          </gpxtpx:TrackPointExtension>
        </extensions>
      </trkpt>
      <trkpt lat="28.224882401798116" lon="112.91647802585604">
        <ele>44.79232556000352</ele>
        <time>2026-09-18T23:01:20.900000Z</time>
        <extensions>
          <gpxtpx:TrackPointExtension>
            <gpxtpx:hr>161</gpxtpx:hr>
          </gpxtpx:TrackPointExtension>
        </extensions>
      </trkpt>
      <trkpt lat="28.224854871214454" lon="112.91647950806573">
        <ele>44.84239639528096</ele>
        <time>2026-09-18T23:01:21.900000Z</time>
        <extensions>
          <gpxtpx:TrackPointExtension>
            <gpxtpx:hr>161</gpxtpx:hr>
          </gpxtpx:TrackPointExtension>
        </extensions>
      </trkpt>
      <trkpt lat="28.224827463425733" lon="112.91648133017983">
        <ele>44.89436244778335</ele>
        <time>2026-09-18T23:01:22.900000Z</time>
        <extensions>
          <gpxtpx:TrackPointExtension>
            <gpxtpx:hr>161</gpxtpx:hr>
          </gpxtpx:TrackPointExtension>
        </extensions>
      </trkpt>
      <trkpt lat="28.224800335781275" lon="112.91648325637648">
        <ele>44.948872349224985</ele>
        <time>2026-09-18T23:01:23.900000Z</time>
        <extensions>
          <gpxtpx:TrackPointExtension>
            <gpxtpx:hr>161</gpxtpx:hr>
          </gpxtpx:TrackPointExtension>
        </extensions>
      </trkpt>
      <trkpt lat="28.224773466122777" lon="112.91648516781649">
        <ele>45.00629528425634</ele>
        <time>2026-09-18T23:01:24.900000Z</time>
        <extensions>
          <gpxtpx:TrackPointExtension>
            <gpxtpx:hr>165</gpxtpx:hr>
          </gpxtpx:TrackPointExtension>
        </extensions>
      </trkpt>
      <trkpt lat="28.224746888914805" lon="112.91648726172714">
        <ele>45.06708294618875</ele>
        <time>2026-09-18T23:01:25.900000Z</time>
        <extensions>
          <gpxtpx:TrackPointExtension>
            <gpxtpx:hr>165</gpxtpx:hr>
          </gpxtpx:TrackPointExtension>
        </extensions>
      </trkpt>
      <trkpt lat="28.224720621044" lon="112.91648970805355">
        <ele>45.13178962189704</ele>
        <time>2026-09-18T23:01:26.900000Z</time>
        <extensions>
          <gpxtpx:TrackPointExtension>
            <gpxtpx:hr>165</gpxtpx:hr>
          </gpxtpx:TrackPointExtension>
        </extensions>
      </trkpt>
      <trkpt lat="28.22469477959358" lon="112.91649247109508">
        <ele>45.20074080489576</ele>
        <time>2026-09-18T23:01:27.900000Z</time>
        <extensions>
          <gpxtpx:TrackPointExtension>
            <gpxtpx:hr>165</gpxtpx:hr>
          </gpxtpx:TrackPointExtension>
        </extensions>
      </trkpt>
      <trkpt lat="28.22466927038652" lon="112.9164951728432">
        <ele>45.27448241785169</ele>
        <time>2026-09-18T23:01:28.800000Z</time>
        <extensions>
          <gpxtpx:TrackPointExtension>
            <gpxtpx:hr>165</gpxtpx:hr>
          </gpxtpx:TrackPointExtension>
        </extensions>
      </trkpt>
      <trkpt lat="28.22464390156637" lon="112.91649751637762">
        <ele>45.35317350085825</ele>
        <time>2026-09-18T23:01:29.800000Z</time>
        <extensions>
          <gpxtpx:TrackPointExtension>
            <gpxtpx:hr>165</gpxtpx:hr>
          </gpxtpx:TrackPointExtension>
        </extensions>
      </trkpt>
      <trkpt lat="28.224618462780935" lon="112.91649957876872">
        <ele>45.436724815517664</ele>
        <time>2026-09-18T23:01:30.800000Z</time>
        <extensions>
          <gpxtpx:TrackPointExtension>
            <gpxtpx:hr>166</gpxtpx:hr>
          </gpxtpx:TrackPointExtension>
        </extensions>
      </trkpt>
      <trkpt lat="28.224592842741146" lon="112.9165015533153">
        <ele>45.52503851056099</ele>
        <time>2026-09-18T23:01:31.800000Z</time>
        <extensions>
          <gpxtpx:TrackPointExtension>
            <gpxtpx:hr>166</gpxtpx:hr>
          </gpxtpx:TrackPointExtension>
        </extensions>
      </trkpt>
      <trkpt lat="28.22456710112836" lon="112.91650367637007">
        <ele>45.61812078021467</ele>
        <time>2026-09-18T23:01:32.800000Z</time>
        <extensions>
          <gpxtpx:TrackPointExtension>
            <gpxtpx:hr>166</gpxtpx:hr>
          </gpxtpx:TrackPointExtension>
        </extensions>
      </trkpt>
      <trkpt lat="28.22454134332023" lon="112.91650593786869">
        <ele>45.71595918294042</ele>
        <time>2026-09-18T23:01:33.800000Z</time>
        <extensions>
          <gpxtpx:TrackPointExtension>
            <gpxtpx:hr>166</gpxtpx:hr>
          </gpxtpx:TrackPointExtension>
        </extensions>
      </trkpt>
      <trkpt lat="28.22451582686794" lon="112.91650842451548">
        <ele>45.81845829077065</ele>
        <time>2026-09-18T23:01:34.800000Z</time>
        <extensions>
          <gpxtpx:TrackPointExtension>
            <gpxtpx:hr>166</gpxtpx:hr>
          </gpxtpx:TrackPointExtension>
        </extensions>
      </trkpt>
      <trkpt lat="28.224490442447372" lon="112.9165111783845">
        <ele>45.925457114353776</ele>
        <time>2026-09-18T23:01:35.800000Z</time>
        <extensions>
          <gpxtpx:TrackPointExtension>
            <gpxtpx:hr>167</gpxtpx:hr>
          </gpxtpx:TrackPointExtension>
        </extensions>
      </trkpt>
      <trkpt lat="28.224464983182948" lon="112.91651373756842">
        <ele>46.036641370505095</ele>
        <time>2026-09-18T23:01:36.800000Z</time>
        <extensions>
          <gpxtpx:TrackPointExtension>
            <gpxtpx:hr>167</gpxtpx:hr>
          </gpxtpx:TrackPointExtension>
        </extensions>
      </trkpt>
      <trkpt lat="28.224439295676234" lon="112.91651573107688">
        <ele>46.1520956736058</ele>
        <time>2026-09-18T23:01:37.800000Z</time>
        <extensions>
          <gpxtpx:TrackPointExtension>
            <gpxtpx:hr>167</gpxtpx:hr>
          </gpxtpx:TrackPointExtension>
        </extensions>
      </trkpt>
      <trkpt lat="28.22441330303631" lon="112.91651722109209">
        <ele>46.27151604834944</ele>
        <time>2026-09-18T23:01:38.800000Z</time>
        <extensions>
          <gpxtpx:TrackPointExtension>
            <gpxtpx:hr>168</gpxtpx:hr>
          </gpxtpx:TrackPointExtension>
        </extensions>
      </trkpt>
      <trkpt lat="28.22438693780406" lon="112.91651842210065">
        <ele>46.39478571433574</ele>
        <time>2026-09-18T23:01:39.800000Z</time>
        <extensions>
          <gpxtpx:TrackPointExtension>
            <gpxtpx:hr>168</gpxtpx:hr>
          </gpxtpx:TrackPointExtension>
        </extensions>
      </trkpt>
      <trkpt lat="28.224360066401594" lon="112.9165194836741">
        <ele>46.52175148203969</ele>
        <time>2026-09-18T23:01:40.800000Z</time>
        <extensions>
          <gpxtpx:TrackPointExtension>
            <gpxtpx:hr>168</gpxtpx:hr>
          </gpxtpx:TrackPointExtension>
        </extensions>
      </trkpt>
      <trkpt lat="28.224332687951037" lon="112.9165204573883">
        <ele>46.65245306864381</ele>
        <time>2026-09-18T23:01:41.800000Z</time>
        <extensions>
          <gpxtpx:TrackPointExtension>
            <gpxtpx:hr>168</gpxtpx:hr>
          </gpxtpx:TrackPointExtension>
        </extensions>
      </trkpt>
      <trkpt lat="28.224305051928145" lon="112.91652152544998">
        <ele>46.78677860926837</ele>
        <time>2026-09-18T23:01:42.800000Z</time>
        <extensions>
          <gpxtpx:TrackPointExtension>
            <gpxtpx:hr>169</gpxtpx:hr>
          </gpxtpx:TrackPointExtension>
        </extensions>
      </trkpt>
      <trkpt lat="28.224277477210045" lon="112.9165229035102">
        <ele>46.92496775649488</ele>
        <time>2026-09-18T23:01:43.800000Z</time>
        <extensions>
          <gpxtpx:TrackPointExtension>
            <gpxtpx:hr>169</gpxtpx:hr>
          </gpxtpx:TrackPointExtension>
        </extensions>
      </trkpt>
      <trkpt lat="28.22425006986151" lon="112.91652435698161">
        <ele>47.067107846960425</ele>
        <time>2026-09-18T23:01:44.800000Z</time>
        <extensions>
          <gpxtpx:TrackPointExtension>
            <gpxtpx:hr>169</gpxtpx:hr>
          </gpxtpx:TrackPointExtension>
        </extensions>
      </trkpt>
      <trkpt lat="28.2242229369701" lon="112.9165260152473">
        <ele>47.213347064331174</ele>
        <time>2026-09-18T23:01:45.800000Z</time>
        <extensions>
          <gpxtpx:TrackPointExtension>
            <gpxtpx:hr>169</gpxtpx:hr>
          </gpxtpx:TrackPointExtension>
        </extensions>
      </trkpt>
      <trkpt lat="28.224195995143877" lon="112.91652835242026">
        <ele>47.3638018053025</ele>
        <time>2026-09-18T23:01:46.800000Z</time>
        <extensions>
          <gpxtpx:TrackPointExtension>
            <gpxtpx:hr>169</gpxtpx:hr>
          </gpxtpx:TrackPointExtension>
        </extensions>
      </trkpt>
      <trkpt lat="28.22416906003342" lon="112.9165317009434">
        <ele>47.51861805468798</ele>
        <time>2026-09-18T23:01:47.800000Z</time>
        <extensions>
          <gpxtpx:TrackPointExtension>
            <gpxtpx:hr>169</gpxtpx:hr>
          </gpxtpx:TrackPointExtension>
        </extensions>
      </trkpt>
      <trkpt lat="28.224141950060314" lon="112.91653623693884">
        <ele>47.67814411781728</ele>
        <time>2026-09-18T23:01:48.800000Z</time>
        <extensions>
          <gpxtpx:TrackPointExtension>
            <gpxtpx:hr>169</gpxtpx:hr>
          </gpxtpx:TrackPointExtension>
        </extensions>
      </trkpt>
      <trkpt lat="28.22411458841836" lon="112.91654186828691">
        <ele>47.84202553052455</ele>
        <time>2026-09-18T23:01:49.800000Z</time>
        <extensions>
          <gpxtpx:TrackPointExtension>
            <gpxtpx:hr>171</gpxtpx:hr>
          </gpxtpx:TrackPointExtension>
        </extensions>
      </trkpt>
      <trkpt lat="28.224087084659526" lon="112.91654847301001">
        <ele>48.009663267061114</ele>
        <time>2026-09-18T23:01:50.800000Z</time>
        <extensions>
          <gpxtpx:TrackPointExtension>
            <gpxtpx:hr>171</gpxtpx:hr>
          </gpxtpx:TrackPointExtension>
        </extensions>
      </trkpt>
      <trkpt lat="28.224059513229992" lon="112.91655562760761">
        <ele>48.180407444015145</ele>
        <time>2026-09-18T23:01:51.800000Z</time>
        <extensions>
          <gpxtpx:TrackPointExtension>
            <gpxtpx:hr>171</gpxtpx:hr>
          </gpxtpx:TrackPointExtension>
        </extensions>
      </trkpt>
      <trkpt lat="28.22403200279459" lon="112.91656246954791">
        <ele>48.353258768096566</ele>
        <time>2026-09-18T23:01:52.800000Z</time>
        <extensions>
          <gpxtpx:TrackPointExtension>
            <gpxtpx:hr>171</gpxtpx:hr>
          </gpxtpx:TrackPointExtension>
        </extensions>
      </trkpt>
      <trkpt lat="28.22400463718255" lon="112.91656829159881">
        <ele>48.52717111352831</ele>
        <time>2026-09-18T23:01:53.800000Z</time>
        <extensions>
          <gpxtpx:TrackPointExtension>
            <gpxtpx:hr>172</gpxtpx:hr>
          </gpxtpx:TrackPointExtension>
        </extensions>
      </trkpt>
      <trkpt lat="28.22397751986028" lon="112.91657282101733">
        <ele>48.700898048467934</ele>
        <time>2026-09-18T23:01:54.800000Z</time>
        <extensions>
          <gpxtpx:TrackPointExtension>
            <gpxtpx:hr>172</gpxtpx:hr>
          </gpxtpx:TrackPointExtension>
        </extensions>
      </trkpt>
      <trkpt lat="28.223950694570952" lon="112.91657668497753">
        <ele>48.8732927152887</ele>
        <time>2026-09-18T23:01:55.800000Z</time>
        <extensions>
          <gpxtpx:TrackPointExtension>
            <gpxtpx:hr>172</gpxtpx:hr>
          </gpxtpx:TrackPointExtension>
        </extensions>
      </trkpt>
      <trkpt lat="28.223924078612672" lon="112.91658092528421">
        <ele>49.04321276489645</ele>
        <time>2026-09-18T23:01:56.800000Z</time>
        <extensions>
          <gpxtpx:TrackPointExtension>
            <gpxtpx:hr>174</gpxtpx:hr>
          </gpxtpx:TrackPointExtension>
        </extensions>
      </trkpt>
      <trkpt lat="28.22389745082373" lon="112.9165856434273">
        <ele>49.20985465031117</ele>
        <time>2026-09-18T23:01:57.800000Z</time>
        <extensions>
          <gpxtpx:TrackPointExtension>
            <gpxtpx:hr>174</gpxtpx:hr>
          </gpxtpx:TrackPointExtension>
        </extensions>
      </trkpt>
      <trkpt lat="28.22387064405891" lon="112.91659071092148">
        <ele>49.372210749424994</ele>
        <time>2026-09-18T23:01:58.800000Z</time>
        <extensions>
          <gpxtpx:TrackPointExtension>
            <gpxtpx:hr>174</gpxtpx:hr>
          </gpxtpx:TrackPointExtension>
        </extensions>
      </trkpt>
      <trkpt lat="28.223843772478524" lon="112.91659627386298">
        <ele>49.52998598199338</ele>
        <time>2026-09-18T23:01:59.800000Z</time>
        <extensions>
          <gpxtpx:TrackPointExtension>
            <gpxtpx:hr>174</gpxtpx:hr>
          </gpxtpx:TrackPointExtension>
        </extensions>
      </trkpt>
      <trkpt lat="28.22381696500852" lon="112.9166022556625">
        <ele>49.682898664847016</ele>
        <time>2026-09-18T23:02:00.800000Z</time>
        <extensions>
          <gpxtpx:TrackPointExtension>
            <gpxtpx:hr>174</gpxtpx:hr>
          </gpxtpx:TrackPointExtension>
        </extensions>
      </trkpt>
      <trkpt lat="28.223790331383" lon="112.91660840642122">
        <ele>49.83091849926859</ele>
        <time>2026-09-18T23:02:01.800000Z</time>
        <extensions>
          <gpxtpx:TrackPointExtension>
            <gpxtpx:hr>174</gpxtpx:hr>
          </gpxtpx:TrackPointExtension>
        </extensions>
      </trkpt>
      <trkpt lat="28.223763843198977" lon="112.9166143010515">
        <ele>49.974666303023696</ele>
        <time>2026-09-18T23:02:02.800000Z</time>
        <extensions>
          <gpxtpx:TrackPointExtension>
            <gpxtpx:hr>174</gpxtpx:hr>
          </gpxtpx:TrackPointExtension>
        </extensions>
      </trkpt>
      <trkpt lat="28.223737756534064" lon="112.91661987245563">
        <ele>50.11423252988607</ele>
        <time>2026-09-18T23:02:03.800000Z</time>
        <extensions>
          <gpxtpx:TrackPointExtension>
            <gpxtpx:hr>177</gpxtpx:hr>
          </gpxtpx:TrackPointExtension>
        </extensions>
      </trkpt>
      <trkpt lat="28.223712437145902" lon="112.91662499389116">
        <ele>50.25024254899472</ele>
        <time>2026-09-18T23:02:04.800000Z</time>
        <extensions>
          <gpxtpx:TrackPointExtension>
            <gpxtpx:hr>177</gpxtpx:hr>
          </gpxtpx:TrackPointExtension>
        </extensions>
      </trkpt>
      <trkpt lat="28.223688585755262" lon="112.91662962837394">
        <ele>50.38345497008413</ele>
        <time>2026-09-18T23:02:05.800000Z</time>
        <extensions>
          <gpxtpx:TrackPointExtension>
            <gpxtpx:hr>177</gpxtpx:hr>
          </gpxtpx:TrackPointExtension>
        </extensions>
      </trkpt>
      <trkpt lat="28.22366717035163" lon="112.91663377700853">
        <ele>50.51534900255501</ele>
        <time>2026-09-18T23:02:06.800000Z</time>
        <extensions>
          <gpxtpx:TrackPointExtension>
            <gpxtpx:hr>177</gpxtpx:hr>
          </gpxtpx:TrackPointExtension>
        </extensions>
      </trkpt>
      <trkpt lat="28.223648644800246" lon="112.9166376115684">
        <ele>50.64681038912386</ele>
        <time>2026-09-18T23:02:07.800000Z</time>
        <extensions>
          <gpxtpx:TrackPointExtension>
            <gpxtpx:hr>177</gpxtpx:hr>
          </gpxtpx:TrackPointExtension>
        </extensions>
      </trkpt>
      <trkpt lat="28.22363289513961" lon="112.91664161803166">
        <ele>50.77816193085164</ele>
        <time>2026-09-18T23:02:08.800000Z</time>
        <extensions>
          <gpxtpx:TrackPointExtension>
            <gpxtpx:hr>177</gpxtpx:hr>
          </gpxtpx:TrackPointExtension>
        </extensions>
      </trkpt>
      <trkpt lat="28.223619466620075" lon="112.91664605781669">
        <ele>50.90988270472735</ele>
        <time>2026-09-18T23:02:09.800000Z</time>
        <extensions>
          <gpxtpx:TrackPointExtension>
            <gpxtpx:hr>177</gpxtpx:hr>
          </gpxtpx:TrackPointExtension>
        </extensions>
      </trkpt>
      <trkpt lat="28.223607229277942" lon="112.91664996281213">
        <ele>51.04229707457125</ele>
        <time>2026-09-18T23:02:10.800000Z</time>
        <extensions>
          <gpxtpx:TrackPointExtension>
            <gpxtpx:hr>177</gpxtpx:hr>
          </gpxtpx:TrackPointExtension>
        </extensions>
      </trkpt>
      <trkpt lat="28.223595436541057" lon="112.91665111366608">
        <ele>51.17459261789918</ele>
        <time>2026-09-18T23:02:11.800000Z</time>
        <extensions>
          <gpxtpx:TrackPointExtension>
            <gpxtpx:hr>177</gpxtpx:hr>
          </gpxtpx:TrackPointExtension>
        </extensions>
      </trkpt>
      <trkpt lat="28.223584242041294" lon="112.91664948744707">
        <ele>51.306539305485785</ele>
        <time>2026-09-18T23:02:12.800000Z</time>
        <extensions>
          <gpxtpx:TrackPointExtension>
            <gpxtpx:hr>176</gpxtpx:hr>
          </gpxtpx:TrackPointExtension>
        </extensions>
      </trkpt>
      <trkpt lat="28.2235735468991" lon="112.916646549582">
        <ele>51.43931878451258</ele>
        <time>2026-09-18T23:02:13.800000Z</time>
        <extensions>
          <gpxtpx:TrackPointExtension>
            <gpxtpx:hr>176</gpxtpx:hr>
          </gpxtpx:TrackPointExtension>
        </extensions>
      </trkpt>
      <trkpt lat="28.22356292950573" lon="112.91664295536339">
        <ele>51.57150299847126</ele>
        <time>2026-09-18T23:02:14.800000Z</time>
        <extensions>
          <gpxtpx:TrackPointExtension>
            <gpxtpx:hr>176</gpxtpx:hr>
          </gpxtpx:TrackPointExtension>
        </extensions>
      </trkpt>
      <trkpt lat="28.22355208550422" lon="112.91663880897526">
        <ele>51.702135590836406</ele>
        <time>2026-09-18T23:02:15.800000Z</time>
        <extensions>
          <gpxtpx:TrackPointExtension>
            <gpxtpx:hr>176</gpxtpx:hr>
          </gpxtpx:TrackPointExtension>
        </extensions>
      </trkpt>
      <trkpt lat="28.223540634147188" lon="112.91663410697828">
        <ele>51.830425690859556</ele>
        <time>2026-09-18T23:02:16.800000Z</time>
        <extensions>
          <gpxtpx:TrackPointExtension>
            <gpxtpx:hr>176</gpxtpx:hr>
          </gpxtpx:TrackPointExtension>
        </extensions>
      </trkpt>
      <trkpt lat="28.22352804474673" lon="112.91662876762015">
        <ele>51.95583736337721</ele>
        <time>2026-09-18T23:02:17.800000Z</time>
        <extensions>
          <gpxtpx:TrackPointExtension>
            <gpxtpx:hr>175</gpxtpx:hr>
          </gpxtpx:TrackPointExtension>
        </extensions>
      </trkpt>
      <trkpt lat="28.22351406273598" lon="112.91662301615364">
        <ele>52.078142592683434</ele>
        <time>2026-09-18T23:02:18.800000Z</time>
        <extensions>
          <gpxtpx:TrackPointExtension>
            <gpxtpx:hr>175</gpxtpx:hr>
          </gpxtpx:TrackPointExtension>
        </extensions>
      </trkpt>
      <trkpt lat="28.223499323101095" lon="112.91661739641371">
        <ele>52.19725762680173</ele>
        <time>2026-09-18T23:02:19.700000Z</time>
        <extensions>
          <gpxtpx:TrackPointExtension>
            <gpxtpx:hr>175</gpxtpx:hr>
          </gpxtpx:TrackPointExtension>
        </extensions>
      </trkpt>
      <trkpt lat="28.223484839418774" lon="112.916612574465">
        <ele>52.313339159823954</ele>
        <time>2026-09-18T23:02:20.700000Z</time>
        <extensions>
          <gpxtpx:TrackPointExtension>
            <gpxtpx:hr>175</gpxtpx:hr>
          </gpxtpx:TrackPointExtension>
        </extensions>
      </trkpt>
      <trkpt lat="28.223471103406304" lon="112.91660876475589">
        <ele>52.42673750594258</ele>
        <time>2026-09-18T23:02:21.700000Z</time>
        <extensions>
          <gpxtpx:TrackPointExtension>
            <gpxtpx:hr>175</gpxtpx:hr>
          </gpxtpx:TrackPointExtension>
        </extensions>
      </trkpt>
      <trkpt lat="28.22345804217857" lon="112.91660571706788">
        <ele>52.53803469706327</ele>
        <time>2026-09-18T23:02:22.700000Z</time>
        <extensions>
          <gpxtpx:TrackPointExtension>
            <gpxtpx:hr>175</gpxtpx:hr>
          </gpxtpx:TrackPointExtension>
        </extensions>
      </trkpt>
      <trkpt lat="28.223445687247036" lon="112.91660321924253">
        <ele>52.64784466288984</ele>
        <time>2026-09-18T23:02:23.700000Z</time>
        <extensions>
          <gpxtpx:TrackPointExtension>
            <gpxtpx:hr>168</gpxtpx:hr>
          </gpxtpx:TrackPointExtension>
        </extensions>
      </trkpt>
      <trkpt lat="28.223434227177144" lon="112.91660078725172">
        <ele>52.756845659576356</ele>
        <time>2026-09-18T23:02:24.700000Z</time>
        <extensions>
          <gpxtpx:TrackPointExtension>
            <gpxtpx:hr>168</gpxtpx:hr>
          </gpxtpx:TrackPointExtension>
        </extensions>
      </trkpt>
      <trkpt lat="28.223423582336743" lon="112.91659812368826">
        <ele>52.86600147280842</ele>
        <time>2026-09-18T23:02:25.700000Z</time>
        <extensions>
          <gpxtpx:TrackPointExtension>
            <gpxtpx:hr>168</gpxtpx:hr>
          </gpxtpx:TrackPointExtension>
        </extensions>
      </trkpt>
      <trkpt lat="28.22341340183025" lon="112.91659558418692">
        <ele>52.97621464729309</ele>
        <time>2026-09-18T23:02:26.700000Z</time>
        <extensions>
          <gpxtpx:TrackPointExtension>
            <gpxtpx:hr>168</gpxtpx:hr>
          </gpxtpx:TrackPointExtension>
        </extensions>
      </trkpt>
      <trkpt lat="28.22340348284764" lon="112.91659369301243">
        <ele>53.088421675376594</ele>
        <time>2026-09-18T23:02:27.700000Z</time>
        <extensions>
          <gpxtpx:TrackPointExtension>
            <gpxtpx:hr>168</gpxtpx:hr>
          </gpxtpx:TrackPointExtension>
        </extensions>
      </trkpt>
      <trkpt lat="28.223393939059584" lon="112.91659305855592">
        <ele>53.203249593265355</ele>
        <time>2026-09-18T23:02:28.700000Z</time>
        <extensions>
          <gpxtpx:TrackPointExtension>
            <gpxtpx:hr>168</gpxtpx:hr>
          </gpxtpx:TrackPointExtension>
        </extensions>
      </trkpt>
      <trkpt lat="28.223385102706825" lon="112.91659428657293">
        <ele>53.32119865063578</ele>
        <time>2026-09-18T23:02:29.700000Z</time>
        <extensions>
          <gpxtpx:TrackPointExtension>
            <gpxtpx:hr>168</gpxtpx:hr>
          </gpxtpx:TrackPointExtension>
        </extensions>
      </trkpt>
      <trkpt lat="28.223377634161423" lon="112.91659840737103">
        <ele>53.44245960749686</ele>
        <time>2026-09-18T23:02:30.700000Z</time>
        <extensions>
          <gpxtpx:TrackPointExtension>
            <gpxtpx:hr>164</gpxtpx:hr>
          </gpxtpx:TrackPointExtension>
        </extensions>
      </trkpt>
      <trkpt lat="28.223371245683097" lon="112.91660479311791">
        <ele>53.566804157570004</ele>
        <time>2026-09-18T23:02:31.700000Z</time>
        <extensions>
          <gpxtpx:TrackPointExtension>
            <gpxtpx:hr>164</gpxtpx:hr>
          </gpxtpx:TrackPointExtension>
        </extensions>
      </trkpt>
      <trkpt lat="28.223363755973004" lon="112.91661053488085">
        <ele>53.69369639735669</ele>
        <time>2026-09-18T23:02:32.700000Z</time>
        <extensions>
          <gpxtpx:TrackPointExtension>
            <gpxtpx:hr>164</gpxtpx:hr>
          </gpxtpx:TrackPointExtension>
        </extensions>
      </trkpt>
      <trkpt lat="28.22335431951464" lon="112.9166145675554">
        <ele>53.82246957439929</ele>
        <time>2026-09-18T23:02:33.700000Z</time>
        <extensions>
          <gpxtpx:TrackPointExtension>
            <gpxtpx:hr>164</gpxtpx:hr>
          </gpxtpx:TrackPointExtension>
        </extensions>
      </trkpt>
      <trkpt lat="28.223343780013842" lon="112.91661768470021">
        <ele>53.95225175283849</ele>
        <time>2026-09-18T23:02:34.700000Z</time>
        <extensions>
          <gpxtpx:TrackPointExtension>
            <gpxtpx:hr>164</gpxtpx:hr>
          </gpxtpx:TrackPointExtension>
        </extensions>
      </trkpt>
      <trkpt lat="28.22333282667656" lon="112.91662062656235">
        <ele>54.08224172331393</ele>
        <time>2026-09-18T23:02:35.700000Z</time>
        <extensions>
          <gpxtpx:TrackPointExtension>
            <gpxtpx:hr>160</gpxtpx:hr>
          </gpxtpx:TrackPointExtension>
        </extensions>
      </trkpt>
      <trkpt lat="28.22332200173542" lon="112.91662367228064">
        <ele>54.211873535998166</ele>
        <time>2026-09-18T23:02:36.700000Z</time>
        <extensions>
          <gpxtpx:TrackPointExtension>
            <gpxtpx:hr>160</gpxtpx:hr>
          </gpxtpx:TrackPointExtension>
        </extensions>
      </trkpt>
      <trkpt lat="28.22331123254866" lon="112.91662622198736">
        <ele>54.34048998821527</ele>
        <time>2026-09-18T23:02:37.700000Z</time>
        <extensions>
          <gpxtpx:TrackPointExtension>
            <gpxtpx:hr>160</gpxtpx:hr>
          </gpxtpx:TrackPointExtension>
        </extensions>
      </trkpt>
      <trkpt lat="28.223300386382622" lon="112.91662784349148">
        <ele>54.46788042318076</ele>
        <time>2026-09-18T23:02:38.700000Z</time>
        <extensions>
          <gpxtpx:TrackPointExtension>
            <gpxtpx:hr>160</gpxtpx:hr>
          </gpxtpx:TrackPointExtension>
        </extensions>
      </trkpt>
      <trkpt lat="28.223289569711024" lon="112.91662886984201">
        <ele>54.59343330934644</ele>
        <time>2026-09-18T23:02:39.700000Z</time>
        <extensions>
          <gpxtpx:TrackPointExtension>
            <gpxtpx:hr>160</gpxtpx:hr>
          </gpxtpx:TrackPointExtension>
        </extensions>
      </trkpt>
      <trkpt lat="28.22327865139419" lon="112.91662998964907">
        <ele>54.71660425886512</ele>
        <time>2026-09-18T23:02:40.700000Z</time>
        <extensions>
          <gpxtpx:TrackPointExtension>
            <gpxtpx:hr>159</gpxtpx:hr>
          </gpxtpx:TrackPointExtension>
        </extensions>
      </trkpt>
      <trkpt lat="28.22326746618542" lon="112.91663124081454">
        <ele>54.836704118177295</ele>
        <time>2026-09-18T23:02:41.700000Z</time>
        <extensions>
          <gpxtpx:TrackPointExtension>
            <gpxtpx:hr>159</gpxtpx:hr>
          </gpxtpx:TrackPointExtension>
        </extensions>
      </trkpt>
      <trkpt lat="28.223256085178193" lon="112.91663206227716">
        <ele>54.95320762693882</ele>
        <time>2026-09-18T23:02:42.700000Z</time>
        <extensions>
          <gpxtpx:TrackPointExtension>
            <gpxtpx:hr>159</gpxtpx:hr>
          </gpxtpx:TrackPointExtension>
        </extensions>
      </trkpt>
      <trkpt lat="28.223244680593186" lon="112.91663212223195">
        <ele>55.06613457109779</ele>
        <time>2026-09-18T23:02:43.700000Z</time>
        <extensions>
          <gpxtpx:TrackPointExtension>
            <gpxtpx:hr>159</gpxtpx:hr>
          </gpxtpx:TrackPointExtension>
        </extensions>
      </trkpt>
      <trkpt lat="28.22323332218528" lon="112.91663137592019">
        <ele>55.175593671388924</ele>
        <time>2026-09-18T23:02:44.700000Z</time>
        <extensions>
          <gpxtpx:TrackPointExtension>
            <gpxtpx:hr>159</gpxtpx:hr>
          </gpxtpx:TrackPointExtension>
        </extensions>
      </trkpt>
      <trkpt lat="28.223221815140192" lon="112.91662979436374">
        <ele>55.28163244295865</ele>
        <time>2026-09-18T23:02:45.700000Z</time>
        <extensions>
          <gpxtpx:TrackPointExtension>
            <gpxtpx:hr>159</gpxtpx:hr>
          </gpxtpx:TrackPointExtension>
        </extensions>
      </trkpt>
      <trkpt lat="28.223210143227902" lon="112.91662735009187">
        <ele>55.38431996386498</ele>
        <time>2026-09-18T23:02:46.700000Z</time>
        <extensions>
          <gpxtpx:TrackPointExtension>
            <gpxtpx:hr>159</gpxtpx:hr>
          </gpxtpx:TrackPointExtension>
        </extensions>
      </trkpt>
      <trkpt lat="28.223198561783054" lon="112.91662439928527">
        <ele>55.48387957364321</ele>
        <time>2026-09-18T23:02:47.700000Z</time>
        <extensions>
          <gpxtpx:TrackPointExtension>
            <gpxtpx:hr>159</gpxtpx:hr>
          </gpxtpx:TrackPointExtension>
        </extensions>
      </trkpt>
      <trkpt lat="28.22318742963636" lon="112.91662147879994">
        <ele>55.58019817247987</ele>
        <time>2026-09-18T23:02:48.700000Z</time>
        <extensions>
          <gpxtpx:TrackPointExtension>
            <gpxtpx:hr>159</gpxtpx:hr>
          </gpxtpx:TrackPointExtension>
        </extensions>
      </trkpt>
      <trkpt lat="28.22317708563556" lon="112.91661897225086">
        <ele>55.67318253777921</ele>
        <time>2026-09-18T23:02:49.700000Z</time>
        <extensions>
          <gpxtpx:TrackPointExtension>
            <gpxtpx:hr>158</gpxtpx:hr>
          </gpxtpx:TrackPointExtension>
        </extensions>
      </trkpt>
      <trkpt lat="28.223167722607485" lon="112.91661720091193">
        <ele>55.76275801099837</ele>
        <time>2026-09-18T23:02:50.700000Z</time>
        <extensions>
          <gpxtpx:TrackPointExtension>
            <gpxtpx:hr>158</gpxtpx:hr>
          </gpxtpx:TrackPointExtension>
        </extensions>
      </trkpt>
      <trkpt lat="28.223159640018984" lon="112.9166168052039">
        <ele>55.84827756229788</ele>
        <time>2026-09-18T23:02:51.700000Z</time>
        <extensions>
          <gpxtpx:TrackPointExtension>
            <gpxtpx:hr>158</gpxtpx:hr>
          </gpxtpx:TrackPointExtension>
        </extensions>
      </trkpt>
      <trkpt lat="28.223153503502047" lon="112.91661913666805">
        <ele>55.92895105294883</ele>
        <time>2026-09-18T23:02:52.700000Z</time>
        <extensions>
          <gpxtpx:TrackPointExtension>
            <gpxtpx:hr>158</gpxtpx:hr>
          </gpxtpx:TrackPointExtension>
        </extensions>
      </trkpt>
      <trkpt lat="28.22314921733215" lon="112.916623888631">
        <ele>56.004148779436946</ele>
        <time>2026-09-18T23:02:53.700000Z</time>
        <extensions>
          <gpxtpx:TrackPointExtension>
            <gpxtpx:hr>158</gpxtpx:hr>
          </gpxtpx:TrackPointExtension>
        </extensions>
      </trkpt>
      <trkpt lat="28.223145589724894" lon="112.91662895460088">
        <ele>56.07310787960887</ele>
        <time>2026-09-18T23:02:54.700000Z</time>
        <extensions>
          <gpxtpx:TrackPointExtension>
            <gpxtpx:hr>158</gpxtpx:hr>
          </gpxtpx:TrackPointExtension>
        </extensions>
      </trkpt>
      <trkpt lat="28.223141406260858" lon="112.91663272427718">
        <ele>56.135830036364496</ele>
        <time>2026-09-18T23:02:55.700000Z</time>
        <extensions>
          <gpxtpx:TrackPointExtension>
            <gpxtpx:hr>156</gpxtpx:hr>
          </gpxtpx:TrackPointExtension>
        </extensions>
      </trkpt>
      <trkpt lat="28.223135291253023" lon="112.91663371539946">
        <ele>56.1927281068638</ele>
        <time>2026-09-18T23:02:56.700000Z</time>
        <extensions>
          <gpxtpx:TrackPointExtension>
            <gpxtpx:hr>156</gpxtpx:hr>
          </gpxtpx:TrackPointExtension>
        </extensions>
      </trkpt>
      <trkpt lat="28.22312691307292" lon="112.9166318849422">
        <ele>56.24403139948845</ele>
        <time>2026-09-18T23:02:57.700000Z</time>
        <extensions>
          <gpxtpx:TrackPointExtension>
            <gpxtpx:hr>156</gpxtpx:hr>
          </gpxtpx:TrackPointExtension>
        </extensions>
      </trkpt>
      <trkpt lat="28.223117184946307" lon="112.91662848793911">
        <ele>56.29054824076593</ele>
        <time>2026-09-18T23:02:58.700000Z</time>
        <extensions>
          <gpxtpx:TrackPointExtension>
            <gpxtpx:hr>156</gpxtpx:hr>
          </gpxtpx:TrackPointExtension>
        </extensions>
      </trkpt>
      <trkpt lat="28.223106909821105" lon="112.91662449147316">
        <ele>56.33310963399708</ele>
        <time>2026-09-18T23:02:59.700000Z</time>
        <extensions>
          <gpxtpx:TrackPointExtension>
            <gpxtpx:hr>156</gpxtpx:hr>
          </gpxtpx:TrackPointExtension>
        </extensions>
      </trkpt>
      <trkpt lat="28.223096557830416" lon="112.91662082932841">
        <ele>56.372902291826904</ele>
        <time>2026-09-18T23:03:00.700000Z</time>
        <extensions>
          <gpxtpx:TrackPointExtension>
            <gpxtpx:hr>155</gpxtpx:hr>
          </gpxtpx:TrackPointExtension>
        </extensions>
      </trkpt>
      <trkpt lat="28.223086271524974" lon="112.91661851135092">
        <ele>56.412025827914476</ele>
        <time>2026-09-18T23:03:01.700000Z</time>
        <extensions>
          <gpxtpx:TrackPointExtension>
            <gpxtpx:hr>155</gpxtpx:hr>
          </gpxtpx:TrackPointExtension>
        </extensions>
      </trkpt>
      <trkpt lat="28.223080765252835" lon="112.91661778909068">
        <ele>56.43348979204893</ele>
        <time>2026-09-18T23:03:02.200000Z</time>
        <extensions>
          <gpxtpx:TrackPointExtension>
            <gpxtpx:hr>155</gpxtpx:hr>
          </gpxtpx:TrackPointExtension>
        </extensions>
      </trkpt>
      <trkpt lat="28.223070533055573" lon="112.91661595910999">
        <ele>56.47669752128422</ele>
        <time>2026-09-18T23:03:03.200000Z</time>
        <extensions>
          <gpxtpx:TrackPointExtension>
            <gpxtpx:hr>155</gpxtpx:hr>
          </gpxtpx:TrackPointExtension>
        </extensions>
      </trkpt>
      <trkpt lat="28.22306062273195" lon="112.91661190146944">
        <ele>56.525982924737036</ele>
        <time>2026-09-18T23:03:04.200000Z</time>
        <extensions>
          <gpxtpx:TrackPointExtension>
            <gpxtpx:hr>155</gpxtpx:hr>
          </gpxtpx:TrackPointExtension>
        </extensions>
      </trkpt>
      <trkpt lat="28.223051251613285" lon="112.91660507599188">
        <ele>56.58181790728122</ele>
        <time>2026-09-18T23:03:05.200000Z</time>
        <extensions>
          <gpxtpx:TrackPointExtension>
            <gpxtpx:hr>155</gpxtpx:hr>
          </gpxtpx:TrackPointExtension>
        </extensions>
      </trkpt>
      <trkpt lat="28.223042484603567" lon="112.91659651397647">
        <ele>56.64406907558441</ele>
        <time>2026-09-18T23:03:06.200000Z</time>
        <extensions>
          <gpxtpx:TrackPointExtension>
            <gpxtpx:hr>156</gpxtpx:hr>
          </gpxtpx:TrackPointExtension>
        </extensions>
      </trkpt>
      <trkpt lat="28.223034519468495" lon="112.91658700380428">
        <ele>56.711900597438216</ele>
        <time>2026-09-18T23:03:07.200000Z</time>
        <extensions>
          <gpxtpx:TrackPointExtension>
            <gpxtpx:hr>156</gpxtpx:hr>
          </gpxtpx:TrackPointExtension>
        </extensions>
      </trkpt>
      <trkpt lat="28.22302489391032" lon="112.91657251353197">
        <ele>56.817284885793924</ele>
        <time>2026-09-18T23:03:08.700000Z</time>
        <extensions>
          <gpxtpx:TrackPointExtension>
            <gpxtpx:hr>156</gpxtpx:hr>
          </gpxtpx:TrackPointExtension>
        </extensions>
      </trkpt>
      <trkpt lat="28.223019366674794" lon="112.9165622398782">
        <ele>56.89200203306973</ele>
        <time>2026-09-18T23:03:09.700000Z</time>
        <extensions>
          <gpxtpx:TrackPointExtension>
            <gpxtpx:hr>156</gpxtpx:hr>
          </gpxtpx:TrackPointExtension>
        </extensions>
      </trkpt>
      <trkpt lat="28.223014612399677" lon="112.91655182764306">
        <ele>56.965550573542714</ele>
        <time>2026-09-18T23:03:10.700000Z</time>
        <extensions>
          <gpxtpx:TrackPointExtension>
            <gpxtpx:hr>154</gpxtpx:hr>
          </gpxtpx:TrackPointExtension>
        </extensions>
      </trkpt>
      <trkpt lat="28.22301022775645" lon="112.91654179722693">
        <ele>57.03824398294091</ele>
        <time>2026-09-18T23:03:11.600000Z</time>
        <extensions>
          <gpxtpx:TrackPointExtension>
            <gpxtpx:hr>154</gpxtpx:hr>
          </gpxtpx:TrackPointExtension>
        </extensions>
      </trkpt>
      <trkpt lat="28.223005443022505" lon="112.91653266067814">
        <ele>57.11011528596282</ele>
        <time>2026-09-18T23:03:12.600000Z</time>
        <extensions>
          <gpxtpx:TrackPointExtension>
            <gpxtpx:hr>154</gpxtpx:hr>
          </gpxtpx:TrackPointExtension>
        </extensions>
      </trkpt>
      <trkpt lat="28.223000006737994" lon="112.91652426320279">
        <ele>57.18133150972426</ele>
        <time>2026-09-18T23:03:13.600000Z</time>
        <extensions>
          <gpxtpx:TrackPointExtension>
            <gpxtpx:hr>154</gpxtpx:hr>
          </gpxtpx:TrackPointExtension>
        </extensions>
      </trkpt>
      <trkpt lat="28.22299360716659" lon="112.91651625082123">
        <ele>57.251984955742955</ele>
        <time>2026-09-18T23:03:14.600000Z</time>
        <extensions>
          <gpxtpx:TrackPointExtension>
            <gpxtpx:hr>154</gpxtpx:hr>
          </gpxtpx:TrackPointExtension>
        </extensions>
      </trkpt>
      <trkpt lat="28.222986562787504" lon="112.91650835095665">
        <ele>57.32254619989544</ele>
        <time>2026-09-18T23:03:15.600000Z</time>
        <extensions>
          <gpxtpx:TrackPointExtension>
            <gpxtpx:hr>154</gpxtpx:hr>
          </gpxtpx:TrackPointExtension>
        </extensions>
      </trkpt>
      <trkpt lat="28.22297946016866" lon="112.91650053026338">
        <ele>57.39299683365971</ele>
        <time>2026-09-18T23:03:16.600000Z</time>
        <extensions>
          <gpxtpx:TrackPointExtension>
            <gpxtpx:hr>154</gpxtpx:hr>
          </gpxtpx:TrackPointExtension>
        </extensions>
      </trkpt>
      <trkpt lat="28.222972342383628" lon="112.91649301723294">
        <ele>57.46372974663973</ele>
        <time>2026-09-18T23:03:17.600000Z</time>
        <extensions>
          <gpxtpx:TrackPointExtension>
            <gpxtpx:hr>151</gpxtpx:hr>
          </gpxtpx:TrackPointExtension>
        </extensions>
      </trkpt>
      <trkpt lat="28.222965187613912" lon="112.91648607729842">
        <ele>57.534906167536974</ele>
        <time>2026-09-18T23:03:18.600000Z</time>
        <extensions>
          <gpxtpx:TrackPointExtension>
            <gpxtpx:hr>151</gpxtpx:hr>
          </gpxtpx:TrackPointExtension>
        </extensions>
      </trkpt>
      <trkpt lat="28.2229587647157" lon="112.91647884301202">
        <ele>57.60560548491776</ele>
        <time>2026-09-18T23:03:19.600000Z</time>
        <extensions>
          <gpxtpx:TrackPointExtension>
            <gpxtpx:hr>151</gpxtpx:hr>
          </gpxtpx:TrackPointExtension>
        </extensions>
      </trkpt>
      <trkpt lat="28.222954369673143" lon="112.91647031816798">
        <ele>57.67599525488913</ele>
        <time>2026-09-18T23:03:20.600000Z</time>
        <extensions>
          <gpxtpx:TrackPointExtension>
            <gpxtpx:hr>151</gpxtpx:hr>
          </gpxtpx:TrackPointExtension>
        </extensions>
      </trkpt>
      <trkpt lat="28.22295148009002" lon="112.9164607335895">
        <ele>57.74570393003523</ele>
        <time>2026-09-18T23:03:21.600000Z</time>
        <extensions>
          <gpxtpx:TrackPointExtension>
            <gpxtpx:hr>151</gpxtpx:hr>
          </gpxtpx:TrackPointExtension>
        </extensions>
      </trkpt>
      <trkpt lat="28.22294893468607" lon="112.91645073758131">
        <ele>57.814210660755634</ele>
        <time>2026-09-18T23:03:22.600000Z</time>
        <extensions>
          <gpxtpx:TrackPointExtension>
            <gpxtpx:hr>150</gpxtpx:hr>
          </gpxtpx:TrackPointExtension>
        </extensions>
      </trkpt>
      <trkpt lat="28.222946621043842" lon="112.9164406421507">
        <ele>57.88044212106615</ele>
        <time>2026-09-18T23:03:23.600000Z</time>
        <extensions>
          <gpxtpx:TrackPointExtension>
            <gpxtpx:hr>150</gpxtpx:hr>
          </gpxtpx:TrackPointExtension>
        </extensions>
      </trkpt>
      <trkpt lat="28.2229443901605" lon="112.91643016278965">
        <ele>57.94340188242495</ele>
        <time>2026-09-18T23:03:24.600000Z</time>
        <extensions>
          <gpxtpx:TrackPointExtension>
            <gpxtpx:hr>150</gpxtpx:hr>
          </gpxtpx:TrackPointExtension>
        </extensions>
      </trkpt>
      <trkpt lat="28.222942167809027" lon="112.91641916911414">
        <ele>58.00176380388439</ele>
        <time>2026-09-18T23:03:25.600000Z</time>
        <extensions>
          <gpxtpx:TrackPointExtension>
            <gpxtpx:hr>150</gpxtpx:hr>
          </gpxtpx:TrackPointExtension>
        </extensions>
      </trkpt>
      <trkpt lat="28.222939941907836" lon="112.91640766963185">
        <ele>58.054426699876785</ele>
        <time>2026-09-18T23:03:26.600000Z</time>
        <extensions>
          <gpxtpx:TrackPointExtension>
            <gpxtpx:hr>148</gpxtpx:hr>
          </gpxtpx:TrackPointExtension>
        </extensions>
      </trkpt>
      <trkpt lat="28.222937748214452" lon="112.91639575831529">
        <ele>58.10013118106872</ele>
        <time>2026-09-18T23:03:27.600000Z</time>
        <extensions>
          <gpxtpx:TrackPointExtension>
            <gpxtpx:hr>148</gpxtpx:hr>
          </gpxtpx:TrackPointExtension>
        </extensions>
      </trkpt>
      <trkpt lat="28.22293567419798" lon="112.91638360963236">
        <ele>58.13878402579576</ele>
        <time>2026-09-18T23:03:28.600000Z</time>
        <extensions>
          <gpxtpx:TrackPointExtension>
            <gpxtpx:hr>148</gpxtpx:hr>
          </gpxtpx:TrackPointExtension>
        </extensions>
      </trkpt>
      <trkpt lat="28.22293378288354" lon="112.9163710124988">
        <ele>58.17005198728293</ele>
        <time>2026-09-18T23:03:29.600000Z</time>
        <extensions>
          <gpxtpx:TrackPointExtension>
            <gpxtpx:hr>148</gpxtpx:hr>
          </gpxtpx:TrackPointExtension>
        </extensions>
      </trkpt>
      <trkpt lat="28.22293225055353" lon="112.91635795404432">
        <ele>58.19410088658333</ele>
        <time>2026-09-18T23:03:30.600000Z</time>
        <extensions>
          <gpxtpx:TrackPointExtension>
            <gpxtpx:hr>148</gpxtpx:hr>
          </gpxtpx:TrackPointExtension>
        </extensions>
      </trkpt>
      <trkpt lat="28.22293118761774" lon="112.91634443483203">
        <ele>58.21184987202287</ele>
        <time>2026-09-18T23:03:31.600000Z</time>
        <extensions>
          <gpxtpx:TrackPointExtension>
            <gpxtpx:hr>148</gpxtpx:hr>
          </gpxtpx:TrackPointExtension>
        </extensions>
      </trkpt>
      <trkpt lat="28.22293043082718" lon="112.9163302591908">
        <ele>58.223033784888685</ele>
        <time>2026-09-18T23:03:32.600000Z</time>
        <extensions>
          <gpxtpx:TrackPointExtension>
            <gpxtpx:hr>148</gpxtpx:hr>
          </gpxtpx:TrackPointExtension>
        </extensions>
      </trkpt>
      <trkpt lat="28.222929740939477" lon="112.91631584919725">
        <ele>58.22776858136058</ele>
        <time>2026-09-18T23:03:33.600000Z</time>
        <extensions>
          <gpxtpx:TrackPointExtension>
            <gpxtpx:hr>142</gpxtpx:hr>
          </gpxtpx:TrackPointExtension>
        </extensions>
      </trkpt>
      <trkpt lat="28.22292891129469" lon="112.91630154517406">
        <ele>58.22676564846188</ele>
        <time>2026-09-18T23:03:34.600000Z</time>
        <extensions>
          <gpxtpx:TrackPointExtension>
            <gpxtpx:hr>142</gpxtpx:hr>
          </gpxtpx:TrackPointExtension>
        </extensions>
      </trkpt>
      <trkpt lat="28.222927487321517" lon="112.91628661288092">
        <ele>58.22006086539477</ele>
        <time>2026-09-18T23:03:35.600000Z</time>
        <extensions>
          <gpxtpx:TrackPointExtension>
            <gpxtpx:hr>142</gpxtpx:hr>
          </gpxtpx:TrackPointExtension>
        </extensions>
      </trkpt>
      <trkpt lat="28.222925093939857" lon="112.91627042566662">
        <ele>58.208173039369285</ele>
        <time>2026-09-18T23:03:36.600000Z</time>
        <extensions>
          <gpxtpx:TrackPointExtension>
            <gpxtpx:hr>142</gpxtpx:hr>
          </gpxtpx:TrackPointExtension>
        </extensions>
      </trkpt>
      <trkpt lat="28.22292183788712" lon="112.91625320127739">
        <ele>58.1911969576031</ele>
        <time>2026-09-18T23:03:37.600000Z</time>
        <extensions>
          <gpxtpx:TrackPointExtension>
            <gpxtpx:hr>142</gpxtpx:hr>
          </gpxtpx:TrackPointExtension>
        </extensions>
      </trkpt>
      <trkpt lat="28.22291777477216" lon="112.91623474432899">
        <ele>58.169490018859506</ele>
        <time>2026-09-18T23:03:38.600000Z</time>
        <extensions>
          <gpxtpx:TrackPointExtension>
            <gpxtpx:hr>143</gpxtpx:hr>
          </gpxtpx:TrackPointExtension>
        </extensions>
      </trkpt>
      <trkpt lat="28.22291289670155" lon="112.91621474033354">
        <ele>58.14323071669787</ele>
        <time>2026-09-18T23:03:39.600000Z</time>
        <extensions>
          <gpxtpx:TrackPointExtension>
            <gpxtpx:hr>143</gpxtpx:hr>
          </gpxtpx:TrackPointExtension>
        </extensions>
      </trkpt>
      <trkpt lat="28.222907432992983" lon="112.9161934321843">
        <ele>58.11242534406483</ele>
        <time>2026-09-18T23:03:40.600000Z</time>
        <extensions>
          <gpxtpx:TrackPointExtension>
            <gpxtpx:hr>143</gpxtpx:hr>
          </gpxtpx:TrackPointExtension>
        </extensions>
      </trkpt>
      <trkpt lat="28.222901755862466" lon="112.9161718074264">
        <ele>58.077548921108246</ele>
        <time>2026-09-18T23:03:41.600000Z</time>
        <extensions>
          <gpxtpx:TrackPointExtension>
            <gpxtpx:hr>143</gpxtpx:hr>
          </gpxtpx:TrackPointExtension>
        </extensions>
      </trkpt>
      <trkpt lat="28.222896098796003" lon="112.91615022962391">
        <ele>58.03891917876899</ele>
        <time>2026-09-18T23:03:42.600000Z</time>
        <extensions>
          <gpxtpx:TrackPointExtension>
            <gpxtpx:hr>141</gpxtpx:hr>
          </gpxtpx:TrackPointExtension>
        </extensions>
      </trkpt>
      <trkpt lat="28.222890502233266" lon="112.91612811101959">
        <ele>57.997157516889274</ele>
        <time>2026-09-18T23:03:43.600000Z</time>
        <extensions>
          <gpxtpx:TrackPointExtension>
            <gpxtpx:hr>141</gpxtpx:hr>
          </gpxtpx:TrackPointExtension>
        </extensions>
      </trkpt>
      <trkpt lat="28.222884919081423" lon="112.91610530979045">
        <ele>57.953110037371516</ele>
        <time>2026-09-18T23:03:44.600000Z</time>
        <extensions>
          <gpxtpx:TrackPointExtension>
            <gpxtpx:hr>141</gpxtpx:hr>
          </gpxtpx:TrackPointExtension>
        </extensions>
      </trkpt>
      <trkpt lat="28.222879138081396" lon="112.91608100320765">
        <ele>57.907210098579526</ele>
        <time>2026-09-18T23:03:45.600000Z</time>
        <extensions>
          <gpxtpx:TrackPointExtension>
            <gpxtpx:hr>141</gpxtpx:hr>
          </gpxtpx:TrackPointExtension>
        </extensions>
      </trkpt>
      <trkpt lat="28.222873272770762" lon="112.91605499573834">
        <ele>57.86037790775299</ele>
        <time>2026-09-18T23:03:46.600000Z</time>
        <extensions>
          <gpxtpx:TrackPointExtension>
            <gpxtpx:hr>141</gpxtpx:hr>
          </gpxtpx:TrackPointExtension>
        </extensions>
      </trkpt>
      <trkpt lat="28.222867516486033" lon="112.91602743361243">
        <ele>57.813563889823854</ele>
        <time>2026-09-18T23:03:47.600000Z</time>
        <extensions>
          <gpxtpx:TrackPointExtension>
            <gpxtpx:hr>142</gpxtpx:hr>
          </gpxtpx:TrackPointExtension>
        </extensions>
      </trkpt>
      <trkpt lat="28.22286190136176" lon="112.91599792606429">
        <ele>57.76743450667709</ele>
        <time>2026-09-18T23:03:48.600000Z</time>
        <extensions>
          <gpxtpx:TrackPointExtension>
            <gpxtpx:hr>142</gpxtpx:hr>
          </gpxtpx:TrackPointExtension>
        </extensions>
      </trkpt>
      <trkpt lat="28.222856524511702" lon="112.91596688180181">
        <ele>57.72310851980001</ele>
        <time>2026-09-18T23:03:49.600000Z</time>
        <extensions>
          <gpxtpx:TrackPointExtension>
            <gpxtpx:hr>142</gpxtpx:hr>
          </gpxtpx:TrackPointExtension>
        </extensions>
      </trkpt>
      <trkpt lat="28.222851744107263" lon="112.91593500591843">
        <ele>57.68077508918941</ele>
        <time>2026-09-18T23:03:50.600000Z</time>
        <extensions>
          <gpxtpx:TrackPointExtension>
            <gpxtpx:hr>142</gpxtpx:hr>
          </gpxtpx:TrackPointExtension>
        </extensions>
      </trkpt>
      <trkpt lat="28.222848208133957" lon="112.91590317403573">
        <ele>57.64025452546775</ele>
        <time>2026-09-18T23:03:51.600000Z</time>
        <extensions>
          <gpxtpx:TrackPointExtension>
            <gpxtpx:hr>142</gpxtpx:hr>
          </gpxtpx:TrackPointExtension>
        </extensions>
      </trkpt>
      <trkpt lat="28.222846482605814" lon="112.91587214409755">
        <ele>57.60202359221876</ele>
        <time>2026-09-18T23:03:52.600000Z</time>
        <extensions>
          <gpxtpx:TrackPointExtension>
            <gpxtpx:hr>142</gpxtpx:hr>
          </gpxtpx:TrackPointExtension>
        </extensions>
      </trkpt>
      <trkpt lat="28.22284711553129" lon="112.91584257055038">
        <ele>57.56656780745834</ele>
        <time>2026-09-18T23:03:53.600000Z</time>
        <extensions>
          <gpxtpx:TrackPointExtension>
            <gpxtpx:hr>148</gpxtpx:hr>
          </gpxtpx:TrackPointExtension>
        </extensions>
      </trkpt>
      <trkpt lat="28.22285085075412" lon="112.91581507246374">
        <ele>57.533621170558035</ele>
        <time>2026-09-18T23:03:54.600000Z</time>
        <extensions>
          <gpxtpx:TrackPointExtension>
            <gpxtpx:hr>148</gpxtpx:hr>
          </gpxtpx:TrackPointExtension>
        </extensions>
      </trkpt>
      <trkpt lat="28.222858337027656" lon="112.91578986737576">
        <ele>57.50328936520964</ele>
        <time>2026-09-18T23:03:55.600000Z</time>
        <extensions>
          <gpxtpx:TrackPointExtension>
            <gpxtpx:hr>148</gpxtpx:hr>
          </gpxtpx:TrackPointExtension>
        </extensions>
      </trkpt>
      <trkpt lat="28.222868708823533" lon="112.91576622851004">
        <ele>57.474714265204966</ele>
        <time>2026-09-18T23:03:56.600000Z</time>
        <extensions>
          <gpxtpx:TrackPointExtension>
            <gpxtpx:hr>148</gpxtpx:hr>
          </gpxtpx:TrackPointExtension>
        </extensions>
      </trkpt>
      <trkpt lat="28.222879177622623" lon="112.91574215629353">
        <ele>57.44679918978363</ele>
        <time>2026-09-18T23:03:57.600000Z</time>
        <extensions>
          <gpxtpx:TrackPointExtension>
            <gpxtpx:hr>148</gpxtpx:hr>
          </gpxtpx:TrackPointExtension>
        </extensions>
      </trkpt>
      <trkpt lat="28.222886919149726" lon="112.91571595822957">
        <ele>57.4192988332361</ele>
        <time>2026-09-18T23:03:58.600000Z</time>
        <extensions>
          <gpxtpx:TrackPointExtension>
            <gpxtpx:hr>148</gpxtpx:hr>
          </gpxtpx:TrackPointExtension>
        </extensions>
      </trkpt>
      <trkpt lat="28.22289171104979" lon="112.91568777886567">
        <ele>57.39140250347555</ele>
        <time>2026-09-18T23:03:59.600000Z</time>
        <extensions>
          <gpxtpx:TrackPointExtension>
            <gpxtpx:hr>148</gpxtpx:hr>
          </gpxtpx:TrackPointExtension>
        </extensions>
      </trkpt>
      <trkpt lat="28.222894648673265" lon="112.91565843821665">
        <ele>57.36272597126663</ele>
        <time>2026-09-18T23:04:00.600000Z</time>
        <extensions>
          <gpxtpx:TrackPointExtension>
            <gpxtpx:hr>148</gpxtpx:hr>
          </gpxtpx:TrackPointExtension>
        </extensions>
      </trkpt>
      <trkpt lat="28.222896063200242" lon="112.91562827664444">
        <ele>57.332707395777106</ele>
        <time>2026-09-18T23:04:01.600000Z</time>
        <extensions>
          <gpxtpx:TrackPointExtension>
            <gpxtpx:hr>150</gpxtpx:hr>
          </gpxtpx:TrackPointExtension>
        </extensions>
      </trkpt>
      <trkpt lat="28.22289618521042" lon="112.91559755127258">
        <ele>57.30069511476904</ele>
        <time>2026-09-18T23:04:02.500000Z</time>
        <extensions>
          <gpxtpx:TrackPointExtension>
            <gpxtpx:hr>150</gpxtpx:hr>
          </gpxtpx:TrackPointExtension>
        </extensions>
      </trkpt>
      <trkpt lat="28.22289511771353" lon="112.91556656983025">
        <ele>57.26610310841352</ele>
        <time>2026-09-18T23:04:03.500000Z</time>
        <extensions>
          <gpxtpx:TrackPointExtension>
            <gpxtpx:hr>150</gpxtpx:hr>
          </gpxtpx:TrackPointExtension>
        </extensions>
      </trkpt>
      <trkpt lat="28.222892932927074" lon="112.9155354148823">
        <ele>57.227874202653766</ele>
        <time>2026-09-18T23:04:04.500000Z</time>
        <extensions>
          <gpxtpx:TrackPointExtension>
            <gpxtpx:hr>150</gpxtpx:hr>
          </gpxtpx:TrackPointExtension>
        </extensions>
      </trkpt>
      <trkpt lat="28.222889673564843" lon="112.91550400963412">
        <ele>57.18523614201695</ele>
        <time>2026-09-18T23:04:05.500000Z</time>
        <extensions>
          <gpxtpx:TrackPointExtension>
            <gpxtpx:hr>150</gpxtpx:hr>
          </gpxtpx:TrackPointExtension>
        </extensions>
      </trkpt>
      <trkpt lat="28.222885412537572" lon="112.91547233730414">
        <ele>57.13734289165586</ele>
        <time>2026-09-18T23:04:06.500000Z</time>
        <extensions>
          <gpxtpx:TrackPointExtension>
            <gpxtpx:hr>150</gpxtpx:hr>
          </gpxtpx:TrackPointExtension>
        </extensions>
      </trkpt>
      <trkpt lat="28.222880145275486" lon="112.91544081896193">
        <ele>57.083364583551884</ele>
        <time>2026-09-18T23:04:07.500000Z</time>
        <extensions>
          <gpxtpx:TrackPointExtension>
            <gpxtpx:hr>153</gpxtpx:hr>
          </gpxtpx:TrackPointExtension>
        </extensions>
      </trkpt>
      <trkpt lat="28.222874914132948" lon="112.9154095548361">
        <ele>57.02276238426566</ele>
        <time>2026-09-18T23:04:08.500000Z</time>
        <extensions>
          <gpxtpx:TrackPointExtension>
            <gpxtpx:hr>153</gpxtpx:hr>
          </gpxtpx:TrackPointExtension>
        </extensions>
      </trkpt>
      <trkpt lat="28.222870480211608" lon="112.91537828501566">
        <ele>56.95522386021912</ele>
        <time>2026-09-18T23:04:09.500000Z</time>
        <extensions>
          <gpxtpx:TrackPointExtension>
            <gpxtpx:hr>153</gpxtpx:hr>
          </gpxtpx:TrackPointExtension>
        </extensions>
      </trkpt>
      <trkpt lat="28.222866276168137" lon="112.91534708915276">
        <ele>56.88105052057654</ele>
        <time>2026-09-18T23:04:10.500000Z</time>
        <extensions>
          <gpxtpx:TrackPointExtension>
            <gpxtpx:hr>153</gpxtpx:hr>
          </gpxtpx:TrackPointExtension>
        </extensions>
      </trkpt>
      <trkpt lat="28.22286234213496" lon="112.91531593608796">
        <ele>56.8009131308645</ele>
        <time>2026-09-18T23:04:11.500000Z</time>
        <extensions>
          <gpxtpx:TrackPointExtension>
            <gpxtpx:hr>153</gpxtpx:hr>
          </gpxtpx:TrackPointExtension>
        </extensions>
      </trkpt>
      <trkpt lat="28.222858693396393" lon="112.91528478448542">
        <ele>56.71541878953576</ele>
        <time>2026-09-18T23:04:12.500000Z</time>
        <extensions>
          <gpxtpx:TrackPointExtension>
            <gpxtpx:hr>153</gpxtpx:hr>
          </gpxtpx:TrackPointExtension>
        </extensions>
      </trkpt>
      <trkpt lat="28.222855131450807" lon="112.91525344222354">
        <ele>56.625290712341666</ele>
        <time>2026-09-18T23:04:13.500000Z</time>
        <extensions>
          <gpxtpx:TrackPointExtension>
            <gpxtpx:hr>157</gpxtpx:hr>
          </gpxtpx:TrackPointExtension>
        </extensions>
      </trkpt>
      <trkpt lat="28.222851657178314" lon="112.91522171649393">
        <ele>56.53118533920497</ele>
        <time>2026-09-18T23:04:14.500000Z</time>
        <extensions>
          <gpxtpx:TrackPointExtension>
            <gpxtpx:hr>157</gpxtpx:hr>
          </gpxtpx:TrackPointExtension>
        </extensions>
      </trkpt>
      <trkpt lat="28.222848367605305" lon="112.91518975212762">
        <ele>56.43379533197731</ele>
        <time>2026-09-18T23:04:15.500000Z</time>
        <extensions>
          <gpxtpx:TrackPointExtension>
            <gpxtpx:hr>157</gpxtpx:hr>
          </gpxtpx:TrackPointExtension>
        </extensions>
      </trkpt>
      <trkpt lat="28.222845243162" lon="112.9151580559526">
        <ele>56.334208350628614</ele>
        <time>2026-09-18T23:04:16.500000Z</time>
        <extensions>
          <gpxtpx:TrackPointExtension>
            <gpxtpx:hr>157</gpxtpx:hr>
          </gpxtpx:TrackPointExtension>
        </extensions>
      </trkpt>
      <trkpt lat="28.222841982904786" lon="112.91512709118508">
        <ele>56.233731305226684</ele>
        <time>2026-09-18T23:04:17.500000Z</time>
        <extensions>
          <gpxtpx:TrackPointExtension>
            <gpxtpx:hr>157</gpxtpx:hr>
          </gpxtpx:TrackPointExtension>
        </extensions>
      </trkpt>
      <trkpt lat="28.222838304297454" lon="112.91509664006317">
        <ele>56.133370108902454</ele>
        <time>2026-09-18T23:04:18.500000Z</time>
        <extensions>
          <gpxtpx:TrackPointExtension>
            <gpxtpx:hr>157</gpxtpx:hr>
          </gpxtpx:TrackPointExtension>
        </extensions>
      </trkpt>
      <trkpt lat="28.22283439003739" lon="112.91506617040487">
        <ele>56.03405509330332</ele>
        <time>2026-09-18T23:04:19.500000Z</time>
        <extensions>
          <gpxtpx:TrackPointExtension>
            <gpxtpx:hr>157</gpxtpx:hr>
          </gpxtpx:TrackPointExtension>
        </extensions>
      </trkpt>
      <trkpt lat="28.222830831279136" lon="112.91503538270499">
        <ele>55.93633617274463</ele>
        <time>2026-09-18T23:04:20.500000Z</time>
        <extensions>
          <gpxtpx:TrackPointExtension>
            <gpxtpx:hr>160</gpxtpx:hr>
          </gpxtpx:TrackPointExtension>
        </extensions>
      </trkpt>
      <trkpt lat="28.222828807408234" lon="112.91500432317854">
        <ele>55.840334554202855</ele>
        <time>2026-09-18T23:04:21.500000Z</time>
        <extensions>
          <gpxtpx:TrackPointExtension>
            <gpxtpx:hr>160</gpxtpx:hr>
          </gpxtpx:TrackPointExtension>
        </extensions>
      </trkpt>
      <trkpt lat="28.22282686191428" lon="112.91497287533876">
        <ele>55.74601662252098</ele>
        <time>2026-09-18T23:04:22.500000Z</time>
        <extensions>
          <gpxtpx:TrackPointExtension>
            <gpxtpx:hr>160</gpxtpx:hr>
          </gpxtpx:TrackPointExtension>
        </extensions>
      </trkpt>
      <trkpt lat="28.22282354893882" lon="112.914941021668">
        <ele>55.65338189713657</ele>
        <time>2026-09-18T23:04:23.500000Z</time>
        <extensions>
          <gpxtpx:TrackPointExtension>
            <gpxtpx:hr>160</gpxtpx:hr>
          </gpxtpx:TrackPointExtension>
        </extensions>
      </trkpt>
      <trkpt lat="28.222820050251784" lon="112.91490890647468">
        <ele>55.56249248608947</ele>
        <time>2026-09-18T23:04:24.500000Z</time>
        <extensions>
          <gpxtpx:TrackPointExtension>
            <gpxtpx:hr>160</gpxtpx:hr>
          </gpxtpx:TrackPointExtension>
        </extensions>
      </trkpt>
      <trkpt lat="28.222816580410885" lon="112.91487657072611">
        <ele>55.47337390482426</ele>
        <time>2026-09-18T23:04:25.500000Z</time>
        <extensions>
          <gpxtpx:TrackPointExtension>
            <gpxtpx:hr>161</gpxtpx:hr>
          </gpxtpx:TrackPointExtension>
        </extensions>
      </trkpt>
      <trkpt lat="28.22281287814358" lon="112.9148442516683">
        <ele>55.38589271530509</ele>
        <time>2026-09-18T23:04:26.500000Z</time>
        <extensions>
          <gpxtpx:TrackPointExtension>
            <gpxtpx:hr>161</gpxtpx:hr>
          </gpxtpx:TrackPointExtension>
        </extensions>
      </trkpt>
      <trkpt lat="28.222808704548047" lon="112.91481226858556">
        <ele>55.300228448584676</ele>
        <time>2026-09-18T23:04:27.500000Z</time>
        <extensions>
          <gpxtpx:TrackPointExtension>
            <gpxtpx:hr>161</gpxtpx:hr>
          </gpxtpx:TrackPointExtension>
        </extensions>
      </trkpt>
      <trkpt lat="28.222803811399725" lon="112.91478079885022">
        <ele>55.216493549756706</ele>
        <time>2026-09-18T23:04:28.500000Z</time>
        <extensions>
          <gpxtpx:TrackPointExtension>
            <gpxtpx:hr>161</gpxtpx:hr>
          </gpxtpx:TrackPointExtension>
        </extensions>
      </trkpt>
      <trkpt lat="28.222798094759433" lon="112.91474958543431">
        <ele>55.134797357954085</ele>
        <time>2026-09-18T23:04:29.500000Z</time>
        <extensions>
          <gpxtpx:TrackPointExtension>
            <gpxtpx:hr>161</gpxtpx:hr>
          </gpxtpx:TrackPointExtension>
        </extensions>
      </trkpt>
      <trkpt lat="28.222791787831902" lon="112.91471838148969">
        <ele>55.055278048850596</ele>
        <time>2026-09-18T23:04:30.500000Z</time>
        <extensions>
          <gpxtpx:TrackPointExtension>
            <gpxtpx:hr>161</gpxtpx:hr>
          </gpxtpx:TrackPointExtension>
        </extensions>
      </trkpt>
      <trkpt lat="28.22278566899016" lon="112.914687018597">
        <ele>54.97832314297557</ele>
        <time>2026-09-18T23:04:31.500000Z</time>
        <extensions>
          <gpxtpx:TrackPointExtension>
            <gpxtpx:hr>161</gpxtpx:hr>
          </gpxtpx:TrackPointExtension>
        </extensions>
      </trkpt>
      <trkpt lat="28.222780259890413" lon="112.91465550935695">
        <ele>54.90422594267875</ele>
        <time>2026-09-18T23:04:32.500000Z</time>
        <extensions>
          <gpxtpx:TrackPointExtension>
            <gpxtpx:hr>163</gpxtpx:hr>
          </gpxtpx:TrackPointExtension>
        </extensions>
      </trkpt>
      <trkpt lat="28.22277572595785" lon="112.91462386118343">
        <ele>54.83327642362565</ele>
        <time>2026-09-18T23:04:33.500000Z</time>
        <extensions>
          <gpxtpx:TrackPointExtension>
            <gpxtpx:hr>163</gpxtpx:hr>
          </gpxtpx:TrackPointExtension>
        </extensions>
      </trkpt>
      <trkpt lat="28.222772234621203" lon="112.91459228070303">
        <ele>54.76554629672319</ele>
        <time>2026-09-18T23:04:34.500000Z</time>
        <extensions>
          <gpxtpx:TrackPointExtension>
            <gpxtpx:hr>163</gpxtpx:hr>
          </gpxtpx:TrackPointExtension>
        </extensions>
      </trkpt>
      <trkpt lat="28.22276994254381" lon="112.91456140143917">
        <ele>54.70076222345233</ele>
        <time>2026-09-18T23:04:35.500000Z</time>
        <extensions>
          <gpxtpx:TrackPointExtension>
            <gpxtpx:hr>163</gpxtpx:hr>
          </gpxtpx:TrackPointExtension>
        </extensions>
      </trkpt>
      <trkpt lat="28.22276926476187" lon="112.91453170588517">
        <ele>54.63713698554784</ele>
        <time>2026-09-18T23:04:36.500000Z</time>
        <extensions>
          <gpxtpx:TrackPointExtension>
            <gpxtpx:hr>163</gpxtpx:hr>
          </gpxtpx:TrackPointExtension>
        </extensions>
      </trkpt>
      <trkpt lat="28.222770714485716" lon="112.91450358505419">
        <ele>54.57637363113463</ele>
        <time>2026-09-18T23:04:37.500000Z</time>
        <extensions>
          <gpxtpx:TrackPointExtension>
            <gpxtpx:hr>163</gpxtpx:hr>
          </gpxtpx:TrackPointExtension>
        </extensions>
      </trkpt>
      <trkpt lat="28.222775067498713" lon="112.91447736717112">
        <ele>54.51711900625378</ele>
        <time>2026-09-18T23:04:38.500000Z</time>
        <extensions>
          <gpxtpx:TrackPointExtension>
            <gpxtpx:hr>165</gpxtpx:hr>
          </gpxtpx:TrackPointExtension>
        </extensions>
      </trkpt>
      <trkpt lat="28.22278193954981" lon="112.91445310277597">
        <ele>54.45869649481028</ele>
        <time>2026-09-18T23:04:39.500000Z</time>
        <extensions>
          <gpxtpx:TrackPointExtension>
            <gpxtpx:hr>165</gpxtpx:hr>
          </gpxtpx:TrackPointExtension>
        </extensions>
      </trkpt>
      <trkpt lat="28.222787708270523" lon="112.91442833305452">
        <ele>54.400606204755604</ele>
        <time>2026-09-18T23:04:40.500000Z</time>
        <extensions>
          <gpxtpx:TrackPointExtension>
            <gpxtpx:hr>165</gpxtpx:hr>
          </gpxtpx:TrackPointExtension>
        </extensions>
      </trkpt>
      <trkpt lat="28.222789354723524" lon="112.9144010141475">
        <ele>54.34308520145714</ele>
        <time>2026-09-18T23:04:41.500000Z</time>
        <extensions>
          <gpxtpx:TrackPointExtension>
            <gpxtpx:hr>165</gpxtpx:hr>
          </gpxtpx:TrackPointExtension>
        </extensions>
      </trkpt>
      <trkpt lat="28.222787521039738" lon="112.91437182077993">
        <ele>54.28708744607866</ele>
        <time>2026-09-18T23:04:42.500000Z</time>
        <extensions>
          <gpxtpx:TrackPointExtension>
            <gpxtpx:hr>165</gpxtpx:hr>
          </gpxtpx:TrackPointExtension>
        </extensions>
      </trkpt>
      <trkpt lat="28.222784165727575" lon="112.91434160685057">
        <ele>54.23343314230442</ele>
        <time>2026-09-18T23:04:43.500000Z</time>
        <extensions>
          <gpxtpx:TrackPointExtension>
            <gpxtpx:hr>165</gpxtpx:hr>
          </gpxtpx:TrackPointExtension>
        </extensions>
      </trkpt>
      <trkpt lat="28.222780343912294" lon="112.91431112312247">
        <ele>54.182578817009926</ele>
        <time>2026-09-18T23:04:44.500000Z</time>
        <extensions>
          <gpxtpx:TrackPointExtension>
            <gpxtpx:hr>165</gpxtpx:hr>
          </gpxtpx:TrackPointExtension>
        </extensions>
      </trkpt>
      <trkpt lat="28.222776074361068" lon="112.91428071184197">
        <ele>54.13468714337796</ele>
        <time>2026-09-18T23:04:45.500000Z</time>
        <extensions>
          <gpxtpx:TrackPointExtension>
            <gpxtpx:hr>169</gpxtpx:hr>
          </gpxtpx:TrackPointExtension>
        </extensions>
      </trkpt>
      <trkpt lat="28.222771468967206" lon="112.9142503102587">
        <ele>54.08978123869747</ele>
        <time>2026-09-18T23:04:46.500000Z</time>
        <extensions>
          <gpxtpx:TrackPointExtension>
            <gpxtpx:hr>169</gpxtpx:hr>
          </gpxtpx:TrackPointExtension>
        </extensions>
      </trkpt>
      <trkpt lat="28.222766481530815" lon="112.91422012952494">
        <ele>54.04785671364516</ele>
        <time>2026-09-18T23:04:47.500000Z</time>
        <extensions>
          <gpxtpx:TrackPointExtension>
            <gpxtpx:hr>169</gpxtpx:hr>
          </gpxtpx:TrackPointExtension>
        </extensions>
      </trkpt>
      <trkpt lat="28.222760982755858" lon="112.91419052603774">
        <ele>54.00900572910905</ele>
        <time>2026-09-18T23:04:48.500000Z</time>
        <extensions>
          <gpxtpx:TrackPointExtension>
            <gpxtpx:hr>169</gpxtpx:hr>
          </gpxtpx:TrackPointExtension>
        </extensions>
      </trkpt>
      <trkpt lat="28.22275498484258" lon="112.91416151682324">
        <ele>53.97306030988693</ele>
        <time>2026-09-18T23:04:49.500000Z</time>
        <extensions>
          <gpxtpx:TrackPointExtension>
            <gpxtpx:hr>169</gpxtpx:hr>
          </gpxtpx:TrackPointExtension>
        </extensions>
      </trkpt>
      <trkpt lat="28.22274847633328" lon="112.91413301901041">
        <ele>53.93999286368489</ele>
        <time>2026-09-18T23:04:50.500000Z</time>
        <extensions>
          <gpxtpx:TrackPointExtension>
            <gpxtpx:hr>169</gpxtpx:hr>
          </gpxtpx:TrackPointExtension>
        </extensions>
      </trkpt>
      <trkpt lat="28.222741436111175" lon="112.91410493223074">
        <ele>53.91037395969033</ele>
        <time>2026-09-18T23:04:51.500000Z</time>
        <extensions>
          <gpxtpx:TrackPointExtension>
            <gpxtpx:hr>170</gpxtpx:hr>
          </gpxtpx:TrackPointExtension>
        </extensions>
      </trkpt>
      <trkpt lat="28.222733834638312" lon="112.91407728037865">
        <ele>53.885413196869195</ele>
        <time>2026-09-18T23:04:52.500000Z</time>
        <extensions>
          <gpxtpx:TrackPointExtension>
            <gpxtpx:hr>170</gpxtpx:hr>
          </gpxtpx:TrackPointExtension>
        </extensions>
      </trkpt>
      <trkpt lat="28.2227255590131" lon="112.91404975102256">
        <ele>53.86646386701614</ele>
        <time>2026-09-18T23:04:53.400000Z</time>
        <extensions>
          <gpxtpx:TrackPointExtension>
            <gpxtpx:hr>170</gpxtpx:hr>
          </gpxtpx:TrackPointExtension>
        </extensions>
      </trkpt>
      <trkpt lat="28.222716728441007" lon="112.91402178826847">
        <ele>53.85489318706095</ele>
        <time>2026-09-18T23:04:54.400000Z</time>
        <extensions>
          <gpxtpx:TrackPointExtension>
            <gpxtpx:hr>170</gpxtpx:hr>
          </gpxtpx:TrackPointExtension>
        </extensions>
      </trkpt>
      <trkpt lat="28.222707915609803" lon="112.91399311062578">
        <ele>53.85235597472638</ele>
        <time>2026-09-18T23:04:55.400000Z</time>
        <extensions>
          <gpxtpx:TrackPointExtension>
            <gpxtpx:hr>170</gpxtpx:hr>
          </gpxtpx:TrackPointExtension>
        </extensions>
      </trkpt>
      <trkpt lat="28.22269965873383" lon="112.91396399542826">
        <ele>53.86066128965467</ele>
        <time>2026-09-18T23:04:56.400000Z</time>
        <extensions>
          <gpxtpx:TrackPointExtension>
            <gpxtpx:hr>170</gpxtpx:hr>
          </gpxtpx:TrackPointExtension>
        </extensions>
      </trkpt>
      <trkpt lat="28.222692222303582" lon="112.91393481005238">
        <ele>53.88149719778448</ele>
        <time>2026-09-18T23:04:57.400000Z</time>
        <extensions>
          <gpxtpx:TrackPointExtension>
            <gpxtpx:hr>170</gpxtpx:hr>
          </gpxtpx:TrackPointExtension>
        </extensions>
      </trkpt>
      <trkpt lat="28.22268569874507" lon="112.91390561615205">
        <ele>53.91608588863164</ele>
        <time>2026-09-18T23:04:58.400000Z</time>
        <extensions>
          <gpxtpx:TrackPointExtension>
            <gpxtpx:hr>170</gpxtpx:hr>
          </gpxtpx:TrackPointExtension>
        </extensions>
      </trkpt>
      <trkpt lat="28.222680142767608" lon="112.91387644568283">
        <ele>53.964976713992655</ele>
        <time>2026-09-18T23:04:59.400000Z</time>
        <extensions>
          <gpxtpx:TrackPointExtension>
            <gpxtpx:hr>170</gpxtpx:hr>
          </gpxtpx:TrackPointExtension>
        </extensions>
      </trkpt>
      <trkpt lat="28.222675515221113" lon="112.9138472309201">
        <ele>54.028055912815034</ele>
        <time>2026-09-18T23:05:00.400000Z</time>
        <extensions>
          <gpxtpx:TrackPointExtension>
            <gpxtpx:hr>170</gpxtpx:hr>
          </gpxtpx:TrackPointExtension>
        </extensions>
      </trkpt>
      <trkpt lat="28.222671749252015" lon="112.91381793194415">
        <ele>54.10449717286974</ele>
        <time>2026-09-18T23:05:01.400000Z</time>
        <extensions>
          <gpxtpx:TrackPointExtension>
            <gpxtpx:hr>170</gpxtpx:hr>
          </gpxtpx:TrackPointExtension>
        </extensions>
      </trkpt>
      <trkpt lat="28.22266888874489" lon="112.91378847312836">
        <ele>54.19280442036688</ele>
        <time>2026-09-18T23:05:02.400000Z</time>
        <extensions>
          <gpxtpx:TrackPointExtension>
            <gpxtpx:hr>170</gpxtpx:hr>
          </gpxtpx:TrackPointExtension>
        </extensions>
      </trkpt>
      <trkpt lat="28.22266706921842" lon="112.91375895950225">
        <ele>54.29107193183154</ele>
        <time>2026-09-18T23:05:03.400000Z</time>
        <extensions>
          <gpxtpx:TrackPointExtension>
            <gpxtpx:hr>170</gpxtpx:hr>
          </gpxtpx:TrackPointExtension>
        </extensions>
      </trkpt>
      <trkpt lat="28.2226665857627" lon="112.9137296196804">
        <ele>54.39721727743745</ele>
        <time>2026-09-18T23:05:04.400000Z</time>
        <extensions>
          <gpxtpx:TrackPointExtension>
            <gpxtpx:hr>170</gpxtpx:hr>
          </gpxtpx:TrackPointExtension>
        </extensions>
      </trkpt>
      <trkpt lat="28.22266755616115" lon="112.9137007668957">
        <ele>54.509289861656725</ele>
        <time>2026-09-18T23:05:05.400000Z</time>
        <extensions>
          <gpxtpx:TrackPointExtension>
            <gpxtpx:hr>170</gpxtpx:hr>
          </gpxtpx:TrackPointExtension>
        </extensions>
      </trkpt>
      <trkpt lat="28.222669965009658" lon="112.91367289524844">
        <ele>54.62541187182069</ele>
        <time>2026-09-18T23:05:06.400000Z</time>
        <extensions>
          <gpxtpx:TrackPointExtension>
            <gpxtpx:hr>170</gpxtpx:hr>
          </gpxtpx:TrackPointExtension>
        </extensions>
      </trkpt>
      <trkpt lat="28.222673028023326" lon="112.91364622381988">
        <ele>54.74344832636416</ele>
        <time>2026-09-18T23:05:07.400000Z</time>
        <extensions>
          <gpxtpx:TrackPointExtension>
            <gpxtpx:hr>170</gpxtpx:hr>
          </gpxtpx:TrackPointExtension>
        </extensions>
      </trkpt>
      <trkpt lat="28.222675529954433" lon="112.91362077947137">
        <ele>54.86128095537424</ele>
        <time>2026-09-18T23:05:08.400000Z</time>
        <extensions>
          <gpxtpx:TrackPointExtension>
            <gpxtpx:hr>170</gpxtpx:hr>
          </gpxtpx:TrackPointExtension>
        </extensions>
      </trkpt>
      <trkpt lat="28.22267672270626" lon="112.9135966296804">
        <ele>54.97736174892634</ele>
        <time>2026-09-18T23:05:09.400000Z</time>
        <extensions>
          <gpxtpx:TrackPointExtension>
            <gpxtpx:hr>170</gpxtpx:hr>
          </gpxtpx:TrackPointExtension>
        </extensions>
      </trkpt>
      <trkpt lat="28.22267663353561" lon="112.91357379197376">
        <ele>55.09070371184498</ele>
        <time>2026-09-18T23:05:10.400000Z</time>
        <extensions>
          <gpxtpx:TrackPointExtension>
            <gpxtpx:hr>170</gpxtpx:hr>
          </gpxtpx:TrackPointExtension>
        </extensions>
      </trkpt>
      <trkpt lat="28.22267589703482" lon="112.91355232009366">
        <ele>55.20058758184314</ele>
        <time>2026-09-18T23:05:11.400000Z</time>
        <extensions>
          <gpxtpx:TrackPointExtension>
            <gpxtpx:hr>170</gpxtpx:hr>
          </gpxtpx:TrackPointExtension>
        </extensions>
      </trkpt>
      <trkpt lat="28.222674924189597" lon="112.91353218513707">
        <ele>55.30598821863532</ele>
        <time>2026-09-18T23:05:12.400000Z</time>
        <extensions>
          <gpxtpx:TrackPointExtension>
            <gpxtpx:hr>170</gpxtpx:hr>
          </gpxtpx:TrackPointExtension>
        </extensions>
      </trkpt>
      <trkpt lat="28.222673896980258" lon="112.91351312356645">
        <ele>55.40529785212129</ele>
        <time>2026-09-18T23:05:13.400000Z</time>
        <extensions>
          <gpxtpx:TrackPointExtension>
            <gpxtpx:hr>170</gpxtpx:hr>
          </gpxtpx:TrackPointExtension>
        </extensions>
      </trkpt>
      <trkpt lat="28.222672598273885" lon="112.9134948040278">
        <ele>55.497170054353774</ele>
        <time>2026-09-18T23:05:14.400000Z</time>
        <extensions>
          <gpxtpx:TrackPointExtension>
            <gpxtpx:hr>170</gpxtpx:hr>
          </gpxtpx:TrackPointExtension>
        </extensions>
      </trkpt>
      <trkpt lat="28.22267105041891" lon="112.91347695291994">
        <ele>55.57836777996272</ele>
        <time>2026-09-18T23:05:15.400000Z</time>
        <extensions>
          <gpxtpx:TrackPointExtension>
            <gpxtpx:hr>170</gpxtpx:hr>
          </gpxtpx:TrackPointExtension>
        </extensions>
      </trkpt>
      <trkpt lat="28.22266953247019" lon="112.91345950364078">
        <ele>55.64822730794549</ele>
        <time>2026-09-18T23:05:16.400000Z</time>
        <extensions>
          <gpxtpx:TrackPointExtension>
            <gpxtpx:hr>170</gpxtpx:hr>
          </gpxtpx:TrackPointExtension>
        </extensions>
      </trkpt>
      <trkpt lat="28.222667889496076" lon="112.91344245493553">
        <ele>55.70640007592738</ele>
        <time>2026-09-18T23:05:17.400000Z</time>
        <extensions>
          <gpxtpx:TrackPointExtension>
            <gpxtpx:hr>170</gpxtpx:hr>
          </gpxtpx:TrackPointExtension>
        </extensions>
      </trkpt>
      <trkpt lat="28.222666234675614" lon="112.91342572379772">
        <ele>55.752886367961764</ele>
        <time>2026-09-18T23:05:18.400000Z</time>
        <extensions>
          <gpxtpx:TrackPointExtension>
            <gpxtpx:hr>170</gpxtpx:hr>
          </gpxtpx:TrackPointExtension>
        </extensions>
      </trkpt>
      <trkpt lat="28.22266489641672" lon="112.91340924950362">
        <ele>55.78766320645809</ele>
        <time>2026-09-18T23:05:19.400000Z</time>
        <extensions>
          <gpxtpx:TrackPointExtension>
            <gpxtpx:hr>169</gpxtpx:hr>
          </gpxtpx:TrackPointExtension>
        </extensions>
      </trkpt>
      <trkpt lat="28.222664203465396" lon="112.91339290724689">
        <ele>55.810654261149466</ele>
        <time>2026-09-18T23:05:20.400000Z</time>
        <extensions>
          <gpxtpx:TrackPointExtension>
            <gpxtpx:hr>169</gpxtpx:hr>
          </gpxtpx:TrackPointExtension>
        </extensions>
      </trkpt>
      <trkpt lat="28.222664214052763" lon="112.91337692770168">
        <ele>55.821875028312206</ele>
        <time>2026-09-18T23:05:21.400000Z</time>
        <extensions>
          <gpxtpx:TrackPointExtension>
            <gpxtpx:hr>169</gpxtpx:hr>
          </gpxtpx:TrackPointExtension>
        </extensions>
      </trkpt>
      <trkpt lat="28.222664572483176" lon="112.91336223828917">
        <ele>55.82179318089038</ele>
        <time>2026-09-18T23:05:22.400000Z</time>
        <extensions>
          <gpxtpx:TrackPointExtension>
            <gpxtpx:hr>169</gpxtpx:hr>
          </gpxtpx:TrackPointExtension>
        </extensions>
      </trkpt>
      <trkpt lat="28.222665175691755" lon="112.91334967254981">
        <ele>55.811688132584095</ele>
        <time>2026-09-18T23:05:23.400000Z</time>
        <extensions>
          <gpxtpx:TrackPointExtension>
            <gpxtpx:hr>169</gpxtpx:hr>
          </gpxtpx:TrackPointExtension>
        </extensions>
      </trkpt>
      <trkpt lat="28.22266609219776" lon="112.9133391382757">
        <ele>55.79381999280304</ele>
        <time>2026-09-18T23:05:24.400000Z</time>
        <extensions>
          <gpxtpx:TrackPointExtension>
            <gpxtpx:hr>169</gpxtpx:hr>
          </gpxtpx:TrackPointExtension>
        </extensions>
      </trkpt>
      <trkpt lat="28.222667313950165" lon="112.9133301894854">
        <ele>55.77152778208256</ele>
        <time>2026-09-18T23:05:25.400000Z</time>
        <extensions>
          <gpxtpx:TrackPointExtension>
            <gpxtpx:hr>169</gpxtpx:hr>
          </gpxtpx:TrackPointExtension>
        </extensions>
      </trkpt>
      <trkpt lat="28.222668473821184" lon="112.91332377777933">
        <ele>55.75285039935261</ele>
        <time>2026-09-18T23:05:26.200000Z</time>
        <extensions>
          <gpxtpx:TrackPointExtension>
            <gpxtpx:hr>165</gpxtpx:hr>
          </gpxtpx:TrackPointExtension>
        </extensions>
      </trkpt>
      <trkpt lat="28.22266999104122" lon="112.9133167202251">
        <ele>55.73471401259303</ele>
        <time>2026-09-18T23:05:27.200000Z</time>
        <extensions>
          <gpxtpx:TrackPointExtension>
            <gpxtpx:hr>165</gpxtpx:hr>
          </gpxtpx:TrackPointExtension>
        </extensions>
      </trkpt>
      <trkpt lat="28.222671561556652" lon="112.913310245605">
        <ele>55.727089683525264</ele>
        <time>2026-09-18T23:05:28.200000Z</time>
        <extensions>
          <gpxtpx:TrackPointExtension>
            <gpxtpx:hr>165</gpxtpx:hr>
          </gpxtpx:TrackPointExtension>
        </extensions>
      </trkpt>
      <trkpt lat="28.22267317639148" lon="112.91330394063927">
        <ele>55.73562960792333</ele>
        <time>2026-09-18T23:05:29.200000Z</time>
        <extensions>
          <gpxtpx:TrackPointExtension>
            <gpxtpx:hr>165</gpxtpx:hr>
          </gpxtpx:TrackPointExtension>
        </extensions>
      </trkpt>
      <trkpt lat="28.22267491681877" lon="112.91329728515207">
        <ele>55.76613848935813</ele>
        <time>2026-09-18T23:05:30.200000Z</time>
        <extensions>
          <gpxtpx:TrackPointExtension>
            <gpxtpx:hr>165</gpxtpx:hr>
          </gpxtpx:TrackPointExtension>
        </extensions>
      </trkpt>
      <trkpt lat="28.222676905742254" lon="112.91328980816456">
        <ele>55.8245458137244</ele>
        <time>2026-09-18T23:05:31.200000Z</time>
        <extensions>
          <gpxtpx:TrackPointExtension>
            <gpxtpx:hr>160</gpxtpx:hr>
          </gpxtpx:TrackPointExtension>
        </extensions>
      </trkpt>
      <trkpt lat="28.22267927162993" lon="112.91328115422152">
        <ele>55.916359247639775</ele>
        <time>2026-09-18T23:05:32.200000Z</time>
        <extensions>
          <gpxtpx:TrackPointExtension>
            <gpxtpx:hr>160</gpxtpx:hr>
          </gpxtpx:TrackPointExtension>
        </extensions>
      </trkpt>
      <trkpt lat="28.222682045032343" lon="112.91327139644643">
        <ele>56.04547502845526</ele>
        <time>2026-09-18T23:05:33.200000Z</time>
        <extensions>
          <gpxtpx:TrackPointExtension>
            <gpxtpx:hr>160</gpxtpx:hr>
          </gpxtpx:TrackPointExtension>
        </extensions>
      </trkpt>
      <trkpt lat="28.22268516564611" lon="112.9132609412656">
        <ele>56.21213476359844</ele>
        <time>2026-09-18T23:05:34.200000Z</time>
        <extensions>
          <gpxtpx:TrackPointExtension>
            <gpxtpx:hr>160</gpxtpx:hr>
          </gpxtpx:TrackPointExtension>
        </extensions>
      </trkpt>
      <trkpt lat="28.222689040962496" lon="112.91324837542578">
        <ele>56.44511052966118</ele>
        <time>2026-09-18T23:05:35.400000Z</time>
        <extensions>
          <gpxtpx:TrackPointExtension>
            <gpxtpx:hr>158</gpxtpx:hr>
          </gpxtpx:TrackPointExtension>
        </extensions>
      </trkpt>
      <trkpt lat="28.222692368593563" lon="112.91323736738138">
        <ele>56.66527429036796</ele>
        <time>2026-09-18T23:05:36.400000Z</time>
        <extensions>
          <gpxtpx:TrackPointExtension>
            <gpxtpx:hr>158</gpxtpx:hr>
          </gpxtpx:TrackPointExtension>
        </extensions>
      </trkpt>
      <trkpt lat="28.222695590063285" lon="112.91322619198425">
        <ele>56.888582332991064</ele>
        <time>2026-09-18T23:05:37.400000Z</time>
        <extensions>
          <gpxtpx:TrackPointExtension>
            <gpxtpx:hr>158</gpxtpx:hr>
          </gpxtpx:TrackPointExtension>
        </extensions>
      </trkpt>
      <trkpt lat="28.22269872975615" lon="112.91321490695205">
        <ele>57.10673684999347</ele>
        <time>2026-09-18T23:05:38.400000Z</time>
        <extensions>
          <gpxtpx:TrackPointExtension>
            <gpxtpx:hr>158</gpxtpx:hr>
          </gpxtpx:TrackPointExtension>
        </extensions>
      </trkpt>
      <trkpt lat="28.222701732100568" lon="112.9132036609756">
        <ele>57.3136849924922</ele>
        <time>2026-09-18T23:05:39.400000Z</time>
        <extensions>
          <gpxtpx:TrackPointExtension>
            <gpxtpx:hr>158</gpxtpx:hr>
          </gpxtpx:TrackPointExtension>
        </extensions>
      </trkpt>
      <trkpt lat="28.222704531891328" lon="112.91319254849736">
        <ele>57.50502005033195</ele>
        <time>2026-09-18T23:05:40.400000Z</time>
        <extensions>
          <gpxtpx:TrackPointExtension>
            <gpxtpx:hr>155</gpxtpx:hr>
          </gpxtpx:TrackPointExtension>
        </extensions>
      </trkpt>
      <trkpt lat="28.222707096007657" lon="112.91318152425396">
        <ele>57.677628078497946</ele>
        <time>2026-09-18T23:05:41.400000Z</time>
        <extensions>
          <gpxtpx:TrackPointExtension>
            <gpxtpx:hr>155</gpxtpx:hr>
          </gpxtpx:TrackPointExtension>
        </extensions>
      </trkpt>
      <trkpt lat="28.22270937954075" lon="112.91317061643268">
        <ele>57.82911860290915</ele>
        <time>2026-09-18T23:05:42.400000Z</time>
        <extensions>
          <gpxtpx:TrackPointExtension>
            <gpxtpx:hr>155</gpxtpx:hr>
          </gpxtpx:TrackPointExtension>
        </extensions>
      </trkpt>
      <trkpt lat="28.222711393622358" lon="112.91315981265198">
        <ele>57.95783985964954</ele>
        <time>2026-09-18T23:05:43.400000Z</time>
        <extensions>
          <gpxtpx:TrackPointExtension>
            <gpxtpx:hr>155</gpxtpx:hr>
          </gpxtpx:TrackPointExtension>
        </extensions>
      </trkpt>
      <trkpt lat="28.222713181784226" lon="112.91314884325385">
        <ele>58.06248561106622</ele>
        <time>2026-09-18T23:05:44.300000Z</time>
        <extensions>
          <gpxtpx:TrackPointExtension>
            <gpxtpx:hr>155</gpxtpx:hr>
          </gpxtpx:TrackPointExtension>
        </extensions>
      </trkpt>
      <trkpt lat="28.222714724881175" lon="112.91313751044588">
        <ele>58.14204471278936</ele>
        <time>2026-09-18T23:05:45.300000Z</time>
        <extensions>
          <gpxtpx:TrackPointExtension>
            <gpxtpx:hr>154</gpxtpx:hr>
          </gpxtpx:TrackPointExtension>
        </extensions>
      </trkpt>
      <trkpt lat="28.222715943812396" lon="112.9131258581241">
        <ele>58.19584633037448</ele>
        <time>2026-09-18T23:05:46.300000Z</time>
        <extensions>
          <gpxtpx:TrackPointExtension>
            <gpxtpx:hr>154</gpxtpx:hr>
          </gpxtpx:TrackPointExtension>
        </extensions>
      </trkpt>
      <trkpt lat="28.222716563551966" lon="112.91311349224465">
        <ele>58.223601405508816</ele>
        <time>2026-09-18T23:05:47.300000Z</time>
        <extensions>
          <gpxtpx:TrackPointExtension>
            <gpxtpx:hr>154</gpxtpx:hr>
          </gpxtpx:TrackPointExtension>
        </extensions>
      </trkpt>
      <trkpt lat="28.2227165429884" lon="112.91310004657322">
        <ele>58.22878192178905</ele>
        <time>2026-09-18T23:05:48.300000Z</time>
        <extensions>
          <gpxtpx:TrackPointExtension>
            <gpxtpx:hr>154</gpxtpx:hr>
          </gpxtpx:TrackPointExtension>
        </extensions>
      </trkpt>
      <trkpt lat="28.22271647258971" lon="112.91308591319957">
        <ele>58.20585057511926</ele>
        <time>2026-09-18T23:05:49.300000Z</time>
        <extensions>
          <gpxtpx:TrackPointExtension>
            <gpxtpx:hr>152</gpxtpx:hr>
          </gpxtpx:TrackPointExtension>
        </extensions>
      </trkpt>
      <trkpt lat="28.222717100208534" lon="112.91307148728504">
        <ele>58.15708344615996</ele>
        <time>2026-09-18T23:05:50.300000Z</time>
        <extensions>
          <gpxtpx:TrackPointExtension>
            <gpxtpx:hr>152</gpxtpx:hr>
          </gpxtpx:TrackPointExtension>
        </extensions>
      </trkpt>
      <trkpt lat="28.222718654287977" lon="112.91305727991276">
        <ele>58.083113353699446</ele>
        <time>2026-09-18T23:05:51.300000Z</time>
        <extensions>
          <gpxtpx:TrackPointExtension>
            <gpxtpx:hr>152</gpxtpx:hr>
          </gpxtpx:TrackPointExtension>
        </extensions>
      </trkpt>
      <trkpt lat="28.2227206624537" lon="112.91304389267273">
        <ele>57.984655141830444</ele>
        <time>2026-09-18T23:05:52.300000Z</time>
        <extensions>
          <gpxtpx:TrackPointExtension>
            <gpxtpx:hr>152</gpxtpx:hr>
          </gpxtpx:TrackPointExtension>
        </extensions>
      </trkpt>
      <trkpt lat="28.222722660516915" lon="112.91303167164835">
        <ele>57.86248650122434</ele>
        <time>2026-09-18T23:05:53.300000Z</time>
        <extensions>
          <gpxtpx:TrackPointExtension>
            <gpxtpx:hr>152</gpxtpx:hr>
          </gpxtpx:TrackPointExtension>
        </extensions>
      </trkpt>
      <trkpt lat="28.22272448598196" lon="112.91302079617564">
        <ele>57.71749270055443</ele>
        <time>2026-09-18T23:05:54.300000Z</time>
        <extensions>
          <gpxtpx:TrackPointExtension>
            <gpxtpx:hr>150</gpxtpx:hr>
          </gpxtpx:TrackPointExtension>
        </extensions>
      </trkpt>
      <trkpt lat="28.222726082577523" lon="112.91301111686603">
        <ele>57.55082153715193</ele>
        <time>2026-09-18T23:05:55.300000Z</time>
        <extensions>
          <gpxtpx:TrackPointExtension>
            <gpxtpx:hr>150</gpxtpx:hr>
          </gpxtpx:TrackPointExtension>
        </extensions>
      </trkpt>
      <trkpt lat="28.222727445900762" lon="112.91300242116954">
        <ele>57.36409165896475</ele>
        <time>2026-09-18T23:05:56.300000Z</time>
        <extensions>
          <gpxtpx:TrackPointExtension>
            <gpxtpx:hr>150</gpxtpx:hr>
          </gpxtpx:TrackPointExtension>
        </extensions>
      </trkpt>
      <trkpt lat="28.222728576167693" lon="112.91299471530218">
        <ele>57.15951625723392</ele>
        <time>2026-09-18T23:05:57.300000Z</time>
        <extensions>
          <gpxtpx:TrackPointExtension>
            <gpxtpx:hr>150</gpxtpx:hr>
          </gpxtpx:TrackPointExtension>
        </extensions>
      </trkpt>
      <trkpt lat="28.22272938979469" lon="112.9129880486389">
        <ele>56.94008169975132</ele>
        <time>2026-09-18T23:05:58.300000Z</time>
        <extensions>
          <gpxtpx:TrackPointExtension>
            <gpxtpx:hr>150</gpxtpx:hr>
          </gpxtpx:TrackPointExtension>
        </extensions>
      </trkpt>
      <trkpt lat="28.222729740269497" lon="112.91298237535372">
        <ele>56.70990375429392</ele>
        <time>2026-09-18T23:05:59.300000Z</time>
        <extensions>
          <gpxtpx:TrackPointExtension>
            <gpxtpx:hr>146</gpxtpx:hr>
          </gpxtpx:TrackPointExtension>
        </extensions>
      </trkpt>
      <trkpt lat="28.22272967782834" lon="112.91297767745868">
        <ele>56.47444870788604</ele>
        <time>2026-09-18T23:06:00.300000Z</time>
        <extensions>
          <gpxtpx:TrackPointExtension>
            <gpxtpx:hr>146</gpxtpx:hr>
          </gpxtpx:TrackPointExtension>
        </extensions>
      </trkpt>
      <trkpt lat="28.222729383456443" lon="112.91297383812886">
        <ele>56.24046577792615</ele>
        <time>2026-09-18T23:06:01.300000Z</time>
        <extensions>
          <gpxtpx:TrackPointExtension>
            <gpxtpx:hr>146</gpxtpx:hr>
          </gpxtpx:TrackPointExtension>
        </extensions>
      </trkpt>
      <trkpt lat="28.22272896713" lon="112.91297055987637">
        <ele>56.01590812765062</ele>
        <time>2026-09-18T23:06:02.300000Z</time>
        <extensions>
          <gpxtpx:TrackPointExtension>
            <gpxtpx:hr>146</gpxtpx:hr>
          </gpxtpx:TrackPointExtension>
        </extensions>
      </trkpt>
      <trkpt lat="28.22272844887116" lon="112.91296751012506">
        <ele>55.81008442118764</ele>
        <time>2026-09-18T23:06:03.300000Z</time>
        <extensions>
          <gpxtpx:TrackPointExtension>
            <gpxtpx:hr>145</gpxtpx:hr>
          </gpxtpx:TrackPointExtension>
        </extensions>
      </trkpt>
      <trkpt lat="28.22272792718881" lon="112.91296474570339">
        <ele>55.64866232406348</ele>
        <time>2026-09-18T23:06:04.200000Z</time>
        <extensions>
          <gpxtpx:TrackPointExtension>
            <gpxtpx:hr>145</gpxtpx:hr>
          </gpxtpx:TrackPointExtension>
        </extensions>
      </trkpt>
      <trkpt lat="28.222727359655234" lon="112.91296143902274">
        <ele>55.50285175535828</ele>
        <time>2026-09-18T23:06:05.200000Z</time>
        <extensions>
          <gpxtpx:TrackPointExtension>
            <gpxtpx:hr>145</gpxtpx:hr>
          </gpxtpx:TrackPointExtension>
        </extensions>
      </trkpt>
      <trkpt lat="28.22272687330346" lon="112.91295773491544">
        <ele>55.399988889694214</ele>
        <time>2026-09-18T23:06:06.200000Z</time>
        <extensions>
          <gpxtpx:TrackPointExtension>
            <gpxtpx:hr>145</gpxtpx:hr>
          </gpxtpx:TrackPointExtension>
        </extensions>
      </trkpt>
      <trkpt lat="28.222726570013567" lon="112.9129536056379">
        <ele>55.34038354922086</ele>
        <time>2026-09-18T23:06:07.200000Z</time>
        <extensions>
          <gpxtpx:TrackPointExtension>
            <gpxtpx:hr>140</gpxtpx:hr>
          </gpxtpx:TrackPointExtension>
        </extensions>
      </trkpt>
      <trkpt lat="28.22272652956932" lon="112.91294882662572">
        <ele>55.320958035066724</ele>
        <time>2026-09-18T23:06:08.200000Z</time>
        <extensions>
          <gpxtpx:TrackPointExtension>
            <gpxtpx:hr>140</gpxtpx:hr>
          </gpxtpx:TrackPointExtension>
        </extensions>
      </trkpt>
      <trkpt lat="28.222726851592366" lon="112.91294206586161">
        <ele>55.34052051603794</ele>
        <time>2026-09-18T23:06:09.300000Z</time>
        <extensions>
          <gpxtpx:TrackPointExtension>
            <gpxtpx:hr>140</gpxtpx:hr>
          </gpxtpx:TrackPointExtension>
        </extensions>
      </trkpt>
      <trkpt lat="28.222727528615714" lon="112.91293418111641">
        <ele>55.38829158991575</ele>
        <time>2026-09-18T23:06:10.300000Z</time>
        <extensions>
          <gpxtpx:TrackPointExtension>
            <gpxtpx:hr>140</gpxtpx:hr>
          </gpxtpx:TrackPointExtension>
        </extensions>
      </trkpt>
      <trkpt lat="28.222728602467832" lon="112.91292478019892">
        <ele>55.456606538034976</ele>
        <time>2026-09-18T23:06:11.300000Z</time>
        <extensions>
          <gpxtpx:TrackPointExtension>
            <gpxtpx:hr>140</gpxtpx:hr>
          </gpxtpx:TrackPointExtension>
        </extensions>
      </trkpt>
      <trkpt lat="28.222730087317817" lon="112.9129140306677">
        <ele>55.54044584184885</ele>
        <time>2026-09-18T23:06:12.300000Z</time>
        <extensions>
          <gpxtpx:TrackPointExtension>
            <gpxtpx:hr>140</gpxtpx:hr>
          </gpxtpx:TrackPointExtension>
        </extensions>
      </trkpt>
      <trkpt lat="28.222731870133547" lon="112.91290219693443">
        <ele>55.63555197697133</ele>
        <time>2026-09-18T23:06:13.300000Z</time>
        <extensions>
          <gpxtpx:TrackPointExtension>
            <gpxtpx:hr>137</gpxtpx:hr>
          </gpxtpx:TrackPointExtension>
        </extensions>
      </trkpt>
      <trkpt lat="28.22273362064844" lon="112.91288941514485">
        <ele>55.73833066318184</ele>
        <time>2026-09-18T23:06:14.300000Z</time>
        <extensions>
          <gpxtpx:TrackPointExtension>
            <gpxtpx:hr>137</gpxtpx:hr>
          </gpxtpx:TrackPointExtension>
        </extensions>
      </trkpt>
      <trkpt lat="28.222734974234392" lon="112.91287569193656">
        <ele>55.845666906796396</ele>
        <time>2026-09-18T23:06:15.300000Z</time>
        <extensions>
          <gpxtpx:TrackPointExtension>
            <gpxtpx:hr>137</gpxtpx:hr>
          </gpxtpx:TrackPointExtension>
        </extensions>
      </trkpt>
      <trkpt lat="28.222735562336908" lon="112.91286130782207">
        <ele>55.954615442082286</ele>
        <time>2026-09-18T23:06:16.300000Z</time>
        <extensions>
          <gpxtpx:TrackPointExtension>
            <gpxtpx:hr>137</gpxtpx:hr>
          </gpxtpx:TrackPointExtension>
        </extensions>
      </trkpt>
      <trkpt lat="28.222735207902513" lon="112.91284688571926">
        <ele>56.06215246208012</ele>
        <time>2026-09-18T23:06:17.300000Z</time>
        <extensions>
          <gpxtpx:TrackPointExtension>
            <gpxtpx:hr>137</gpxtpx:hr>
          </gpxtpx:TrackPointExtension>
        </extensions>
      </trkpt>
      <trkpt lat="28.222734261732125" lon="112.91283288715165">
        <ele>56.16524240095168</ele>
        <time>2026-09-18T23:06:18.300000Z</time>
        <extensions>
          <gpxtpx:TrackPointExtension>
            <gpxtpx:hr>137</gpxtpx:hr>
          </gpxtpx:TrackPointExtension>
        </extensions>
      </trkpt>
      <trkpt lat="28.222733313008465" lon="112.91281853211109">
        <ele>56.2612277045846</ele>
        <time>2026-09-18T23:06:19.300000Z</time>
        <extensions>
          <gpxtpx:TrackPointExtension>
            <gpxtpx:hr>137</gpxtpx:hr>
          </gpxtpx:TrackPointExtension>
        </extensions>
      </trkpt>
      <trkpt lat="28.222732702843313" lon="112.912802962926">
        <ele>56.34802300017327</ele>
        <time>2026-09-18T23:06:20.300000Z</time>
        <extensions>
          <gpxtpx:TrackPointExtension>
            <gpxtpx:hr>137</gpxtpx:hr>
          </gpxtpx:TrackPointExtension>
        </extensions>
      </trkpt>
      <trkpt lat="28.222732452361356" lon="112.91278596779209">
        <ele>56.424070961773396</ele>
        <time>2026-09-18T23:06:21.300000Z</time>
        <extensions>
          <gpxtpx:TrackPointExtension>
            <gpxtpx:hr>137</gpxtpx:hr>
          </gpxtpx:TrackPointExtension>
        </extensions>
      </trkpt>
      <trkpt lat="28.222732412154393" lon="112.91276714659767">
        <ele>56.48830199055374</ele>
        <time>2026-09-18T23:06:22.300000Z</time>
        <extensions>
          <gpxtpx:TrackPointExtension>
            <gpxtpx:hr>137</gpxtpx:hr>
          </gpxtpx:TrackPointExtension>
        </extensions>
      </trkpt>
      <trkpt lat="28.22273224854698" lon="112.91274661597564">
        <ele>56.54014970827848</ele>
        <time>2026-09-18T23:06:23.300000Z</time>
        <extensions>
          <gpxtpx:TrackPointExtension>
            <gpxtpx:hr>138</gpxtpx:hr>
          </gpxtpx:TrackPointExtension>
        </extensions>
      </trkpt>
      <trkpt lat="28.222731739417956" lon="112.91272444409663">
        <ele>56.5792240370065</ele>
        <time>2026-09-18T23:06:24.300000Z</time>
        <extensions>
          <gpxtpx:TrackPointExtension>
            <gpxtpx:hr>138</gpxtpx:hr>
          </gpxtpx:TrackPointExtension>
        </extensions>
      </trkpt>
      <trkpt lat="28.222730946250273" lon="112.91270013580083">
        <ele>56.60498432535678</ele>
        <time>2026-09-18T23:06:25.300000Z</time>
        <extensions>
          <gpxtpx:TrackPointExtension>
            <gpxtpx:hr>138</gpxtpx:hr>
          </gpxtpx:TrackPointExtension>
        </extensions>
      </trkpt>
      <trkpt lat="28.222729955364507" lon="112.91267336422312">
        <ele>56.61682881042361</ele>
        <time>2026-09-18T23:06:26.300000Z</time>
        <extensions>
          <gpxtpx:TrackPointExtension>
            <gpxtpx:hr>138</gpxtpx:hr>
          </gpxtpx:TrackPointExtension>
        </extensions>
      </trkpt>
      <trkpt lat="28.22272900553267" lon="112.9126447167467">
        <ele>56.6142492108047</ele>
        <time>2026-09-18T23:06:27.300000Z</time>
        <extensions>
          <gpxtpx:TrackPointExtension>
            <gpxtpx:hr>138</gpxtpx:hr>
          </gpxtpx:TrackPointExtension>
        </extensions>
      </trkpt>
      <trkpt lat="28.222728370687243" lon="112.91261507757405">
        <ele>56.596712433733046</ele>
        <time>2026-09-18T23:06:28.300000Z</time>
        <extensions>
          <gpxtpx:TrackPointExtension>
            <gpxtpx:hr>138</gpxtpx:hr>
          </gpxtpx:TrackPointExtension>
        </extensions>
      </trkpt>
      <trkpt lat="28.22272813626547" lon="112.91258510612145">
        <ele>56.563604834489524</ele>
        <time>2026-09-18T23:06:29.300000Z</time>
        <extensions>
          <gpxtpx:TrackPointExtension>
            <gpxtpx:hr>138</gpxtpx:hr>
          </gpxtpx:TrackPointExtension>
        </extensions>
      </trkpt>
      <trkpt lat="28.222728424143423" lon="112.91255525829948">
        <ele>56.514270244166255</ele>
        <time>2026-09-18T23:06:30.300000Z</time>
        <extensions>
          <gpxtpx:TrackPointExtension>
            <gpxtpx:hr>138</gpxtpx:hr>
          </gpxtpx:TrackPointExtension>
        </extensions>
      </trkpt>
      <trkpt lat="28.22272937816434" lon="112.91252557027508">
        <ele>56.44826537091285</ele>
        <time>2026-09-18T23:06:31.300000Z</time>
        <extensions>
          <gpxtpx:TrackPointExtension>
            <gpxtpx:hr>138</gpxtpx:hr>
          </gpxtpx:TrackPointExtension>
        </extensions>
      </trkpt>
      <trkpt lat="28.222731058268838" lon="112.9124961666731">
        <ele>56.365569865331054</ele>
        <time>2026-09-18T23:06:32.300000Z</time>
        <extensions>
          <gpxtpx:TrackPointExtension>
            <gpxtpx:hr>138</gpxtpx:hr>
          </gpxtpx:TrackPointExtension>
        </extensions>
      </trkpt>
      <trkpt lat="28.222733334527053" lon="112.9124671742631">
        <ele>56.266674988903105</ele>
        <time>2026-09-18T23:06:33.300000Z</time>
        <extensions>
          <gpxtpx:TrackPointExtension>
            <gpxtpx:hr>138</gpxtpx:hr>
          </gpxtpx:TrackPointExtension>
        </extensions>
      </trkpt>
      <trkpt lat="28.22273606380378" lon="112.91243846985854">
        <ele>56.152897232212126</ele>
        <time>2026-09-18T23:06:34.300000Z</time>
        <extensions>
          <gpxtpx:TrackPointExtension>
            <gpxtpx:hr>138</gpxtpx:hr>
          </gpxtpx:TrackPointExtension>
        </extensions>
      </trkpt>
      <trkpt lat="28.222739070906595" lon="112.91241001498469">
        <ele>56.02683160174638</ele>
        <time>2026-09-18T23:06:35.300000Z</time>
        <extensions>
          <gpxtpx:TrackPointExtension>
            <gpxtpx:hr>138</gpxtpx:hr>
          </gpxtpx:TrackPointExtension>
        </extensions>
      </trkpt>
      <trkpt lat="28.222742339688757" lon="112.91238179184676">
        <ele>55.89261710271239</ele>
        <time>2026-09-18T23:06:36.200000Z</time>
        <extensions>
          <gpxtpx:TrackPointExtension>
            <gpxtpx:hr>138</gpxtpx:hr>
          </gpxtpx:TrackPointExtension>
        </extensions>
      </trkpt>
      <trkpt lat="28.222745728840927" lon="112.91235355636582">
        <ele>55.756187776103616</ele>
        <time>2026-09-18T23:06:37.200000Z</time>
        <extensions>
          <gpxtpx:TrackPointExtension>
            <gpxtpx:hr>138</gpxtpx:hr>
          </gpxtpx:TrackPointExtension>
        </extensions>
      </trkpt>
      <trkpt lat="28.222748582572862" lon="112.91232618981557">
        <ele>55.63014804944396</ele>
        <time>2026-09-18T23:06:38.200000Z</time>
        <extensions>
          <gpxtpx:TrackPointExtension>
            <gpxtpx:hr>139</gpxtpx:hr>
          </gpxtpx:TrackPointExtension>
        </extensions>
      </trkpt>
      <trkpt lat="28.222750995243494" lon="112.91229751627793">
        <ele>55.512864951975644</ele>
        <time>2026-09-18T23:06:39.200000Z</time>
        <extensions>
          <gpxtpx:TrackPointExtension>
            <gpxtpx:hr>139</gpxtpx:hr>
          </gpxtpx:TrackPointExtension>
        </extensions>
      </trkpt>
      <trkpt lat="28.22275308033073" lon="112.91226907713691">
        <ele>55.41499868221581</ele>
        <time>2026-09-18T23:06:40.200000Z</time>
        <extensions>
          <gpxtpx:TrackPointExtension>
            <gpxtpx:hr>139</gpxtpx:hr>
          </gpxtpx:TrackPointExtension>
        </extensions>
      </trkpt>
      <trkpt lat="28.222754812531004" lon="112.91224124359354">
        <ele>55.33748200070113</ele>
        <time>2026-09-18T23:06:41.200000Z</time>
        <extensions>
          <gpxtpx:TrackPointExtension>
            <gpxtpx:hr>139</gpxtpx:hr>
          </gpxtpx:TrackPointExtension>
        </extensions>
      </trkpt>
      <trkpt lat="28.222756040444775" lon="112.91221381903974">
        <ele>55.278796918690205</ele>
        <time>2026-09-18T23:06:42.200000Z</time>
        <extensions>
          <gpxtpx:TrackPointExtension>
            <gpxtpx:hr>139</gpxtpx:hr>
          </gpxtpx:TrackPointExtension>
        </extensions>
      </trkpt>
      <trkpt lat="28.222756665295147" lon="112.91218654261343">
        <ele>55.236220573075116</ele>
        <time>2026-09-18T23:06:43.200000Z</time>
        <extensions>
          <gpxtpx:TrackPointExtension>
            <gpxtpx:hr>144</gpxtpx:hr>
          </gpxtpx:TrackPointExtension>
        </extensions>
      </trkpt>
      <trkpt lat="28.222756702931914" lon="112.91215912203187">
        <ele>55.20656375773251</ele>
        <time>2026-09-18T23:06:44.200000Z</time>
        <extensions>
          <gpxtpx:TrackPointExtension>
            <gpxtpx:hr>144</gpxtpx:hr>
          </gpxtpx:TrackPointExtension>
        </extensions>
      </trkpt>
      <trkpt lat="28.222756358339296" lon="112.91213098695624">
        <ele>55.186564518138766</ele>
        <time>2026-09-18T23:06:45.200000Z</time>
        <extensions>
          <gpxtpx:TrackPointExtension>
            <gpxtpx:hr>144</gpxtpx:hr>
          </gpxtpx:TrackPointExtension>
        </extensions>
      </trkpt>
      <trkpt lat="28.22275584584159" lon="112.91210187601021">
        <ele>55.17334824614227</ele>
        <time>2026-09-18T23:06:46.200000Z</time>
        <extensions>
          <gpxtpx:TrackPointExtension>
            <gpxtpx:hr>144</gpxtpx:hr>
          </gpxtpx:TrackPointExtension>
        </extensions>
      </trkpt>
      <trkpt lat="28.222755321798946" lon="112.91207217642062">
        <ele>55.16470740363002</ele>
        <time>2026-09-18T23:06:47.200000Z</time>
        <extensions>
          <gpxtpx:TrackPointExtension>
            <gpxtpx:hr>144</gpxtpx:hr>
          </gpxtpx:TrackPointExtension>
        </extensions>
      </trkpt>
      <trkpt lat="28.222754845401013" lon="112.91204248627311">
        <ele>55.15921374037862</ele>
        <time>2026-09-18T23:06:48.200000Z</time>
        <extensions>
          <gpxtpx:TrackPointExtension>
            <gpxtpx:hr>144</gpxtpx:hr>
          </gpxtpx:TrackPointExtension>
        </extensions>
      </trkpt>
      <trkpt lat="28.22275461293661" lon="112.91201303461023">
        <ele>55.156118740327656</ele>
        <time>2026-09-18T23:06:49.200000Z</time>
        <extensions>
          <gpxtpx:TrackPointExtension>
            <gpxtpx:hr>149</gpxtpx:hr>
          </gpxtpx:TrackPointExtension>
        </extensions>
      </trkpt>
      <trkpt lat="28.222754705419394" lon="112.9119837521065">
        <ele>55.15536449290812</ele>
        <time>2026-09-18T23:06:50.200000Z</time>
        <extensions>
          <gpxtpx:TrackPointExtension>
            <gpxtpx:hr>149</gpxtpx:hr>
          </gpxtpx:TrackPointExtension>
        </extensions>
      </trkpt>
      <trkpt lat="28.222754810688055" lon="112.91195470523347">
        <ele>55.15717813465744</ele>
        <time>2026-09-18T23:06:51.200000Z</time>
        <extensions>
          <gpxtpx:TrackPointExtension>
            <gpxtpx:hr>149</gpxtpx:hr>
          </gpxtpx:TrackPointExtension>
        </extensions>
      </trkpt>
      <trkpt lat="28.22275461979217" lon="112.91192594926486">
        <ele>55.161939546465874</ele>
        <time>2026-09-18T23:06:52.200000Z</time>
        <extensions>
          <gpxtpx:TrackPointExtension>
            <gpxtpx:hr>149</gpxtpx:hr>
          </gpxtpx:TrackPointExtension>
        </extensions>
      </trkpt>
      <trkpt lat="28.222754034613885" lon="112.91189757513207">
        <ele>55.170008464716375</ele>
        <time>2026-09-18T23:06:53.200000Z</time>
        <extensions>
          <gpxtpx:TrackPointExtension>
            <gpxtpx:hr>149</gpxtpx:hr>
          </gpxtpx:TrackPointExtension>
        </extensions>
      </trkpt>
      <trkpt lat="28.22275291003249" lon="112.9118695424063">
        <ele>55.18194638006389</ele>
        <time>2026-09-18T23:06:54.200000Z</time>
        <extensions>
          <gpxtpx:TrackPointExtension>
            <gpxtpx:hr>151</gpxtpx:hr>
          </gpxtpx:TrackPointExtension>
        </extensions>
      </trkpt>
      <trkpt lat="28.22275117780171" lon="112.91184189947994">
        <ele>55.19844915252179</ele>
        <time>2026-09-18T23:06:55.200000Z</time>
        <extensions>
          <gpxtpx:TrackPointExtension>
            <gpxtpx:hr>151</gpxtpx:hr>
          </gpxtpx:TrackPointExtension>
        </extensions>
      </trkpt>
      <trkpt lat="28.22274890834024" lon="112.91181485072457">
        <ele>55.22018826007843</ele>
        <time>2026-09-18T23:06:56.200000Z</time>
        <extensions>
          <gpxtpx:TrackPointExtension>
            <gpxtpx:hr>151</gpxtpx:hr>
          </gpxtpx:TrackPointExtension>
        </extensions>
      </trkpt>
      <trkpt lat="28.222746586607446" lon="112.91178803661607">
        <ele>55.24697313364595</ele>
        <time>2026-09-18T23:06:57.200000Z</time>
        <extensions>
          <gpxtpx:TrackPointExtension>
            <gpxtpx:hr>151</gpxtpx:hr>
          </gpxtpx:TrackPointExtension>
        </extensions>
      </trkpt>
      <trkpt lat="28.222744906616683" lon="112.91176107734763">
        <ele>55.27639702707529</ele>
        <time>2026-09-18T23:06:58.200000Z</time>
        <extensions>
          <gpxtpx:TrackPointExtension>
            <gpxtpx:hr>155</gpxtpx:hr>
          </gpxtpx:TrackPointExtension>
        </extensions>
      </trkpt>
      <trkpt lat="28.222743903994807" lon="112.91173398742716">
        <ele>55.30504874326289</ele>
        <time>2026-09-18T23:06:59.200000Z</time>
        <extensions>
          <gpxtpx:TrackPointExtension>
            <gpxtpx:hr>155</gpxtpx:hr>
          </gpxtpx:TrackPointExtension>
        </extensions>
      </trkpt>
      <trkpt lat="28.222743443887097" lon="112.91170684807138">
        <ele>55.328707203269005</ele>
        <time>2026-09-18T23:07:00.200000Z</time>
        <extensions>
          <gpxtpx:TrackPointExtension>
            <gpxtpx:hr>155</gpxtpx:hr>
          </gpxtpx:TrackPointExtension>
        </extensions>
      </trkpt>
      <trkpt lat="28.2227435397773" lon="112.91167960465329">
        <ele>55.34450748655945</ele>
        <time>2026-09-18T23:07:01.200000Z</time>
        <extensions>
          <gpxtpx:TrackPointExtension>
            <gpxtpx:hr>155</gpxtpx:hr>
          </gpxtpx:TrackPointExtension>
        </extensions>
      </trkpt>
      <trkpt lat="28.2227440974034" lon="112.91165228571603">
        <ele>55.35129900276661</ele>
        <time>2026-09-18T23:07:02.200000Z</time>
        <extensions>
          <gpxtpx:TrackPointExtension>
            <gpxtpx:hr>155</gpxtpx:hr>
          </gpxtpx:TrackPointExtension>
        </extensions>
      </trkpt>
      <trkpt lat="28.222744985641896" lon="112.9116251183503">
        <ele>55.34666374512017</ele>
        <time>2026-09-18T23:07:03.200000Z</time>
        <extensions>
          <gpxtpx:TrackPointExtension>
            <gpxtpx:hr>155</gpxtpx:hr>
          </gpxtpx:TrackPointExtension>
        </extensions>
      </trkpt>
      <trkpt lat="28.222746109451105" lon="112.91159841890553">
        <ele>55.32991287019104</ele>
        <time>2026-09-18T23:07:04.200000Z</time>
        <extensions>
          <gpxtpx:TrackPointExtension>
            <gpxtpx:hr>156</gpxtpx:hr>
          </gpxtpx:TrackPointExtension>
        </extensions>
      </trkpt>
      <trkpt lat="28.222747359673452" lon="112.91157220004382">
        <ele>55.29976006783545</ele>
        <time>2026-09-18T23:07:05.200000Z</time>
        <extensions>
          <gpxtpx:TrackPointExtension>
            <gpxtpx:hr>156</gpxtpx:hr>
          </gpxtpx:TrackPointExtension>
        </extensions>
      </trkpt>
      <trkpt lat="28.222748711022" lon="112.91154616287974">
        <ele>55.255597837269306</ele>
        <time>2026-09-18T23:07:06.200000Z</time>
        <extensions>
          <gpxtpx:TrackPointExtension>
            <gpxtpx:hr>156</gpxtpx:hr>
          </gpxtpx:TrackPointExtension>
        </extensions>
      </trkpt>
      <trkpt lat="28.22275012567177" lon="112.91151997466619">
        <ele>55.198555612936616</ele>
        <time>2026-09-18T23:07:07.200000Z</time>
        <extensions>
          <gpxtpx:TrackPointExtension>
            <gpxtpx:hr>156</gpxtpx:hr>
          </gpxtpx:TrackPointExtension>
        </extensions>
      </trkpt>
      <trkpt lat="28.222751606244092" lon="112.91149339917183">
        <ele>55.12840010225773</ele>
        <time>2026-09-18T23:07:08.200000Z</time>
        <extensions>
          <gpxtpx:TrackPointExtension>
            <gpxtpx:hr>156</gpxtpx:hr>
          </gpxtpx:TrackPointExtension>
        </extensions>
      </trkpt>
      <trkpt lat="28.222753287230216" lon="112.9114662833718">
        <ele>55.046300733461976</ele>
        <time>2026-09-18T23:07:09.200000Z</time>
        <extensions>
          <gpxtpx:TrackPointExtension>
            <gpxtpx:hr>156</gpxtpx:hr>
          </gpxtpx:TrackPointExtension>
        </extensions>
      </trkpt>
      <trkpt lat="28.222755331993028" lon="112.9114386036206">
        <ele>54.95232890639454</ele>
        <time>2026-09-18T23:07:10.200000Z</time>
        <extensions>
          <gpxtpx:TrackPointExtension>
            <gpxtpx:hr>158</gpxtpx:hr>
          </gpxtpx:TrackPointExtension>
        </extensions>
      </trkpt>
      <trkpt lat="28.222757642259946" lon="112.91141052304766">
        <ele>54.848176260478795</ele>
        <time>2026-09-18T23:07:11.200000Z</time>
        <extensions>
          <gpxtpx:TrackPointExtension>
            <gpxtpx:hr>158</gpxtpx:hr>
          </gpxtpx:TrackPointExtension>
        </extensions>
      </trkpt>
      <trkpt lat="28.222760127304504" lon="112.91138207572429">
        <ele>54.73500921949744</ele>
        <time>2026-09-18T23:07:12.200000Z</time>
        <extensions>
          <gpxtpx:TrackPointExtension>
            <gpxtpx:hr>158</gpxtpx:hr>
          </gpxtpx:TrackPointExtension>
        </extensions>
      </trkpt>
      <trkpt lat="28.22276302886787" lon="112.91135335274618">
        <ele>54.61524317134172</ele>
        <time>2026-09-18T23:07:13.200000Z</time>
        <extensions>
          <gpxtpx:TrackPointExtension>
            <gpxtpx:hr>158</gpxtpx:hr>
          </gpxtpx:TrackPointExtension>
        </extensions>
      </trkpt>
      <trkpt lat="28.22276639655442" lon="112.91132435312012">
        <ele>54.49111631792039</ele>
        <time>2026-09-18T23:07:14.200000Z</time>
        <extensions>
          <gpxtpx:TrackPointExtension>
            <gpxtpx:hr>158</gpxtpx:hr>
          </gpxtpx:TrackPointExtension>
        </extensions>
      </trkpt>
      <trkpt lat="28.22277011944292" lon="112.91129500737013">
        <ele>54.36393910180777</ele>
        <time>2026-09-18T23:07:15.200000Z</time>
        <extensions>
          <gpxtpx:TrackPointExtension>
            <gpxtpx:hr>160</gpxtpx:hr>
          </gpxtpx:TrackPointExtension>
        </extensions>
      </trkpt>
      <trkpt lat="28.222774025391406" lon="112.91126530955472">
        <ele>54.23571401741356</ele>
        <time>2026-09-18T23:07:16.200000Z</time>
        <extensions>
          <gpxtpx:TrackPointExtension>
            <gpxtpx:hr>160</gpxtpx:hr>
          </gpxtpx:TrackPointExtension>
        </extensions>
      </trkpt>
      <trkpt lat="28.22277775399493" lon="112.91123534617805">
        <ele>54.10890069510788</ele>
        <time>2026-09-18T23:07:17.200000Z</time>
        <extensions>
          <gpxtpx:TrackPointExtension>
            <gpxtpx:hr>160</gpxtpx:hr>
          </gpxtpx:TrackPointExtension>
        </extensions>
      </trkpt>
      <trkpt lat="28.22278102041828" lon="112.91120530580099">
        <ele>53.98561418335885</ele>
        <time>2026-09-18T23:07:18.200000Z</time>
        <extensions>
          <gpxtpx:TrackPointExtension>
            <gpxtpx:hr>160</gpxtpx:hr>
          </gpxtpx:TrackPointExtension>
        </extensions>
      </trkpt>
      <trkpt lat="28.222783941733137" lon="112.91117512951399">
        <ele>53.8675334751606</ele>
        <time>2026-09-18T23:07:19.200000Z</time>
        <extensions>
          <gpxtpx:TrackPointExtension>
            <gpxtpx:hr>160</gpxtpx:hr>
          </gpxtpx:TrackPointExtension>
        </extensions>
      </trkpt>
      <trkpt lat="28.222786793565607" lon="112.91114469299434">
        <ele>53.756031260825694</ele>
        <time>2026-09-18T23:07:20.200000Z</time>
        <extensions>
          <gpxtpx:TrackPointExtension>
            <gpxtpx:hr>160</gpxtpx:hr>
          </gpxtpx:TrackPointExtension>
        </extensions>
      </trkpt>
      <trkpt lat="28.22278969391413" lon="112.91111417396952">
        <ele>53.65197470691055</ele>
        <time>2026-09-18T23:07:21.200000Z</time>
        <extensions>
          <gpxtpx:TrackPointExtension>
            <gpxtpx:hr>160</gpxtpx:hr>
          </gpxtpx:TrackPointExtension>
        </extensions>
      </trkpt>
      <trkpt lat="28.22279248972023" lon="112.91108390002508">
        <ele>53.55624144989997</ele>
        <time>2026-09-18T23:07:22.200000Z</time>
        <extensions>
          <gpxtpx:TrackPointExtension>
            <gpxtpx:hr>160</gpxtpx:hr>
          </gpxtpx:TrackPointExtension>
        </extensions>
      </trkpt>
      <trkpt lat="28.222794807938094" lon="112.91105386256682">
        <ele>53.46923377364874</ele>
        <time>2026-09-18T23:07:23.200000Z</time>
        <extensions>
          <gpxtpx:TrackPointExtension>
            <gpxtpx:hr>163</gpxtpx:hr>
          </gpxtpx:TrackPointExtension>
        </extensions>
      </trkpt>
      <trkpt lat="28.222796346223827" lon="112.91102409270276">
        <ele>53.3901738896966</ele>
        <time>2026-09-18T23:07:24.200000Z</time>
        <extensions>
          <gpxtpx:TrackPointExtension>
            <gpxtpx:hr>163</gpxtpx:hr>
          </gpxtpx:TrackPointExtension>
        </extensions>
      </trkpt>
      <trkpt lat="28.222796989487748" lon="112.91099452988122">
        <ele>53.31968410406262</ele>
        <time>2026-09-18T23:07:25.200000Z</time>
        <extensions>
          <gpxtpx:TrackPointExtension>
            <gpxtpx:hr>163</gpxtpx:hr>
          </gpxtpx:TrackPointExtension>
        </extensions>
      </trkpt>
      <trkpt lat="28.222796818781127" lon="112.91096482578655">
        <ele>53.25804194342345</ele>
        <time>2026-09-18T23:07:26.200000Z</time>
        <extensions>
          <gpxtpx:TrackPointExtension>
            <gpxtpx:hr>163</gpxtpx:hr>
          </gpxtpx:TrackPointExtension>
        </extensions>
      </trkpt>
      <trkpt lat="28.222795945529068" lon="112.9109347738115">
        <ele>53.20434370264411</ele>
        <time>2026-09-18T23:07:27.100000Z</time>
        <extensions>
          <gpxtpx:TrackPointExtension>
            <gpxtpx:hr>163</gpxtpx:hr>
          </gpxtpx:TrackPointExtension>
        </extensions>
      </trkpt>
      <trkpt lat="28.222794436260603" lon="112.91090437689819">
        <ele>53.158694309182465</ele>
        <time>2026-09-18T23:07:28.100000Z</time>
        <extensions>
          <gpxtpx:TrackPointExtension>
            <gpxtpx:hr>163</gpxtpx:hr>
          </gpxtpx:TrackPointExtension>
        </extensions>
      </trkpt>
      <trkpt lat="28.22279226616596" lon="112.91087374427757">
        <ele>53.120048992335796</ele>
        <time>2026-09-18T23:07:29.100000Z</time>
        <extensions>
          <gpxtpx:TrackPointExtension>
            <gpxtpx:hr>163</gpxtpx:hr>
          </gpxtpx:TrackPointExtension>
        </extensions>
      </trkpt>
      <trkpt lat="28.222789648570263" lon="112.91084311123419">
        <ele>53.08713048230857</ele>
        <time>2026-09-18T23:07:30.100000Z</time>
        <extensions>
          <gpxtpx:TrackPointExtension>
            <gpxtpx:hr>165</gpxtpx:hr>
          </gpxtpx:TrackPointExtension>
        </extensions>
      </trkpt>
      <trkpt lat="28.222787025901155" lon="112.91081253783776">
        <ele>53.058742499910295</ele>
        <time>2026-09-18T23:07:31.100000Z</time>
        <extensions>
          <gpxtpx:TrackPointExtension>
            <gpxtpx:hr>165</gpxtpx:hr>
          </gpxtpx:TrackPointExtension>
        </extensions>
      </trkpt>
      <trkpt lat="28.222784671325773" lon="112.91078175695358">
        <ele>53.03331871330738</ele>
        <time>2026-09-18T23:07:32.100000Z</time>
        <extensions>
          <gpxtpx:TrackPointExtension>
            <gpxtpx:hr>165</gpxtpx:hr>
          </gpxtpx:TrackPointExtension>
        </extensions>
      </trkpt>
      <trkpt lat="28.222782786253358" lon="112.91075071048769">
        <ele>53.009259877726436</ele>
        <time>2026-09-18T23:07:33.100000Z</time>
        <extensions>
          <gpxtpx:TrackPointExtension>
            <gpxtpx:hr>165</gpxtpx:hr>
          </gpxtpx:TrackPointExtension>
        </extensions>
      </trkpt>
      <trkpt lat="28.222781381207962" lon="112.9107194581766">
        <ele>52.98610872589052</ele>
        <time>2026-09-18T23:07:34.100000Z</time>
        <extensions>
          <gpxtpx:TrackPointExtension>
            <gpxtpx:hr>165</gpxtpx:hr>
          </gpxtpx:TrackPointExtension>
        </extensions>
      </trkpt>
      <trkpt lat="28.222780234139954" lon="112.91068825907082">
        <ele>52.96324667520821</ele>
        <time>2026-09-18T23:07:35.100000Z</time>
        <extensions>
          <gpxtpx:TrackPointExtension>
            <gpxtpx:hr>166</gpxtpx:hr>
          </gpxtpx:TrackPointExtension>
        </extensions>
      </trkpt>
      <trkpt lat="28.222778830544435" lon="112.91065761735865">
        <ele>52.9399426644668</ele>
        <time>2026-09-18T23:07:36.100000Z</time>
        <extensions>
          <gpxtpx:TrackPointExtension>
            <gpxtpx:hr>166</gpxtpx:hr>
          </gpxtpx:TrackPointExtension>
        </extensions>
      </trkpt>
      <trkpt lat="28.22277684712752" lon="112.91062786613458">
        <ele>52.91597191710025</ele>
        <time>2026-09-18T23:07:37.100000Z</time>
        <extensions>
          <gpxtpx:TrackPointExtension>
            <gpxtpx:hr>166</gpxtpx:hr>
          </gpxtpx:TrackPointExtension>
        </extensions>
      </trkpt>
      <trkpt lat="28.222774485010536" lon="112.91059880349258">
        <ele>52.89095721580088</ele>
        <time>2026-09-18T23:07:38.100000Z</time>
        <extensions>
          <gpxtpx:TrackPointExtension>
            <gpxtpx:hr>166</gpxtpx:hr>
          </gpxtpx:TrackPointExtension>
        </extensions>
      </trkpt>
      <trkpt lat="28.22277216767549" lon="112.91056990746243">
        <ele>52.87962748389691</ele>
        <time>2026-09-18T23:07:39.100000Z</time>
        <extensions>
          <gpxtpx:TrackPointExtension>
            <gpxtpx:hr>167</gpxtpx:hr>
          </gpxtpx:TrackPointExtension>
        </extensions>
      </trkpt>
      <trkpt lat="28.22277020291535" lon="112.91054093759809">
        <ele>52.85559574235231</ele>
        <time>2026-09-18T23:07:40.100000Z</time>
        <extensions>
          <gpxtpx:TrackPointExtension>
            <gpxtpx:hr>167</gpxtpx:hr>
          </gpxtpx:TrackPointExtension>
        </extensions>
      </trkpt>
      <trkpt lat="28.222768502053807" lon="112.91051174122728">
        <ele>52.82961215265095</ele>
        <time>2026-09-18T23:07:41.100000Z</time>
        <extensions>
          <gpxtpx:TrackPointExtension>
            <gpxtpx:hr>167</gpxtpx:hr>
          </gpxtpx:TrackPointExtension>
        </extensions>
      </trkpt>
      <trkpt lat="28.222767016210906" lon="112.91048210432106">
        <ele>52.80267584696412</ele>
        <time>2026-09-18T23:07:42.100000Z</time>
        <extensions>
          <gpxtpx:TrackPointExtension>
            <gpxtpx:hr>167</gpxtpx:hr>
          </gpxtpx:TrackPointExtension>
        </extensions>
      </trkpt>
      <trkpt lat="28.222766040777078" lon="112.91045194330755">
        <ele>52.77560503501445</ele>
        <time>2026-09-18T23:07:43.100000Z</time>
        <extensions>
          <gpxtpx:TrackPointExtension>
            <gpxtpx:hr>167</gpxtpx:hr>
          </gpxtpx:TrackPointExtension>
        </extensions>
      </trkpt>
      <trkpt lat="28.22276555806006" lon="112.91042148717541">
        <ele>52.74943292606622</ele>
        <time>2026-09-18T23:07:44.100000Z</time>
        <extensions>
          <gpxtpx:TrackPointExtension>
            <gpxtpx:hr>169</gpxtpx:hr>
          </gpxtpx:TrackPointExtension>
        </extensions>
      </trkpt>
      <trkpt lat="28.222765276264134" lon="112.91039107836787">
        <ele>52.72536519635469</ele>
        <time>2026-09-18T23:07:45.100000Z</time>
        <extensions>
          <gpxtpx:TrackPointExtension>
            <gpxtpx:hr>169</gpxtpx:hr>
          </gpxtpx:TrackPointExtension>
        </extensions>
      </trkpt>
      <trkpt lat="28.222765239099434" lon="112.91036098331313">
        <ele>52.704734126105905</ele>
        <time>2026-09-18T23:07:46.100000Z</time>
        <extensions>
          <gpxtpx:TrackPointExtension>
            <gpxtpx:hr>169</gpxtpx:hr>
          </gpxtpx:TrackPointExtension>
        </extensions>
      </trkpt>
      <trkpt lat="28.222765514160493" lon="112.9103314158961">
        <ele>52.68870220147073</ele>
        <time>2026-09-18T23:07:47.100000Z</time>
        <extensions>
          <gpxtpx:TrackPointExtension>
            <gpxtpx:hr>169</gpxtpx:hr>
          </gpxtpx:TrackPointExtension>
        </extensions>
      </trkpt>
      <trkpt lat="28.22276590225702" lon="112.91030231698555">
        <ele>52.67810108605772</ele>
        <time>2026-09-18T23:07:48.100000Z</time>
        <extensions>
          <gpxtpx:TrackPointExtension>
            <gpxtpx:hr>169</gpxtpx:hr>
          </gpxtpx:TrackPointExtension>
        </extensions>
      </trkpt>
      <trkpt lat="28.22276607575499" lon="112.91027356648463">
        <ele>52.67336714081466</ele>
        <time>2026-09-18T23:07:49.100000Z</time>
        <extensions>
          <gpxtpx:TrackPointExtension>
            <gpxtpx:hr>169</gpxtpx:hr>
          </gpxtpx:TrackPointExtension>
        </extensions>
      </trkpt>
      <trkpt lat="28.22276585609345" lon="112.91024503272854">
        <ele>52.674513769336045</ele>
        <time>2026-09-18T23:07:50.100000Z</time>
        <extensions>
          <gpxtpx:TrackPointExtension>
            <gpxtpx:hr>169</gpxtpx:hr>
          </gpxtpx:TrackPointExtension>
        </extensions>
      </trkpt>
      <trkpt lat="28.222765067543985" lon="112.91021671222273">
        <ele>52.68119488004595</ele>
        <time>2026-09-18T23:07:51.100000Z</time>
        <extensions>
          <gpxtpx:TrackPointExtension>
            <gpxtpx:hr>169</gpxtpx:hr>
          </gpxtpx:TrackPointExtension>
        </extensions>
      </trkpt>
      <trkpt lat="28.222763383939395" lon="112.91018869500115">
        <ele>52.69266239460558</ele>
        <time>2026-09-18T23:07:52.100000Z</time>
        <extensions>
          <gpxtpx:TrackPointExtension>
            <gpxtpx:hr>169</gpxtpx:hr>
          </gpxtpx:TrackPointExtension>
        </extensions>
      </trkpt>
      <trkpt lat="28.222760570987106" lon="112.91016108627986">
        <ele>52.7078079553321</ele>
        <time>2026-09-18T23:07:53.100000Z</time>
        <extensions>
          <gpxtpx:TrackPointExtension>
            <gpxtpx:hr>169</gpxtpx:hr>
          </gpxtpx:TrackPointExtension>
        </extensions>
      </trkpt>
      <trkpt lat="28.222756336754536" lon="112.91013392633457">
        <ele>52.725457737222314</ele>
        <time>2026-09-18T23:07:54.100000Z</time>
        <extensions>
          <gpxtpx:TrackPointExtension>
            <gpxtpx:hr>171</gpxtpx:hr>
          </gpxtpx:TrackPointExtension>
        </extensions>
      </trkpt>
      <trkpt lat="28.222750399446728" lon="112.9101072051126">
        <ele>52.744588792324066</ele>
        <time>2026-09-18T23:07:55.100000Z</time>
        <extensions>
          <gpxtpx:TrackPointExtension>
            <gpxtpx:hr>171</gpxtpx:hr>
          </gpxtpx:TrackPointExtension>
        </extensions>
      </trkpt>
      <trkpt lat="28.222742622212323" lon="112.91008075532369">
        <ele>52.76438183058053</ele>
        <time>2026-09-18T23:07:56.100000Z</time>
        <extensions>
          <gpxtpx:TrackPointExtension>
            <gpxtpx:hr>171</gpxtpx:hr>
          </gpxtpx:TrackPointExtension>
        </extensions>
      </trkpt>
      <trkpt lat="28.222733106217024" lon="112.91005421308112">
        <ele>52.78405760973692</ele>
        <time>2026-09-18T23:07:57.100000Z</time>
        <extensions>
          <gpxtpx:TrackPointExtension>
            <gpxtpx:hr>171</gpxtpx:hr>
          </gpxtpx:TrackPointExtension>
        </extensions>
      </trkpt>
      <trkpt lat="28.22272234953351" lon="112.91002776487112">
        <ele>52.802723025903106</ele>
        <time>2026-09-18T23:07:58.100000Z</time>
        <extensions>
          <gpxtpx:TrackPointExtension>
            <gpxtpx:hr>171</gpxtpx:hr>
          </gpxtpx:TrackPointExtension>
        </extensions>
      </trkpt>
      <trkpt lat="28.22271117487715" lon="112.91000208739298">
        <ele>52.8195076379925</ele>
        <time>2026-09-18T23:07:59.100000Z</time>
        <extensions>
          <gpxtpx:TrackPointExtension>
            <gpxtpx:hr>171</gpxtpx:hr>
          </gpxtpx:TrackPointExtension>
        </extensions>
      </trkpt>
      <trkpt lat="28.222700722458757" lon="112.90997774694195">
        <ele>52.8337939940393</ele>
        <time>2026-09-18T23:08:00.100000Z</time>
        <extensions>
          <gpxtpx:TrackPointExtension>
            <gpxtpx:hr>171</gpxtpx:hr>
          </gpxtpx:TrackPointExtension>
        </extensions>
      </trkpt>
      <trkpt lat="28.222692028527604" lon="112.90995548531673">
        <ele>52.84534416068345</ele>
        <time>2026-09-18T23:08:01.100000Z</time>
        <extensions>
          <gpxtpx:TrackPointExtension>
            <gpxtpx:hr>171</gpxtpx:hr>
          </gpxtpx:TrackPointExtension>
        </extensions>
      </trkpt>
      <trkpt lat="28.22268553241506" lon="112.90993626878486">
        <ele>52.85426964517683</ele>
        <time>2026-09-18T23:08:02.100000Z</time>
        <extensions>
          <gpxtpx:TrackPointExtension>
            <gpxtpx:hr>171</gpxtpx:hr>
          </gpxtpx:TrackPointExtension>
        </extensions>
      </trkpt>
      <trkpt lat="28.222680941835907" lon="112.90992032096652">
        <ele>52.86087512038648</ele>
        <time>2026-09-18T23:08:03.100000Z</time>
        <extensions>
          <gpxtpx:TrackPointExtension>
            <gpxtpx:hr>171</gpxtpx:hr>
          </gpxtpx:TrackPointExtension>
        </extensions>
      </trkpt>
      <trkpt lat="28.22267754336467" lon="112.90990733759656">
        <ele>52.86555990669876</ele>
        <time>2026-09-18T23:08:04.100000Z</time>
        <extensions>
          <gpxtpx:TrackPointExtension>
            <gpxtpx:hr>171</gpxtpx:hr>
          </gpxtpx:TrackPointExtension>
        </extensions>
      </trkpt>
      <trkpt lat="28.222674953838936" lon="112.90989678604589">
        <ele>52.86883582640439</ele>
        <time>2026-09-18T23:08:05.100000Z</time>
        <extensions>
          <gpxtpx:TrackPointExtension>
            <gpxtpx:hr>171</gpxtpx:hr>
          </gpxtpx:TrackPointExtension>
        </extensions>
      </trkpt>
      <trkpt lat="28.222673095569313" lon="112.90988865996353">
        <ele>52.87138638552278</ele>
        <time>2026-09-18T23:08:06.100000Z</time>
        <extensions>
          <gpxtpx:TrackPointExtension>
            <gpxtpx:hr>172</gpxtpx:hr>
          </gpxtpx:TrackPointExtension>
        </extensions>
      </trkpt>
      <trkpt lat="28.222671860355653" lon="112.90988339088507">
        <ele>52.87394660618156</ele>
        <time>2026-09-18T23:08:07.100000Z</time>
        <extensions>
          <gpxtpx:TrackPointExtension>
            <gpxtpx:hr>172</gpxtpx:hr>
          </gpxtpx:TrackPointExtension>
        </extensions>
      </trkpt>
      <trkpt lat="28.22267112364467" lon="112.90988052719614">
        <ele>52.87718925345689</ele>
        <time>2026-09-18T23:08:08.100000Z</time>
        <extensions>
          <gpxtpx:TrackPointExtension>
            <gpxtpx:hr>172</gpxtpx:hr>
          </gpxtpx:TrackPointExtension>
        </extensions>
      </trkpt>
      <trkpt lat="28.2226707344541" lon="112.9098793072882">
        <ele>52.881649444811046</ele>
        <time>2026-09-18T23:08:09.100000Z</time>
        <extensions>
          <gpxtpx:TrackPointExtension>
            <gpxtpx:hr>172</gpxtpx:hr>
          </gpxtpx:TrackPointExtension>
        </extensions>
      </trkpt>
      <trkpt lat="28.222670589634824" lon="112.90987920634011">
        <ele>52.88784420210868</ele>
        <time>2026-09-18T23:08:10.100000Z</time>
        <extensions>
          <gpxtpx:TrackPointExtension>
            <gpxtpx:hr>172</gpxtpx:hr>
          </gpxtpx:TrackPointExtension>
        </extensions>
      </trkpt>
      <trkpt lat="28.22267060826316" lon="112.90987981591579">
        <ele>52.896345167420805</ele>
        <time>2026-09-18T23:08:11.100000Z</time>
        <extensions>
          <gpxtpx:TrackPointExtension>
            <gpxtpx:hr>172</gpxtpx:hr>
          </gpxtpx:TrackPointExtension>
        </extensions>
      </trkpt>
      <trkpt lat="28.222670731448858" lon="112.90988084380224">
        <ele>52.90775234159082</ele>
        <time>2026-09-18T23:08:12.100000Z</time>
        <extensions>
          <gpxtpx:TrackPointExtension>
            <gpxtpx:hr>168</gpxtpx:hr>
          </gpxtpx:TrackPointExtension>
        </extensions>
      </trkpt>
      <trkpt lat="28.222670914929274" lon="112.90988207058795">
        <ele>52.922712623141706</ele>
        <time>2026-09-18T23:08:13.100000Z</time>
        <extensions>
          <gpxtpx:TrackPointExtension>
            <gpxtpx:hr>168</gpxtpx:hr>
          </gpxtpx:TrackPointExtension>
        </extensions>
      </trkpt>
      <trkpt lat="28.222671122073777" lon="112.90988331250286">
        <ele>52.94196332246065</ele>
        <time>2026-09-18T23:08:14.100000Z</time>
        <extensions>
          <gpxtpx:TrackPointExtension>
            <gpxtpx:hr>168</gpxtpx:hr>
          </gpxtpx:TrackPointExtension>
        </extensions>
      </trkpt>
      <trkpt lat="28.22267133929021" lon="112.90988450873373">
        <ele>52.96620056498796</ele>
        <time>2026-09-18T23:08:15.100000Z</time>
        <extensions>
          <gpxtpx:TrackPointExtension>
            <gpxtpx:hr>168</gpxtpx:hr>
          </gpxtpx:TrackPointExtension>
        </extensions>
      </trkpt>
      <trkpt lat="28.222671560444287" lon="112.90988563576616">
        <ele>52.995884030126035</ele>
        <time>2026-09-18T23:08:16.100000Z</time>
        <extensions>
          <gpxtpx:TrackPointExtension>
            <gpxtpx:hr>168</gpxtpx:hr>
          </gpxtpx:TrackPointExtension>
        </extensions>
      </trkpt>
      <trkpt lat="28.22267176216618" lon="112.90988657584184">
        <ele>53.03111081570387</ele>
        <time>2026-09-18T23:08:17.100000Z</time>
        <extensions>
          <gpxtpx:TrackPointExtension>
            <gpxtpx:hr>168</gpxtpx:hr>
          </gpxtpx:TrackPointExtension>
        </extensions>
      </trkpt>
      <trkpt lat="28.222671938914296" lon="112.90988731475153">
        <ele>53.07167181093246</ele>
        <time>2026-09-18T23:08:18Z</time>
        <extensions>
          <gpxtpx:TrackPointExtension>
            <gpxtpx:hr>159</gpxtpx:hr>
          </gpxtpx:TrackPointExtension>
        </extensions>
      </trkpt>
      <trkpt lat="28.222672089908684" lon="112.9098878707045">
        <ele>53.117070809938014</ele>
        <time>2026-09-18T23:08:19Z</time>
        <extensions>
          <gpxtpx:TrackPointExtension>
            <gpxtpx:hr>159</gpxtpx:hr>
          </gpxtpx:TrackPointExtension>
        </extensions>
      </trkpt>
      <trkpt lat="28.222672173795246" lon="112.9098880462436">
        <ele>53.16668668296188</ele>
        <time>2026-09-18T23:08:20Z</time>
        <extensions>
          <gpxtpx:TrackPointExtension>
            <gpxtpx:hr>159</gpxtpx:hr>
          </gpxtpx:TrackPointExtension>
        </extensions>
      </trkpt>
      <trkpt lat="28.222672127281445" lon="112.90988753824682">
        <ele>53.21997455600649</ele>
        <time>2026-09-18T23:08:21Z</time>
        <extensions>
          <gpxtpx:TrackPointExtension>
            <gpxtpx:hr>159</gpxtpx:hr>
          </gpxtpx:TrackPointExtension>
        </extensions>
      </trkpt>
      <trkpt lat="28.222671865020818" lon="112.90988594692007">
        <ele>53.27657194901258</ele>
        <time>2026-09-18T23:08:22Z</time>
        <extensions>
          <gpxtpx:TrackPointExtension>
            <gpxtpx:hr>159</gpxtpx:hr>
          </gpxtpx:TrackPointExtension>
        </extensions>
      </trkpt>
      <trkpt lat="28.222671329848744" lon="112.90988305905066">
        <ele>53.336307504214346</ele>
        <time>2026-09-18T23:08:23Z</time>
        <extensions>
          <gpxtpx:TrackPointExtension>
            <gpxtpx:hr>159</gpxtpx:hr>
          </gpxtpx:TrackPointExtension>
        </extensions>
      </trkpt>
      <trkpt lat="28.222670631319787" lon="112.90987963555874">
        <ele>53.39902217127383</ele>
        <time>2026-09-18T23:08:24Z</time>
        <extensions>
          <gpxtpx:TrackPointExtension>
            <gpxtpx:hr>159</gpxtpx:hr>
          </gpxtpx:TrackPointExtension>
        </extensions>
      </trkpt>
      <trkpt lat="28.222669923182515" lon="112.90987679793247">
        <ele>53.464290543459356</ele>
        <time>2026-09-18T23:08:25Z</time>
        <extensions>
          <gpxtpx:TrackPointExtension>
            <gpxtpx:hr>150</gpxtpx:hr>
          </gpxtpx:TrackPointExtension>
        </extensions>
      </trkpt>
      <trkpt lat="28.222669130379078" lon="112.90987455344396">
        <ele>53.53124540857971</ele>
        <time>2026-09-18T23:08:26Z</time>
        <extensions>
          <gpxtpx:TrackPointExtension>
            <gpxtpx:hr>150</gpxtpx:hr>
          </gpxtpx:TrackPointExtension>
        </extensions>
      </trkpt>
      <trkpt lat="28.22266810016723" lon="112.90987259457991">
        <ele>53.598497870378196</ele>
        <time>2026-09-18T23:08:27Z</time>
        <extensions>
          <gpxtpx:TrackPointExtension>
            <gpxtpx:hr>150</gpxtpx:hr>
          </gpxtpx:TrackPointExtension>
        </extensions>
      </trkpt>
      <trkpt lat="28.22266675748612" lon="112.90987130379129">
        <ele>53.6640209518373</ele>
        <time>2026-09-18T23:08:28Z</time>
        <extensions>
          <gpxtpx:TrackPointExtension>
            <gpxtpx:hr>150</gpxtpx:hr>
          </gpxtpx:TrackPointExtension>
        </extensions>
      </trkpt>
      <trkpt lat="28.22266451392679" lon="112.90987160542268">
        <ele>53.7339211050421</ele>
        <time>2026-09-18T23:08:29.200000Z</time>
        <extensions>
          <gpxtpx:TrackPointExtension>
            <gpxtpx:hr>149</gpxtpx:hr>
          </gpxtpx:TrackPointExtension>
        </extensions>
      </trkpt>
      <trkpt lat="28.22266219979181" lon="112.90987332737015">
        <ele>53.78330670669675</ele>
        <time>2026-09-18T23:08:30.200000Z</time>
        <extensions>
          <gpxtpx:TrackPointExtension>
            <gpxtpx:hr>149</gpxtpx:hr>
          </gpxtpx:TrackPointExtension>
        </extensions>
      </trkpt>
      <trkpt lat="28.222660007529615" lon="112.90987563405143">
        <ele>53.82206961605698</ele>
        <time>2026-09-18T23:08:31.200000Z</time>
        <extensions>
          <gpxtpx:TrackPointExtension>
            <gpxtpx:hr>149</gpxtpx:hr>
          </gpxtpx:TrackPointExtension>
        </extensions>
      </trkpt>
      <trkpt lat="28.222658322841546" lon="112.90987810403247">
        <ele>53.850173845887184</ele>
        <time>2026-09-18T23:08:32.200000Z</time>
        <extensions>
          <gpxtpx:TrackPointExtension>
            <gpxtpx:hr>149</gpxtpx:hr>
          </gpxtpx:TrackPointExtension>
        </extensions>
      </trkpt>
      <trkpt lat="28.22265752133384" lon="112.90988025702852">
        <ele>53.86842231452465</ele>
        <time>2026-09-18T23:08:33.200000Z</time>
        <extensions>
          <gpxtpx:TrackPointExtension>
            <gpxtpx:hr>145</gpxtpx:hr>
          </gpxtpx:TrackPointExtension>
        </extensions>
      </trkpt>
      <trkpt lat="28.222657615360614" lon="112.90988179220477">
        <ele>53.8781001297757</ele>
        <time>2026-09-18T23:08:34.200000Z</time>
        <extensions>
          <gpxtpx:TrackPointExtension>
            <gpxtpx:hr>145</gpxtpx:hr>
          </gpxtpx:TrackPointExtension>
        </extensions>
      </trkpt>
      <trkpt lat="28.222658334199735" lon="112.90988270966821">
        <ele>53.88080872129649</ele>
        <time>2026-09-18T23:08:35.200000Z</time>
        <extensions>
          <gpxtpx:TrackPointExtension>
            <gpxtpx:hr>145</gpxtpx:hr>
          </gpxtpx:TrackPointExtension>
        </extensions>
      </trkpt>
      <trkpt lat="28.22265945729926" lon="112.90988307263322">
        <ele>53.87834245432168</ele>
        <time>2026-09-18T23:08:36.200000Z</time>
        <extensions>
          <gpxtpx:TrackPointExtension>
            <gpxtpx:hr>145</gpxtpx:hr>
          </gpxtpx:TrackPointExtension>
        </extensions>
      </trkpt>
      <trkpt lat="28.222660833733126" lon="112.9098829196228">
        <ele>53.87259958777577</ele>
        <time>2026-09-18T23:08:37.200000Z</time>
        <extensions>
          <gpxtpx:TrackPointExtension>
            <gpxtpx:hr>145</gpxtpx:hr>
          </gpxtpx:TrackPointExtension>
        </extensions>
      </trkpt>
      <trkpt lat="28.2226622662768" lon="112.90988232153178">
        <ele>53.86546127870679</ele>
        <time>2026-09-18T23:08:38.200000Z</time>
        <extensions>
          <gpxtpx:TrackPointExtension>
            <gpxtpx:hr>145</gpxtpx:hr>
          </gpxtpx:TrackPointExtension>
        </extensions>
      </trkpt>
      <trkpt lat="28.222663575628744" lon="112.90988131620838">
        <ele>53.85857871826738</ele>
        <time>2026-09-18T23:08:39.200000Z</time>
        <extensions>
          <gpxtpx:TrackPointExtension>
            <gpxtpx:hr>145</gpxtpx:hr>
          </gpxtpx:TrackPointExtension>
        </extensions>
      </trkpt>
      <trkpt lat="28.22266464151055" lon="112.90987989742383">
        <ele>53.85316275525838</ele>
        <time>2026-09-18T23:08:40.200000Z</time>
        <extensions>
          <gpxtpx:TrackPointExtension>
            <gpxtpx:hr>146</gpxtpx:hr>
          </gpxtpx:TrackPointExtension>
        </extensions>
      </trkpt>
      <trkpt lat="28.22266538268131" lon="112.90987807713972">
        <ele>53.849826166406274</ele>
        <time>2026-09-18T23:08:41.200000Z</time>
        <extensions>
          <gpxtpx:TrackPointExtension>
            <gpxtpx:hr>146</gpxtpx:hr>
          </gpxtpx:TrackPointExtension>
        </extensions>
      </trkpt>
      <trkpt lat="28.22266581192952" lon="112.9098757985793">
        <ele>53.84847155679017</ele>
        <time>2026-09-18T23:08:42.200000Z</time>
        <extensions>
          <gpxtpx:TrackPointExtension>
            <gpxtpx:hr>146</gpxtpx:hr>
          </gpxtpx:TrackPointExtension>
        </extensions>
      </trkpt>
      <trkpt lat="28.222665922255533" lon="112.9098730838477">
        <ele>53.84834599867463</ele>
        <time>2026-09-18T23:08:43.200000Z</time>
        <extensions>
          <gpxtpx:TrackPointExtension>
            <gpxtpx:hr>146</gpxtpx:hr>
          </gpxtpx:TrackPointExtension>
        </extensions>
      </trkpt>
      <trkpt lat="28.222665655779036" lon="112.90986978088873">
        <ele>53.84832457918674</ele>
        <time>2026-09-18T23:08:44.200000Z</time>
        <extensions>
          <gpxtpx:TrackPointExtension>
            <gpxtpx:hr>145</gpxtpx:hr>
          </gpxtpx:TrackPointExtension>
        </extensions>
      </trkpt>
      <trkpt lat="28.222664931615455" lon="112.90986573914671">
        <ele>53.84720587451011</ele>
        <time>2026-09-18T23:08:45.200000Z</time>
        <extensions>
          <gpxtpx:TrackPointExtension>
            <gpxtpx:hr>145</gpxtpx:hr>
          </gpxtpx:TrackPointExtension>
        </extensions>
      </trkpt>
      <trkpt lat="28.222663992759678" lon="112.90986151243405">
        <ele>53.843845444731414</ele>
        <time>2026-09-18T23:08:46.200000Z</time>
        <extensions>
          <gpxtpx:TrackPointExtension>
            <gpxtpx:hr>145</gpxtpx:hr>
          </gpxtpx:TrackPointExtension>
        </extensions>
      </trkpt>
      <trkpt lat="28.22266316719347" lon="112.90985751245164">
        <ele>53.837226489558816</ele>
        <time>2026-09-18T23:08:47.200000Z</time>
        <extensions>
          <gpxtpx:TrackPointExtension>
            <gpxtpx:hr>145</gpxtpx:hr>
          </gpxtpx:TrackPointExtension>
        </extensions>
      </trkpt>
      <trkpt lat="28.222662458338903" lon="112.90985342164295">
        <ele>53.826532827690244</ele>
        <time>2026-09-18T23:08:48.200000Z</time>
        <extensions>
          <gpxtpx:TrackPointExtension>
            <gpxtpx:hr>145</gpxtpx:hr>
          </gpxtpx:TrackPointExtension>
        </extensions>
      </trkpt>
      <trkpt lat="28.22266193994753" lon="112.90984916453799">
        <ele>53.811245860531926</ele>
        <time>2026-09-18T23:08:49.200000Z</time>
        <extensions>
          <gpxtpx:TrackPointExtension>
            <gpxtpx:hr>145</gpxtpx:hr>
          </gpxtpx:TrackPointExtension>
        </extensions>
      </trkpt>
      <trkpt lat="28.22266173928959" lon="112.90984469260373">
        <ele>53.79133901838213</ele>
        <time>2026-09-18T23:08:50.200000Z</time>
        <extensions>
          <gpxtpx:TrackPointExtension>
            <gpxtpx:hr>145</gpxtpx:hr>
          </gpxtpx:TrackPointExtension>
        </extensions>
      </trkpt>
      <trkpt lat="28.22266196137738" lon="112.90984082843134">
        <ele>53.77323344908655</ele>
        <time>2026-09-18T23:08:51Z</time>
        <extensions>
          <gpxtpx:TrackPointExtension>
            <gpxtpx:hr>145</gpxtpx:hr>
          </gpxtpx:TrackPointExtension>
        </extensions>
      </trkpt>
      <trkpt lat="28.22266326842886" lon="112.90983470452043">
        <ele>53.74759106244892</ele>
        <time>2026-09-18T23:08:52Z</time>
        <extensions>
          <gpxtpx:TrackPointExtension>
            <gpxtpx:hr>145</gpxtpx:hr>
          </gpxtpx:TrackPointExtension>
        </extensions>
      </trkpt>
      <trkpt lat="28.222665864997765" lon="112.9098265798905">
        <ele>53.71986008994281</ele>
        <time>2026-09-18T23:08:53Z</time>
        <extensions>
          <gpxtpx:TrackPointExtension>
            <gpxtpx:hr>142</gpxtpx:hr>
          </gpxtpx:TrackPointExtension>
        </extensions>
      </trkpt>
      <trkpt lat="28.222669491607345" lon="112.90981592669735">
        <ele>53.690926915965974</ele>
        <time>2026-09-18T23:08:54Z</time>
        <extensions>
          <gpxtpx:TrackPointExtension>
            <gpxtpx:hr>142</gpxtpx:hr>
          </gpxtpx:TrackPointExtension>
        </extensions>
      </trkpt>
      <trkpt lat="28.22267335824803" lon="112.90980222205339">
        <ele>53.66141476575285</ele>
        <time>2026-09-18T23:08:55Z</time>
        <extensions>
          <gpxtpx:TrackPointExtension>
            <gpxtpx:hr>142</gpxtpx:hr>
          </gpxtpx:TrackPointExtension>
        </extensions>
      </trkpt>
      <trkpt lat="28.222676756510243" lon="112.90978578474922">
        <ele>53.63173661381006</ele>
        <time>2026-09-18T23:08:56Z</time>
        <extensions>
          <gpxtpx:TrackPointExtension>
            <gpxtpx:hr>142</gpxtpx:hr>
          </gpxtpx:TrackPointExtension>
        </extensions>
      </trkpt>
      <trkpt lat="28.222679566904837" lon="112.90976769860715">
        <ele>53.60232554189861</ele>
        <time>2026-09-18T23:08:57Z</time>
        <extensions>
          <gpxtpx:TrackPointExtension>
            <gpxtpx:hr>142</gpxtpx:hr>
          </gpxtpx:TrackPointExtension>
        </extensions>
      </trkpt>
      <trkpt lat="28.222681645835674" lon="112.90974894281857">
        <ele>53.57364470604807</ele>
        <time>2026-09-18T23:08:58Z</time>
        <extensions>
          <gpxtpx:TrackPointExtension>
            <gpxtpx:hr>142</gpxtpx:hr>
          </gpxtpx:TrackPointExtension>
        </extensions>
      </trkpt>
      <trkpt lat="28.222682893087363" lon="112.90973015265445">
        <ele>53.54606840759516</ele>
        <time>2026-09-18T23:08:59Z</time>
        <extensions>
          <gpxtpx:TrackPointExtension>
            <gpxtpx:hr>141</gpxtpx:hr>
          </gpxtpx:TrackPointExtension>
        </extensions>
      </trkpt>
      <trkpt lat="28.222683483306106" lon="112.90971160894676">
        <ele>53.5201134653762</ele>
        <time>2026-09-18T23:09:00Z</time>
        <extensions>
          <gpxtpx:TrackPointExtension>
            <gpxtpx:hr>141</gpxtpx:hr>
          </gpxtpx:TrackPointExtension>
        </extensions>
      </trkpt>
      <trkpt lat="28.222683747581826" lon="112.90969334953239">
        <ele>53.496178899891675</ele>
        <time>2026-09-18T23:09:01Z</time>
        <extensions>
          <gpxtpx:TrackPointExtension>
            <gpxtpx:hr>141</gpxtpx:hr>
          </gpxtpx:TrackPointExtension>
        </extensions>
      </trkpt>
      <trkpt lat="28.222683885178448" lon="112.90967557406911">
        <ele>53.474339568056166</ele>
        <time>2026-09-18T23:09:02Z</time>
        <extensions>
          <gpxtpx:TrackPointExtension>
            <gpxtpx:hr>141</gpxtpx:hr>
          </gpxtpx:TrackPointExtension>
        </extensions>
      </trkpt>
      <trkpt lat="28.2226839645388" lon="112.90965893902327">
        <ele>53.45463117957115</ele>
        <time>2026-09-18T23:09:03Z</time>
        <extensions>
          <gpxtpx:TrackPointExtension>
            <gpxtpx:hr>141</gpxtpx:hr>
          </gpxtpx:TrackPointExtension>
        </extensions>
      </trkpt>
      <trkpt lat="28.222684151657788" lon="112.9096439089111">
        <ele>53.436831711791456</ele>
        <time>2026-09-18T23:09:04Z</time>
        <extensions>
          <gpxtpx:TrackPointExtension>
            <gpxtpx:hr>141</gpxtpx:hr>
          </gpxtpx:TrackPointExtension>
        </extensions>
      </trkpt>
      <trkpt lat="28.22268467484885" lon="112.90963018044728">
        <ele>53.42000245768577</ele>
        <time>2026-09-18T23:09:05Z</time>
        <extensions>
          <gpxtpx:TrackPointExtension>
            <gpxtpx:hr>141</gpxtpx:hr>
          </gpxtpx:TrackPointExtension>
        </extensions>
      </trkpt>
      <trkpt lat="28.222685646486923" lon="112.90961705186373">
        <ele>53.40239897090942</ele>
        <time>2026-09-18T23:09:06Z</time>
        <extensions>
          <gpxtpx:TrackPointExtension>
            <gpxtpx:hr>138</gpxtpx:hr>
          </gpxtpx:TrackPointExtension>
        </extensions>
      </trkpt>
      <trkpt lat="28.22268710901751" lon="112.90960391613659">
        <ele>53.3820343259722</ele>
        <time>2026-09-18T23:09:07Z</time>
        <extensions>
          <gpxtpx:TrackPointExtension>
            <gpxtpx:hr>138</gpxtpx:hr>
          </gpxtpx:TrackPointExtension>
        </extensions>
      </trkpt>
      <trkpt lat="28.22268904573127" lon="112.90958987062719">
        <ele>53.35707997716963</ele>
        <time>2026-09-18T23:09:08Z</time>
        <extensions>
          <gpxtpx:TrackPointExtension>
            <gpxtpx:hr>138</gpxtpx:hr>
          </gpxtpx:TrackPointExtension>
        </extensions>
      </trkpt>
      <trkpt lat="28.222691266821023" lon="112.9095740081993">
        <ele>53.325649744831026</ele>
        <time>2026-09-18T23:09:08.900000Z</time>
        <extensions>
          <gpxtpx:TrackPointExtension>
            <gpxtpx:hr>138</gpxtpx:hr>
          </gpxtpx:TrackPointExtension>
        </extensions>
      </trkpt>
      <trkpt lat="28.222693659704397" lon="112.90955608316038">
        <ele>53.28608038183302</ele>
        <time>2026-09-18T23:09:09.900000Z</time>
        <extensions>
          <gpxtpx:TrackPointExtension>
            <gpxtpx:hr>138</gpxtpx:hr>
          </gpxtpx:TrackPointExtension>
        </extensions>
      </trkpt>
      <trkpt lat="28.222696213047172" lon="112.9095361862171">
        <ele>53.2375892912969</ele>
        <time>2026-09-18T23:09:10.900000Z</time>
        <extensions>
          <gpxtpx:TrackPointExtension>
            <gpxtpx:hr>138</gpxtpx:hr>
          </gpxtpx:TrackPointExtension>
        </extensions>
      </trkpt>
      <trkpt lat="28.22269876129704" lon="112.90951457965834">
        <ele>53.18002288788557</ele>
        <time>2026-09-18T23:09:11.900000Z</time>
        <extensions>
          <gpxtpx:TrackPointExtension>
            <gpxtpx:hr>138</gpxtpx:hr>
          </gpxtpx:TrackPointExtension>
        </extensions>
      </trkpt>
      <trkpt lat="28.222700839750633" lon="112.9094916128329">
        <ele>53.11347583029419</ele>
        <time>2026-09-18T23:09:12.900000Z</time>
        <extensions>
          <gpxtpx:TrackPointExtension>
            <gpxtpx:hr>138</gpxtpx:hr>
          </gpxtpx:TrackPointExtension>
        </extensions>
      </trkpt>
      <trkpt lat="28.222701965516315" lon="112.90946814150742">
        <ele>53.038169839419425</ele>
        <time>2026-09-18T23:09:13.900000Z</time>
        <extensions>
          <gpxtpx:TrackPointExtension>
            <gpxtpx:hr>141</gpxtpx:hr>
          </gpxtpx:TrackPointExtension>
        </extensions>
      </trkpt>
      <trkpt lat="28.222702061982275" lon="112.90944521862139">
        <ele>52.95477317459881</ele>
        <time>2026-09-18T23:09:14.900000Z</time>
        <extensions>
          <gpxtpx:TrackPointExtension>
            <gpxtpx:hr>141</gpxtpx:hr>
          </gpxtpx:TrackPointExtension>
        </extensions>
      </trkpt>
      <trkpt lat="28.22270178271166" lon="112.90942308787835">
        <ele>52.86483646091074</ele>
        <time>2026-09-18T23:09:15.900000Z</time>
        <extensions>
          <gpxtpx:TrackPointExtension>
            <gpxtpx:hr>141</gpxtpx:hr>
          </gpxtpx:TrackPointExtension>
        </extensions>
      </trkpt>
      <trkpt lat="28.222701646007142" lon="112.90940144636147">
        <ele>52.770120301283896</ele>
        <time>2026-09-18T23:09:16.900000Z</time>
        <extensions>
          <gpxtpx:TrackPointExtension>
            <gpxtpx:hr>141</gpxtpx:hr>
          </gpxtpx:TrackPointExtension>
        </extensions>
      </trkpt>
      <trkpt lat="28.222701458937895" lon="112.90938001745508">
        <ele>52.6725111855194</ele>
        <time>2026-09-18T23:09:17.900000Z</time>
        <extensions>
          <gpxtpx:TrackPointExtension>
            <gpxtpx:hr>141</gpxtpx:hr>
          </gpxtpx:TrackPointExtension>
        </extensions>
      </trkpt>
      <trkpt lat="28.222701157711636" lon="112.90935864669727">
        <ele>52.573419546708465</ele>
        <time>2026-09-18T23:09:18.900000Z</time>
        <extensions>
          <gpxtpx:TrackPointExtension>
            <gpxtpx:hr>142</gpxtpx:hr>
          </gpxtpx:TrackPointExtension>
        </extensions>
      </trkpt>
      <trkpt lat="28.22270071360321" lon="112.9093372039099">
        <ele>52.47391593083739</ele>
        <time>2026-09-18T23:09:19.900000Z</time>
        <extensions>
          <gpxtpx:TrackPointExtension>
            <gpxtpx:hr>142</gpxtpx:hr>
          </gpxtpx:TrackPointExtension>
        </extensions>
      </trkpt>
      <trkpt lat="28.222700176623174" lon="112.90931563460224">
        <ele>52.374779583886266</ele>
        <time>2026-09-18T23:09:20.900000Z</time>
        <extensions>
          <gpxtpx:TrackPointExtension>
            <gpxtpx:hr>142</gpxtpx:hr>
          </gpxtpx:TrackPointExtension>
        </extensions>
      </trkpt>
      <trkpt lat="28.222699821289822" lon="112.9092939546016">
        <ele>52.27660541329533</ele>
        <time>2026-09-18T23:09:21.900000Z</time>
        <extensions>
          <gpxtpx:TrackPointExtension>
            <gpxtpx:hr>142</gpxtpx:hr>
          </gpxtpx:TrackPointExtension>
        </extensions>
      </trkpt>
      <trkpt lat="28.22269978969914" lon="112.90927207087414">
        <ele>52.18001310713589</ele>
        <time>2026-09-18T23:09:22.900000Z</time>
        <extensions>
          <gpxtpx:TrackPointExtension>
            <gpxtpx:hr>142</gpxtpx:hr>
          </gpxtpx:TrackPointExtension>
        </extensions>
      </trkpt>
      <trkpt lat="28.22270007656535" lon="112.90924964375199">
        <ele>52.085554019548</ele>
        <time>2026-09-18T23:09:23.900000Z</time>
        <extensions>
          <gpxtpx:TrackPointExtension>
            <gpxtpx:hr>146</gpxtpx:hr>
          </gpxtpx:TrackPointExtension>
        </extensions>
      </trkpt>
      <trkpt lat="28.22270023880498" lon="112.9092260897592">
        <ele>51.9933549631387</ele>
        <time>2026-09-18T23:09:24.900000Z</time>
        <extensions>
          <gpxtpx:TrackPointExtension>
            <gpxtpx:hr>146</gpxtpx:hr>
          </gpxtpx:TrackPointExtension>
        </extensions>
      </trkpt>
      <trkpt lat="28.222699604073526" lon="112.90920029016897">
        <ele>51.9035760294646</ele>
        <time>2026-09-18T23:09:25.900000Z</time>
        <extensions>
          <gpxtpx:TrackPointExtension>
            <gpxtpx:hr>146</gpxtpx:hr>
          </gpxtpx:TrackPointExtension>
        </extensions>
      </trkpt>
      <trkpt lat="28.222698267937947" lon="112.90917167997247">
        <ele>51.81661404855549</ele>
        <time>2026-09-18T23:09:26.900000Z</time>
        <extensions>
          <gpxtpx:TrackPointExtension>
            <gpxtpx:hr>146</gpxtpx:hr>
          </gpxtpx:TrackPointExtension>
        </extensions>
      </trkpt>
      <trkpt lat="28.222696360825584" lon="112.90914113185714">
        <ele>51.73297759704292</ele>
        <time>2026-09-18T23:09:27.900000Z</time>
        <extensions>
          <gpxtpx:TrackPointExtension>
            <gpxtpx:hr>146</gpxtpx:hr>
          </gpxtpx:TrackPointExtension>
        </extensions>
      </trkpt>
      <trkpt lat="28.22269398721459" lon="112.90910967106728">
        <ele>51.65300706960261</ele>
        <time>2026-09-18T23:09:28.900000Z</time>
        <extensions>
          <gpxtpx:TrackPointExtension>
            <gpxtpx:hr>146</gpxtpx:hr>
          </gpxtpx:TrackPointExtension>
        </extensions>
      </trkpt>
      <trkpt lat="28.2226919026197" lon="112.90907799881305">
        <ele>51.57697913516313</ele>
        <time>2026-09-18T23:09:29.900000Z</time>
        <extensions>
          <gpxtpx:TrackPointExtension>
            <gpxtpx:hr>146</gpxtpx:hr>
          </gpxtpx:TrackPointExtension>
        </extensions>
      </trkpt>
      <trkpt lat="28.222690371764347" lon="112.90904661465858">
        <ele>51.5052347779274</ele>
        <time>2026-09-18T23:09:30.900000Z</time>
        <extensions>
          <gpxtpx:TrackPointExtension>
            <gpxtpx:hr>146</gpxtpx:hr>
          </gpxtpx:TrackPointExtension>
        </extensions>
      </trkpt>
      <trkpt lat="28.222689031942046" lon="112.9090155142476">
        <ele>51.43790110107511</ele>
        <time>2026-09-18T23:09:31.900000Z</time>
        <extensions>
          <gpxtpx:TrackPointExtension>
            <gpxtpx:hr>146</gpxtpx:hr>
          </gpxtpx:TrackPointExtension>
        </extensions>
      </trkpt>
      <trkpt lat="28.22268758531023" lon="112.90898459541553">
        <ele>51.374913953244686</ele>
        <time>2026-09-18T23:09:32.900000Z</time>
        <extensions>
          <gpxtpx:TrackPointExtension>
            <gpxtpx:hr>146</gpxtpx:hr>
          </gpxtpx:TrackPointExtension>
        </extensions>
      </trkpt>
      <trkpt lat="28.222686139489795" lon="112.90895393835702">
        <ele>51.31657114997506</ele>
        <time>2026-09-18T23:09:33.900000Z</time>
        <extensions>
          <gpxtpx:TrackPointExtension>
            <gpxtpx:hr>151</gpxtpx:hr>
          </gpxtpx:TrackPointExtension>
        </extensions>
      </trkpt>
      <trkpt lat="28.222684850797" lon="112.90892377693386">
        <ele>51.26281821727753</ele>
        <time>2026-09-18T23:09:34.900000Z</time>
        <extensions>
          <gpxtpx:TrackPointExtension>
            <gpxtpx:hr>151</gpxtpx:hr>
          </gpxtpx:TrackPointExtension>
        </extensions>
      </trkpt>
      <trkpt lat="28.22268342677461" lon="112.90889432742195">
        <ele>51.213983023539186</ele>
        <time>2026-09-18T23:09:35.900000Z</time>
        <extensions>
          <gpxtpx:TrackPointExtension>
            <gpxtpx:hr>151</gpxtpx:hr>
          </gpxtpx:TrackPointExtension>
        </extensions>
      </trkpt>
      <trkpt lat="28.222681457803457" lon="112.90886546254235">
        <ele>51.170595780946314</ele>
        <time>2026-09-18T23:09:36.900000Z</time>
        <extensions>
          <gpxtpx:TrackPointExtension>
            <gpxtpx:hr>151</gpxtpx:hr>
          </gpxtpx:TrackPointExtension>
        </extensions>
      </trkpt>
      <trkpt lat="28.222678794912813" lon="112.9088367568876">
        <ele>51.13259975146502</ele>
        <time>2026-09-18T23:09:37.900000Z</time>
        <extensions>
          <gpxtpx:TrackPointExtension>
            <gpxtpx:hr>151</gpxtpx:hr>
          </gpxtpx:TrackPointExtension>
        </extensions>
      </trkpt>
      <trkpt lat="28.222675536363365" lon="112.90880789566206">
        <ele>51.10037961695343</ele>
        <time>2026-09-18T23:09:38.900000Z</time>
        <extensions>
          <gpxtpx:TrackPointExtension>
            <gpxtpx:hr>151</gpxtpx:hr>
          </gpxtpx:TrackPointExtension>
        </extensions>
      </trkpt>
      <trkpt lat="28.22267208180925" lon="112.9087788524128">
        <ele>51.07410731911659</ele>
        <time>2026-09-18T23:09:39.900000Z</time>
        <extensions>
          <gpxtpx:TrackPointExtension>
            <gpxtpx:hr>154</gpxtpx:hr>
          </gpxtpx:TrackPointExtension>
        </extensions>
      </trkpt>
      <trkpt lat="28.22266874862051" lon="112.90874972481103">
        <ele>51.05383337382227</ele>
        <time>2026-09-18T23:09:40.900000Z</time>
        <extensions>
          <gpxtpx:TrackPointExtension>
            <gpxtpx:hr>154</gpxtpx:hr>
          </gpxtpx:TrackPointExtension>
        </extensions>
      </trkpt>
      <trkpt lat="28.222665371223407" lon="112.9087204433113">
        <ele>51.0397380348295</ele>
        <time>2026-09-18T23:09:41.900000Z</time>
        <extensions>
          <gpxtpx:TrackPointExtension>
            <gpxtpx:hr>154</gpxtpx:hr>
          </gpxtpx:TrackPointExtension>
        </extensions>
      </trkpt>
      <trkpt lat="28.22266231812256" lon="112.90869087208226">
        <ele>51.031689119525254</ele>
        <time>2026-09-18T23:09:42.900000Z</time>
        <extensions>
          <gpxtpx:TrackPointExtension>
            <gpxtpx:hr>154</gpxtpx:hr>
          </gpxtpx:TrackPointExtension>
        </extensions>
      </trkpt>
      <trkpt lat="28.222659758561726" lon="112.9086610709783">
        <ele>51.02995034400374</ele>
        <time>2026-09-18T23:09:43.900000Z</time>
        <extensions>
          <gpxtpx:TrackPointExtension>
            <gpxtpx:hr>155</gpxtpx:hr>
          </gpxtpx:TrackPointExtension>
        </extensions>
      </trkpt>
      <trkpt lat="28.222657391181908" lon="112.90863098843245">
        <ele>51.03482212498784</ele>
        <time>2026-09-18T23:09:44.900000Z</time>
        <extensions>
          <gpxtpx:TrackPointExtension>
            <gpxtpx:hr>155</gpxtpx:hr>
          </gpxtpx:TrackPointExtension>
        </extensions>
      </trkpt>
      <trkpt lat="28.222655275878388" lon="112.90860058702754">
        <ele>51.04654655698687</ele>
        <time>2026-09-18T23:09:45.900000Z</time>
        <extensions>
          <gpxtpx:TrackPointExtension>
            <gpxtpx:hr>155</gpxtpx:hr>
          </gpxtpx:TrackPointExtension>
        </extensions>
      </trkpt>
      <trkpt lat="28.222653537646963" lon="112.90856993485187">
        <ele>51.064839880913496</ele>
        <time>2026-09-18T23:09:46.900000Z</time>
        <extensions>
          <gpxtpx:TrackPointExtension>
            <gpxtpx:hr>155</gpxtpx:hr>
          </gpxtpx:TrackPointExtension>
        </extensions>
      </trkpt>
      <trkpt lat="28.222652152668672" lon="112.9085391131185">
        <ele>51.09023244958371</ele>
        <time>2026-09-18T23:09:47.900000Z</time>
        <extensions>
          <gpxtpx:TrackPointExtension>
            <gpxtpx:hr>155</gpxtpx:hr>
          </gpxtpx:TrackPointExtension>
        </extensions>
      </trkpt>
      <trkpt lat="28.222651151106806" lon="112.90850831145359">
        <ele>51.12303476873785</ele>
        <time>2026-09-18T23:09:48.900000Z</time>
        <extensions>
          <gpxtpx:TrackPointExtension>
            <gpxtpx:hr>152</gpxtpx:hr>
          </gpxtpx:TrackPointExtension>
        </extensions>
      </trkpt>
      <trkpt lat="28.222650421191318" lon="112.90847801399916">
        <ele>51.16374294832349</ele>
        <time>2026-09-18T23:09:49.900000Z</time>
        <extensions>
          <gpxtpx:TrackPointExtension>
            <gpxtpx:hr>152</gpxtpx:hr>
          </gpxtpx:TrackPointExtension>
        </extensions>
      </trkpt>
      <trkpt lat="28.222649748143095" lon="112.90844895089243">
        <ele>51.21270592324436</ele>
        <time>2026-09-18T23:09:50.900000Z</time>
        <extensions>
          <gpxtpx:TrackPointExtension>
            <gpxtpx:hr>152</gpxtpx:hr>
          </gpxtpx:TrackPointExtension>
        </extensions>
      </trkpt>
      <trkpt lat="28.222649114946247" lon="112.90842163520452">
        <ele>51.26960101630539</ele>
        <time>2026-09-18T23:09:51.900000Z</time>
        <extensions>
          <gpxtpx:TrackPointExtension>
            <gpxtpx:hr>152</gpxtpx:hr>
          </gpxtpx:TrackPointExtension>
        </extensions>
      </trkpt>
      <trkpt lat="28.222648706703573" lon="112.90839600095158">
        <ele>51.33455832116306</ele>
        <time>2026-09-18T23:09:52.900000Z</time>
        <extensions>
          <gpxtpx:TrackPointExtension>
            <gpxtpx:hr>152</gpxtpx:hr>
          </gpxtpx:TrackPointExtension>
        </extensions>
      </trkpt>
      <trkpt lat="28.222648844966482" lon="112.90837163553915">
        <ele>51.406963056884706</ele>
        <time>2026-09-18T23:09:53.900000Z</time>
        <extensions>
          <gpxtpx:TrackPointExtension>
            <gpxtpx:hr>152</gpxtpx:hr>
          </gpxtpx:TrackPointExtension>
        </extensions>
      </trkpt>
      <trkpt lat="28.222649241639047" lon="112.9083480195605">
        <ele>51.486036287620664</ele>
        <time>2026-09-18T23:09:54.900000Z</time>
        <extensions>
          <gpxtpx:TrackPointExtension>
            <gpxtpx:hr>154</gpxtpx:hr>
          </gpxtpx:TrackPointExtension>
        </extensions>
      </trkpt>
      <trkpt lat="28.222649215376595" lon="112.90832479149928">
        <ele>51.571022029966116</ele>
        <time>2026-09-18T23:09:55.900000Z</time>
        <extensions>
          <gpxtpx:TrackPointExtension>
            <gpxtpx:hr>154</gpxtpx:hr>
          </gpxtpx:TrackPointExtension>
        </extensions>
      </trkpt>
      <trkpt lat="28.22264837332468" lon="112.9083021567854">
        <ele>51.66089727077633</ele>
        <time>2026-09-18T23:09:56.900000Z</time>
        <extensions>
          <gpxtpx:TrackPointExtension>
            <gpxtpx:hr>154</gpxtpx:hr>
          </gpxtpx:TrackPointExtension>
        </extensions>
      </trkpt>
      <trkpt lat="28.222646825242858" lon="112.90828049606138">
        <ele>51.75504262652248</ele>
        <time>2026-09-18T23:09:57.900000Z</time>
        <extensions>
          <gpxtpx:TrackPointExtension>
            <gpxtpx:hr>154</gpxtpx:hr>
          </gpxtpx:TrackPointExtension>
        </extensions>
      </trkpt>
      <trkpt lat="28.222644814306584" lon="112.90826003163157">
        <ele>51.85271074157208</ele>
        <time>2026-09-18T23:09:58.900000Z</time>
        <extensions>
          <gpxtpx:TrackPointExtension>
            <gpxtpx:hr>154</gpxtpx:hr>
          </gpxtpx:TrackPointExtension>
        </extensions>
      </trkpt>
      <trkpt lat="28.222642400986956" lon="112.9082407760096">
        <ele>51.95290718507022</ele>
        <time>2026-09-18T23:09:59.900000Z</time>
        <extensions>
          <gpxtpx:TrackPointExtension>
            <gpxtpx:hr>154</gpxtpx:hr>
          </gpxtpx:TrackPointExtension>
        </extensions>
      </trkpt>
      <trkpt lat="28.222639640641916" lon="112.90822280242195">
        <ele>52.0549652390182</ele>
        <time>2026-09-18T23:10:00.800000Z</time>
        <extensions>
          <gpxtpx:TrackPointExtension>
            <gpxtpx:hr>153</gpxtpx:hr>
          </gpxtpx:TrackPointExtension>
        </extensions>
      </trkpt>
      <trkpt lat="28.222636793986343" lon="112.90820626500243">
        <ele>52.157602784223855</ele>
        <time>2026-09-18T23:10:01.800000Z</time>
        <extensions>
          <gpxtpx:TrackPointExtension>
            <gpxtpx:hr>153</gpxtpx:hr>
          </gpxtpx:TrackPointExtension>
        </extensions>
      </trkpt>
      <trkpt lat="28.22263433075258" lon="112.908191168573">
        <ele>52.26004344318062</ele>
        <time>2026-09-18T23:10:02.800000Z</time>
        <extensions>
          <gpxtpx:TrackPointExtension>
            <gpxtpx:hr>153</gpxtpx:hr>
          </gpxtpx:TrackPointExtension>
        </extensions>
      </trkpt>
      <trkpt lat="28.222632660536988" lon="112.9081772780849">
        <ele>52.361232123337686</ele>
        <time>2026-09-18T23:10:03.800000Z</time>
        <extensions>
          <gpxtpx:TrackPointExtension>
            <gpxtpx:hr>153</gpxtpx:hr>
          </gpxtpx:TrackPointExtension>
        </extensions>
      </trkpt>
      <trkpt lat="28.22263185770739" lon="112.90816416885826">
        <ele>52.459743726067245</ele>
        <time>2026-09-18T23:10:04.800000Z</time>
        <extensions>
          <gpxtpx:TrackPointExtension>
            <gpxtpx:hr>153</gpxtpx:hr>
          </gpxtpx:TrackPointExtension>
        </extensions>
      </trkpt>
      <trkpt lat="28.222631611709776" lon="112.90815126163243">
        <ele>52.55427331011742</ele>
        <time>2026-09-18T23:10:05.800000Z</time>
        <extensions>
          <gpxtpx:TrackPointExtension>
            <gpxtpx:hr>152</gpxtpx:hr>
          </gpxtpx:TrackPointExtension>
        </extensions>
      </trkpt>
      <trkpt lat="28.222631363795234" lon="112.90813798442765">
        <ele>52.6430328367278</ele>
        <time>2026-09-18T23:10:06.800000Z</time>
        <extensions>
          <gpxtpx:TrackPointExtension>
            <gpxtpx:hr>152</gpxtpx:hr>
          </gpxtpx:TrackPointExtension>
        </extensions>
      </trkpt>
      <trkpt lat="28.222630468763015" lon="112.90812448274204">
        <ele>52.724566515535116</ele>
        <time>2026-09-18T23:10:07.800000Z</time>
        <extensions>
          <gpxtpx:TrackPointExtension>
            <gpxtpx:hr>152</gpxtpx:hr>
          </gpxtpx:TrackPointExtension>
        </extensions>
      </trkpt>
      <trkpt lat="28.222628992023196" lon="112.90811121813405">
        <ele>52.79748753271997</ele>
        <time>2026-09-18T23:10:08.800000Z</time>
        <extensions>
          <gpxtpx:TrackPointExtension>
            <gpxtpx:hr>152</gpxtpx:hr>
          </gpxtpx:TrackPointExtension>
        </extensions>
      </trkpt>
      <trkpt lat="28.222627226408797" lon="112.90809813924875">
        <ele>52.859766613692045</ele>
        <time>2026-09-18T23:10:09.800000Z</time>
        <extensions>
          <gpxtpx:TrackPointExtension>
            <gpxtpx:hr>152</gpxtpx:hr>
          </gpxtpx:TrackPointExtension>
        </extensions>
      </trkpt>
      <trkpt lat="28.2226251489989" lon="112.90808500139971">
        <ele>52.9093322949484</ele>
        <time>2026-09-18T23:10:10.800000Z</time>
        <extensions>
          <gpxtpx:TrackPointExtension>
            <gpxtpx:hr>149</gpxtpx:hr>
          </gpxtpx:TrackPointExtension>
        </extensions>
      </trkpt>
      <trkpt lat="28.222622844670262" lon="112.90807181593566">
        <ele>52.94395834207535</ele>
        <time>2026-09-18T23:10:11.800000Z</time>
        <extensions>
          <gpxtpx:TrackPointExtension>
            <gpxtpx:hr>149</gpxtpx:hr>
          </gpxtpx:TrackPointExtension>
        </extensions>
      </trkpt>
      <trkpt lat="28.222620329127924" lon="112.90805866246656">
        <ele>52.96115281060338</ele>
        <time>2026-09-18T23:10:12.800000Z</time>
        <extensions>
          <gpxtpx:TrackPointExtension>
            <gpxtpx:hr>149</gpxtpx:hr>
          </gpxtpx:TrackPointExtension>
        </extensions>
      </trkpt>
      <trkpt lat="28.22261760104069" lon="112.90804538168487">
        <ele>52.95889590959996</ele>
        <time>2026-09-18T23:10:13.800000Z</time>
        <extensions>
          <gpxtpx:TrackPointExtension>
            <gpxtpx:hr>149</gpxtpx:hr>
          </gpxtpx:TrackPointExtension>
        </extensions>
      </trkpt>
      <trkpt lat="28.222614658273606" lon="112.90803185817668">
        <ele>52.93564788997173</ele>
        <time>2026-09-18T23:10:14.800000Z</time>
        <extensions>
          <gpxtpx:TrackPointExtension>
            <gpxtpx:hr>147</gpxtpx:hr>
          </gpxtpx:TrackPointExtension>
        </extensions>
      </trkpt>
      <trkpt lat="28.222611572967175" lon="112.90801800312009">
        <ele>52.89061888959259</ele>
        <time>2026-09-18T23:10:15.800000Z</time>
        <extensions>
          <gpxtpx:TrackPointExtension>
            <gpxtpx:hr>147</gpxtpx:hr>
          </gpxtpx:TrackPointExtension>
        </extensions>
      </trkpt>
      <trkpt lat="28.222608354781936" lon="112.90800382820731">
        <ele>52.82418692763895</ele>
        <time>2026-09-18T23:10:16.800000Z</time>
        <extensions>
          <gpxtpx:TrackPointExtension>
            <gpxtpx:hr>147</gpxtpx:hr>
          </gpxtpx:TrackPointExtension>
        </extensions>
      </trkpt>
      <trkpt lat="28.2226048079568" lon="112.90798929478595">
        <ele>52.736742285080254</ele>
        <time>2026-09-18T23:10:17.800000Z</time>
        <extensions>
          <gpxtpx:TrackPointExtension>
            <gpxtpx:hr>145</gpxtpx:hr>
          </gpxtpx:TrackPointExtension>
        </extensions>
      </trkpt>
      <trkpt lat="28.22260070752966" lon="112.9079741086116">
        <ele>52.62840944249183</ele>
        <time>2026-09-18T23:10:18.800000Z</time>
        <extensions>
          <gpxtpx:TrackPointExtension>
            <gpxtpx:hr>145</gpxtpx:hr>
          </gpxtpx:TrackPointExtension>
        </extensions>
      </trkpt>
      <trkpt lat="28.222596172669938" lon="112.90795799882402">
        <ele>52.500598430633545</ele>
        <time>2026-09-18T23:10:19.800000Z</time>
        <extensions>
          <gpxtpx:TrackPointExtension>
            <gpxtpx:hr>145</gpxtpx:hr>
          </gpxtpx:TrackPointExtension>
        </extensions>
      </trkpt>
      <trkpt lat="28.222591670086874" lon="112.90794074341923">
        <ele>52.35404753871262</ele>
        <time>2026-09-18T23:10:20.800000Z</time>
        <extensions>
          <gpxtpx:TrackPointExtension>
            <gpxtpx:hr>145</gpxtpx:hr>
          </gpxtpx:TrackPointExtension>
        </extensions>
      </trkpt>
      <trkpt lat="28.222587380485194" lon="112.90792247305198">
        <ele>52.1901790490374</ele>
        <time>2026-09-18T23:10:21.800000Z</time>
        <extensions>
          <gpxtpx:TrackPointExtension>
            <gpxtpx:hr>145</gpxtpx:hr>
          </gpxtpx:TrackPointExtension>
        </extensions>
      </trkpt>
      <trkpt lat="28.22258297198237" lon="112.90790334745215">
        <ele>52.01066406350583</ele>
        <time>2026-09-18T23:10:22.800000Z</time>
        <extensions>
          <gpxtpx:TrackPointExtension>
            <gpxtpx:hr>145</gpxtpx:hr>
          </gpxtpx:TrackPointExtension>
        </extensions>
      </trkpt>
      <trkpt lat="28.222578804201813" lon="112.90788392191014">
        <ele>51.81622437480837</ele>
        <time>2026-09-18T23:10:23.800000Z</time>
        <extensions>
          <gpxtpx:TrackPointExtension>
            <gpxtpx:hr>142</gpxtpx:hr>
          </gpxtpx:TrackPointExtension>
        </extensions>
      </trkpt>
      <trkpt lat="28.222575349277996" lon="112.90786465294107">
        <ele>51.60785970184952</ele>
        <time>2026-09-18T23:10:24.800000Z</time>
        <extensions>
          <gpxtpx:TrackPointExtension>
            <gpxtpx:hr>142</gpxtpx:hr>
          </gpxtpx:TrackPointExtension>
        </extensions>
      </trkpt>
      <trkpt lat="28.222572407699502" lon="112.9078453097858">
        <ele>51.386282303370535</ele>
        <time>2026-09-18T23:10:25.800000Z</time>
        <extensions>
          <gpxtpx:TrackPointExtension>
            <gpxtpx:hr>142</gpxtpx:hr>
          </gpxtpx:TrackPointExtension>
        </extensions>
      </trkpt>
      <trkpt lat="28.222569962168595" lon="112.90782565379392">
        <ele>51.15229272004217</ele>
        <time>2026-09-18T23:10:26.800000Z</time>
        <extensions>
          <gpxtpx:TrackPointExtension>
            <gpxtpx:hr>142</gpxtpx:hr>
          </gpxtpx:TrackPointExtension>
        </extensions>
      </trkpt>
      <trkpt lat="28.222567981227574" lon="112.90780550692863">
        <ele>50.90677221305668</ele>
        <time>2026-09-18T23:10:27.800000Z</time>
        <extensions>
          <gpxtpx:TrackPointExtension>
            <gpxtpx:hr>142</gpxtpx:hr>
          </gpxtpx:TrackPointExtension>
        </extensions>
      </trkpt>
      <trkpt lat="28.222566172855014" lon="112.9077844723284">
        <ele>50.65097910258919</ele>
        <time>2026-09-18T23:10:28.800000Z</time>
        <extensions>
          <gpxtpx:TrackPointExtension>
            <gpxtpx:hr>142</gpxtpx:hr>
          </gpxtpx:TrackPointExtension>
        </extensions>
      </trkpt>
      <trkpt lat="28.222564153622887" lon="112.90776253956405">
        <ele>50.38563308864832</ele>
        <time>2026-09-18T23:10:29.800000Z</time>
        <extensions>
          <gpxtpx:TrackPointExtension>
            <gpxtpx:hr>142</gpxtpx:hr>
          </gpxtpx:TrackPointExtension>
        </extensions>
      </trkpt>
      <trkpt lat="28.222561699708145" lon="112.9077392491006">
        <ele>50.112455948255956</ele>
        <time>2026-09-18T23:10:30.800000Z</time>
        <extensions>
          <gpxtpx:TrackPointExtension>
            <gpxtpx:hr>142</gpxtpx:hr>
          </gpxtpx:TrackPointExtension>
        </extensions>
      </trkpt>
      <trkpt lat="28.222558822960178" lon="112.90771431567626">
        <ele>49.83355408906937</ele>
        <time>2026-09-18T23:10:31.800000Z</time>
        <extensions>
          <gpxtpx:TrackPointExtension>
            <gpxtpx:hr>142</gpxtpx:hr>
          </gpxtpx:TrackPointExtension>
        </extensions>
      </trkpt>
      <trkpt lat="28.222555594906577" lon="112.90768738155347">
        <ele>49.550414303317666</ele>
        <time>2026-09-18T23:10:32.800000Z</time>
        <extensions>
          <gpxtpx:TrackPointExtension>
            <gpxtpx:hr>144</gpxtpx:hr>
          </gpxtpx:TrackPointExtension>
        </extensions>
      </trkpt>
      <trkpt lat="28.22255188629879" lon="112.90765806987619">
        <ele>49.265583087690175</ele>
        <time>2026-09-18T23:10:33.800000Z</time>
        <extensions>
          <gpxtpx:TrackPointExtension>
            <gpxtpx:hr>144</gpxtpx:hr>
          </gpxtpx:TrackPointExtension>
        </extensions>
      </trkpt>
      <trkpt lat="28.222547651808803" lon="112.90762733698197">
        <ele>48.98113513085991</ele>
        <time>2026-09-18T23:10:34.800000Z</time>
        <extensions>
          <gpxtpx:TrackPointExtension>
            <gpxtpx:hr>144</gpxtpx:hr>
          </gpxtpx:TrackPointExtension>
        </extensions>
      </trkpt>
      <trkpt lat="28.22254276044617" lon="112.90759595866645">
        <ele>48.69910263456404</ele>
        <time>2026-09-18T23:10:35.800000Z</time>
        <extensions>
          <gpxtpx:TrackPointExtension>
            <gpxtpx:hr>144</gpxtpx:hr>
          </gpxtpx:TrackPointExtension>
        </extensions>
      </trkpt>
      <trkpt lat="28.222536621013948" lon="112.90756455948906">
        <ele>48.421973950229585</ele>
        <time>2026-09-18T23:10:36.800000Z</time>
        <extensions>
          <gpxtpx:TrackPointExtension>
            <gpxtpx:hr>144</gpxtpx:hr>
          </gpxtpx:TrackPointExtension>
        </extensions>
      </trkpt>
      <trkpt lat="28.222530004807265" lon="112.90753300406004">
        <ele>48.15170735307038</ele>
        <time>2026-09-18T23:10:37.800000Z</time>
        <extensions>
          <gpxtpx:TrackPointExtension>
            <gpxtpx:hr>144</gpxtpx:hr>
          </gpxtpx:TrackPointExtension>
        </extensions>
      </trkpt>
      <trkpt lat="28.222524087923908" lon="112.90750093055878">
        <ele>47.89053010195494</ele>
        <time>2026-09-18T23:10:38.800000Z</time>
        <extensions>
          <gpxtpx:TrackPointExtension>
            <gpxtpx:hr>147</gpxtpx:hr>
          </gpxtpx:TrackPointExtension>
        </extensions>
      </trkpt>
      <trkpt lat="28.222519087699787" lon="112.90746832254375">
        <ele>47.64042856916785</ele>
        <time>2026-09-18T23:10:39.800000Z</time>
        <extensions>
          <gpxtpx:TrackPointExtension>
            <gpxtpx:hr>147</gpxtpx:hr>
          </gpxtpx:TrackPointExtension>
        </extensions>
      </trkpt>
      <trkpt lat="28.222515340340934" lon="112.9074353929969">
        <ele>47.40241406485438</ele>
        <time>2026-09-18T23:10:40.800000Z</time>
        <extensions>
          <gpxtpx:TrackPointExtension>
            <gpxtpx:hr>147</gpxtpx:hr>
          </gpxtpx:TrackPointExtension>
        </extensions>
      </trkpt>
      <trkpt lat="28.222512898946107" lon="112.90740255247879">
        <ele>47.17695849761367</ele>
        <time>2026-09-18T23:10:41.800000Z</time>
        <extensions>
          <gpxtpx:TrackPointExtension>
            <gpxtpx:hr>147</gpxtpx:hr>
          </gpxtpx:TrackPointExtension>
        </extensions>
      </trkpt>
      <trkpt lat="28.222511397355046" lon="112.90737004058083">
        <ele>46.96514619048685</ele>
        <time>2026-09-18T23:10:42.800000Z</time>
        <extensions>
          <gpxtpx:TrackPointExtension>
            <gpxtpx:hr>147</gpxtpx:hr>
          </gpxtpx:TrackPointExtension>
        </extensions>
      </trkpt>
      <trkpt lat="28.222510383955623" lon="112.90733787199413">
        <ele>46.76709493622184</ele>
        <time>2026-09-18T23:10:43.800000Z</time>
        <extensions>
          <gpxtpx:TrackPointExtension>
            <gpxtpx:hr>147</gpxtpx:hr>
          </gpxtpx:TrackPointExtension>
        </extensions>
      </trkpt>
      <trkpt lat="28.222509009916916" lon="112.90730582956202">
        <ele>46.58304813411087</ele>
        <time>2026-09-18T23:10:44.800000Z</time>
        <extensions>
          <gpxtpx:TrackPointExtension>
            <gpxtpx:hr>153</gpxtpx:hr>
          </gpxtpx:TrackPointExtension>
        </extensions>
      </trkpt>
      <trkpt lat="28.22250683065554" lon="112.90727370772616">
        <ele>46.41380960959941</ele>
        <time>2026-09-18T23:10:45.800000Z</time>
        <extensions>
          <gpxtpx:TrackPointExtension>
            <gpxtpx:hr>153</gpxtpx:hr>
          </gpxtpx:TrackPointExtension>
        </extensions>
      </trkpt>
      <trkpt lat="28.222504317175723" lon="112.90724123652159">
        <ele>46.258790609426796</ele>
        <time>2026-09-18T23:10:46.800000Z</time>
        <extensions>
          <gpxtpx:TrackPointExtension>
            <gpxtpx:hr>153</gpxtpx:hr>
          </gpxtpx:TrackPointExtension>
        </extensions>
      </trkpt>
      <trkpt lat="28.222501788845253" lon="112.90720829134604">
        <ele>46.118660100735724</ele>
        <time>2026-09-18T23:10:47.800000Z</time>
        <extensions>
          <gpxtpx:TrackPointExtension>
            <gpxtpx:hr>153</gpxtpx:hr>
          </gpxtpx:TrackPointExtension>
        </extensions>
      </trkpt>
      <trkpt lat="28.22249919998921" lon="112.9071750196247">
        <ele>45.99386725015938</ele>
        <time>2026-09-18T23:10:48.800000Z</time>
        <extensions>
          <gpxtpx:TrackPointExtension>
            <gpxtpx:hr>153</gpxtpx:hr>
          </gpxtpx:TrackPointExtension>
        </extensions>
      </trkpt>
      <trkpt lat="28.22249635592642" lon="112.90714165006622">
        <ele>45.8844233257696</ele>
        <time>2026-09-18T23:10:49.800000Z</time>
        <extensions>
          <gpxtpx:TrackPointExtension>
            <gpxtpx:hr>153</gpxtpx:hr>
          </gpxtpx:TrackPointExtension>
        </extensions>
      </trkpt>
      <trkpt lat="28.222493350078018" lon="112.90710826772113">
        <ele>45.79103393107653</ele>
        <time>2026-09-18T23:10:50.800000Z</time>
        <extensions>
          <gpxtpx:TrackPointExtension>
            <gpxtpx:hr>156</gpxtpx:hr>
          </gpxtpx:TrackPointExtension>
        </extensions>
      </trkpt>
      <trkpt lat="28.22249042768726" lon="112.90707505490138">
        <ele>45.71426055394113</ele>
        <time>2026-09-18T23:10:51.700000Z</time>
        <extensions>
          <gpxtpx:TrackPointExtension>
            <gpxtpx:hr>156</gpxtpx:hr>
          </gpxtpx:TrackPointExtension>
        </extensions>
      </trkpt>
      <trkpt lat="28.222487634765823" lon="112.90704224781459">
        <ele>45.65378928463906</ele>
        <time>2026-09-18T23:10:52.700000Z</time>
        <extensions>
          <gpxtpx:TrackPointExtension>
            <gpxtpx:hr>156</gpxtpx:hr>
          </gpxtpx:TrackPointExtension>
        </extensions>
      </trkpt>
      <trkpt lat="28.222484624960217" lon="112.9070098294594">
        <ele>45.610156065784395</ele>
        <time>2026-09-18T23:10:53.700000Z</time>
        <extensions>
          <gpxtpx:TrackPointExtension>
            <gpxtpx:hr>156</gpxtpx:hr>
          </gpxtpx:TrackPointExtension>
        </extensions>
      </trkpt>
      <trkpt lat="28.222481185173304" lon="112.90697761216167">
        <ele>45.583118649199605</ele>
        <time>2026-09-18T23:10:54.700000Z</time>
        <extensions>
          <gpxtpx:TrackPointExtension>
            <gpxtpx:hr>156</gpxtpx:hr>
          </gpxtpx:TrackPointExtension>
        </extensions>
      </trkpt>
      <trkpt lat="28.22247749896884" lon="112.90694528409905">
        <ele>45.57207303028554</ele>
        <time>2026-09-18T23:10:55.700000Z</time>
        <extensions>
          <gpxtpx:TrackPointExtension>
            <gpxtpx:hr>156</gpxtpx:hr>
          </gpxtpx:TrackPointExtension>
        </extensions>
      </trkpt>
      <trkpt lat="28.22247375613637" lon="112.90691286050934">
        <ele>45.57679535634816</ele>
        <time>2026-09-18T23:10:56.700000Z</time>
        <extensions>
          <gpxtpx:TrackPointExtension>
            <gpxtpx:hr>156</gpxtpx:hr>
          </gpxtpx:TrackPointExtension>
        </extensions>
      </trkpt>
      <trkpt lat="28.222469999678122" lon="112.90688061918095">
        <ele>45.5964589593932</ele>
        <time>2026-09-18T23:10:57.700000Z</time>
        <extensions>
          <gpxtpx:TrackPointExtension>
            <gpxtpx:hr>160</gpxtpx:hr>
          </gpxtpx:TrackPointExtension>
        </extensions>
      </trkpt>
      <trkpt lat="28.22246597990582" lon="112.90684879409005">
        <ele>45.63009862974286</ele>
        <time>2026-09-18T23:10:58.700000Z</time>
        <extensions>
          <gpxtpx:TrackPointExtension>
            <gpxtpx:hr>160</gpxtpx:hr>
          </gpxtpx:TrackPointExtension>
        </extensions>
      </trkpt>
      <trkpt lat="28.222461497829002" lon="112.9068174077606">
        <ele>45.67695229686797</ele>
        <time>2026-09-18T23:10:59.700000Z</time>
        <extensions>
          <gpxtpx:TrackPointExtension>
            <gpxtpx:hr>160</gpxtpx:hr>
          </gpxtpx:TrackPointExtension>
        </extensions>
      </trkpt>
      <trkpt lat="28.22245730464925" lon="112.90678625918315">
        <ele>45.735729907639325</ele>
        <time>2026-09-18T23:11:00.700000Z</time>
        <extensions>
          <gpxtpx:TrackPointExtension>
            <gpxtpx:hr>160</gpxtpx:hr>
          </gpxtpx:TrackPointExtension>
        </extensions>
      </trkpt>
      <trkpt lat="28.22245418606567" lon="112.90675511709168">
        <ele>45.80529126897454</ele>
        <time>2026-09-18T23:11:01.700000Z</time>
        <extensions>
          <gpxtpx:TrackPointExtension>
            <gpxtpx:hr>160</gpxtpx:hr>
          </gpxtpx:TrackPointExtension>
        </extensions>
      </trkpt>
      <trkpt lat="28.222452130037354" lon="112.9067238562672">
        <ele>45.88442799355835</ele>
        <time>2026-09-18T23:11:02.700000Z</time>
        <extensions>
          <gpxtpx:TrackPointExtension>
            <gpxtpx:hr>160</gpxtpx:hr>
          </gpxtpx:TrackPointExtension>
        </extensions>
      </trkpt>
      <trkpt lat="28.22245106460565" lon="112.90669240754139">
        <ele>45.97117149271071</ele>
        <time>2026-09-18T23:11:03.700000Z</time>
        <extensions>
          <gpxtpx:TrackPointExtension>
            <gpxtpx:hr>160</gpxtpx:hr>
          </gpxtpx:TrackPointExtension>
        </extensions>
      </trkpt>
      <trkpt lat="28.222450955521605" lon="112.90666062435956">
        <ele>46.064382910728455</ele>
        <time>2026-09-18T23:11:04.700000Z</time>
        <extensions>
          <gpxtpx:TrackPointExtension>
            <gpxtpx:hr>165</gpxtpx:hr>
          </gpxtpx:TrackPointExtension>
        </extensions>
      </trkpt>
      <trkpt lat="28.222452080386038" lon="112.90662861512955">
        <ele>46.16318546794355</ele>
        <time>2026-09-18T23:11:05.700000Z</time>
        <extensions>
          <gpxtpx:TrackPointExtension>
            <gpxtpx:hr>165</gpxtpx:hr>
          </gpxtpx:TrackPointExtension>
        </extensions>
      </trkpt>
      <trkpt lat="28.222454352844277" lon="112.9065966507769">
        <ele>46.266406814567745</ele>
        <time>2026-09-18T23:11:06.700000Z</time>
        <extensions>
          <gpxtpx:TrackPointExtension>
            <gpxtpx:hr>165</gpxtpx:hr>
          </gpxtpx:TrackPointExtension>
        </extensions>
      </trkpt>
      <trkpt lat="28.222456977607436" lon="112.90656502721627">
        <ele>46.37303343322128</ele>
        <time>2026-09-18T23:11:07.700000Z</time>
        <extensions>
          <gpxtpx:TrackPointExtension>
            <gpxtpx:hr>165</gpxtpx:hr>
          </gpxtpx:TrackPointExtension>
        </extensions>
      </trkpt>
      <trkpt lat="28.222458983714567" lon="112.90653384788254">
        <ele>46.481946238316596</ele>
        <time>2026-09-18T23:11:08.700000Z</time>
        <extensions>
          <gpxtpx:TrackPointExtension>
            <gpxtpx:hr>165</gpxtpx:hr>
          </gpxtpx:TrackPointExtension>
        </extensions>
      </trkpt>
      <trkpt lat="28.22245946915328" lon="112.90650290526325">
        <ele>46.59247630741447</ele>
        <time>2026-09-18T23:11:09.700000Z</time>
        <extensions>
          <gpxtpx:TrackPointExtension>
            <gpxtpx:hr>166</gpxtpx:hr>
          </gpxtpx:TrackPointExtension>
        </extensions>
      </trkpt>
      <trkpt lat="28.22245793168772" lon="112.90647193454318">
        <ele>46.70395873859525</ele>
        <time>2026-09-18T23:11:10.700000Z</time>
        <extensions>
          <gpxtpx:TrackPointExtension>
            <gpxtpx:hr>166</gpxtpx:hr>
          </gpxtpx:TrackPointExtension>
        </extensions>
      </trkpt>
      <trkpt lat="28.222454668950824" lon="112.90644095881247">
        <ele>46.81623900029808</ele>
        <time>2026-09-18T23:11:11.700000Z</time>
        <extensions>
          <gpxtpx:TrackPointExtension>
            <gpxtpx:hr>166</gpxtpx:hr>
          </gpxtpx:TrackPointExtension>
        </extensions>
      </trkpt>
      <trkpt lat="28.22245055124551" lon="112.90641011560768">
        <ele>46.92843787651509</ele>
        <time>2026-09-18T23:11:12.700000Z</time>
        <extensions>
          <gpxtpx:TrackPointExtension>
            <gpxtpx:hr>166</gpxtpx:hr>
          </gpxtpx:TrackPointExtension>
        </extensions>
      </trkpt>
      <trkpt lat="28.22244622772159" lon="112.90637937583857">
        <ele>47.040381694212556</ele>
        <time>2026-09-18T23:11:13.700000Z</time>
        <extensions>
          <gpxtpx:TrackPointExtension>
            <gpxtpx:hr>167</gpxtpx:hr>
          </gpxtpx:TrackPointExtension>
        </extensions>
      </trkpt>
      <trkpt lat="28.222442349603533" lon="112.90634860017033">
        <ele>47.15222048573196</ele>
        <time>2026-09-18T23:11:14.700000Z</time>
        <extensions>
          <gpxtpx:TrackPointExtension>
            <gpxtpx:hr>167</gpxtpx:hr>
          </gpxtpx:TrackPointExtension>
        </extensions>
      </trkpt>
      <trkpt lat="28.222439291187587" lon="112.90631756717414">
        <ele>47.26313699968159</ele>
        <time>2026-09-18T23:11:15.700000Z</time>
        <extensions>
          <gpxtpx:TrackPointExtension>
            <gpxtpx:hr>167</gpxtpx:hr>
          </gpxtpx:TrackPointExtension>
        </extensions>
      </trkpt>
      <trkpt lat="28.222436771266715" lon="112.90628603026101">
        <ele>47.37399660702795</ele>
        <time>2026-09-18T23:11:16.700000Z</time>
        <extensions>
          <gpxtpx:TrackPointExtension>
            <gpxtpx:hr>167</gpxtpx:hr>
          </gpxtpx:TrackPointExtension>
        </extensions>
      </trkpt>
      <trkpt lat="28.222434370814927" lon="112.90625384901195">
        <ele>47.48441749997437</ele>
        <time>2026-09-18T23:11:17.700000Z</time>
        <extensions>
          <gpxtpx:TrackPointExtension>
            <gpxtpx:hr>167</gpxtpx:hr>
          </gpxtpx:TrackPointExtension>
        </extensions>
      </trkpt>
      <trkpt lat="28.22243146946902" lon="112.90622135062073">
        <ele>47.59427883848548</ele>
        <time>2026-09-18T23:11:18.700000Z</time>
        <extensions>
          <gpxtpx:TrackPointExtension>
            <gpxtpx:hr>167</gpxtpx:hr>
          </gpxtpx:TrackPointExtension>
        </extensions>
      </trkpt>
      <trkpt lat="28.22242768832794" lon="112.90618908091753">
        <ele>47.703522151336074</ele>
        <time>2026-09-18T23:11:19.700000Z</time>
        <extensions>
          <gpxtpx:TrackPointExtension>
            <gpxtpx:hr>167</gpxtpx:hr>
          </gpxtpx:TrackPointExtension>
        </extensions>
      </trkpt>
      <trkpt lat="28.222422993806212" lon="112.9061576269959">
        <ele>47.81128788739443</ele>
        <time>2026-09-18T23:11:20.700000Z</time>
        <extensions>
          <gpxtpx:TrackPointExtension>
            <gpxtpx:hr>167</gpxtpx:hr>
          </gpxtpx:TrackPointExtension>
        </extensions>
      </trkpt>
      <trkpt lat="28.222417238506594" lon="112.90612725237352">
        <ele>47.9179947739467</ele>
        <time>2026-09-18T23:11:21.700000Z</time>
        <extensions>
          <gpxtpx:TrackPointExtension>
            <gpxtpx:hr>167</gpxtpx:hr>
          </gpxtpx:TrackPointExtension>
        </extensions>
      </trkpt>
      <trkpt lat="28.222410233715657" lon="112.90609765066252">
        <ele>48.023446266539395</ele>
        <time>2026-09-18T23:11:22.700000Z</time>
        <extensions>
          <gpxtpx:TrackPointExtension>
            <gpxtpx:hr>169</gpxtpx:hr>
          </gpxtpx:TrackPointExtension>
        </extensions>
      </trkpt>
      <trkpt lat="28.222401850878178" lon="112.90606837523623">
        <ele>48.12665680702776</ele>
        <time>2026-09-18T23:11:23.700000Z</time>
        <extensions>
          <gpxtpx:TrackPointExtension>
            <gpxtpx:hr>169</gpxtpx:hr>
          </gpxtpx:TrackPointExtension>
        </extensions>
      </trkpt>
      <trkpt lat="28.222392122714023" lon="112.90603907541418">
        <ele>48.227958623319864</ele>
        <time>2026-09-18T23:11:24.700000Z</time>
        <extensions>
          <gpxtpx:TrackPointExtension>
            <gpxtpx:hr>169</gpxtpx:hr>
          </gpxtpx:TrackPointExtension>
        </extensions>
      </trkpt>
      <trkpt lat="28.222381443360714" lon="112.90600936643804">
        <ele>48.32593083847314</ele>
        <time>2026-09-18T23:11:25.700000Z</time>
        <extensions>
          <gpxtpx:TrackPointExtension>
            <gpxtpx:hr>169</gpxtpx:hr>
          </gpxtpx:TrackPointExtension>
        </extensions>
      </trkpt>
      <trkpt lat="28.222370401517168" lon="112.90597920145429">
        <ele>48.4196208557114</ele>
        <time>2026-09-18T23:11:26.700000Z</time>
        <extensions>
          <gpxtpx:TrackPointExtension>
            <gpxtpx:hr>169</gpxtpx:hr>
          </gpxtpx:TrackPointExtension>
        </extensions>
      </trkpt>
      <trkpt lat="28.22235935570077" lon="112.90594889472199">
        <ele>48.50875952746719</ele>
        <time>2026-09-18T23:11:27.700000Z</time>
        <extensions>
          <gpxtpx:TrackPointExtension>
            <gpxtpx:hr>169</gpxtpx:hr>
          </gpxtpx:TrackPointExtension>
        </extensions>
      </trkpt>
      <trkpt lat="28.222348580755213" lon="112.90591879403752">
        <ele>48.59206311032176</ele>
        <time>2026-09-18T23:11:28.700000Z</time>
        <extensions>
          <gpxtpx:TrackPointExtension>
            <gpxtpx:hr>170</gpxtpx:hr>
          </gpxtpx:TrackPointExtension>
        </extensions>
      </trkpt>
      <trkpt lat="28.22233807788121" lon="112.9058891296918">
        <ele>48.669763788580894</ele>
        <time>2026-09-18T23:11:29.700000Z</time>
        <extensions>
          <gpxtpx:TrackPointExtension>
            <gpxtpx:hr>170</gpxtpx:hr>
          </gpxtpx:TrackPointExtension>
        </extensions>
      </trkpt>
      <trkpt lat="28.22232768122733" lon="112.90585991443413">
        <ele>48.741669717244804</ele>
        <time>2026-09-18T23:11:30.700000Z</time>
        <extensions>
          <gpxtpx:TrackPointExtension>
            <gpxtpx:hr>170</gpxtpx:hr>
          </gpxtpx:TrackPointExtension>
        </extensions>
      </trkpt>
      <trkpt lat="28.222317190872815" lon="112.9058310438855">
        <ele>48.807723748497665</ele>
        <time>2026-09-18T23:11:31.700000Z</time>
        <extensions>
          <gpxtpx:TrackPointExtension>
            <gpxtpx:hr>170</gpxtpx:hr>
          </gpxtpx:TrackPointExtension>
        </extensions>
      </trkpt>
      <trkpt lat="28.22230649826175" lon="112.90580236234479">
        <ele>48.86720366124064</ele>
        <time>2026-09-18T23:11:32.700000Z</time>
        <extensions>
          <gpxtpx:TrackPointExtension>
            <gpxtpx:hr>170</gpxtpx:hr>
          </gpxtpx:TrackPointExtension>
        </extensions>
      </trkpt>
      <trkpt lat="28.22229584881779" lon="112.90577388062748">
        <ele>48.921647725626826</ele>
        <time>2026-09-18T23:11:33.700000Z</time>
        <extensions>
          <gpxtpx:TrackPointExtension>
            <gpxtpx:hr>170</gpxtpx:hr>
          </gpxtpx:TrackPointExtension>
        </extensions>
      </trkpt>
      <trkpt lat="28.22228560262984" lon="112.90574560974487">
        <ele>48.97081915102899</ele>
        <time>2026-09-18T23:11:34.700000Z</time>
        <extensions>
          <gpxtpx:TrackPointExtension>
            <gpxtpx:hr>170</gpxtpx:hr>
          </gpxtpx:TrackPointExtension>
        </extensions>
      </trkpt>
      <trkpt lat="28.222276152074627" lon="112.90571753738328">
        <ele>49.01413942780346</ele>
        <time>2026-09-18T23:11:35.700000Z</time>
        <extensions>
          <gpxtpx:TrackPointExtension>
            <gpxtpx:hr>170</gpxtpx:hr>
          </gpxtpx:TrackPointExtension>
        </extensions>
      </trkpt>
      <trkpt lat="28.222267528355786" lon="112.90568974066672">
        <ele>49.05330919101834</ele>
        <time>2026-09-18T23:11:36.700000Z</time>
        <extensions>
          <gpxtpx:TrackPointExtension>
            <gpxtpx:hr>170</gpxtpx:hr>
          </gpxtpx:TrackPointExtension>
        </extensions>
      </trkpt>
      <trkpt lat="28.222259613688255" lon="112.90566225627555">
        <ele>49.087938754819334</ele>
        <time>2026-09-18T23:11:37.700000Z</time>
        <extensions>
          <gpxtpx:TrackPointExtension>
            <gpxtpx:hr>170</gpxtpx:hr>
          </gpxtpx:TrackPointExtension>
        </extensions>
      </trkpt>
      <trkpt lat="28.222252899920843" lon="112.90563477508091">
        <ele>49.1180012114346</ele>
        <time>2026-09-18T23:11:38.700000Z</time>
        <extensions>
          <gpxtpx:TrackPointExtension>
            <gpxtpx:hr>170</gpxtpx:hr>
          </gpxtpx:TrackPointExtension>
        </extensions>
      </trkpt>
      <trkpt lat="28.222247596733737" lon="112.90560692929398">
        <ele>49.14504325389862</ele>
        <time>2026-09-18T23:11:39.700000Z</time>
        <extensions>
          <gpxtpx:TrackPointExtension>
            <gpxtpx:hr>170</gpxtpx:hr>
          </gpxtpx:TrackPointExtension>
        </extensions>
      </trkpt>
      <trkpt lat="28.22224388500055" lon="112.90557880505621">
        <ele>49.16807574033737</ele>
        <time>2026-09-18T23:11:40.700000Z</time>
        <extensions>
          <gpxtpx:TrackPointExtension>
            <gpxtpx:hr>170</gpxtpx:hr>
          </gpxtpx:TrackPointExtension>
        </extensions>
      </trkpt>
      <trkpt lat="28.222242247567337" lon="112.90555051559122">
        <ele>49.18829176668078</ele>
        <time>2026-09-18T23:11:41.700000Z</time>
        <extensions>
          <gpxtpx:TrackPointExtension>
            <gpxtpx:hr>170</gpxtpx:hr>
          </gpxtpx:TrackPointExtension>
        </extensions>
      </trkpt>
      <trkpt lat="28.222241402547017" lon="112.90552183344327">
        <ele>49.20489760581404</ele>
        <time>2026-09-18T23:11:42.700000Z</time>
        <extensions>
          <gpxtpx:TrackPointExtension>
            <gpxtpx:hr>170</gpxtpx:hr>
          </gpxtpx:TrackPointExtension>
        </extensions>
      </trkpt>
      <trkpt lat="28.222239712896194" lon="112.9054926084744">
        <ele>49.21838726568967</ele>
        <time>2026-09-18T23:11:43.600000Z</time>
        <extensions>
          <gpxtpx:TrackPointExtension>
            <gpxtpx:hr>170</gpxtpx:hr>
          </gpxtpx:TrackPointExtension>
        </extensions>
      </trkpt>
      <trkpt lat="28.222237314174567" lon="112.90546303054668">
        <ele>49.23055740445852</ele>
        <time>2026-09-18T23:11:44.600000Z</time>
        <extensions>
          <gpxtpx:TrackPointExtension>
            <gpxtpx:hr>170</gpxtpx:hr>
          </gpxtpx:TrackPointExtension>
        </extensions>
      </trkpt>
      <trkpt lat="28.222234799525904" lon="112.90543343603689">
        <ele>49.240152386017144</ele>
        <time>2026-09-18T23:11:45.600000Z</time>
        <extensions>
          <gpxtpx:TrackPointExtension>
            <gpxtpx:hr>170</gpxtpx:hr>
          </gpxtpx:TrackPointExtension>
        </extensions>
      </trkpt>
      <trkpt lat="28.22223273356648" lon="112.90540403663441">
        <ele>49.247781625948846</ele>
        <time>2026-09-18T23:11:46.600000Z</time>
        <extensions>
          <gpxtpx:TrackPointExtension>
            <gpxtpx:hr>170</gpxtpx:hr>
          </gpxtpx:TrackPointExtension>
        </extensions>
      </trkpt>
      <trkpt lat="28.222231783700398" lon="112.90537484378797">
        <ele>49.25362288951874</ele>
        <time>2026-09-18T23:11:47.600000Z</time>
        <extensions>
          <gpxtpx:TrackPointExtension>
            <gpxtpx:hr>170</gpxtpx:hr>
          </gpxtpx:TrackPointExtension>
        </extensions>
      </trkpt>
      <trkpt lat="28.222232627294225" lon="112.90534580409484">
        <ele>49.256386663764715</ele>
        <time>2026-09-18T23:11:48.600000Z</time>
        <extensions>
          <gpxtpx:TrackPointExtension>
            <gpxtpx:hr>170</gpxtpx:hr>
          </gpxtpx:TrackPointExtension>
        </extensions>
      </trkpt>
      <trkpt lat="28.222236006253194" lon="112.90531713400635">
        <ele>49.257323652505875</ele>
        <time>2026-09-18T23:11:49.600000Z</time>
        <extensions>
          <gpxtpx:TrackPointExtension>
            <gpxtpx:hr>171</gpxtpx:hr>
          </gpxtpx:TrackPointExtension>
        </extensions>
      </trkpt>
      <trkpt lat="28.222242206342326" lon="112.90528924021456">
        <ele>49.25563692487776</ele>
        <time>2026-09-18T23:11:50.600000Z</time>
        <extensions>
          <gpxtpx:TrackPointExtension>
            <gpxtpx:hr>171</gpxtpx:hr>
          </gpxtpx:TrackPointExtension>
        </extensions>
      </trkpt>
      <trkpt lat="28.222251280456064" lon="112.90526245643294">
        <ele>49.250657986849546</ele>
        <time>2026-09-18T23:11:51.600000Z</time>
        <extensions>
          <gpxtpx:TrackPointExtension>
            <gpxtpx:hr>171</gpxtpx:hr>
          </gpxtpx:TrackPointExtension>
        </extensions>
      </trkpt>
      <trkpt lat="28.222263286249508" lon="112.90523697998358">
        <ele>49.24327515158802</ele>
        <time>2026-09-18T23:11:52.600000Z</time>
        <extensions>
          <gpxtpx:TrackPointExtension>
            <gpxtpx:hr>171</gpxtpx:hr>
          </gpxtpx:TrackPointExtension>
        </extensions>
      </trkpt>
      <trkpt lat="28.2222780878333" lon="112.90521305152633">
        <ele>49.23295990098268</ele>
        <time>2026-09-18T23:11:53.600000Z</time>
        <extensions>
          <gpxtpx:TrackPointExtension>
            <gpxtpx:hr>171</gpxtpx:hr>
          </gpxtpx:TrackPointExtension>
        </extensions>
      </trkpt>
      <trkpt lat="28.22229513239721" lon="112.90519115659494">
        <ele>49.21958508249372</ele>
        <time>2026-09-18T23:11:54.600000Z</time>
        <extensions>
          <gpxtpx:TrackPointExtension>
            <gpxtpx:hr>173</gpxtpx:hr>
          </gpxtpx:TrackPointExtension>
        </extensions>
      </trkpt>
      <trkpt lat="28.222313720540388" lon="112.90517162987142">
        <ele>49.2047828072682</ele>
        <time>2026-09-18T23:11:55.600000Z</time>
        <extensions>
          <gpxtpx:TrackPointExtension>
            <gpxtpx:hr>173</gpxtpx:hr>
          </gpxtpx:TrackPointExtension>
        </extensions>
      </trkpt>
      <trkpt lat="28.22233350302749" lon="112.90515477771376">
        <ele>49.18862201552838</ele>
        <time>2026-09-18T23:11:56.600000Z</time>
        <extensions>
          <gpxtpx:TrackPointExtension>
            <gpxtpx:hr>173</gpxtpx:hr>
          </gpxtpx:TrackPointExtension>
        </extensions>
      </trkpt>
      <trkpt lat="28.22235436320728" lon="112.90514050443002">
        <ele>49.17028278950602</ele>
        <time>2026-09-18T23:11:57.600000Z</time>
        <extensions>
          <gpxtpx:TrackPointExtension>
            <gpxtpx:hr>173</gpxtpx:hr>
          </gpxtpx:TrackPointExtension>
        </extensions>
      </trkpt>
      <trkpt lat="28.222376507860478" lon="112.90512841656277">
        <ele>49.152987943962216</ele>
        <time>2026-09-18T23:11:58.600000Z</time>
        <extensions>
          <gpxtpx:TrackPointExtension>
            <gpxtpx:hr>173</gpxtpx:hr>
          </gpxtpx:TrackPointExtension>
        </extensions>
      </trkpt>
      <trkpt lat="28.222399961001297" lon="112.9051179549434">
        <ele>49.13609488401562</ele>
        <time>2026-09-18T23:11:59.600000Z</time>
        <extensions>
          <gpxtpx:TrackPointExtension>
            <gpxtpx:hr>177</gpxtpx:hr>
          </gpxtpx:TrackPointExtension>
        </extensions>
      </trkpt>
      <trkpt lat="28.222424284113515" lon="112.90510886130578">
        <ele>49.12000020965934</ele>
        <time>2026-09-18T23:12:00.600000Z</time>
        <extensions>
          <gpxtpx:TrackPointExtension>
            <gpxtpx:hr>177</gpxtpx:hr>
          </gpxtpx:TrackPointExtension>
        </extensions>
      </trkpt>
      <trkpt lat="28.222449024676266" lon="112.90510138789104">
        <ele>49.1060748482123</ele>
        <time>2026-09-18T23:12:01.600000Z</time>
        <extensions>
          <gpxtpx:TrackPointExtension>
            <gpxtpx:hr>177</gpxtpx:hr>
          </gpxtpx:TrackPointExtension>
        </extensions>
      </trkpt>
      <trkpt lat="28.222473963661727" lon="112.90509568047369">
        <ele>49.09355656988919</ele>
        <time>2026-09-18T23:12:02.600000Z</time>
        <extensions>
          <gpxtpx:TrackPointExtension>
            <gpxtpx:hr>177</gpxtpx:hr>
          </gpxtpx:TrackPointExtension>
        </extensions>
      </trkpt>
      <trkpt lat="28.22249907383816" lon="112.9050916189685">
        <ele>49.08269157912582</ele>
        <time>2026-09-18T23:12:03.600000Z</time>
        <extensions>
          <gpxtpx:TrackPointExtension>
            <gpxtpx:hr>177</gpxtpx:hr>
          </gpxtpx:TrackPointExtension>
        </extensions>
      </trkpt>
      <trkpt lat="28.22252445392567" lon="112.90508872712033">
        <ele>49.07474118564278</ele>
        <time>2026-09-18T23:12:04.600000Z</time>
        <extensions>
          <gpxtpx:TrackPointExtension>
            <gpxtpx:hr>177</gpxtpx:hr>
          </gpxtpx:TrackPointExtension>
        </extensions>
      </trkpt>
      <trkpt lat="28.222550176402798" lon="112.90508658136217">
        <ele>49.068180124275386</ele>
        <time>2026-09-18T23:12:05.600000Z</time>
        <extensions>
          <gpxtpx:TrackPointExtension>
            <gpxtpx:hr>177</gpxtpx:hr>
          </gpxtpx:TrackPointExtension>
        </extensions>
      </trkpt>
      <trkpt lat="28.222576103940952" lon="112.90508481270945">
        <ele>49.063427617773414</ele>
        <time>2026-09-18T23:12:06.600000Z</time>
        <extensions>
          <gpxtpx:TrackPointExtension>
            <gpxtpx:hr>177</gpxtpx:hr>
          </gpxtpx:TrackPointExtension>
        </extensions>
      </trkpt>
      <trkpt lat="28.222602116936482" lon="112.90508314668055">
        <ele>49.06157903838903</ele>
        <time>2026-09-18T23:12:07.600000Z</time>
        <extensions>
          <gpxtpx:TrackPointExtension>
            <gpxtpx:hr>177</gpxtpx:hr>
          </gpxtpx:TrackPointExtension>
        </extensions>
      </trkpt>
      <trkpt lat="28.222628179571494" lon="112.90508131666333">
        <ele>49.06167241092771</ele>
        <time>2026-09-18T23:12:08.600000Z</time>
        <extensions>
          <gpxtpx:TrackPointExtension>
            <gpxtpx:hr>176</gpxtpx:hr>
          </gpxtpx:TrackPointExtension>
        </extensions>
      </trkpt>
      <trkpt lat="28.22265414042763" lon="112.90507921998073">
        <ele>49.06541205383837</ele>
        <time>2026-09-18T23:12:09.600000Z</time>
        <extensions>
          <gpxtpx:TrackPointExtension>
            <gpxtpx:hr>176</gpxtpx:hr>
          </gpxtpx:TrackPointExtension>
        </extensions>
      </trkpt>
      <trkpt lat="28.2226798798045" lon="112.90507701841067">
        <ele>49.07166742812842</ele>
        <time>2026-09-18T23:12:10.600000Z</time>
        <extensions>
          <gpxtpx:TrackPointExtension>
            <gpxtpx:hr>176</gpxtpx:hr>
          </gpxtpx:TrackPointExtension>
        </extensions>
      </trkpt>
      <trkpt lat="28.222705585882196" lon="112.90507453449639">
        <ele>49.0798321031034</ele>
        <time>2026-09-18T23:12:11.600000Z</time>
        <extensions>
          <gpxtpx:TrackPointExtension>
            <gpxtpx:hr>176</gpxtpx:hr>
          </gpxtpx:TrackPointExtension>
        </extensions>
      </trkpt>
      <trkpt lat="28.2227314375683" lon="112.90507151424416">
        <ele>49.091588706709445</ele>
        <time>2026-09-18T23:12:12.600000Z</time>
        <extensions>
          <gpxtpx:TrackPointExtension>
            <gpxtpx:hr>178</gpxtpx:hr>
          </gpxtpx:TrackPointExtension>
        </extensions>
      </trkpt>
      <trkpt lat="28.22275760193989" lon="112.90506803184938">
        <ele>49.105902314186096</ele>
        <time>2026-09-18T23:12:13.600000Z</time>
        <extensions>
          <gpxtpx:TrackPointExtension>
            <gpxtpx:hr>178</gpxtpx:hr>
          </gpxtpx:TrackPointExtension>
        </extensions>
      </trkpt>
      <trkpt lat="28.222784182203085" lon="112.90506410505425">
        <ele>49.1228216951713</ele>
        <time>2026-09-18T23:12:14.600000Z</time>
        <extensions>
          <gpxtpx:TrackPointExtension>
            <gpxtpx:hr>178</gpxtpx:hr>
          </gpxtpx:TrackPointExtension>
        </extensions>
      </trkpt>
      <trkpt lat="28.222810989424133" lon="112.90506004662821">
        <ele>49.14370671007782</ele>
        <time>2026-09-18T23:12:15.600000Z</time>
        <extensions>
          <gpxtpx:TrackPointExtension>
            <gpxtpx:hr>178</gpxtpx:hr>
          </gpxtpx:TrackPointExtension>
        </extensions>
      </trkpt>
      <trkpt lat="28.222837987086336" lon="112.90505607524382">
        <ele>49.166614591144025</ele>
        <time>2026-09-18T23:12:16.600000Z</time>
        <extensions>
          <gpxtpx:TrackPointExtension>
            <gpxtpx:hr>178</gpxtpx:hr>
          </gpxtpx:TrackPointExtension>
        </extensions>
      </trkpt>
      <trkpt lat="28.222865503890283" lon="112.90505203574294">
        <ele>49.19427314866334</ele>
        <time>2026-09-18T23:12:17.600000Z</time>
        <extensions>
          <gpxtpx:TrackPointExtension>
            <gpxtpx:hr>179</gpxtpx:hr>
          </gpxtpx:TrackPointExtension>
        </extensions>
      </trkpt>
      <trkpt lat="28.222893870783192" lon="112.90504809580565">
        <ele>49.225881949067116</ele>
        <time>2026-09-18T23:12:18.600000Z</time>
        <extensions>
          <gpxtpx:TrackPointExtension>
            <gpxtpx:hr>179</gpxtpx:hr>
          </gpxtpx:TrackPointExtension>
        </extensions>
      </trkpt>
      <trkpt lat="28.22292281057765" lon="112.90504451651346">
        <ele>49.2589089050889</ele>
        <time>2026-09-18T23:12:19.600000Z</time>
        <extensions>
          <gpxtpx:TrackPointExtension>
            <gpxtpx:hr>179</gpxtpx:hr>
          </gpxtpx:TrackPointExtension>
        </extensions>
      </trkpt>
      <trkpt lat="28.222951782107835" lon="112.90504110844202">
        <ele>49.295216396450996</ele>
        <time>2026-09-18T23:12:20.600000Z</time>
        <extensions>
          <gpxtpx:TrackPointExtension>
            <gpxtpx:hr>179</gpxtpx:hr>
          </gpxtpx:TrackPointExtension>
        </extensions>
      </trkpt>
      <trkpt lat="28.222980571869282" lon="112.9050378231867">
        <ele>49.33557080384344</ele>
        <time>2026-09-18T23:12:21.600000Z</time>
        <extensions>
          <gpxtpx:TrackPointExtension>
            <gpxtpx:hr>179</gpxtpx:hr>
          </gpxtpx:TrackPointExtension>
        </extensions>
      </trkpt>
      <trkpt lat="28.223009074290633" lon="112.90503492157123">
        <ele>49.37998608965427</ele>
        <time>2026-09-18T23:12:22.600000Z</time>
        <extensions>
          <gpxtpx:TrackPointExtension>
            <gpxtpx:hr>177</gpxtpx:hr>
          </gpxtpx:TrackPointExtension>
        </extensions>
      </trkpt>
      <trkpt lat="28.223037171998765" lon="112.90503234100501">
        <ele>49.42822049744427</ele>
        <time>2026-09-18T23:12:23.600000Z</time>
        <extensions>
          <gpxtpx:TrackPointExtension>
            <gpxtpx:hr>177</gpxtpx:hr>
          </gpxtpx:TrackPointExtension>
        </extensions>
      </trkpt>
      <trkpt lat="28.223064926625288" lon="112.90502975774315">
        <ele>49.479534389451146</ele>
        <time>2026-09-18T23:12:24.600000Z</time>
        <extensions>
          <gpxtpx:TrackPointExtension>
            <gpxtpx:hr>177</gpxtpx:hr>
          </gpxtpx:TrackPointExtension>
        </extensions>
      </trkpt>
      <trkpt lat="28.223092518449405" lon="112.90502700850138">
        <ele>49.53555333148688</ele>
        <time>2026-09-18T23:12:25.600000Z</time>
        <extensions>
          <gpxtpx:TrackPointExtension>
            <gpxtpx:hr>177</gpxtpx:hr>
          </gpxtpx:TrackPointExtension>
        </extensions>
      </trkpt>
      <trkpt lat="28.223119876359892" lon="112.90502390388994">
        <ele>49.595559692941606</ele>
        <time>2026-09-18T23:12:26.600000Z</time>
        <extensions>
          <gpxtpx:TrackPointExtension>
            <gpxtpx:hr>177</gpxtpx:hr>
          </gpxtpx:TrackPointExtension>
        </extensions>
      </trkpt>
      <trkpt lat="28.22314700486264" lon="112.90502033809781">
        <ele>49.660593652166426</ele>
        <time>2026-09-18T23:12:27.600000Z</time>
        <extensions>
          <gpxtpx:TrackPointExtension>
            <gpxtpx:hr>179</gpxtpx:hr>
          </gpxtpx:TrackPointExtension>
        </extensions>
      </trkpt>
      <trkpt lat="28.22317405687327" lon="112.90501616914868">
        <ele>49.72911709174514</ele>
        <time>2026-09-18T23:12:28.600000Z</time>
        <extensions>
          <gpxtpx:TrackPointExtension>
            <gpxtpx:hr>179</gpxtpx:hr>
          </gpxtpx:TrackPointExtension>
        </extensions>
      </trkpt>
      <trkpt lat="28.22320102494348" lon="112.90501107413374">
        <ele>49.800548853352666</ele>
        <time>2026-09-18T23:12:29.600000Z</time>
        <extensions>
          <gpxtpx:TrackPointExtension>
            <gpxtpx:hr>179</gpxtpx:hr>
          </gpxtpx:TrackPointExtension>
        </extensions>
      </trkpt>
      <trkpt lat="28.223227789533425" lon="112.90500528599256">
        <ele>49.87474804650992</ele>
        <time>2026-09-18T23:12:30.600000Z</time>
        <extensions>
          <gpxtpx:TrackPointExtension>
            <gpxtpx:hr>179</gpxtpx:hr>
          </gpxtpx:TrackPointExtension>
        </extensions>
      </trkpt>
      <trkpt lat="28.223254175713567" lon="112.90499920922937">
        <ele>49.95215257257223</ele>
        <time>2026-09-18T23:12:31.600000Z</time>
        <extensions>
          <gpxtpx:TrackPointExtension>
            <gpxtpx:hr>179</gpxtpx:hr>
          </gpxtpx:TrackPointExtension>
        </extensions>
      </trkpt>
      <trkpt lat="28.223280340058103" lon="112.90499352966653">
        <ele>50.03190329577774</ele>
        <time>2026-09-18T23:12:32.600000Z</time>
        <extensions>
          <gpxtpx:TrackPointExtension>
            <gpxtpx:hr>179</gpxtpx:hr>
          </gpxtpx:TrackPointExtension>
        </extensions>
      </trkpt>
      <trkpt lat="28.223306254801976" lon="112.90498857988996">
        <ele>50.113813682459295</ele>
        <time>2026-09-18T23:12:33.600000Z</time>
        <extensions>
          <gpxtpx:TrackPointExtension>
            <gpxtpx:hr>179</gpxtpx:hr>
          </gpxtpx:TrackPointExtension>
        </extensions>
      </trkpt>
      <trkpt lat="28.22333205197307" lon="112.90498395789318">
        <ele>50.197271974757314</ele>
        <time>2026-09-18T23:12:34.500000Z</time>
        <extensions>
          <gpxtpx:TrackPointExtension>
            <gpxtpx:hr>179</gpxtpx:hr>
          </gpxtpx:TrackPointExtension>
        </extensions>
      </trkpt>
      <trkpt lat="28.223358133727462" lon="112.90497945985315">
        <ele>50.281093675643206</ele>
        <time>2026-09-18T23:12:35.500000Z</time>
        <extensions>
          <gpxtpx:TrackPointExtension>
            <gpxtpx:hr>179</gpxtpx:hr>
          </gpxtpx:TrackPointExtension>
        </extensions>
      </trkpt>
      <trkpt lat="28.22338455098856" lon="112.90497505927749">
        <ele>50.36387741751969</ele>
        <time>2026-09-18T23:12:36.500000Z</time>
        <extensions>
          <gpxtpx:TrackPointExtension>
            <gpxtpx:hr>179</gpxtpx:hr>
          </gpxtpx:TrackPointExtension>
        </extensions>
      </trkpt>
      <trkpt lat="28.223411185634998" lon="112.90497109532836">
        <ele>50.44560838025063</ele>
        <time>2026-09-18T23:12:37.500000Z</time>
        <extensions>
          <gpxtpx:TrackPointExtension>
            <gpxtpx:hr>179</gpxtpx:hr>
          </gpxtpx:TrackPointExtension>
        </extensions>
      </trkpt>
      <trkpt lat="28.223437803429633" lon="112.9049678213731">
        <ele>50.52467171661556</ele>
        <time>2026-09-18T23:12:38.500000Z</time>
        <extensions>
          <gpxtpx:TrackPointExtension>
            <gpxtpx:hr>179</gpxtpx:hr>
          </gpxtpx:TrackPointExtension>
        </extensions>
      </trkpt>
      <trkpt lat="28.223464139278978" lon="112.90496524946555">
        <ele>50.60107391420752</ele>
        <time>2026-09-18T23:12:39.500000Z</time>
        <extensions>
          <gpxtpx:TrackPointExtension>
            <gpxtpx:hr>179</gpxtpx:hr>
          </gpxtpx:TrackPointExtension>
        </extensions>
      </trkpt>
      <trkpt lat="28.22348982702254" lon="112.90496336767578">
        <ele>50.67347002308816</ele>
        <time>2026-09-18T23:12:40.500000Z</time>
        <extensions>
          <gpxtpx:TrackPointExtension>
            <gpxtpx:hr>179</gpxtpx:hr>
          </gpxtpx:TrackPointExtension>
        </extensions>
      </trkpt>
      <trkpt lat="28.223514879840476" lon="112.90496194401847">
        <ele>50.742175007238984</ele>
        <time>2026-09-18T23:12:41.500000Z</time>
        <extensions>
          <gpxtpx:TrackPointExtension>
            <gpxtpx:hr>180</gpxtpx:hr>
          </gpxtpx:TrackPointExtension>
        </extensions>
      </trkpt>
      <trkpt lat="28.223539444640892" lon="112.90496040155804">
        <ele>50.8078821785748</ele>
        <time>2026-09-18T23:12:42.500000Z</time>
        <extensions>
          <gpxtpx:TrackPointExtension>
            <gpxtpx:hr>180</gpxtpx:hr>
          </gpxtpx:TrackPointExtension>
        </extensions>
      </trkpt>
      <trkpt lat="28.223563840040875" lon="112.90495830578381">
        <ele>50.8704126952216</ele>
        <time>2026-09-18T23:12:43.500000Z</time>
        <extensions>
          <gpxtpx:TrackPointExtension>
            <gpxtpx:hr>180</gpxtpx:hr>
          </gpxtpx:TrackPointExtension>
        </extensions>
      </trkpt>
      <trkpt lat="28.223588196457428" lon="112.90495568945796">
        <ele>50.930898561142385</ele>
        <time>2026-09-18T23:12:44.500000Z</time>
        <extensions>
          <gpxtpx:TrackPointExtension>
            <gpxtpx:hr>180</gpxtpx:hr>
          </gpxtpx:TrackPointExtension>
        </extensions>
      </trkpt>
      <trkpt lat="28.223612566071047" lon="112.90495261072284">
        <ele>50.98953746818006</ele>
        <time>2026-09-18T23:12:45.500000Z</time>
        <extensions>
          <gpxtpx:TrackPointExtension>
            <gpxtpx:hr>180</gpxtpx:hr>
          </gpxtpx:TrackPointExtension>
        </extensions>
      </trkpt>
      <trkpt lat="28.223636854717103" lon="112.90494919680187">
        <ele>51.04647899698466</ele>
        <time>2026-09-18T23:12:46.500000Z</time>
        <extensions>
          <gpxtpx:TrackPointExtension>
            <gpxtpx:hr>181</gpxtpx:hr>
          </gpxtpx:TrackPointExtension>
        </extensions>
      </trkpt>
      <trkpt lat="28.22366106840833" lon="112.90494528907536">
        <ele>51.100713631138206</ele>
        <time>2026-09-18T23:12:47.500000Z</time>
        <extensions>
          <gpxtpx:TrackPointExtension>
            <gpxtpx:hr>181</gpxtpx:hr>
          </gpxtpx:TrackPointExtension>
        </extensions>
      </trkpt>
      <trkpt lat="28.223685311299363" lon="112.90494112146467">
        <ele>51.15472455415875</ele>
        <time>2026-09-18T23:12:48.500000Z</time>
        <extensions>
          <gpxtpx:TrackPointExtension>
            <gpxtpx:hr>181</gpxtpx:hr>
          </gpxtpx:TrackPointExtension>
        </extensions>
      </trkpt>
      <trkpt lat="28.223709712555046" lon="112.90493703824805">
        <ele>51.20688647311181</ele>
        <time>2026-09-18T23:12:49.500000Z</time>
        <extensions>
          <gpxtpx:TrackPointExtension>
            <gpxtpx:hr>181</gpxtpx:hr>
          </gpxtpx:TrackPointExtension>
        </extensions>
      </trkpt>
      <trkpt lat="28.22373452462998" lon="112.90493298060277">
        <ele>51.257714002393186</ele>
        <time>2026-09-18T23:12:50.500000Z</time>
        <extensions>
          <gpxtpx:TrackPointExtension>
            <gpxtpx:hr>181</gpxtpx:hr>
          </gpxtpx:TrackPointExtension>
        </extensions>
      </trkpt>
      <trkpt lat="28.223759874545216" lon="112.90492895273796">
        <ele>51.30937808658928</ele>
        <time>2026-09-18T23:12:51.500000Z</time>
        <extensions>
          <gpxtpx:TrackPointExtension>
            <gpxtpx:hr>181</gpxtpx:hr>
          </gpxtpx:TrackPointExtension>
        </extensions>
      </trkpt>
      <trkpt lat="28.223785839734106" lon="112.90492472952141">
        <ele>51.359713611193</ele>
        <time>2026-09-18T23:12:52.500000Z</time>
        <extensions>
          <gpxtpx:TrackPointExtension>
            <gpxtpx:hr>181</gpxtpx:hr>
          </gpxtpx:TrackPointExtension>
        </extensions>
      </trkpt>
      <trkpt lat="28.223812489601627" lon="112.90492028271937">
        <ele>51.40903795231134</ele>
        <time>2026-09-18T23:12:53.500000Z</time>
        <extensions>
          <gpxtpx:TrackPointExtension>
            <gpxtpx:hr>181</gpxtpx:hr>
          </gpxtpx:TrackPointExtension>
        </extensions>
      </trkpt>
      <trkpt lat="28.223839200470913" lon="112.9049156191044">
        <ele>51.45800415053964</ele>
        <time>2026-09-18T23:12:54.500000Z</time>
        <extensions>
          <gpxtpx:TrackPointExtension>
            <gpxtpx:hr>181</gpxtpx:hr>
          </gpxtpx:TrackPointExtension>
        </extensions>
      </trkpt>
      <trkpt lat="28.22386524717665" lon="112.90491111077692">
        <ele>51.50636708829552</ele>
        <time>2026-09-18T23:12:55.500000Z</time>
        <extensions>
          <gpxtpx:TrackPointExtension>
            <gpxtpx:hr>181</gpxtpx:hr>
          </gpxtpx:TrackPointExtension>
        </extensions>
      </trkpt>
      <trkpt lat="28.223890283052135" lon="112.90490697041352">
        <ele>51.55329430196434</ele>
        <time>2026-09-18T23:12:56.500000Z</time>
        <extensions>
          <gpxtpx:TrackPointExtension>
            <gpxtpx:hr>181</gpxtpx:hr>
          </gpxtpx:TrackPointExtension>
        </extensions>
      </trkpt>
      <trkpt lat="28.223914694357987" lon="112.90490305907088">
        <ele>51.59918427374214</ele>
        <time>2026-09-18T23:12:57.500000Z</time>
        <extensions>
          <gpxtpx:TrackPointExtension>
            <gpxtpx:hr>181</gpxtpx:hr>
          </gpxtpx:TrackPointExtension>
        </extensions>
      </trkpt>
      <trkpt lat="28.22393915035241" lon="112.90489932092792">
        <ele>51.64408682473004</ele>
        <time>2026-09-18T23:12:58.500000Z</time>
        <extensions>
          <gpxtpx:TrackPointExtension>
            <gpxtpx:hr>181</gpxtpx:hr>
          </gpxtpx:TrackPointExtension>
        </extensions>
      </trkpt>
      <trkpt lat="28.223963966605574" lon="112.90489569066575">
        <ele>51.67692518327385</ele>
        <time>2026-09-18T23:12:59.500000Z</time>
        <extensions>
          <gpxtpx:TrackPointExtension>
            <gpxtpx:hr>181</gpxtpx:hr>
          </gpxtpx:TrackPointExtension>
        </extensions>
      </trkpt>
      <trkpt lat="28.223988957048345" lon="112.90489250062059">
        <ele>51.716562282294035</ele>
        <time>2026-09-18T23:13:00.500000Z</time>
        <extensions>
          <gpxtpx:TrackPointExtension>
            <gpxtpx:hr>181</gpxtpx:hr>
          </gpxtpx:TrackPointExtension>
        </extensions>
      </trkpt>
      <trkpt lat="28.22401405255387" lon="112.90488976552948">
        <ele>51.75624897237867</ele>
        <time>2026-09-18T23:13:01.500000Z</time>
        <extensions>
          <gpxtpx:TrackPointExtension>
            <gpxtpx:hr>181</gpxtpx:hr>
          </gpxtpx:TrackPointExtension>
        </extensions>
      </trkpt>
      <trkpt lat="28.224039227536853" lon="112.90488752092217">
        <ele>51.79560305085033</ele>
        <time>2026-09-18T23:13:02.500000Z</time>
        <extensions>
          <gpxtpx:TrackPointExtension>
            <gpxtpx:hr>181</gpxtpx:hr>
          </gpxtpx:TrackPointExtension>
        </extensions>
      </trkpt>
      <trkpt lat="28.22406471974321" lon="112.90488589199222">
        <ele>51.835141990333796</ele>
        <time>2026-09-18T23:13:03.500000Z</time>
        <extensions>
          <gpxtpx:TrackPointExtension>
            <gpxtpx:hr>181</gpxtpx:hr>
          </gpxtpx:TrackPointExtension>
        </extensions>
      </trkpt>
      <trkpt lat="28.224090737776024" lon="112.90488470851928">
        <ele>51.87488242983818</ele>
        <time>2026-09-18T23:13:04.500000Z</time>
        <extensions>
          <gpxtpx:TrackPointExtension>
            <gpxtpx:hr>181</gpxtpx:hr>
          </gpxtpx:TrackPointExtension>
        </extensions>
      </trkpt>
      <trkpt lat="28.224117184526094" lon="112.90488357140082">
        <ele>51.91507601272315</ele>
        <time>2026-09-18T23:13:05.500000Z</time>
        <extensions>
          <gpxtpx:TrackPointExtension>
            <gpxtpx:hr>181</gpxtpx:hr>
          </gpxtpx:TrackPointExtension>
        </extensions>
      </trkpt>
      <trkpt lat="28.2241437542152" lon="112.90488233927282">
        <ele>51.955538370646536</ele>
        <time>2026-09-18T23:13:06.500000Z</time>
        <extensions>
          <gpxtpx:TrackPointExtension>
            <gpxtpx:hr>181</gpxtpx:hr>
          </gpxtpx:TrackPointExtension>
        </extensions>
      </trkpt>
      <trkpt lat="28.224170030193754" lon="112.90488143208088">
        <ele>51.99588010832667</ele>
        <time>2026-09-18T23:13:07.500000Z</time>
        <extensions>
          <gpxtpx:TrackPointExtension>
            <gpxtpx:hr>181</gpxtpx:hr>
          </gpxtpx:TrackPointExtension>
        </extensions>
      </trkpt>
      <trkpt lat="28.224195440134796" lon="112.90488084219554">
        <ele>52.03546199109405</ele>
        <time>2026-09-18T23:13:08.500000Z</time>
        <extensions>
          <gpxtpx:TrackPointExtension>
            <gpxtpx:hr>181</gpxtpx:hr>
          </gpxtpx:TrackPointExtension>
        </extensions>
      </trkpt>
      <trkpt lat="28.224219949743166" lon="112.90488070568104">
        <ele>52.07398271653801</ele>
        <time>2026-09-18T23:13:09.500000Z</time>
        <extensions>
          <gpxtpx:TrackPointExtension>
            <gpxtpx:hr>181</gpxtpx:hr>
          </gpxtpx:TrackPointExtension>
        </extensions>
      </trkpt>
      <trkpt lat="28.224243531687996" lon="112.90488094397517">
        <ele>52.11153890192509</ele>
        <time>2026-09-18T23:13:10.500000Z</time>
        <extensions>
          <gpxtpx:TrackPointExtension>
            <gpxtpx:hr>181</gpxtpx:hr>
          </gpxtpx:TrackPointExtension>
        </extensions>
      </trkpt>
      <trkpt lat="28.224265442084285" lon="112.90488082829444">
        <ele>52.148552366532385</ele>
        <time>2026-09-18T23:13:11.500000Z</time>
        <extensions>
          <gpxtpx:TrackPointExtension>
            <gpxtpx:hr>181</gpxtpx:hr>
          </gpxtpx:TrackPointExtension>
        </extensions>
      </trkpt>
      <trkpt lat="28.224284992261598" lon="112.90487975305831">
        <ele>52.18521024193615</ele>
        <time>2026-09-18T23:13:12.500000Z</time>
        <extensions>
          <gpxtpx:TrackPointExtension>
            <gpxtpx:hr>181</gpxtpx:hr>
          </gpxtpx:TrackPointExtension>
        </extensions>
      </trkpt>
      <trkpt lat="28.22430205764669" lon="112.9048777944371">
        <ele>52.22171319462359</ele>
        <time>2026-09-18T23:13:13.500000Z</time>
        <extensions>
          <gpxtpx:TrackPointExtension>
            <gpxtpx:hr>181</gpxtpx:hr>
          </gpxtpx:TrackPointExtension>
        </extensions>
      </trkpt>
      <trkpt lat="28.224317131102676" lon="112.90487620512326">
        <ele>52.25821280665696</ele>
        <time>2026-09-18T23:13:14.500000Z</time>
        <extensions>
          <gpxtpx:TrackPointExtension>
            <gpxtpx:hr>181</gpxtpx:hr>
          </gpxtpx:TrackPointExtension>
        </extensions>
      </trkpt>
      <trkpt lat="28.224330743447684" lon="112.90487569907935">
        <ele>52.29530853591859</ele>
        <time>2026-09-18T23:13:15.500000Z</time>
        <extensions>
          <gpxtpx:TrackPointExtension>
            <gpxtpx:hr>181</gpxtpx:hr>
          </gpxtpx:TrackPointExtension>
        </extensions>
      </trkpt>
      <trkpt lat="28.22434361112339" lon="112.90487600390918">
        <ele>52.33306407276541</ele>
        <time>2026-09-18T23:13:16.500000Z</time>
        <extensions>
          <gpxtpx:TrackPointExtension>
            <gpxtpx:hr>180</gpxtpx:hr>
          </gpxtpx:TrackPointExtension>
        </extensions>
      </trkpt>
      <trkpt lat="28.2243568910068" lon="112.9048768175229">
        <ele>52.3712354702875</ele>
        <time>2026-09-18T23:13:17.500000Z</time>
        <extensions>
          <gpxtpx:TrackPointExtension>
            <gpxtpx:hr>180</gpxtpx:hr>
          </gpxtpx:TrackPointExtension>
        </extensions>
      </trkpt>
      <trkpt lat="28.224371189479914" lon="112.90487767613077">
        <ele>52.4095315951854</ele>
        <time>2026-09-18T23:13:18.500000Z</time>
        <extensions>
          <gpxtpx:TrackPointExtension>
            <gpxtpx:hr>180</gpxtpx:hr>
          </gpxtpx:TrackPointExtension>
        </extensions>
      </trkpt>
      <trkpt lat="28.224385718869573" lon="112.9048784231139">
        <ele>52.4481793679297</ele>
        <time>2026-09-18T23:13:19.500000Z</time>
        <extensions>
          <gpxtpx:TrackPointExtension>
            <gpxtpx:hr>180</gpxtpx:hr>
          </gpxtpx:TrackPointExtension>
        </extensions>
      </trkpt>
      <trkpt lat="28.22439886552538" lon="112.90487920198912">
        <ele>52.487121848389506</ele>
        <time>2026-09-18T23:13:20.500000Z</time>
        <extensions>
          <gpxtpx:TrackPointExtension>
            <gpxtpx:hr>180</gpxtpx:hr>
          </gpxtpx:TrackPointExtension>
        </extensions>
      </trkpt>
      <trkpt lat="28.22441088986912" lon="112.90488026939872">
        <ele>52.52628088090569</ele>
        <time>2026-09-18T23:13:21.500000Z</time>
        <extensions>
          <gpxtpx:TrackPointExtension>
            <gpxtpx:hr>177</gpxtpx:hr>
          </gpxtpx:TrackPointExtension>
        </extensions>
      </trkpt>
      <trkpt lat="28.22442321547279" lon="112.90488168901436">
        <ele>52.56525912322104</ele>
        <time>2026-09-18T23:13:22.500000Z</time>
        <extensions>
          <gpxtpx:TrackPointExtension>
            <gpxtpx:hr>177</gpxtpx:hr>
          </gpxtpx:TrackPointExtension>
        </extensions>
      </trkpt>
      <trkpt lat="28.224436084880445" lon="112.90488300667336">
        <ele>52.60347937233746</ele>
        <time>2026-09-18T23:13:23.500000Z</time>
        <extensions>
          <gpxtpx:TrackPointExtension>
            <gpxtpx:hr>177</gpxtpx:hr>
          </gpxtpx:TrackPointExtension>
        </extensions>
      </trkpt>
      <trkpt lat="28.2244494533364" lon="112.90488390715745">
        <ele>52.640288362279534</ele>
        <time>2026-09-18T23:13:24.500000Z</time>
        <extensions>
          <gpxtpx:TrackPointExtension>
            <gpxtpx:hr>176</gpxtpx:hr>
          </gpxtpx:TrackPointExtension>
        </extensions>
      </trkpt>
      <trkpt lat="28.22446328777311" lon="112.9048842142383">
        <ele>52.675265699625015</ele>
        <time>2026-09-18T23:13:25.400000Z</time>
        <extensions>
          <gpxtpx:TrackPointExtension>
            <gpxtpx:hr>176</gpxtpx:hr>
          </gpxtpx:TrackPointExtension>
        </extensions>
      </trkpt>
      <trkpt lat="28.22447743647754" lon="112.90488379555539">
        <ele>52.708064577542245</ele>
        <time>2026-09-18T23:13:26.400000Z</time>
        <extensions>
          <gpxtpx:TrackPointExtension>
            <gpxtpx:hr>176</gpxtpx:hr>
          </gpxtpx:TrackPointExtension>
        </extensions>
      </trkpt>
      <trkpt lat="28.224491556978602" lon="112.90488339511178">
        <ele>52.73821741901338</ele>
        <time>2026-09-18T23:13:27.400000Z</time>
        <extensions>
          <gpxtpx:TrackPointExtension>
            <gpxtpx:hr>174</gpxtpx:hr>
          </gpxtpx:TrackPointExtension>
        </extensions>
      </trkpt>
      <trkpt lat="28.224506028630724" lon="112.9048832730958">
        <ele>52.765502092428505</ele>
        <time>2026-09-18T23:13:28.400000Z</time>
        <extensions>
          <gpxtpx:TrackPointExtension>
            <gpxtpx:hr>174</gpxtpx:hr>
          </gpxtpx:TrackPointExtension>
        </extensions>
      </trkpt>
      <trkpt lat="28.224521140183676" lon="112.90488276308463">
        <ele>52.78944287169725</ele>
        <time>2026-09-18T23:13:29.400000Z</time>
        <extensions>
          <gpxtpx:TrackPointExtension>
            <gpxtpx:hr>174</gpxtpx:hr>
          </gpxtpx:TrackPointExtension>
        </extensions>
      </trkpt>
      <trkpt lat="28.224537106030592" lon="112.90488169658165">
        <ele>52.8100677318871</ele>
        <time>2026-09-18T23:13:30.400000Z</time>
        <extensions>
          <gpxtpx:TrackPointExtension>
            <gpxtpx:hr>174</gpxtpx:hr>
          </gpxtpx:TrackPointExtension>
        </extensions>
      </trkpt>
      <trkpt lat="28.224553697897587" lon="112.90488019401508">
        <ele>52.82724313624203</ele>
        <time>2026-09-18T23:13:31.400000Z</time>
        <extensions>
          <gpxtpx:TrackPointExtension>
            <gpxtpx:hr>174</gpxtpx:hr>
          </gpxtpx:TrackPointExtension>
        </extensions>
      </trkpt>
      <trkpt lat="28.224570901163247" lon="112.90487826455998">
        <ele>52.8407984720543</ele>
        <time>2026-09-18T23:13:32.400000Z</time>
        <extensions>
          <gpxtpx:TrackPointExtension>
            <gpxtpx:hr>171</gpxtpx:hr>
          </gpxtpx:TrackPointExtension>
        </extensions>
      </trkpt>
      <trkpt lat="28.2245886085825" lon="112.90487607503461">
        <ele>52.850628110580146</ele>
        <time>2026-09-18T23:13:33.400000Z</time>
        <extensions>
          <gpxtpx:TrackPointExtension>
            <gpxtpx:hr>171</gpxtpx:hr>
          </gpxtpx:TrackPointExtension>
        </extensions>
      </trkpt>
      <trkpt lat="28.224606662099553" lon="112.90487378590117">
        <ele>52.85661174822599</ele>
        <time>2026-09-18T23:13:34.400000Z</time>
        <extensions>
          <gpxtpx:TrackPointExtension>
            <gpxtpx:hr>171</gpxtpx:hr>
          </gpxtpx:TrackPointExtension>
        </extensions>
      </trkpt>
      <trkpt lat="28.22462535136386" lon="112.9048712543437">
        <ele>52.85853667091578</ele>
        <time>2026-09-18T23:13:35.400000Z</time>
        <extensions>
          <gpxtpx:TrackPointExtension>
            <gpxtpx:hr>171</gpxtpx:hr>
          </gpxtpx:TrackPointExtension>
        </extensions>
      </trkpt>
      <trkpt lat="28.22464519552335" lon="112.90486826048287">
        <ele>52.85656443890184</ele>
        <time>2026-09-18T23:13:36.400000Z</time>
        <extensions>
          <gpxtpx:TrackPointExtension>
            <gpxtpx:hr>171</gpxtpx:hr>
          </gpxtpx:TrackPointExtension>
        </extensions>
      </trkpt>
      <trkpt lat="28.224666833468177" lon="112.90486464242093">
        <ele>52.851159155368805</ele>
        <time>2026-09-18T23:13:37.400000Z</time>
        <extensions>
          <gpxtpx:TrackPointExtension>
            <gpxtpx:hr>170</gpxtpx:hr>
          </gpxtpx:TrackPointExtension>
        </extensions>
      </trkpt>
      <trkpt lat="28.224689787195423" lon="112.90486063334905">
        <ele>52.84299151506275</ele>
        <time>2026-09-18T23:13:38.400000Z</time>
        <extensions>
          <gpxtpx:TrackPointExtension>
            <gpxtpx:hr>170</gpxtpx:hr>
          </gpxtpx:TrackPointExtension>
        </extensions>
      </trkpt>
      <trkpt lat="28.224713586827853" lon="112.90485649182718">
        <ele>52.83264064975083</ele>
        <time>2026-09-18T23:13:39.400000Z</time>
        <extensions>
          <gpxtpx:TrackPointExtension>
            <gpxtpx:hr>170</gpxtpx:hr>
          </gpxtpx:TrackPointExtension>
        </extensions>
      </trkpt>
      <trkpt lat="28.224737749671135" lon="112.90485234822982">
        <ele>52.82063646335155</ele>
        <time>2026-09-18T23:13:40.400000Z</time>
        <extensions>
          <gpxtpx:TrackPointExtension>
            <gpxtpx:hr>170</gpxtpx:hr>
          </gpxtpx:TrackPointExtension>
        </extensions>
      </trkpt>
      <trkpt lat="28.224761969941195" lon="112.904848234561">
        <ele>52.807397762313485</ele>
        <time>2026-09-18T23:13:41.400000Z</time>
        <extensions>
          <gpxtpx:TrackPointExtension>
            <gpxtpx:hr>170</gpxtpx:hr>
          </gpxtpx:TrackPointExtension>
        </extensions>
      </trkpt>
      <trkpt lat="28.224786053413084" lon="112.90484472131457">
        <ele>52.793381026014686</ele>
        <time>2026-09-18T23:13:42.400000Z</time>
        <extensions>
          <gpxtpx:TrackPointExtension>
            <gpxtpx:hr>171</gpxtpx:hr>
          </gpxtpx:TrackPointExtension>
        </extensions>
      </trkpt>
      <trkpt lat="28.224809227103304" lon="112.90484244417789">
        <ele>52.77928431984037</ele>
        <time>2026-09-18T23:13:43.400000Z</time>
        <extensions>
          <gpxtpx:TrackPointExtension>
            <gpxtpx:hr>171</gpxtpx:hr>
          </gpxtpx:TrackPointExtension>
        </extensions>
      </trkpt>
      <trkpt lat="28.224830670310013" lon="112.9048412635556">
        <ele>52.76633551996201</ele>
        <time>2026-09-18T23:13:44.400000Z</time>
        <extensions>
          <gpxtpx:TrackPointExtension>
            <gpxtpx:hr>171</gpxtpx:hr>
          </gpxtpx:TrackPointExtension>
        </extensions>
      </trkpt>
      <trkpt lat="28.224849934615527" lon="112.90484122539114">
        <ele>52.75628826674074</ele>
        <time>2026-09-18T23:13:45.400000Z</time>
        <extensions>
          <gpxtpx:TrackPointExtension>
            <gpxtpx:hr>171</gpxtpx:hr>
          </gpxtpx:TrackPointExtension>
        </extensions>
      </trkpt>
      <trkpt lat="28.22486715189823" lon="112.90484273480007">
        <ele>52.755611676722765</ele>
        <time>2026-09-18T23:13:46.400000Z</time>
        <extensions>
          <gpxtpx:TrackPointExtension>
            <gpxtpx:hr>171</gpxtpx:hr>
          </gpxtpx:TrackPointExtension>
        </extensions>
      </trkpt>
      <trkpt lat="28.22488290207742" lon="112.90484604326024">
        <ele>52.75926643051207</ele>
        <time>2026-09-18T23:13:47.400000Z</time>
        <extensions>
          <gpxtpx:TrackPointExtension>
            <gpxtpx:hr>171</gpxtpx:hr>
          </gpxtpx:TrackPointExtension>
        </extensions>
      </trkpt>
      <trkpt lat="28.22489742809202" lon="112.90485100583543">
        <ele>52.777173882350326</ele>
        <time>2026-09-18T23:13:48.400000Z</time>
        <extensions>
          <gpxtpx:TrackPointExtension>
            <gpxtpx:hr>171</gpxtpx:hr>
          </gpxtpx:TrackPointExtension>
        </extensions>
      </trkpt>
      <trkpt lat="28.224908224941053" lon="112.90485583063058">
        <ele>52.80509601067752</ele>
        <time>2026-09-18T23:13:49.200000Z</time>
        <extensions>
          <gpxtpx:TrackPointExtension>
            <gpxtpx:hr>169</gpxtpx:hr>
          </gpxtpx:TrackPointExtension>
        </extensions>
      </trkpt>
      <trkpt lat="28.22492046018518" lon="112.90486200870092">
        <ele>52.8639411162585</ele>
        <time>2026-09-18T23:13:50.200000Z</time>
        <extensions>
          <gpxtpx:TrackPointExtension>
            <gpxtpx:hr>169</gpxtpx:hr>
          </gpxtpx:TrackPointExtension>
        </extensions>
      </trkpt>
      <trkpt lat="28.22493276048414" lon="112.90486838440243">
        <ele>52.98277836851776</ele>
        <time>2026-09-18T23:13:51.400000Z</time>
        <extensions>
          <gpxtpx:TrackPointExtension>
            <gpxtpx:hr>169</gpxtpx:hr>
          </gpxtpx:TrackPointExtension>
        </extensions>
      </trkpt>
      <trkpt lat="28.22493996316966" lon="112.90487202529322">
        <ele>53.09438743814826</ele>
        <time>2026-09-18T23:13:52.200000Z</time>
        <extensions>
          <gpxtpx:TrackPointExtension>
            <gpxtpx:hr>169</gpxtpx:hr>
          </gpxtpx:TrackPointExtension>
        </extensions>
      </trkpt>
      <trkpt lat="28.224948550755958" lon="112.90487622550059">
        <ele>53.26633904222399</ele>
        <time>2026-09-18T23:13:53.200000Z</time>
        <extensions>
          <gpxtpx:TrackPointExtension>
            <gpxtpx:hr>169</gpxtpx:hr>
          </gpxtpx:TrackPointExtension>
        </extensions>
      </trkpt>
      <trkpt lat="28.224958680621857" lon="112.9048811245682">
        <ele>53.519805651158094</ele>
        <time>2026-09-18T23:13:54.400000Z</time>
        <extensions>
          <gpxtpx:TrackPointExtension>
            <gpxtpx:hr>169</gpxtpx:hr>
          </gpxtpx:TrackPointExtension>
        </extensions>
      </trkpt>
      <trkpt lat="28.2249675296706" lon="112.90488549347062">
        <ele>53.761448027566075</ele>
        <time>2026-09-18T23:13:55.400000Z</time>
        <extensions>
          <gpxtpx:TrackPointExtension>
            <gpxtpx:hr>169</gpxtpx:hr>
          </gpxtpx:TrackPointExtension>
        </extensions>
      </trkpt>
      <trkpt lat="28.224977075508225" lon="112.90489019531117">
        <ele>54.012609768658876</ele>
        <time>2026-09-18T23:13:56.400000Z</time>
        <extensions>
          <gpxtpx:TrackPointExtension>
            <gpxtpx:hr>169</gpxtpx:hr>
          </gpxtpx:TrackPointExtension>
        </extensions>
      </trkpt>
      <trkpt lat="28.22498709829257" lon="112.90489483353205">
        <ele>54.26479230262339</ele>
        <time>2026-09-18T23:13:57.400000Z</time>
        <extensions>
          <gpxtpx:TrackPointExtension>
            <gpxtpx:hr>169</gpxtpx:hr>
          </gpxtpx:TrackPointExtension>
        </extensions>
      </trkpt>
      <trkpt lat="28.224997238271886" lon="112.90489893163988">
        <ele>54.511798658408225</ele>
        <time>2026-09-18T23:13:58.400000Z</time>
        <extensions>
          <gpxtpx:TrackPointExtension>
            <gpxtpx:hr>167</gpxtpx:hr>
          </gpxtpx:TrackPointExtension>
        </extensions>
      </trkpt>
      <trkpt lat="28.225007483577507" lon="112.90490261548108">
        <ele>54.74924069829285</ele>
        <time>2026-09-18T23:13:59.400000Z</time>
        <extensions>
          <gpxtpx:TrackPointExtension>
            <gpxtpx:hr>167</gpxtpx:hr>
          </gpxtpx:TrackPointExtension>
        </extensions>
      </trkpt>
      <trkpt lat="28.225017854143" lon="112.90490598286993">
        <ele>54.973844066262245</ele>
        <time>2026-09-18T23:14:00.400000Z</time>
        <extensions>
          <gpxtpx:TrackPointExtension>
            <gpxtpx:hr>167</gpxtpx:hr>
          </gpxtpx:TrackPointExtension>
        </extensions>
      </trkpt>
      <trkpt lat="28.225028457904983" lon="112.90490888541251">
        <ele>55.183554604649544</ele>
        <time>2026-09-18T23:14:01.400000Z</time>
        <extensions>
          <gpxtpx:TrackPointExtension>
            <gpxtpx:hr>167</gpxtpx:hr>
          </gpxtpx:TrackPointExtension>
        </extensions>
      </trkpt>
      <trkpt lat="28.22503908213327" lon="112.90491129357605">
        <ele>55.37704790011048</ele>
        <time>2026-09-18T23:14:02.400000Z</time>
        <extensions>
          <gpxtpx:TrackPointExtension>
            <gpxtpx:hr>167</gpxtpx:hr>
          </gpxtpx:TrackPointExtension>
        </extensions>
      </trkpt>
      <trkpt lat="28.225049112583896" lon="112.90491309808628">
        <ele>55.55352350603789</ele>
        <time>2026-09-18T23:14:03.400000Z</time>
        <extensions>
          <gpxtpx:TrackPointExtension>
            <gpxtpx:hr>161</gpxtpx:hr>
          </gpxtpx:TrackPointExtension>
        </extensions>
      </trkpt>
      <trkpt lat="28.225058218432714" lon="112.90491433655448">
        <ele>55.71284073591232</ele>
        <time>2026-09-18T23:14:04.400000Z</time>
        <extensions>
          <gpxtpx:TrackPointExtension>
            <gpxtpx:hr>161</gpxtpx:hr>
          </gpxtpx:TrackPointExtension>
        </extensions>
      </trkpt>
      <trkpt lat="28.225066770682375" lon="112.90491507957792">
        <ele>55.854825604707</ele>
        <time>2026-09-18T23:14:05.400000Z</time>
        <extensions>
          <gpxtpx:TrackPointExtension>
            <gpxtpx:hr>161</gpxtpx:hr>
          </gpxtpx:TrackPointExtension>
        </extensions>
      </trkpt>
      <trkpt lat="28.22507517889004" lon="112.90491498276388">
        <ele>55.97942289058119</ele>
        <time>2026-09-18T23:14:06.400000Z</time>
        <extensions>
          <gpxtpx:TrackPointExtension>
            <gpxtpx:hr>161</gpxtpx:hr>
          </gpxtpx:TrackPointExtension>
        </extensions>
      </trkpt>
      <trkpt lat="28.22508298505775" lon="112.90491319389716">
        <ele>56.086828417144716</ele>
        <time>2026-09-18T23:14:07.400000Z</time>
        <extensions>
          <gpxtpx:TrackPointExtension>
            <gpxtpx:hr>161</gpxtpx:hr>
          </gpxtpx:TrackPointExtension>
        </extensions>
      </trkpt>
      <trkpt lat="28.22508851624789" lon="112.90490840419224">
        <ele>56.177434584125876</ele>
        <time>2026-09-18T23:14:08.400000Z</time>
        <extensions>
          <gpxtpx:TrackPointExtension>
            <gpxtpx:hr>159</gpxtpx:hr>
          </gpxtpx:TrackPointExtension>
        </extensions>
      </trkpt>
      <trkpt lat="28.22509191623254" lon="112.90490113783196">
        <ele>56.2516820654273</ele>
        <time>2026-09-18T23:14:09.400000Z</time>
        <extensions>
          <gpxtpx:TrackPointExtension>
            <gpxtpx:hr>159</gpxtpx:hr>
          </gpxtpx:TrackPointExtension>
        </extensions>
      </trkpt>
      <trkpt lat="28.225094908293833" lon="112.90489367858163">
        <ele>56.30850002262741</ele>
        <time>2026-09-18T23:14:10.400000Z</time>
        <extensions>
          <gpxtpx:TrackPointExtension>
            <gpxtpx:hr>159</gpxtpx:hr>
          </gpxtpx:TrackPointExtension>
        </extensions>
      </trkpt>
      <trkpt lat="28.22509866844891" lon="112.90488793181545">
        <ele>56.35252560675144</ele>
        <time>2026-09-18T23:14:11.400000Z</time>
        <extensions>
          <gpxtpx:TrackPointExtension>
            <gpxtpx:hr>159</gpxtpx:hr>
          </gpxtpx:TrackPointExtension>
        </extensions>
      </trkpt>
      <trkpt lat="28.225104632013508" lon="112.90488509081666">
        <ele>56.38323863595724</ele>
        <time>2026-09-18T23:14:12.400000Z</time>
        <extensions>
          <gpxtpx:TrackPointExtension>
            <gpxtpx:hr>158</gpxtpx:hr>
          </gpxtpx:TrackPointExtension>
        </extensions>
      </trkpt>
      <trkpt lat="28.225113051483632" lon="112.90488454344766">
        <ele>56.40134958550334</ele>
        <time>2026-09-18T23:14:13.400000Z</time>
        <extensions>
          <gpxtpx:TrackPointExtension>
            <gpxtpx:hr>158</gpxtpx:hr>
          </gpxtpx:TrackPointExtension>
        </extensions>
      </trkpt>
      <trkpt lat="28.225122958859025" lon="112.90488442196484">
        <ele>56.407387018203735</ele>
        <time>2026-09-18T23:14:14.400000Z</time>
        <extensions>
          <gpxtpx:TrackPointExtension>
            <gpxtpx:hr>158</gpxtpx:hr>
          </gpxtpx:TrackPointExtension>
        </extensions>
      </trkpt>
      <trkpt lat="28.22513345046789" lon="112.90488379248295">
        <ele>56.40166159812361</ele>
        <time>2026-09-18T23:14:15.400000Z</time>
        <extensions>
          <gpxtpx:TrackPointExtension>
            <gpxtpx:hr>158</gpxtpx:hr>
          </gpxtpx:TrackPointExtension>
        </extensions>
      </trkpt>
      <trkpt lat="28.225144179674857" lon="112.90488305435723">
        <ele>56.38439002819359</ele>
        <time>2026-09-18T23:14:16.300000Z</time>
        <extensions>
          <gpxtpx:TrackPointExtension>
            <gpxtpx:hr>158</gpxtpx:hr>
          </gpxtpx:TrackPointExtension>
        </extensions>
      </trkpt>
      <trkpt lat="28.225155249010825" lon="112.90488272177524">
        <ele>56.3557244008407</ele>
        <time>2026-09-18T23:14:17.300000Z</time>
        <extensions>
          <gpxtpx:TrackPointExtension>
            <gpxtpx:hr>158</gpxtpx:hr>
          </gpxtpx:TrackPointExtension>
        </extensions>
      </trkpt>
      <trkpt lat="28.225166631858112" lon="112.90488258265817">
        <ele>56.31574114784598</ele>
        <time>2026-09-18T23:14:18.300000Z</time>
        <extensions>
          <gpxtpx:TrackPointExtension>
            <gpxtpx:hr>158</gpxtpx:hr>
          </gpxtpx:TrackPointExtension>
        </extensions>
      </trkpt>
      <trkpt lat="28.225178157107134" lon="112.90488201715918">
        <ele>56.26445039920509</ele>
        <time>2026-09-18T23:14:19.300000Z</time>
        <extensions>
          <gpxtpx:TrackPointExtension>
            <gpxtpx:hr>156</gpxtpx:hr>
          </gpxtpx:TrackPointExtension>
        </extensions>
      </trkpt>
      <trkpt lat="28.225189183341143" lon="112.90487999023601">
        <ele>56.20192203298211</ele>
        <time>2026-09-18T23:14:20.300000Z</time>
        <extensions>
          <gpxtpx:TrackPointExtension>
            <gpxtpx:hr>156</gpxtpx:hr>
          </gpxtpx:TrackPointExtension>
        </extensions>
      </trkpt>
      <trkpt lat="28.22519858342698" lon="112.90487617062293">
        <ele>56.128380961716175</ele>
        <time>2026-09-18T23:14:21.300000Z</time>
        <extensions>
          <gpxtpx:TrackPointExtension>
            <gpxtpx:hr>156</gpxtpx:hr>
          </gpxtpx:TrackPointExtension>
        </extensions>
      </trkpt>
      <trkpt lat="28.225206345028486" lon="112.90487104270714">
        <ele>56.04417311307043</ele>
        <time>2026-09-18T23:14:22.300000Z</time>
        <extensions>
          <gpxtpx:TrackPointExtension>
            <gpxtpx:hr>156</gpxtpx:hr>
          </gpxtpx:TrackPointExtension>
        </extensions>
      </trkpt>
      <trkpt lat="28.225213197265866" lon="112.9048648082705">
        <ele>55.94969475455582</ele>
        <time>2026-09-18T23:14:23.300000Z</time>
        <extensions>
          <gpxtpx:TrackPointExtension>
            <gpxtpx:hr>156</gpxtpx:hr>
          </gpxtpx:TrackPointExtension>
        </extensions>
      </trkpt>
      <trkpt lat="28.225219434468567" lon="112.90485822534956">
        <ele>55.84541581571102</ele>
        <time>2026-09-18T23:14:24.300000Z</time>
        <extensions>
          <gpxtpx:TrackPointExtension>
            <gpxtpx:hr>156</gpxtpx:hr>
          </gpxtpx:TrackPointExtension>
        </extensions>
      </trkpt>
      <trkpt lat="28.22522584192689" lon="112.90485220987277">
        <ele>55.731847579590976</ele>
        <time>2026-09-18T23:14:25.300000Z</time>
        <extensions>
          <gpxtpx:TrackPointExtension>
            <gpxtpx:hr>156</gpxtpx:hr>
          </gpxtpx:TrackPointExtension>
        </extensions>
      </trkpt>
      <trkpt lat="28.225233070125938" lon="112.9048469706597">
        <ele>55.609541728161275</ele>
        <time>2026-09-18T23:14:26.300000Z</time>
        <extensions>
          <gpxtpx:TrackPointExtension>
            <gpxtpx:hr>154</gpxtpx:hr>
          </gpxtpx:TrackPointExtension>
        </extensions>
      </trkpt>
      <trkpt lat="28.225241251254428" lon="112.90484220950269">
        <ele>55.47919902205467</ele>
        <time>2026-09-18T23:14:27.300000Z</time>
        <extensions>
          <gpxtpx:TrackPointExtension>
            <gpxtpx:hr>154</gpxtpx:hr>
          </gpxtpx:TrackPointExtension>
        </extensions>
      </trkpt>
      <trkpt lat="28.225250776778374" lon="112.90483750772825">
        <ele>55.34176818002015</ele>
        <time>2026-09-18T23:14:28.300000Z</time>
        <extensions>
          <gpxtpx:TrackPointExtension>
            <gpxtpx:hr>154</gpxtpx:hr>
          </gpxtpx:TrackPointExtension>
        </extensions>
      </trkpt>
      <trkpt lat="28.225262083663097" lon="112.90483256727856">
        <ele>55.198465552181005</ele>
        <time>2026-09-18T23:14:29.300000Z</time>
        <extensions>
          <gpxtpx:TrackPointExtension>
            <gpxtpx:hr>154</gpxtpx:hr>
          </gpxtpx:TrackPointExtension>
        </extensions>
      </trkpt>
      <trkpt lat="28.22527548238536" lon="112.90482720966816">
        <ele>55.05081285722554</ele>
        <time>2026-09-18T23:14:30.300000Z</time>
        <extensions>
          <gpxtpx:TrackPointExtension>
            <gpxtpx:hr>152</gpxtpx:hr>
          </gpxtpx:TrackPointExtension>
        </extensions>
      </trkpt>
      <trkpt lat="28.225291044104655" lon="112.90482182745995">
        <ele>54.90082205273211</ele>
        <time>2026-09-18T23:14:31.300000Z</time>
        <extensions>
          <gpxtpx:TrackPointExtension>
            <gpxtpx:hr>152</gpxtpx:hr>
          </gpxtpx:TrackPointExtension>
        </extensions>
      </trkpt>
      <trkpt lat="28.225308504336898" lon="112.90481727236926">
        <ele>54.75136136543006</ele>
        <time>2026-09-18T23:14:32.300000Z</time>
        <extensions>
          <gpxtpx:TrackPointExtension>
            <gpxtpx:hr>152</gpxtpx:hr>
          </gpxtpx:TrackPointExtension>
        </extensions>
      </trkpt>
      <trkpt lat="28.225326854700686" lon="112.90481384511388">
        <ele>54.60660909861326</ele>
        <time>2026-09-18T23:14:33.300000Z</time>
        <extensions>
          <gpxtpx:TrackPointExtension>
            <gpxtpx:hr>150</gpxtpx:hr>
          </gpxtpx:TrackPointExtension>
        </extensions>
      </trkpt>
      <trkpt lat="28.225345040577885" lon="112.90481099680629">
        <ele>54.47257518861443</ele>
        <time>2026-09-18T23:14:34.300000Z</time>
        <extensions>
          <gpxtpx:TrackPointExtension>
            <gpxtpx:hr>150</gpxtpx:hr>
          </gpxtpx:TrackPointExtension>
        </extensions>
      </trkpt>
      <trkpt lat="28.225362841738768" lon="112.9048081557986">
        <ele>54.35768519155681</ele>
        <time>2026-09-18T23:14:35.300000Z</time>
        <extensions>
          <gpxtpx:TrackPointExtension>
            <gpxtpx:hr>150</gpxtpx:hr>
          </gpxtpx:TrackPointExtension>
        </extensions>
      </trkpt>
      <trkpt lat="28.22537878341102" lon="112.90480540850508">
        <ele>54.2784407120198</ele>
        <time>2026-09-18T23:14:36.200000Z</time>
        <extensions>
          <gpxtpx:TrackPointExtension>
            <gpxtpx:hr>150</gpxtpx:hr>
          </gpxtpx:TrackPointExtension>
        </extensions>
      </trkpt>
      <trkpt lat="28.225399257885844" lon="112.90480150535497">
        <ele>54.219965567812324</ele>
        <time>2026-09-18T23:14:37.300000Z</time>
        <extensions>
          <gpxtpx:TrackPointExtension>
            <gpxtpx:hr>148</gpxtpx:hr>
          </gpxtpx:TrackPointExtension>
        </extensions>
      </trkpt>
      <trkpt lat="28.225418186373503" lon="112.90479759611759">
        <ele>54.19767820928246</ele>
        <time>2026-09-18T23:14:38.300000Z</time>
        <extensions>
          <gpxtpx:TrackPointExtension>
            <gpxtpx:hr>148</gpxtpx:hr>
          </gpxtpx:TrackPointExtension>
        </extensions>
      </trkpt>
      <trkpt lat="28.22543683307344" lon="112.90479348177665">
        <ele>54.1906337402761</ele>
        <time>2026-09-18T23:14:39.300000Z</time>
        <extensions>
          <gpxtpx:TrackPointExtension>
            <gpxtpx:hr>148</gpxtpx:hr>
          </gpxtpx:TrackPointExtension>
        </extensions>
      </trkpt>
      <trkpt lat="28.22545601540811" lon="112.90478912056808">
        <ele>54.190190070308745</ele>
        <time>2026-09-18T23:14:40.300000Z</time>
        <extensions>
          <gpxtpx:TrackPointExtension>
            <gpxtpx:hr>148</gpxtpx:hr>
          </gpxtpx:TrackPointExtension>
        </extensions>
      </trkpt>
      <trkpt lat="28.2254761823568" lon="112.90478449753277">
        <ele>54.18998065870255</ele>
        <time>2026-09-18T23:14:41.300000Z</time>
        <extensions>
          <gpxtpx:TrackPointExtension>
            <gpxtpx:hr>148</gpxtpx:hr>
          </gpxtpx:TrackPointExtension>
        </extensions>
      </trkpt>
      <trkpt lat="28.225498615590684" lon="112.90477929458675">
        <ele>54.185494942590594</ele>
        <time>2026-09-18T23:14:42.300000Z</time>
        <extensions>
          <gpxtpx:TrackPointExtension>
            <gpxtpx:hr>148</gpxtpx:hr>
          </gpxtpx:TrackPointExtension>
        </extensions>
      </trkpt>
      <trkpt lat="28.225524774706706" lon="112.90477324827631">
        <ele>54.1736995363608</ele>
        <time>2026-09-18T23:14:43.300000Z</time>
        <extensions>
          <gpxtpx:TrackPointExtension>
            <gpxtpx:hr>148</gpxtpx:hr>
          </gpxtpx:TrackPointExtension>
        </extensions>
      </trkpt>
      <trkpt lat="28.22555404282469" lon="112.90476652831755">
        <ele>54.15269433520734</ele>
        <time>2026-09-18T23:14:44.300000Z</time>
        <extensions>
          <gpxtpx:TrackPointExtension>
            <gpxtpx:hr>150</gpxtpx:hr>
          </gpxtpx:TrackPointExtension>
        </extensions>
      </trkpt>
      <trkpt lat="28.225584888411642" lon="112.90475932303553">
        <ele>54.12151411920786</ele>
        <time>2026-09-18T23:14:45.300000Z</time>
        <extensions>
          <gpxtpx:TrackPointExtension>
            <gpxtpx:hr>150</gpxtpx:hr>
          </gpxtpx:TrackPointExtension>
        </extensions>
      </trkpt>
      <trkpt lat="28.22561663039488" lon="112.9047519566962">
        <ele>54.07981450203806</ele>
        <time>2026-09-18T23:14:46.300000Z</time>
        <extensions>
          <gpxtpx:TrackPointExtension>
            <gpxtpx:hr>150</gpxtpx:hr>
          </gpxtpx:TrackPointExtension>
        </extensions>
      </trkpt>
      <trkpt lat="28.225648703242154" lon="112.90474444360548">
        <ele>54.027653843164444</ele>
        <time>2026-09-18T23:14:47.300000Z</time>
        <extensions>
          <gpxtpx:TrackPointExtension>
            <gpxtpx:hr>150</gpxtpx:hr>
          </gpxtpx:TrackPointExtension>
        </extensions>
      </trkpt>
      <trkpt lat="28.225680340862457" lon="112.90473650883001">
        <ele>53.96547592617571</ele>
        <time>2026-09-18T23:14:48.300000Z</time>
        <extensions>
          <gpxtpx:TrackPointExtension>
            <gpxtpx:hr>150</gpxtpx:hr>
          </gpxtpx:TrackPointExtension>
        </extensions>
      </trkpt>
      <trkpt lat="28.225711459906126" lon="112.90472827035347">
        <ele>53.89394929073751</ele>
        <time>2026-09-18T23:14:49.300000Z</time>
        <extensions>
          <gpxtpx:TrackPointExtension>
            <gpxtpx:hr>151</gpxtpx:hr>
          </gpxtpx:TrackPointExtension>
        </extensions>
      </trkpt>
      <trkpt lat="28.22574211823481" lon="112.90471995735749">
        <ele>53.81382759101689</ele>
        <time>2026-09-18T23:14:50.300000Z</time>
        <extensions>
          <gpxtpx:TrackPointExtension>
            <gpxtpx:hr>151</gpxtpx:hr>
          </gpxtpx:TrackPointExtension>
        </extensions>
      </trkpt>
      <trkpt lat="28.225772581309307" lon="112.90471187778758">
        <ele>53.725930240005255</ele>
        <time>2026-09-18T23:14:51.300000Z</time>
        <extensions>
          <gpxtpx:TrackPointExtension>
            <gpxtpx:hr>151</gpxtpx:hr>
          </gpxtpx:TrackPointExtension>
        </extensions>
      </trkpt>
      <trkpt lat="28.225803241238598" lon="112.90470419451577">
        <ele>53.63106851186603</ele>
        <time>2026-09-18T23:14:52.300000Z</time>
        <extensions>
          <gpxtpx:TrackPointExtension>
            <gpxtpx:hr>156</gpxtpx:hr>
          </gpxtpx:TrackPointExtension>
        </extensions>
      </trkpt>
      <trkpt lat="28.225834198983353" lon="112.90469695359465">
        <ele>53.53014455921948</ele>
        <time>2026-09-18T23:14:53.300000Z</time>
        <extensions>
          <gpxtpx:TrackPointExtension>
            <gpxtpx:hr>156</gpxtpx:hr>
          </gpxtpx:TrackPointExtension>
        </extensions>
      </trkpt>
      <trkpt lat="28.225865422247562" lon="112.90469011248265">
        <ele>53.424201399087906</ele>
        <time>2026-09-18T23:14:54.300000Z</time>
        <extensions>
          <gpxtpx:TrackPointExtension>
            <gpxtpx:hr>156</gpxtpx:hr>
          </gpxtpx:TrackPointExtension>
        </extensions>
      </trkpt>
      <trkpt lat="28.22589671951084" lon="112.90468350772738">
        <ele>53.3143310463056</ele>
        <time>2026-09-18T23:14:55.300000Z</time>
        <extensions>
          <gpxtpx:TrackPointExtension>
            <gpxtpx:hr>156</gpxtpx:hr>
          </gpxtpx:TrackPointExtension>
        </extensions>
      </trkpt>
      <trkpt lat="28.225927842206616" lon="112.90467715024377">
        <ele>53.201878315769136</ele>
        <time>2026-09-18T23:14:56.300000Z</time>
        <extensions>
          <gpxtpx:TrackPointExtension>
            <gpxtpx:hr>156</gpxtpx:hr>
          </gpxtpx:TrackPointExtension>
        </extensions>
      </trkpt>
      <trkpt lat="28.22595862423629" lon="112.90467118945323">
        <ele>53.08868201356381</ele>
        <time>2026-09-18T23:14:57.300000Z</time>
        <extensions>
          <gpxtpx:TrackPointExtension>
            <gpxtpx:hr>156</gpxtpx:hr>
          </gpxtpx:TrackPointExtension>
        </extensions>
      </trkpt>
      <trkpt lat="28.225989247943527" lon="112.90466542017586">
        <ele>52.97704150341451</ele>
        <time>2026-09-18T23:14:58.300000Z</time>
        <extensions>
          <gpxtpx:TrackPointExtension>
            <gpxtpx:hr>164</gpxtpx:hr>
          </gpxtpx:TrackPointExtension>
        </extensions>
      </trkpt>
      <trkpt lat="28.226019831772515" lon="112.9046596146805">
        <ele>52.86973009631038</ele>
        <time>2026-09-18T23:14:59.300000Z</time>
        <extensions>
          <gpxtpx:TrackPointExtension>
            <gpxtpx:hr>164</gpxtpx:hr>
          </gpxtpx:TrackPointExtension>
        </extensions>
      </trkpt>
      <trkpt lat="28.226048679700817" lon="112.90465422019115">
        <ele>52.77506892103702</ele>
        <time>2026-09-18T23:15:00.200000Z</time>
        <extensions>
          <gpxtpx:TrackPointExtension>
            <gpxtpx:hr>164</gpxtpx:hr>
          </gpxtpx:TrackPointExtension>
        </extensions>
      </trkpt>
      <trkpt lat="28.226079332099964" lon="112.90464880184483">
        <ele>52.684351839125156</ele>
        <time>2026-09-18T23:15:01.200000Z</time>
        <extensions>
          <gpxtpx:TrackPointExtension>
            <gpxtpx:hr>164</gpxtpx:hr>
          </gpxtpx:TrackPointExtension>
        </extensions>
      </trkpt>
      <trkpt lat="28.226109813949982" lon="112.90464378372303">
        <ele>52.603886695578694</ele>
        <time>2026-09-18T23:15:02.200000Z</time>
        <extensions>
          <gpxtpx:TrackPointExtension>
            <gpxtpx:hr>164</gpxtpx:hr>
          </gpxtpx:TrackPointExtension>
        </extensions>
      </trkpt>
      <trkpt lat="28.226139834191496" lon="112.90463904520125">
        <ele>52.53165315743536</ele>
        <time>2026-09-18T23:15:03.200000Z</time>
        <extensions>
          <gpxtpx:TrackPointExtension>
            <gpxtpx:hr>164</gpxtpx:hr>
          </gpxtpx:TrackPointExtension>
        </extensions>
      </trkpt>
      <trkpt lat="28.226168981334695" lon="112.90463400355947">
        <ele>52.46496083121747</ele>
        <time>2026-09-18T23:15:04.200000Z</time>
        <extensions>
          <gpxtpx:TrackPointExtension>
            <gpxtpx:hr>164</gpxtpx:hr>
          </gpxtpx:TrackPointExtension>
        </extensions>
      </trkpt>
      <trkpt lat="28.226197035284553" lon="112.90462814239424">
        <ele>52.40093562286347</ele>
        <time>2026-09-18T23:15:05.200000Z</time>
        <extensions>
          <gpxtpx:TrackPointExtension>
            <gpxtpx:hr>164</gpxtpx:hr>
          </gpxtpx:TrackPointExtension>
        </extensions>
      </trkpt>
      <trkpt lat="28.22622426332409" lon="112.90462193041127">
        <ele>52.33661219570786</ele>
        <time>2026-09-18T23:15:06.200000Z</time>
        <extensions>
          <gpxtpx:TrackPointExtension>
            <gpxtpx:hr>164</gpxtpx:hr>
          </gpxtpx:TrackPointExtension>
        </extensions>
      </trkpt>
      <trkpt lat="28.226251204162587" lon="112.90461613121236">
        <ele>52.2692436799407</ele>
        <time>2026-09-18T23:15:07.200000Z</time>
        <extensions>
          <gpxtpx:TrackPointExtension>
            <gpxtpx:hr>164</gpxtpx:hr>
          </gpxtpx:TrackPointExtension>
        </extensions>
      </trkpt>
      <trkpt lat="28.226278434833556" lon="112.90461106745217">
        <ele>52.19684830773622</ele>
        <time>2026-09-18T23:15:08.200000Z</time>
        <extensions>
          <gpxtpx:TrackPointExtension>
            <gpxtpx:hr>164</gpxtpx:hr>
          </gpxtpx:TrackPointExtension>
        </extensions>
      </trkpt>
      <trkpt lat="28.22630612851538" lon="112.90460672185655">
        <ele>52.11860674805939</ele>
        <time>2026-09-18T23:15:09.200000Z</time>
        <extensions>
          <gpxtpx:TrackPointExtension>
            <gpxtpx:hr>167</gpxtpx:hr>
          </gpxtpx:TrackPointExtension>
        </extensions>
      </trkpt>
      <trkpt lat="28.226334299206815" lon="112.90460307779587">
        <ele>52.03486993908882</ele>
        <time>2026-09-18T23:15:10.200000Z</time>
        <extensions>
          <gpxtpx:TrackPointExtension>
            <gpxtpx:hr>167</gpxtpx:hr>
          </gpxtpx:TrackPointExtension>
        </extensions>
      </trkpt>
      <trkpt lat="28.22636280089016" lon="112.90459999270605">
        <ele>51.9469855055213</ele>
        <time>2026-09-18T23:15:11.200000Z</time>
        <extensions>
          <gpxtpx:TrackPointExtension>
            <gpxtpx:hr>167</gpxtpx:hr>
          </gpxtpx:TrackPointExtension>
        </extensions>
      </trkpt>
      <trkpt lat="28.226391513510354" lon="112.90459708503678">
        <ele>51.85693764965981</ele>
        <time>2026-09-18T23:15:12.200000Z</time>
        <extensions>
          <gpxtpx:TrackPointExtension>
            <gpxtpx:hr>167</gpxtpx:hr>
          </gpxtpx:TrackPointExtension>
        </extensions>
      </trkpt>
      <trkpt lat="28.226420279292977" lon="112.90459421427246">
        <ele>51.76676364894956</ele>
        <time>2026-09-18T23:15:13.200000Z</time>
        <extensions>
          <gpxtpx:TrackPointExtension>
            <gpxtpx:hr>167</gpxtpx:hr>
          </gpxtpx:TrackPointExtension>
        </extensions>
      </trkpt>
      <trkpt lat="28.226448827610252" lon="112.90459134709624">
        <ele>51.678387854248285</ele>
        <time>2026-09-18T23:15:14.200000Z</time>
        <extensions>
          <gpxtpx:TrackPointExtension>
            <gpxtpx:hr>167</gpxtpx:hr>
          </gpxtpx:TrackPointExtension>
        </extensions>
      </trkpt>
      <trkpt lat="28.2264773299724" lon="112.90458852244389">
        <ele>51.59429309144616</ele>
        <time>2026-09-18T23:15:15.200000Z</time>
        <extensions>
          <gpxtpx:TrackPointExtension>
            <gpxtpx:hr>167</gpxtpx:hr>
          </gpxtpx:TrackPointExtension>
        </extensions>
      </trkpt>
      <trkpt lat="28.226505867159418" lon="112.90458575613826">
        <ele>51.51840332150459</ele>
        <time>2026-09-18T23:15:16.200000Z</time>
        <extensions>
          <gpxtpx:TrackPointExtension>
            <gpxtpx:hr>168</gpxtpx:hr>
          </gpxtpx:TrackPointExtension>
        </extensions>
      </trkpt>
      <trkpt lat="28.22653434162531" lon="112.90458269884529">
        <ele>51.45598447974771</ele>
        <time>2026-09-18T23:15:17.200000Z</time>
        <extensions>
          <gpxtpx:TrackPointExtension>
            <gpxtpx:hr>168</gpxtpx:hr>
          </gpxtpx:TrackPointExtension>
        </extensions>
      </trkpt>
      <trkpt lat="28.226562676158984" lon="112.90457914106808">
        <ele>51.41231720522046</ele>
        <time>2026-09-18T23:15:18.200000Z</time>
        <extensions>
          <gpxtpx:TrackPointExtension>
            <gpxtpx:hr>168</gpxtpx:hr>
          </gpxtpx:TrackPointExtension>
        </extensions>
      </trkpt>
      <trkpt lat="28.226590432789024" lon="112.90457505144923">
        <ele>51.39121530856937</ele>
        <time>2026-09-18T23:15:19.200000Z</time>
        <extensions>
          <gpxtpx:TrackPointExtension>
            <gpxtpx:hr>169</gpxtpx:hr>
          </gpxtpx:TrackPointExtension>
        </extensions>
      </trkpt>
      <trkpt lat="28.226617202887645" lon="112.90457031357988">
        <ele>51.394203804433346</ele>
        <time>2026-09-18T23:15:20.200000Z</time>
        <extensions>
          <gpxtpx:TrackPointExtension>
            <gpxtpx:hr>169</gpxtpx:hr>
          </gpxtpx:TrackPointExtension>
        </extensions>
      </trkpt>
      <trkpt lat="28.226643131419028" lon="112.90456476523276">
        <ele>51.41997988615185</ele>
        <time>2026-09-18T23:15:21.200000Z</time>
        <extensions>
          <gpxtpx:TrackPointExtension>
            <gpxtpx:hr>169</gpxtpx:hr>
          </gpxtpx:TrackPointExtension>
        </extensions>
      </trkpt>
      <trkpt lat="28.226668941077108" lon="112.90455812774108">
        <ele>51.464891305193305</ele>
        <time>2026-09-18T23:15:22.200000Z</time>
        <extensions>
          <gpxtpx:TrackPointExtension>
            <gpxtpx:hr>170</gpxtpx:hr>
          </gpxtpx:TrackPointExtension>
        </extensions>
      </trkpt>
      <trkpt lat="28.22669409507847" lon="112.90455135132937">
        <ele>51.52201172988862</ele>
        <time>2026-09-18T23:15:23.200000Z</time>
        <extensions>
          <gpxtpx:TrackPointExtension>
            <gpxtpx:hr>170</gpxtpx:hr>
          </gpxtpx:TrackPointExtension>
        </extensions>
      </trkpt>
      <trkpt lat="28.226719052761673" lon="112.90454531402871">
        <ele>51.58718057535589</ele>
        <time>2026-09-18T23:15:24.200000Z</time>
        <extensions>
          <gpxtpx:TrackPointExtension>
            <gpxtpx:hr>170</gpxtpx:hr>
          </gpxtpx:TrackPointExtension>
        </extensions>
      </trkpt>
      <trkpt lat="28.22674420015159" lon="112.90454029022543">
        <ele>51.65786534268409</ele>
        <time>2026-09-18T23:15:25.200000Z</time>
        <extensions>
          <gpxtpx:TrackPointExtension>
            <gpxtpx:hr>170</gpxtpx:hr>
          </gpxtpx:TrackPointExtension>
        </extensions>
      </trkpt>
      <trkpt lat="28.226769818105662" lon="112.90453618566958">
        <ele>51.733122744597495</ele>
        <time>2026-09-18T23:15:26.200000Z</time>
        <extensions>
          <gpxtpx:TrackPointExtension>
            <gpxtpx:hr>170</gpxtpx:hr>
          </gpxtpx:TrackPointExtension>
        </extensions>
      </trkpt>
      <trkpt lat="28.226796322144178" lon="112.90453254562877">
        <ele>51.813285641372204</ele>
        <time>2026-09-18T23:15:27.200000Z</time>
        <extensions>
          <gpxtpx:TrackPointExtension>
            <gpxtpx:hr>170</gpxtpx:hr>
          </gpxtpx:TrackPointExtension>
        </extensions>
      </trkpt>
      <trkpt lat="28.22682357602304" lon="112.90452882067075">
        <ele>51.900062810629606</ele>
        <time>2026-09-18T23:15:28.200000Z</time>
        <extensions>
          <gpxtpx:TrackPointExtension>
            <gpxtpx:hr>170</gpxtpx:hr>
          </gpxtpx:TrackPointExtension>
        </extensions>
      </trkpt>
      <trkpt lat="28.226851118217716" lon="112.90452483354798">
        <ele>51.99454192724079</ele>
        <time>2026-09-18T23:15:29.200000Z</time>
        <extensions>
          <gpxtpx:TrackPointExtension>
            <gpxtpx:hr>173</gpxtpx:hr>
          </gpxtpx:TrackPointExtension>
        </extensions>
      </trkpt>
      <trkpt lat="28.226878797527203" lon="112.90452063623893">
        <ele>52.094010517932475</ele>
        <time>2026-09-18T23:15:30.200000Z</time>
        <extensions>
          <gpxtpx:TrackPointExtension>
            <gpxtpx:hr>173</gpxtpx:hr>
          </gpxtpx:TrackPointExtension>
        </extensions>
      </trkpt>
      <trkpt lat="28.22690630931951" lon="112.90451628969448">
        <ele>52.191544419154525</ele>
        <time>2026-09-18T23:15:31.200000Z</time>
        <extensions>
          <gpxtpx:TrackPointExtension>
            <gpxtpx:hr>173</gpxtpx:hr>
          </gpxtpx:TrackPointExtension>
        </extensions>
      </trkpt>
      <trkpt lat="28.22693370321437" lon="112.90451202500948">
        <ele>52.28929661680013</ele>
        <time>2026-09-18T23:15:32.200000Z</time>
        <extensions>
          <gpxtpx:TrackPointExtension>
            <gpxtpx:hr>173</gpxtpx:hr>
          </gpxtpx:TrackPointExtension>
        </extensions>
      </trkpt>
      <trkpt lat="28.22696136377632" lon="112.90450782324376">
        <ele>52.382858091033995</ele>
        <time>2026-09-18T23:15:33.200000Z</time>
        <extensions>
          <gpxtpx:TrackPointExtension>
            <gpxtpx:hr>173</gpxtpx:hr>
          </gpxtpx:TrackPointExtension>
        </extensions>
      </trkpt>
      <trkpt lat="28.226989457326003" lon="112.90450374810331">
        <ele>52.4708095099777</ele>
        <time>2026-09-18T23:15:34.200000Z</time>
        <extensions>
          <gpxtpx:TrackPointExtension>
            <gpxtpx:hr>173</gpxtpx:hr>
          </gpxtpx:TrackPointExtension>
        </extensions>
      </trkpt>
      <trkpt lat="28.227017814399783" lon="112.90449971987127">
        <ele>52.55244898144156</ele>
        <time>2026-09-18T23:15:35.200000Z</time>
        <extensions>
          <gpxtpx:TrackPointExtension>
            <gpxtpx:hr>173</gpxtpx:hr>
          </gpxtpx:TrackPointExtension>
        </extensions>
      </trkpt>
      <trkpt lat="28.22704632532341" lon="112.90449577705081">
        <ele>52.627536858431995</ele>
        <time>2026-09-18T23:15:36.200000Z</time>
        <extensions>
          <gpxtpx:TrackPointExtension>
            <gpxtpx:hr>173</gpxtpx:hr>
          </gpxtpx:TrackPointExtension>
        </extensions>
      </trkpt>
      <trkpt lat="28.227074900355433" lon="112.90449215427532">
        <ele>52.695976003073156</ele>
        <time>2026-09-18T23:15:37.200000Z</time>
        <extensions>
          <gpxtpx:TrackPointExtension>
            <gpxtpx:hr>173</gpxtpx:hr>
          </gpxtpx:TrackPointExtension>
        </extensions>
      </trkpt>
      <trkpt lat="28.227103617915823" lon="112.90448865807919">
        <ele>52.75807990599424</ele>
        <time>2026-09-18T23:15:38.200000Z</time>
        <extensions>
          <gpxtpx:TrackPointExtension>
            <gpxtpx:hr>173</gpxtpx:hr>
          </gpxtpx:TrackPointExtension>
        </extensions>
      </trkpt>
      <trkpt lat="28.227132745546513" lon="112.90448515406584">
        <ele>52.814172863960266</ele>
        <time>2026-09-18T23:15:39.200000Z</time>
        <extensions>
          <gpxtpx:TrackPointExtension>
            <gpxtpx:hr>174</gpxtpx:hr>
          </gpxtpx:TrackPointExtension>
        </extensions>
      </trkpt>
      <trkpt lat="28.22716207352534" lon="112.90448165411934">
        <ele>52.864280607551336</ele>
        <time>2026-09-18T23:15:40.200000Z</time>
        <extensions>
          <gpxtpx:TrackPointExtension>
            <gpxtpx:hr>174</gpxtpx:hr>
          </gpxtpx:TrackPointExtension>
        </extensions>
      </trkpt>
      <trkpt lat="28.22719118659341" lon="112.90447819630636">
        <ele>52.9086030991748</ele>
        <time>2026-09-18T23:15:41.200000Z</time>
        <extensions>
          <gpxtpx:TrackPointExtension>
            <gpxtpx:hr>174</gpxtpx:hr>
          </gpxtpx:TrackPointExtension>
        </extensions>
      </trkpt>
      <trkpt lat="28.22721984767848" lon="112.90447479434233">
        <ele>52.94717031158507</ele>
        <time>2026-09-18T23:15:42.200000Z</time>
        <extensions>
          <gpxtpx:TrackPointExtension>
            <gpxtpx:hr>174</gpxtpx:hr>
          </gpxtpx:TrackPointExtension>
        </extensions>
      </trkpt>
      <trkpt lat="28.227247984635383" lon="112.90447134155526">
        <ele>52.97964862175286</ele>
        <time>2026-09-18T23:15:43.200000Z</time>
        <extensions>
          <gpxtpx:TrackPointExtension>
            <gpxtpx:hr>174</gpxtpx:hr>
          </gpxtpx:TrackPointExtension>
        </extensions>
      </trkpt>
      <trkpt lat="28.227275707528428" lon="112.90446766778824">
        <ele>53.005722302012146</ele>
        <time>2026-09-18T23:15:44.200000Z</time>
        <extensions>
          <gpxtpx:TrackPointExtension>
            <gpxtpx:hr>174</gpxtpx:hr>
          </gpxtpx:TrackPointExtension>
        </extensions>
      </trkpt>
      <trkpt lat="28.227303061149318" lon="112.90446368156324">
        <ele>53.02465524803847</ele>
        <time>2026-09-18T23:15:45.200000Z</time>
        <extensions>
          <gpxtpx:TrackPointExtension>
            <gpxtpx:hr>174</gpxtpx:hr>
          </gpxtpx:TrackPointExtension>
        </extensions>
      </trkpt>
      <trkpt lat="28.2273301681566" lon="112.90445949332722">
        <ele>53.035619963891804</ele>
        <time>2026-09-18T23:15:46.200000Z</time>
        <extensions>
          <gpxtpx:TrackPointExtension>
            <gpxtpx:hr>175</gpxtpx:hr>
          </gpxtpx:TrackPointExtension>
        </extensions>
      </trkpt>
      <trkpt lat="28.227357200497234" lon="112.90445506856149">
        <ele>53.03798141423613</ele>
        <time>2026-09-18T23:15:47.200000Z</time>
        <extensions>
          <gpxtpx:TrackPointExtension>
            <gpxtpx:hr>175</gpxtpx:hr>
          </gpxtpx:TrackPointExtension>
        </extensions>
      </trkpt>
      <trkpt lat="28.22738434907764" lon="112.90445045743542">
        <ele>53.031349120661616</ele>
        <time>2026-09-18T23:15:48.200000Z</time>
        <extensions>
          <gpxtpx:TrackPointExtension>
            <gpxtpx:hr>175</gpxtpx:hr>
          </gpxtpx:TrackPointExtension>
        </extensions>
      </trkpt>
      <trkpt lat="28.227411799914744" lon="112.90444593000502">
        <ele>53.01566504687071</ele>
        <time>2026-09-18T23:15:49.200000Z</time>
        <extensions>
          <gpxtpx:TrackPointExtension>
            <gpxtpx:hr>175</gpxtpx:hr>
          </gpxtpx:TrackPointExtension>
        </extensions>
      </trkpt>
      <trkpt lat="28.227439684264887" lon="112.90444151935115">
        <ele>52.99113402608782</ele>
        <time>2026-09-18T23:15:50.200000Z</time>
        <extensions>
          <gpxtpx:TrackPointExtension>
            <gpxtpx:hr>175</gpxtpx:hr>
          </gpxtpx:TrackPointExtension>
        </extensions>
      </trkpt>
      <trkpt lat="28.227468147235538" lon="112.90443712934346">
        <ele>52.95811136905104</ele>
        <time>2026-09-18T23:15:51.200000Z</time>
        <extensions>
          <gpxtpx:TrackPointExtension>
            <gpxtpx:hr>176</gpxtpx:hr>
          </gpxtpx:TrackPointExtension>
        </extensions>
      </trkpt>
      <trkpt lat="28.227497145804925" lon="112.90443252257757">
        <ele>52.916902204975486</ele>
        <time>2026-09-18T23:15:52.200000Z</time>
        <extensions>
          <gpxtpx:TrackPointExtension>
            <gpxtpx:hr>176</gpxtpx:hr>
          </gpxtpx:TrackPointExtension>
        </extensions>
      </trkpt>
      <trkpt lat="28.227526557869588" lon="112.9044275629569">
        <ele>52.86800633277744</ele>
        <time>2026-09-18T23:15:53.200000Z</time>
        <extensions>
          <gpxtpx:TrackPointExtension>
            <gpxtpx:hr>176</gpxtpx:hr>
          </gpxtpx:TrackPointExtension>
        </extensions>
      </trkpt>
      <trkpt lat="28.227556150550733" lon="112.90442227523167">
        <ele>52.812157426029444</ele>
        <time>2026-09-18T23:15:54.200000Z</time>
        <extensions>
          <gpxtpx:TrackPointExtension>
            <gpxtpx:hr>176</gpxtpx:hr>
          </gpxtpx:TrackPointExtension>
        </extensions>
      </trkpt>
      <trkpt lat="28.227585691983453" lon="112.90441666445867">
        <ele>52.74995814077556</ele>
        <time>2026-09-18T23:15:55.200000Z</time>
        <extensions>
          <gpxtpx:TrackPointExtension>
            <gpxtpx:hr>176</gpxtpx:hr>
          </gpxtpx:TrackPointExtension>
        </extensions>
      </trkpt>
      <trkpt lat="28.227615255946812" lon="112.90441089872742">
        <ele>52.68198105506599</ele>
        <time>2026-09-18T23:15:56.200000Z</time>
        <extensions>
          <gpxtpx:TrackPointExtension>
            <gpxtpx:hr>176</gpxtpx:hr>
          </gpxtpx:TrackPointExtension>
        </extensions>
      </trkpt>
      <trkpt lat="28.227644890392554" lon="112.90440523250642">
        <ele>52.60877986252308</ele>
        <time>2026-09-18T23:15:57.100000Z</time>
        <extensions>
          <gpxtpx:TrackPointExtension>
            <gpxtpx:hr>176</gpxtpx:hr>
          </gpxtpx:TrackPointExtension>
        </extensions>
      </trkpt>
      <trkpt lat="28.227674632827608" lon="112.90439991290185">
        <ele>52.53104875795543</ele>
        <time>2026-09-18T23:15:58.100000Z</time>
        <extensions>
          <gpxtpx:TrackPointExtension>
            <gpxtpx:hr>177</gpxtpx:hr>
          </gpxtpx:TrackPointExtension>
        </extensions>
      </trkpt>
      <trkpt lat="28.227704626701254" lon="112.90439480637511">
        <ele>52.4497034130618</ele>
        <time>2026-09-18T23:15:59.100000Z</time>
        <extensions>
          <gpxtpx:TrackPointExtension>
            <gpxtpx:hr>177</gpxtpx:hr>
          </gpxtpx:TrackPointExtension>
        </extensions>
      </trkpt>
      <trkpt lat="28.227734922442995" lon="112.90438966038137">
        <ele>52.36581435240805</ele>
        <time>2026-09-18T23:16:00.100000Z</time>
        <extensions>
          <gpxtpx:TrackPointExtension>
            <gpxtpx:hr>177</gpxtpx:hr>
          </gpxtpx:TrackPointExtension>
        </extensions>
      </trkpt>
      <trkpt lat="28.227765423021307" lon="112.90438451596023">
        <ele>52.28050566185266</ele>
        <time>2026-09-18T23:16:01.100000Z</time>
        <extensions>
          <gpxtpx:TrackPointExtension>
            <gpxtpx:hr>177</gpxtpx:hr>
          </gpxtpx:TrackPointExtension>
        </extensions>
      </trkpt>
      <trkpt lat="28.227795822725696" lon="112.90437957515788">
        <ele>52.19492970407009</ele>
        <time>2026-09-18T23:16:02.100000Z</time>
        <extensions>
          <gpxtpx:TrackPointExtension>
            <gpxtpx:hr>177</gpxtpx:hr>
          </gpxtpx:TrackPointExtension>
        </extensions>
      </trkpt>
      <trkpt lat="28.22782598580243" lon="112.90437506991844">
        <ele>52.11010695807636</ele>
        <time>2026-09-18T23:16:03.100000Z</time>
        <extensions>
          <gpxtpx:TrackPointExtension>
            <gpxtpx:hr>177</gpxtpx:hr>
          </gpxtpx:TrackPointExtension>
        </extensions>
      </trkpt>
      <trkpt lat="28.227856088045787" lon="112.90437093035548">
        <ele>52.02687834203243</ele>
        <time>2026-09-18T23:16:04.100000Z</time>
        <extensions>
          <gpxtpx:TrackPointExtension>
            <gpxtpx:hr>177</gpxtpx:hr>
          </gpxtpx:TrackPointExtension>
        </extensions>
      </trkpt>
      <trkpt lat="28.227886107874493" lon="112.90436709455759">
        <ele>51.94581602793187</ele>
        <time>2026-09-18T23:16:05.100000Z</time>
        <extensions>
          <gpxtpx:TrackPointExtension>
            <gpxtpx:hr>177</gpxtpx:hr>
          </gpxtpx:TrackPointExtension>
        </extensions>
      </trkpt>
      <trkpt lat="28.227915819227405" lon="112.90436353276442">
        <ele>51.867307376116514</ele>
        <time>2026-09-18T23:16:06.100000Z</time>
        <extensions>
          <gpxtpx:TrackPointExtension>
            <gpxtpx:hr>177</gpxtpx:hr>
          </gpxtpx:TrackPointExtension>
        </extensions>
      </trkpt>
      <trkpt lat="28.22794507770412" lon="112.90435993013473">
        <ele>51.79151118453592</ele>
        <time>2026-09-18T23:16:07.100000Z</time>
        <extensions>
          <gpxtpx:TrackPointExtension>
            <gpxtpx:hr>177</gpxtpx:hr>
          </gpxtpx:TrackPointExtension>
        </extensions>
      </trkpt>
      <trkpt lat="28.227973809677284" lon="112.90435621070425">
        <ele>51.718427054584026</ele>
        <time>2026-09-18T23:16:08.100000Z</time>
        <extensions>
          <gpxtpx:TrackPointExtension>
            <gpxtpx:hr>177</gpxtpx:hr>
          </gpxtpx:TrackPointExtension>
        </extensions>
      </trkpt>
      <trkpt lat="28.228001882791524" lon="112.90435266583853">
        <ele>51.647989368997514</ele>
        <time>2026-09-18T23:16:09.100000Z</time>
        <extensions>
          <gpxtpx:TrackPointExtension>
            <gpxtpx:hr>177</gpxtpx:hr>
          </gpxtpx:TrackPointExtension>
        </extensions>
      </trkpt>
      <trkpt lat="28.228029202414554" lon="112.90434958352391">
        <ele>51.580025704577565</ele>
        <time>2026-09-18T23:16:10.100000Z</time>
        <extensions>
          <gpxtpx:TrackPointExtension>
            <gpxtpx:hr>177</gpxtpx:hr>
          </gpxtpx:TrackPointExtension>
        </extensions>
      </trkpt>
      <trkpt lat="28.228056056737792" lon="112.90434736411301">
        <ele>51.51427358947694</ele>
        <time>2026-09-18T23:16:11.100000Z</time>
        <extensions>
          <gpxtpx:TrackPointExtension>
            <gpxtpx:hr>177</gpxtpx:hr>
          </gpxtpx:TrackPointExtension>
        </extensions>
      </trkpt>
      <trkpt lat="28.228082640213966" lon="112.90434656986614">
        <ele>51.450354726053774</ele>
        <time>2026-09-18T23:16:12.100000Z</time>
        <extensions>
          <gpxtpx:TrackPointExtension>
            <gpxtpx:hr>177</gpxtpx:hr>
          </gpxtpx:TrackPointExtension>
        </extensions>
      </trkpt>
      <trkpt lat="28.228108481532782" lon="112.90434790858204">
        <ele>51.38772837817669</ele>
        <time>2026-09-18T23:16:13.100000Z</time>
        <extensions>
          <gpxtpx:TrackPointExtension>
            <gpxtpx:hr>177</gpxtpx:hr>
          </gpxtpx:TrackPointExtension>
        </extensions>
      </trkpt>
      <trkpt lat="28.22813249484234" lon="112.90435136148022">
        <ele>51.32575959060341</ele>
        <time>2026-09-18T23:16:14.100000Z</time>
        <extensions>
          <gpxtpx:TrackPointExtension>
            <gpxtpx:hr>177</gpxtpx:hr>
          </gpxtpx:TrackPointExtension>
        </extensions>
      </trkpt>
      <trkpt lat="28.228153774164316" lon="112.90435561747506">
        <ele>51.263935988768935</ele>
        <time>2026-09-18T23:16:15.100000Z</time>
        <extensions>
          <gpxtpx:TrackPointExtension>
            <gpxtpx:hr>178</gpxtpx:hr>
          </gpxtpx:TrackPointExtension>
        </extensions>
      </trkpt>
      <trkpt lat="28.22817244915112" lon="112.90435945145312">
        <ele>51.20207079127431</ele>
        <time>2026-09-18T23:16:16.100000Z</time>
        <extensions>
          <gpxtpx:TrackPointExtension>
            <gpxtpx:hr>178</gpxtpx:hr>
          </gpxtpx:TrackPointExtension>
        </extensions>
      </trkpt>
      <trkpt lat="28.228189426820816" lon="112.90436231568425">
        <ele>51.1403549881652</ele>
        <time>2026-09-18T23:16:17.100000Z</time>
        <extensions>
          <gpxtpx:TrackPointExtension>
            <gpxtpx:hr>178</gpxtpx:hr>
          </gpxtpx:TrackPointExtension>
        </extensions>
      </trkpt>
      <trkpt lat="28.228205669756132" lon="112.90436373992767">
        <ele>51.0793811744079</ele>
        <time>2026-09-18T23:16:18.100000Z</time>
        <extensions>
          <gpxtpx:TrackPointExtension>
            <gpxtpx:hr>178</gpxtpx:hr>
          </gpxtpx:TrackPointExtension>
        </extensions>
      </trkpt>
      <trkpt lat="28.22822170705141" lon="112.90436420874103">
        <ele>51.020129290409386</ele>
        <time>2026-09-18T23:16:19.100000Z</time>
        <extensions>
          <gpxtpx:TrackPointExtension>
            <gpxtpx:hr>178</gpxtpx:hr>
          </gpxtpx:TrackPointExtension>
        </extensions>
      </trkpt>
      <trkpt lat="28.228237731881382" lon="112.9043653358006">
        <ele>50.963885550387204</ele>
        <time>2026-09-18T23:16:20.100000Z</time>
        <extensions>
          <gpxtpx:TrackPointExtension>
            <gpxtpx:hr>177</gpxtpx:hr>
          </gpxtpx:TrackPointExtension>
        </extensions>
      </trkpt>
      <trkpt lat="28.228254902918966" lon="112.90437014603746">
        <ele>50.90752336848527</ele>
        <time>2026-09-18T23:16:21.200000Z</time>
        <extensions>
          <gpxtpx:TrackPointExtension>
            <gpxtpx:hr>177</gpxtpx:hr>
          </gpxtpx:TrackPointExtension>
        </extensions>
      </trkpt>
      <trkpt lat="28.228268168171965" lon="112.90437709510826">
        <ele>50.86711188964546</ele>
        <time>2026-09-18T23:16:22.100000Z</time>
        <extensions>
          <gpxtpx:TrackPointExtension>
            <gpxtpx:hr>177</gpxtpx:hr>
          </gpxtpx:TrackPointExtension>
        </extensions>
      </trkpt>
      <trkpt lat="28.22828303741092" lon="112.90438536217953">
        <ele>50.8270937371999</ele>
        <time>2026-09-18T23:16:23.100000Z</time>
        <extensions>
          <gpxtpx:TrackPointExtension>
            <gpxtpx:hr>177</gpxtpx:hr>
          </gpxtpx:TrackPointExtension>
        </extensions>
      </trkpt>
      <trkpt lat="28.228299588852405" lon="112.90439081113212">
        <ele>50.79179387912154</ele>
        <time>2026-09-18T23:16:24.100000Z</time>
        <extensions>
          <gpxtpx:TrackPointExtension>
            <gpxtpx:hr>175</gpxtpx:hr>
          </gpxtpx:TrackPointExtension>
        </extensions>
      </trkpt>
      <trkpt lat="28.22831883991204" lon="112.90439209325778">
        <ele>50.76023910101503</ele>
        <time>2026-09-18T23:16:25.100000Z</time>
        <extensions>
          <gpxtpx:TrackPointExtension>
            <gpxtpx:hr>175</gpxtpx:hr>
          </gpxtpx:TrackPointExtension>
        </extensions>
      </trkpt>
      <trkpt lat="28.228340511797896" lon="112.9043902786231">
        <ele>50.731316714547575</ele>
        <time>2026-09-18T23:16:26.100000Z</time>
        <extensions>
          <gpxtpx:TrackPointExtension>
            <gpxtpx:hr>175</gpxtpx:hr>
          </gpxtpx:TrackPointExtension>
        </extensions>
      </trkpt>
      <trkpt lat="28.228364263267647" lon="112.90438616858007">
        <ele>50.704094810411334</ele>
        <time>2026-09-18T23:16:27.100000Z</time>
        <extensions>
          <gpxtpx:TrackPointExtension>
            <gpxtpx:hr>175</gpxtpx:hr>
          </gpxtpx:TrackPointExtension>
        </extensions>
      </trkpt>
      <trkpt lat="28.228389560256772" lon="112.9043804317336">
        <ele>50.67832175362855</ele>
        <time>2026-09-18T23:16:28.100000Z</time>
        <extensions>
          <gpxtpx:TrackPointExtension>
            <gpxtpx:hr>175</gpxtpx:hr>
          </gpxtpx:TrackPointExtension>
        </extensions>
      </trkpt>
      <trkpt lat="28.22841571009012" lon="112.90437372978849">
        <ele>50.654043949209154</ele>
        <time>2026-09-18T23:16:29.100000Z</time>
        <extensions>
          <gpxtpx:TrackPointExtension>
            <gpxtpx:hr>174</gpxtpx:hr>
          </gpxtpx:TrackPointExtension>
        </extensions>
      </trkpt>
      <trkpt lat="28.228442259843874" lon="112.90436673603305">
        <ele>50.63188316207379</ele>
        <time>2026-09-18T23:16:30.100000Z</time>
        <extensions>
          <gpxtpx:TrackPointExtension>
            <gpxtpx:hr>174</gpxtpx:hr>
          </gpxtpx:TrackPointExtension>
        </extensions>
      </trkpt>
      <trkpt lat="28.228469069386488" lon="112.90436014200878">
        <ele>50.612795299850404</ele>
        <time>2026-09-18T23:16:31.100000Z</time>
        <extensions>
          <gpxtpx:TrackPointExtension>
            <gpxtpx:hr>174</gpxtpx:hr>
          </gpxtpx:TrackPointExtension>
        </extensions>
      </trkpt>
      <trkpt lat="28.228495910097337" lon="112.90435447895608">
        <ele>50.597514690831304</ele>
        <time>2026-09-18T23:16:32.100000Z</time>
        <extensions>
          <gpxtpx:TrackPointExtension>
            <gpxtpx:hr>174</gpxtpx:hr>
          </gpxtpx:TrackPointExtension>
        </extensions>
      </trkpt>
      <trkpt lat="28.228522544611764" lon="112.90435008569244">
        <ele>50.58674786332995</ele>
        <time>2026-09-18T23:16:33.100000Z</time>
        <extensions>
          <gpxtpx:TrackPointExtension>
            <gpxtpx:hr>174</gpxtpx:hr>
          </gpxtpx:TrackPointExtension>
        </extensions>
      </trkpt>
      <trkpt lat="28.228549011704064" lon="112.90434741361965">
        <ele>50.580945355817676</ele>
        <time>2026-09-18T23:16:34.100000Z</time>
        <extensions>
          <gpxtpx:TrackPointExtension>
            <gpxtpx:hr>174</gpxtpx:hr>
          </gpxtpx:TrackPointExtension>
        </extensions>
      </trkpt>
      <trkpt lat="28.228575379887086" lon="112.90434704372664">
        <ele>50.57963386550546</ele>
        <time>2026-09-18T23:16:35.100000Z</time>
        <extensions>
          <gpxtpx:TrackPointExtension>
            <gpxtpx:hr>174</gpxtpx:hr>
          </gpxtpx:TrackPointExtension>
        </extensions>
      </trkpt>
      <trkpt lat="28.228601632774154" lon="112.90434952064817">
        <ele>50.58174420427531</ele>
        <time>2026-09-18T23:16:36.100000Z</time>
        <extensions>
          <gpxtpx:TrackPointExtension>
            <gpxtpx:hr>174</gpxtpx:hr>
          </gpxtpx:TrackPointExtension>
        </extensions>
      </trkpt>
      <trkpt lat="28.228627887327555" lon="112.90435426625959">
        <ele>50.58597050141543</ele>
        <time>2026-09-18T23:16:37.100000Z</time>
        <extensions>
          <gpxtpx:TrackPointExtension>
            <gpxtpx:hr>174</gpxtpx:hr>
          </gpxtpx:TrackPointExtension>
        </extensions>
      </trkpt>
      <trkpt lat="28.228654309923233" lon="112.90435982187523">
        <ele>50.590836118906736</ele>
        <time>2026-09-18T23:16:38.100000Z</time>
        <extensions>
          <gpxtpx:TrackPointExtension>
            <gpxtpx:hr>175</gpxtpx:hr>
          </gpxtpx:TrackPointExtension>
        </extensions>
      </trkpt>
      <trkpt lat="28.228680836710748" lon="112.90436527149583">
        <ele>50.59464557096362</ele>
        <time>2026-09-18T23:16:39.100000Z</time>
        <extensions>
          <gpxtpx:TrackPointExtension>
            <gpxtpx:hr>175</gpxtpx:hr>
          </gpxtpx:TrackPointExtension>
        </extensions>
      </trkpt>
      <trkpt lat="28.22870721176149" lon="112.90437000763743">
        <ele>50.59632152225822</ele>
        <time>2026-09-18T23:16:40.100000Z</time>
        <extensions>
          <gpxtpx:TrackPointExtension>
            <gpxtpx:hr>175</gpxtpx:hr>
          </gpxtpx:TrackPointExtension>
        </extensions>
      </trkpt>
      <trkpt lat="28.228733189015767" lon="112.90437371586826">
        <ele>50.59527367353439</ele>
        <time>2026-09-18T23:16:41.100000Z</time>
        <extensions>
          <gpxtpx:TrackPointExtension>
            <gpxtpx:hr>175</gpxtpx:hr>
          </gpxtpx:TrackPointExtension>
        </extensions>
      </trkpt>
      <trkpt lat="28.228758595500256" lon="112.90437607933104">
        <ele>50.591293384321034</ele>
        <time>2026-09-18T23:16:42.100000Z</time>
        <extensions>
          <gpxtpx:TrackPointExtension>
            <gpxtpx:hr>175</gpxtpx:hr>
          </gpxtpx:TrackPointExtension>
        </extensions>
      </trkpt>
      <trkpt lat="28.228784015926024" lon="112.9043765913992">
        <ele>50.58505839202553</ele>
        <time>2026-09-18T23:16:43.100000Z</time>
        <extensions>
          <gpxtpx:TrackPointExtension>
            <gpxtpx:hr>174</gpxtpx:hr>
          </gpxtpx:TrackPointExtension>
        </extensions>
      </trkpt>
      <trkpt lat="28.228810264875634" lon="112.90437485768885">
        <ele>50.577112728729844</ele>
        <time>2026-09-18T23:16:44.100000Z</time>
        <extensions>
          <gpxtpx:TrackPointExtension>
            <gpxtpx:hr>174</gpxtpx:hr>
          </gpxtpx:TrackPointExtension>
        </extensions>
      </trkpt>
      <trkpt lat="28.228837534340535" lon="112.90437041119714">
        <ele>50.56836686562747</ele>
        <time>2026-09-18T23:16:45.100000Z</time>
        <extensions>
          <gpxtpx:TrackPointExtension>
            <gpxtpx:hr>174</gpxtpx:hr>
          </gpxtpx:TrackPointExtension>
        </extensions>
      </trkpt>
      <trkpt lat="28.228865161398943" lon="112.9043628718797">
        <ele>50.56005770061165</ele>
        <time>2026-09-18T23:16:46.100000Z</time>
        <extensions>
          <gpxtpx:TrackPointExtension>
            <gpxtpx:hr>174</gpxtpx:hr>
          </gpxtpx:TrackPointExtension>
        </extensions>
      </trkpt>
      <trkpt lat="28.22889206355398" lon="112.90435248587083">
        <ele>50.553495371714234</ele>
        <time>2026-09-18T23:16:47.100000Z</time>
        <extensions>
          <gpxtpx:TrackPointExtension>
            <gpxtpx:hr>174</gpxtpx:hr>
          </gpxtpx:TrackPointExtension>
        </extensions>
      </trkpt>
      <trkpt lat="28.22891817711589" lon="112.90434028227466">
        <ele>50.549805141054094</ele>
        <time>2026-09-18T23:16:48Z</time>
        <extensions>
          <gpxtpx:TrackPointExtension>
            <gpxtpx:hr>174</gpxtpx:hr>
          </gpxtpx:TrackPointExtension>
        </extensions>
      </trkpt>
      <trkpt lat="28.228944178628296" lon="112.90432770441925">
        <ele>50.549843770451844</ele>
        <time>2026-09-18T23:16:49Z</time>
        <extensions>
          <gpxtpx:TrackPointExtension>
            <gpxtpx:hr>177</gpxtpx:hr>
          </gpxtpx:TrackPointExtension>
        </extensions>
      </trkpt>
      <trkpt lat="28.228970543648774" lon="112.90431577936118">
        <ele>50.554225724190474</ele>
        <time>2026-09-18T23:16:50Z</time>
        <extensions>
          <gpxtpx:TrackPointExtension>
            <gpxtpx:hr>177</gpxtpx:hr>
          </gpxtpx:TrackPointExtension>
        </extensions>
      </trkpt>
      <trkpt lat="28.228997364138998" lon="112.9043050941768">
        <ele>50.56330582592636</ele>
        <time>2026-09-18T23:16:51Z</time>
        <extensions>
          <gpxtpx:TrackPointExtension>
            <gpxtpx:hr>177</gpxtpx:hr>
          </gpxtpx:TrackPointExtension>
        </extensions>
      </trkpt>
      <trkpt lat="28.22902412097279" lon="112.90429572589271">
        <ele>50.57720007468015</ele>
        <time>2026-09-18T23:16:52Z</time>
        <extensions>
          <gpxtpx:TrackPointExtension>
            <gpxtpx:hr>177</gpxtpx:hr>
          </gpxtpx:TrackPointExtension>
        </extensions>
      </trkpt>
      <trkpt lat="28.229050118737828" lon="112.90428738676225">
        <ele>50.59582093451172</ele>
        <time>2026-09-18T23:16:53Z</time>
        <extensions>
          <gpxtpx:TrackPointExtension>
            <gpxtpx:hr>177</gpxtpx:hr>
          </gpxtpx:TrackPointExtension>
        </extensions>
      </trkpt>
      <trkpt lat="28.2290753104465" lon="112.9042799013584">
        <ele>50.61895984504372</ele>
        <time>2026-09-18T23:16:54Z</time>
        <extensions>
          <gpxtpx:TrackPointExtension>
            <gpxtpx:hr>177</gpxtpx:hr>
          </gpxtpx:TrackPointExtension>
        </extensions>
      </trkpt>
      <trkpt lat="28.229100066467684" lon="112.90427303555789">
        <ele>50.646322352811694</ele>
        <time>2026-09-18T23:16:55Z</time>
        <extensions>
          <gpxtpx:TrackPointExtension>
            <gpxtpx:hr>178</gpxtpx:hr>
          </gpxtpx:TrackPointExtension>
        </extensions>
      </trkpt>
      <trkpt lat="28.229124680411076" lon="112.90426667404103">
        <ele>50.67743594199419</ele>
        <time>2026-09-18T23:16:56Z</time>
        <extensions>
          <gpxtpx:TrackPointExtension>
            <gpxtpx:hr>178</gpxtpx:hr>
          </gpxtpx:TrackPointExtension>
        </extensions>
      </trkpt>
      <trkpt lat="28.229149210345152" lon="112.90426097775843">
        <ele>50.71171961072832</ele>
        <time>2026-09-18T23:16:57Z</time>
        <extensions>
          <gpxtpx:TrackPointExtension>
            <gpxtpx:hr>178</gpxtpx:hr>
          </gpxtpx:TrackPointExtension>
        </extensions>
      </trkpt>
      <trkpt lat="28.229173871030472" lon="112.9042562552093">
        <ele>50.748599372804165</ele>
        <time>2026-09-18T23:16:58Z</time>
        <extensions>
          <gpxtpx:TrackPointExtension>
            <gpxtpx:hr>178</gpxtpx:hr>
          </gpxtpx:TrackPointExtension>
        </extensions>
      </trkpt>
      <trkpt lat="28.22919882587602" lon="112.90425148904146">
        <ele>50.78752756211907</ele>
        <time>2026-09-18T23:16:59Z</time>
        <extensions>
          <gpxtpx:TrackPointExtension>
            <gpxtpx:hr>178</gpxtpx:hr>
          </gpxtpx:TrackPointExtension>
        </extensions>
      </trkpt>
      <trkpt lat="28.229224091837548" lon="112.90424576487847">
        <ele>50.8280691402033</ele>
        <time>2026-09-18T23:17:00Z</time>
        <extensions>
          <gpxtpx:TrackPointExtension>
            <gpxtpx:hr>180</gpxtpx:hr>
          </gpxtpx:TrackPointExtension>
        </extensions>
      </trkpt>
      <trkpt lat="28.229249851760684" lon="112.90423923620318">
        <ele>50.869891981594265</ele>
        <time>2026-09-18T23:17:01Z</time>
        <extensions>
          <gpxtpx:TrackPointExtension>
            <gpxtpx:hr>180</gpxtpx:hr>
          </gpxtpx:TrackPointExtension>
        </extensions>
      </trkpt>
      <trkpt lat="28.2292761627236" lon="112.90423228238265">
        <ele>50.912570550106466</ele>
        <time>2026-09-18T23:17:02Z</time>
        <extensions>
          <gpxtpx:TrackPointExtension>
            <gpxtpx:hr>180</gpxtpx:hr>
          </gpxtpx:TrackPointExtension>
        </extensions>
      </trkpt>
      <trkpt lat="28.229302596347694" lon="112.90422505720193">
        <ele>50.95549019984901</ele>
        <time>2026-09-18T23:17:03Z</time>
        <extensions>
          <gpxtpx:TrackPointExtension>
            <gpxtpx:hr>180</gpxtpx:hr>
          </gpxtpx:TrackPointExtension>
        </extensions>
      </trkpt>
      <trkpt lat="28.229328715740177" lon="112.90421750326549">
        <ele>50.99806296173483</ele>
        <time>2026-09-18T23:17:04Z</time>
        <extensions>
          <gpxtpx:TrackPointExtension>
            <gpxtpx:hr>180</gpxtpx:hr>
          </gpxtpx:TrackPointExtension>
        </extensions>
      </trkpt>
      <trkpt lat="28.22935454253494" lon="112.9042096952201">
        <ele>51.03994696121663</ele>
        <time>2026-09-18T23:17:05Z</time>
        <extensions>
          <gpxtpx:TrackPointExtension>
            <gpxtpx:hr>180</gpxtpx:hr>
          </gpxtpx:TrackPointExtension>
        </extensions>
      </trkpt>
      <trkpt lat="28.22938015060124" lon="112.90420110893248">
        <ele>51.08097627107054</ele>
        <time>2026-09-18T23:17:06Z</time>
        <extensions>
          <gpxtpx:TrackPointExtension>
            <gpxtpx:hr>180</gpxtpx:hr>
          </gpxtpx:TrackPointExtension>
        </extensions>
      </trkpt>
      <trkpt lat="28.229405619965537" lon="112.90419142402315">
        <ele>51.12101030070335</ele>
        <time>2026-09-18T23:17:07Z</time>
        <extensions>
          <gpxtpx:TrackPointExtension>
            <gpxtpx:hr>180</gpxtpx:hr>
          </gpxtpx:TrackPointExtension>
        </extensions>
      </trkpt>
      <trkpt lat="28.229430928518898" lon="112.90418091484318">
        <ele>51.159912531264126</ele>
        <time>2026-09-18T23:17:08Z</time>
        <extensions>
          <gpxtpx:TrackPointExtension>
            <gpxtpx:hr>181</gpxtpx:hr>
          </gpxtpx:TrackPointExtension>
        </extensions>
      </trkpt>
      <trkpt lat="28.229456079438037" lon="112.9041702269597">
        <ele>51.19757140241563</ele>
        <time>2026-09-18T23:17:09Z</time>
        <extensions>
          <gpxtpx:TrackPointExtension>
            <gpxtpx:hr>181</gpxtpx:hr>
          </gpxtpx:TrackPointExtension>
        </extensions>
      </trkpt>
      <trkpt lat="28.229481308633524" lon="112.90415967414684">
        <ele>51.23381027765572</ele>
        <time>2026-09-18T23:17:10Z</time>
        <extensions>
          <gpxtpx:TrackPointExtension>
            <gpxtpx:hr>181</gpxtpx:hr>
          </gpxtpx:TrackPointExtension>
        </extensions>
      </trkpt>
      <trkpt lat="28.229506818966914" lon="112.90414950273104">
        <ele>51.268356452696025</ele>
        <time>2026-09-18T23:17:11Z</time>
        <extensions>
          <gpxtpx:TrackPointExtension>
            <gpxtpx:hr>181</gpxtpx:hr>
          </gpxtpx:TrackPointExtension>
        </extensions>
      </trkpt>
      <trkpt lat="28.2295325099529" lon="112.90414017801777">
        <ele>51.30090281646699</ele>
        <time>2026-09-18T23:17:12Z</time>
        <extensions>
          <gpxtpx:TrackPointExtension>
            <gpxtpx:hr>181</gpxtpx:hr>
          </gpxtpx:TrackPointExtension>
        </extensions>
      </trkpt>
      <trkpt lat="28.22955806764682" lon="112.90413176456782">
        <ele>51.33108309563249</ele>
        <time>2026-09-18T23:17:13Z</time>
        <extensions>
          <gpxtpx:TrackPointExtension>
            <gpxtpx:hr>181</gpxtpx:hr>
          </gpxtpx:TrackPointExtension>
        </extensions>
      </trkpt>
      <trkpt lat="28.229583499633065" lon="112.90412421118712">
        <ele>51.35853929165751</ele>
        <time>2026-09-18T23:17:14Z</time>
        <extensions>
          <gpxtpx:TrackPointExtension>
            <gpxtpx:hr>180</gpxtpx:hr>
          </gpxtpx:TrackPointExtension>
        </extensions>
      </trkpt>
      <trkpt lat="28.229608800130144" lon="112.90411720254744">
        <ele>51.38307544682175</ele>
        <time>2026-09-18T23:17:15Z</time>
        <extensions>
          <gpxtpx:TrackPointExtension>
            <gpxtpx:hr>180</gpxtpx:hr>
          </gpxtpx:TrackPointExtension>
        </extensions>
      </trkpt>
      <trkpt lat="28.229633765800067" lon="112.90411021700224">
        <ele>51.40472574811429</ele>
        <time>2026-09-18T23:17:16Z</time>
        <extensions>
          <gpxtpx:TrackPointExtension>
            <gpxtpx:hr>180</gpxtpx:hr>
          </gpxtpx:TrackPointExtension>
        </extensions>
      </trkpt>
      <trkpt lat="28.229658296835435" lon="112.90410295656687">
        <ele>51.423833506181836</ele>
        <time>2026-09-18T23:17:17Z</time>
        <extensions>
          <gpxtpx:TrackPointExtension>
            <gpxtpx:hr>180</gpxtpx:hr>
          </gpxtpx:TrackPointExtension>
        </extensions>
      </trkpt>
      <trkpt lat="28.22968229327271" lon="112.90409535661557">
        <ele>51.44100182130933</ele>
        <time>2026-09-18T23:17:18Z</time>
        <extensions>
          <gpxtpx:TrackPointExtension>
            <gpxtpx:hr>180</gpxtpx:hr>
          </gpxtpx:TrackPointExtension>
        </extensions>
      </trkpt>
      <trkpt lat="28.229705381230662" lon="112.90408768941991">
        <ele>51.45690702460706</ele>
        <time>2026-09-18T23:17:19Z</time>
        <extensions>
          <gpxtpx:TrackPointExtension>
            <gpxtpx:hr>180</gpxtpx:hr>
          </gpxtpx:TrackPointExtension>
        </extensions>
      </trkpt>
      <trkpt lat="28.229726823043002" lon="112.90408032300786">
        <ele>51.47216385882348</ele>
        <time>2026-09-18T23:17:20Z</time>
        <extensions>
          <gpxtpx:TrackPointExtension>
            <gpxtpx:hr>180</gpxtpx:hr>
          </gpxtpx:TrackPointExtension>
        </extensions>
      </trkpt>
      <trkpt lat="28.22974608673392" lon="112.9040731213124">
        <ele>51.48722155671567</ele>
        <time>2026-09-18T23:17:21Z</time>
        <extensions>
          <gpxtpx:TrackPointExtension>
            <gpxtpx:hr>180</gpxtpx:hr>
          </gpxtpx:TrackPointExtension>
        </extensions>
      </trkpt>
      <trkpt lat="28.22976292427984" lon="112.90406609008994">
        <ele>51.50226127449423</ele>
        <time>2026-09-18T23:17:22Z</time>
        <extensions>
          <gpxtpx:TrackPointExtension>
            <gpxtpx:hr>180</gpxtpx:hr>
          </gpxtpx:TrackPointExtension>
        </extensions>
      </trkpt>
      <trkpt lat="28.22977727571847" lon="112.90405961614158">
        <ele>51.51740893535316</ele>
        <time>2026-09-18T23:17:23Z</time>
        <extensions>
          <gpxtpx:TrackPointExtension>
            <gpxtpx:hr>180</gpxtpx:hr>
          </gpxtpx:TrackPointExtension>
        </extensions>
      </trkpt>
      <trkpt lat="28.229789490260416" lon="112.90405380916032">
        <ele>51.53278261329979</ele>
        <time>2026-09-18T23:17:24Z</time>
        <extensions>
          <gpxtpx:TrackPointExtension>
            <gpxtpx:hr>180</gpxtpx:hr>
          </gpxtpx:TrackPointExtension>
        </extensions>
      </trkpt>
      <trkpt lat="28.229800599655295" lon="112.90404836995596">
        <ele>51.54849056433886</ele>
        <time>2026-09-18T23:17:25Z</time>
        <extensions>
          <gpxtpx:TrackPointExtension>
            <gpxtpx:hr>180</gpxtpx:hr>
          </gpxtpx:TrackPointExtension>
        </extensions>
      </trkpt>
      <trkpt lat="28.22981161771504" lon="112.90404293026799">
        <ele>51.56452080234885</ele>
        <time>2026-09-18T23:17:26Z</time>
        <extensions>
          <gpxtpx:TrackPointExtension>
            <gpxtpx:hr>180</gpxtpx:hr>
          </gpxtpx:TrackPointExtension>
        </extensions>
      </trkpt>
      <trkpt lat="28.22982305651014" lon="112.90403736160391">
        <ele>51.58059232775122</ele>
        <time>2026-09-18T23:17:27Z</time>
        <extensions>
          <gpxtpx:TrackPointExtension>
            <gpxtpx:hr>180</gpxtpx:hr>
          </gpxtpx:TrackPointExtension>
        </extensions>
      </trkpt>
      <trkpt lat="28.22983511289739" lon="112.90403171404195">
        <ele>51.596142165362835</ele>
        <time>2026-09-18T23:17:28Z</time>
        <extensions>
          <gpxtpx:TrackPointExtension>
            <gpxtpx:hr>180</gpxtpx:hr>
          </gpxtpx:TrackPointExtension>
        </extensions>
      </trkpt>
      <trkpt lat="28.229847886035998" lon="112.90402614600947">
        <ele>51.610516568645835</ele>
        <time>2026-09-18T23:17:29Z</time>
        <extensions>
          <gpxtpx:TrackPointExtension>
            <gpxtpx:hr>180</gpxtpx:hr>
          </gpxtpx:TrackPointExtension>
        </extensions>
      </trkpt>
      <trkpt lat="28.229850789376144" lon="112.90402494205426">
        <ele>51.6135126715526</ele>
        <time>2026-09-18T23:17:29.200000Z</time>
        <extensions>
          <gpxtpx:TrackPointExtension>
            <gpxtpx:hr>180</gpxtpx:hr>
          </gpxtpx:TrackPointExtension>
        </extensions>
      </trkpt>
      <trkpt lat="28.229864078817087" lon="112.90402017134222">
        <ele>51.626717142760754</ele>
        <time>2026-09-18T23:17:30.200000Z</time>
        <extensions>
          <gpxtpx:TrackPointExtension>
            <gpxtpx:hr>180</gpxtpx:hr>
          </gpxtpx:TrackPointExtension>
        </extensions>
      </trkpt>
    </trkseg>
  </trk>
</gpx>