<?xml version="1.0" encoding="UTF-8"?>
<gpx xmlns="http://www.topografix.com/GPX/1/1" xmlns:gpxtpx="http://www.garmin.com/xmlschemas/TrackPointExtension/v1" xmlns:xsi="http://www.w3.org/2001/XMLSchema-instance" xsi:schemaLocation="http://www.topografix.com/GPX/1/1 http://www.topografix.com/GPX/1/1/gpx.xsd" version="1.1" creator="gpx.py -- https://github.com/tkrajina/gpxpy">
  <trk>
    <name>gpx from keep</name>
    <type>Run</type>
    <trkseg>
      <trkpt lat="28.231718828214962" lon="112.90312314477629">
        <ele>53.533379923552275</ele>
        <time>2026-09-15T23:08:21.080000Z</time>
      </trkpt>
      <trkpt lat="28.231716302074293" lon="112.90311683647764">
        <ele>53.52105830702931</ele>
        <time>2026-09-15T22:29:40.900000Z</time>
        <extensions>
          <gpxtpx:TrackPointExtension>
            <gpxtpx:hr>95</gpxtpx:hr>
          </gpxtpx:TrackPointExtension>
        </extensions>
      </trkpt>
      <trkpt lat="28.231713132141596" lon="112.90310909602006">
        <ele>53.506666554138064</ele>
        <time>2026-09-15T22:29:41.900000Z</time>
        <extensions>
          <gpxtpx:TrackPointExtension>
            <gpxtpx:hr>95</gpxtpx:hr>
          </gpxtpx:TrackPointExtension>
        </extensions>
      </trkpt>
      <trkpt lat="28.231709857775837" lon="112.90310004984462">
        <ele>53.491126557812095</ele>
        <time>2026-09-15T22:29:42.900000Z</time>
        <extensions>
          <gpxtpx:TrackPointExtension>
            <gpxtpx:hr>95</gpxtpx:hr>
          </gpxtpx:TrackPointExtension>
        </extensions>
      </trkpt>
      <trkpt lat="28.231707458896764" lon="112.90308971349765">
        <ele>53.47433942463249</ele>
        <time>2026-09-15T22:29:43.900000Z</time>
        <extensions>
          <gpxtpx:TrackPointExtension>
            <gpxtpx:hr>95</gpxtpx:hr>
          </gpxtpx:TrackPointExtension>
        </extensions>
      </trkpt>
      <trkpt lat="28.23170675844921" lon="112.90307863176866">
        <ele>53.45631322916597</ele>
        <time>2026-09-15T22:29:44.900000Z</time>
        <extensions>
          <gpxtpx:TrackPointExtension>
            <gpxtpx:hr>98</gpxtpx:hr>
          </gpxtpx:TrackPointExtension>
        </extensions>
      </trkpt>
      <trkpt lat="28.231708005561813" lon="112.90306776056205">
        <ele>53.43716975487769</ele>
        <time>2026-09-15T22:29:45.800000Z</time>
        <extensions>
          <gpxtpx:TrackPointExtension>
            <gpxtpx:hr>98</gpxtpx:hr>
          </gpxtpx:TrackPointExtension>
        </extensions>
      </trkpt>
      <trkpt lat="28.231710787246964" lon="112.90305807873995">
        <ele>53.41715135797858</ele>
        <time>2026-09-15T22:29:46.800000Z</time>
        <extensions>
          <gpxtpx:TrackPointExtension>
            <gpxtpx:hr>98</gpxtpx:hr>
          </gpxtpx:TrackPointExtension>
        </extensions>
      </trkpt>
      <trkpt lat="28.231714192399668" lon="112.90305047651609">
        <ele>53.39663835987449</ele>
        <time>2026-09-15T22:29:47.800000Z</time>
        <extensions>
          <gpxtpx:TrackPointExtension>
            <gpxtpx:hr>98</gpxtpx:hr>
          </gpxtpx:TrackPointExtension>
        </extensions>
      </trkpt>
      <trkpt lat="28.231717930464647" lon="112.90304443556933">
        <ele>53.37613611109555</ele>
        <time>2026-09-15T22:29:48.800000Z</time>
        <extensions>
          <gpxtpx:TrackPointExtension>
            <gpxtpx:hr>91</gpxtpx:hr>
          </gpxtpx:TrackPointExtension>
        </extensions>
      </trkpt>
      <trkpt lat="28.23172239894136" lon="112.9030385412889">
        <ele>53.35631076525897</ele>
        <time>2026-09-15T22:29:49.800000Z</time>
        <extensions>
          <gpxtpx:TrackPointExtension>
            <gpxtpx:hr>91</gpxtpx:hr>
          </gpxtpx:TrackPointExtension>
        </extensions>
      </trkpt>
      <trkpt lat="28.231727613147832" lon="112.90303232070578">
        <ele>53.33799505326897</ele>
        <time>2026-09-15T22:29:50.800000Z</time>
        <extensions>
          <gpxtpx:TrackPointExtension>
            <gpxtpx:hr>91</gpxtpx:hr>
          </gpxtpx:TrackPointExtension>
        </extensions>
      </trkpt>
      <trkpt lat="28.231733464427805" lon="112.90302563819594">
        <ele>53.322171167470515</ele>
        <time>2026-09-15T22:29:51.800000Z</time>
        <extensions>
          <gpxtpx:TrackPointExtension>
            <gpxtpx:hr>91</gpxtpx:hr>
          </gpxtpx:TrackPointExtension>
        </extensions>
      </trkpt>
      <trkpt lat="28.231740061909914" lon="112.90301843435206">
        <ele>53.30996888037771</ele>
        <time>2026-09-15T22:29:52.800000Z</time>
        <extensions>
          <gpxtpx:TrackPointExtension>
            <gpxtpx:hr>91</gpxtpx:hr>
          </gpxtpx:TrackPointExtension>
        </extensions>
      </trkpt>
      <trkpt lat="28.231747663991232" lon="112.90301081580134">
        <ele>53.30254761688411</ele>
        <time>2026-09-15T22:29:53.800000Z</time>
        <extensions>
          <gpxtpx:TrackPointExtension>
            <gpxtpx:hr>91</gpxtpx:hr>
          </gpxtpx:TrackPointExtension>
        </extensions>
      </trkpt>
      <trkpt lat="28.231756495499745" lon="112.90300290929672">
        <ele>53.30091774184257</ele>
        <time>2026-09-15T22:29:54.800000Z</time>
        <extensions>
          <gpxtpx:TrackPointExtension>
            <gpxtpx:hr>97</gpxtpx:hr>
          </gpxtpx:TrackPointExtension>
        </extensions>
      </trkpt>
      <trkpt lat="28.23176647741686" lon="112.90299488366816">
        <ele>53.30579389911145</ele>
        <time>2026-09-15T22:29:55.800000Z</time>
        <extensions>
          <gpxtpx:TrackPointExtension>
            <gpxtpx:hr>97</gpxtpx:hr>
          </gpxtpx:TrackPointExtension>
        </extensions>
      </trkpt>
      <trkpt lat="28.231777358257176" lon="112.90298688222516">
        <ele>53.317757703363895</ele>
        <time>2026-09-15T22:29:56.800000Z</time>
        <extensions>
          <gpxtpx:TrackPointExtension>
            <gpxtpx:hr>97</gpxtpx:hr>
          </gpxtpx:TrackPointExtension>
        </extensions>
      </trkpt>
      <trkpt lat="28.23178859339266" lon="112.90297929265387">
        <ele>53.33743699733168</ele>
        <time>2026-09-15T22:29:57.800000Z</time>
        <extensions>
          <gpxtpx:TrackPointExtension>
            <gpxtpx:hr>97</gpxtpx:hr>
          </gpxtpx:TrackPointExtension>
        </extensions>
      </trkpt>
      <trkpt lat="28.231799623157542" lon="112.90297254508653">
        <ele>53.3657316993922</ele>
        <time>2026-09-15T22:29:58.800000Z</time>
        <extensions>
          <gpxtpx:TrackPointExtension>
            <gpxtpx:hr>97</gpxtpx:hr>
          </gpxtpx:TrackPointExtension>
        </extensions>
      </trkpt>
      <trkpt lat="28.23181033817356" lon="112.9029667121255">
        <ele>53.40390780661255</ele>
        <time>2026-09-15T22:29:59.800000Z</time>
        <extensions>
          <gpxtpx:TrackPointExtension>
            <gpxtpx:hr>97</gpxtpx:hr>
          </gpxtpx:TrackPointExtension>
        </extensions>
      </trkpt>
      <trkpt lat="28.231820859555036" lon="112.90296135247598">
        <ele>53.45357634034008</ele>
        <time>2026-09-15T22:30:00.800000Z</time>
        <extensions>
          <gpxtpx:TrackPointExtension>
            <gpxtpx:hr>94</gpxtpx:hr>
          </gpxtpx:TrackPointExtension>
        </extensions>
      </trkpt>
      <trkpt lat="28.231831428474784" lon="112.9029559597282">
        <ele>53.516387787647545</ele>
        <time>2026-09-15T22:30:01.800000Z</time>
        <extensions>
          <gpxtpx:TrackPointExtension>
            <gpxtpx:hr>94</gpxtpx:hr>
          </gpxtpx:TrackPointExtension>
        </extensions>
      </trkpt>
      <trkpt lat="28.231842190078694" lon="112.90295043853615">
        <ele>53.593674569390714</ele>
        <time>2026-09-15T22:30:02.800000Z</time>
        <extensions>
          <gpxtpx:TrackPointExtension>
            <gpxtpx:hr>94</gpxtpx:hr>
          </gpxtpx:TrackPointExtension>
        </extensions>
      </trkpt>
      <trkpt lat="28.23185327166013" lon="112.9029447987949">
        <ele>53.686292679049075</ele>
        <time>2026-09-15T22:30:03.800000Z</time>
        <extensions>
          <gpxtpx:TrackPointExtension>
            <gpxtpx:hr>94</gpxtpx:hr>
          </gpxtpx:TrackPointExtension>
        </extensions>
      </trkpt>
      <trkpt lat="28.231864585576893" lon="112.90293921301543">
        <ele>53.794679653830826</ele>
        <time>2026-09-15T22:30:04.800000Z</time>
        <extensions>
          <gpxtpx:TrackPointExtension>
            <gpxtpx:hr>95</gpxtpx:hr>
          </gpxtpx:TrackPointExtension>
        </extensions>
      </trkpt>
      <trkpt lat="28.23187583653239" lon="112.90293373125331">
        <ele>53.9188590971753</ele>
        <time>2026-09-15T22:30:05.800000Z</time>
        <extensions>
          <gpxtpx:TrackPointExtension>
            <gpxtpx:hr>95</gpxtpx:hr>
          </gpxtpx:TrackPointExtension>
        </extensions>
      </trkpt>
      <trkpt lat="28.231886954964445" lon="112.90292819171484">
        <ele>54.058388323523104</ele>
        <time>2026-09-15T22:30:06.800000Z</time>
        <extensions>
          <gpxtpx:TrackPointExtension>
            <gpxtpx:hr>95</gpxtpx:hr>
          </gpxtpx:TrackPointExtension>
        </extensions>
      </trkpt>
      <trkpt lat="28.231897996733153" lon="112.90292262581804">
        <ele>54.21236067637801</ele>
        <time>2026-09-15T22:30:07.800000Z</time>
        <extensions>
          <gpxtpx:TrackPointExtension>
            <gpxtpx:hr>95</gpxtpx:hr>
          </gpxtpx:TrackPointExtension>
        </extensions>
      </trkpt>
      <trkpt lat="28.231908791867635" lon="112.90291727064552">
        <ele>54.37945252470672</ele>
        <time>2026-09-15T22:30:08.800000Z</time>
        <extensions>
          <gpxtpx:TrackPointExtension>
            <gpxtpx:hr>97</gpxtpx:hr>
          </gpxtpx:TrackPointExtension>
        </extensions>
      </trkpt>
      <trkpt lat="28.231919159359755" lon="112.90291223908875">
        <ele>54.55791883263737</ele>
        <time>2026-09-15T22:30:09.800000Z</time>
        <extensions>
          <gpxtpx:TrackPointExtension>
            <gpxtpx:hr>97</gpxtpx:hr>
          </gpxtpx:TrackPointExtension>
        </extensions>
      </trkpt>
      <trkpt lat="28.231928967509287" lon="112.90290757448494">
        <ele>54.74559818394482</ele>
        <time>2026-09-15T22:30:10.800000Z</time>
        <extensions>
          <gpxtpx:TrackPointExtension>
            <gpxtpx:hr>97</gpxtpx:hr>
          </gpxtpx:TrackPointExtension>
        </extensions>
      </trkpt>
      <trkpt lat="28.231938242910026" lon="112.9029032198284">
        <ele>54.940012090839446</ele>
        <time>2026-09-15T22:30:11.800000Z</time>
        <extensions>
          <gpxtpx:TrackPointExtension>
            <gpxtpx:hr>97</gpxtpx:hr>
          </gpxtpx:TrackPointExtension>
        </extensions>
      </trkpt>
      <trkpt lat="28.23194758724705" lon="112.90289891472625">
        <ele>55.13844102807343</ele>
        <time>2026-09-15T22:30:12.800000Z</time>
        <extensions>
          <gpxtpx:TrackPointExtension>
            <gpxtpx:hr>97</gpxtpx:hr>
          </gpxtpx:TrackPointExtension>
        </extensions>
      </trkpt>
      <trkpt lat="28.231957406390222" lon="112.90289457942421">
        <ele>55.3377873422578</ele>
        <time>2026-09-15T22:30:13.800000Z</time>
        <extensions>
          <gpxtpx:TrackPointExtension>
            <gpxtpx:hr>97</gpxtpx:hr>
          </gpxtpx:TrackPointExtension>
        </extensions>
      </trkpt>
      <trkpt lat="28.23196750447838" lon="112.90289027234209">
        <ele>55.53430269937962</ele>
        <time>2026-09-15T22:30:14.800000Z</time>
        <extensions>
          <gpxtpx:TrackPointExtension>
            <gpxtpx:hr>97</gpxtpx:hr>
          </gpxtpx:TrackPointExtension>
        </extensions>
      </trkpt>
      <trkpt lat="28.231977681657668" lon="112.90288591031931">
        <ele>55.72332464996725</ele>
        <time>2026-09-15T22:30:15.800000Z</time>
        <extensions>
          <gpxtpx:TrackPointExtension>
            <gpxtpx:hr>97</gpxtpx:hr>
          </gpxtpx:TrackPointExtension>
        </extensions>
      </trkpt>
      <trkpt lat="28.231987882257517" lon="112.9028813701114">
        <ele>55.89906156808138</ele>
        <time>2026-09-15T22:30:16.800000Z</time>
        <extensions>
          <gpxtpx:TrackPointExtension>
            <gpxtpx:hr>97</gpxtpx:hr>
          </gpxtpx:TrackPointExtension>
        </extensions>
      </trkpt>
      <trkpt lat="28.231997885621574" lon="112.9028767166566">
        <ele>56.050765404477715</ele>
        <time>2026-09-15T22:30:17.800000Z</time>
        <extensions>
          <gpxtpx:TrackPointExtension>
            <gpxtpx:hr>99</gpxtpx:hr>
          </gpxtpx:TrackPointExtension>
        </extensions>
      </trkpt>
      <trkpt lat="28.23200835213818" lon="112.90287156585799">
        <ele>56.18077163770795</ele>
        <time>2026-09-15T22:30:18.800000Z</time>
        <extensions>
          <gpxtpx:TrackPointExtension>
            <gpxtpx:hr>99</gpxtpx:hr>
          </gpxtpx:TrackPointExtension>
        </extensions>
      </trkpt>
      <trkpt lat="28.232018962627784" lon="112.90286596363143">
        <ele>56.281822639517486</ele>
        <time>2026-09-15T22:30:19.800000Z</time>
        <extensions>
          <gpxtpx:TrackPointExtension>
            <gpxtpx:hr>99</gpxtpx:hr>
          </gpxtpx:TrackPointExtension>
        </extensions>
      </trkpt>
      <trkpt lat="28.232029552301526" lon="112.90285996809956">
        <ele>56.35678552184254</ele>
        <time>2026-09-15T22:30:20.800000Z</time>
        <extensions>
          <gpxtpx:TrackPointExtension>
            <gpxtpx:hr>99</gpxtpx:hr>
          </gpxtpx:TrackPointExtension>
        </extensions>
      </trkpt>
      <trkpt lat="28.232039823124325" lon="112.90285381679794">
        <ele>56.41109646204859</ele>
        <time>2026-09-15T22:30:21.800000Z</time>
        <extensions>
          <gpxtpx:TrackPointExtension>
            <gpxtpx:hr>99</gpxtpx:hr>
          </gpxtpx:TrackPointExtension>
        </extensions>
      </trkpt>
      <trkpt lat="28.232049681319456" lon="112.90284768122966">
        <ele>56.45076854340732</ele>
        <time>2026-09-15T22:30:22.800000Z</time>
        <extensions>
          <gpxtpx:TrackPointExtension>
            <gpxtpx:hr>100</gpxtpx:hr>
          </gpxtpx:TrackPointExtension>
        </extensions>
      </trkpt>
      <trkpt lat="28.23205944961263" lon="112.90284156594493">
        <ele>56.4809681661427</ele>
        <time>2026-09-15T22:30:23.800000Z</time>
        <extensions>
          <gpxtpx:TrackPointExtension>
            <gpxtpx:hr>100</gpxtpx:hr>
          </gpxtpx:TrackPointExtension>
        </extensions>
      </trkpt>
      <trkpt lat="28.23206945852209" lon="112.90283542833835">
        <ele>56.50524560920894</ele>
        <time>2026-09-15T22:30:24.800000Z</time>
        <extensions>
          <gpxtpx:TrackPointExtension>
            <gpxtpx:hr>100</gpxtpx:hr>
          </gpxtpx:TrackPointExtension>
        </extensions>
      </trkpt>
      <trkpt lat="28.23207961493005" lon="112.9028291599471">
        <ele>56.525333291850984</ele>
        <time>2026-09-15T22:30:25.800000Z</time>
        <extensions>
          <gpxtpx:TrackPointExtension>
            <gpxtpx:hr>100</gpxtpx:hr>
          </gpxtpx:TrackPointExtension>
        </extensions>
      </trkpt>
      <trkpt lat="28.23208963985038" lon="112.90282266149211">
        <ele>56.541455294936895</ele>
        <time>2026-09-15T22:30:26.800000Z</time>
        <extensions>
          <gpxtpx:TrackPointExtension>
            <gpxtpx:hr>100</gpxtpx:hr>
          </gpxtpx:TrackPointExtension>
        </extensions>
      </trkpt>
      <trkpt lat="28.232099321168533" lon="112.90281599829909">
        <ele>56.55344816017896</ele>
        <time>2026-09-15T22:30:27.800000Z</time>
        <extensions>
          <gpxtpx:TrackPointExtension>
            <gpxtpx:hr>100</gpxtpx:hr>
          </gpxtpx:TrackPointExtension>
        </extensions>
      </trkpt>
      <trkpt lat="28.23210879801452" lon="112.90280927141511">
        <ele>56.56168034300208</ele>
        <time>2026-09-15T22:30:28.800000Z</time>
        <extensions>
          <gpxtpx:TrackPointExtension>
            <gpxtpx:hr>104</gpxtpx:hr>
          </gpxtpx:TrackPointExtension>
        </extensions>
      </trkpt>
      <trkpt lat="28.232118563499405" lon="112.9028024044092">
        <ele>56.56707073375583</ele>
        <time>2026-09-15T22:30:29.800000Z</time>
        <extensions>
          <gpxtpx:TrackPointExtension>
            <gpxtpx:hr>104</gpxtpx:hr>
          </gpxtpx:TrackPointExtension>
        </extensions>
      </trkpt>
      <trkpt lat="28.232128801337023" lon="112.90279541841049">
        <ele>56.57071074191481</ele>
        <time>2026-09-15T22:30:30.800000Z</time>
        <extensions>
          <gpxtpx:TrackPointExtension>
            <gpxtpx:hr>104</gpxtpx:hr>
          </gpxtpx:TrackPointExtension>
        </extensions>
      </trkpt>
      <trkpt lat="28.232139373148012" lon="112.90278857315518">
        <ele>56.573666375130415</ele>
        <time>2026-09-15T22:30:31.800000Z</time>
        <extensions>
          <gpxtpx:TrackPointExtension>
            <gpxtpx:hr>104</gpxtpx:hr>
          </gpxtpx:TrackPointExtension>
        </extensions>
      </trkpt>
      <trkpt lat="28.23215026186291" lon="112.90278216539471">
        <ele>56.57657406013459</ele>
        <time>2026-09-15T22:30:32.800000Z</time>
        <extensions>
          <gpxtpx:TrackPointExtension>
            <gpxtpx:hr>104</gpxtpx:hr>
          </gpxtpx:TrackPointExtension>
        </extensions>
      </trkpt>
      <trkpt lat="28.232161491218047" lon="112.90277646340517">
        <ele>56.5798151018098</ele>
        <time>2026-09-15T22:30:33.800000Z</time>
        <extensions>
          <gpxtpx:TrackPointExtension>
            <gpxtpx:hr>104</gpxtpx:hr>
          </gpxtpx:TrackPointExtension>
        </extensions>
      </trkpt>
      <trkpt lat="28.232173063013896" lon="112.90277156693992">
        <ele>56.58349119964987</ele>
        <time>2026-09-15T22:30:34.800000Z</time>
        <extensions>
          <gpxtpx:TrackPointExtension>
            <gpxtpx:hr>104</gpxtpx:hr>
          </gpxtpx:TrackPointExtension>
        </extensions>
      </trkpt>
      <trkpt lat="28.232184936360333" lon="112.9027672134072">
        <ele>56.58756906632334</ele>
        <time>2026-09-15T22:30:35.800000Z</time>
        <extensions>
          <gpxtpx:TrackPointExtension>
            <gpxtpx:hr>101</gpxtpx:hr>
          </gpxtpx:TrackPointExtension>
        </extensions>
      </trkpt>
      <trkpt lat="28.23219692939077" lon="112.90276285772065">
        <ele>56.59224567189813</ele>
        <time>2026-09-15T22:30:36.800000Z</time>
        <extensions>
          <gpxtpx:TrackPointExtension>
            <gpxtpx:hr>101</gpxtpx:hr>
          </gpxtpx:TrackPointExtension>
        </extensions>
      </trkpt>
      <trkpt lat="28.23220871746465" lon="112.90275817238737">
        <ele>56.5972693702206</ele>
        <time>2026-09-15T22:30:37.800000Z</time>
        <extensions>
          <gpxtpx:TrackPointExtension>
            <gpxtpx:hr>101</gpxtpx:hr>
          </gpxtpx:TrackPointExtension>
        </extensions>
      </trkpt>
      <trkpt lat="28.232219898729117" lon="112.90275308562745">
        <ele>56.602714071050286</ele>
        <time>2026-09-15T22:30:38.800000Z</time>
        <extensions>
          <gpxtpx:TrackPointExtension>
            <gpxtpx:hr>101</gpxtpx:hr>
          </gpxtpx:TrackPointExtension>
        </extensions>
      </trkpt>
      <trkpt lat="28.232230252197894" lon="112.90274732321264">
        <ele>56.608379556797445</ele>
        <time>2026-09-15T22:30:39.800000Z</time>
        <extensions>
          <gpxtpx:TrackPointExtension>
            <gpxtpx:hr>101</gpxtpx:hr>
          </gpxtpx:TrackPointExtension>
        </extensions>
      </trkpt>
      <trkpt lat="28.23223973684418" lon="112.9027406509163">
        <ele>56.61439762637019</ele>
        <time>2026-09-15T22:30:40.800000Z</time>
        <extensions>
          <gpxtpx:TrackPointExtension>
            <gpxtpx:hr>94</gpxtpx:hr>
          </gpxtpx:TrackPointExtension>
        </extensions>
      </trkpt>
      <trkpt lat="28.232248789472816" lon="112.90273397641346">
        <ele>56.621581975370646</ele>
        <time>2026-09-15T22:30:41.700000Z</time>
        <extensions>
          <gpxtpx:TrackPointExtension>
            <gpxtpx:hr>94</gpxtpx:hr>
          </gpxtpx:TrackPointExtension>
        </extensions>
      </trkpt>
      <trkpt lat="28.23225817215693" lon="112.90272910385238">
        <ele>56.63024568744004</ele>
        <time>2026-09-15T22:30:42.700000Z</time>
        <extensions>
          <gpxtpx:TrackPointExtension>
            <gpxtpx:hr>94</gpxtpx:hr>
          </gpxtpx:TrackPointExtension>
        </extensions>
      </trkpt>
      <trkpt lat="28.232267719160095" lon="112.90272634137533">
        <ele>56.64125456288457</ele>
        <time>2026-09-15T22:30:43.700000Z</time>
        <extensions>
          <gpxtpx:TrackPointExtension>
            <gpxtpx:hr>94</gpxtpx:hr>
          </gpxtpx:TrackPointExtension>
        </extensions>
      </trkpt>
      <trkpt lat="28.232277152913564" lon="112.90272444610314">
        <ele>56.655131253413856</ele>
        <time>2026-09-15T22:30:44.700000Z</time>
        <extensions>
          <gpxtpx:TrackPointExtension>
            <gpxtpx:hr>94</gpxtpx:hr>
          </gpxtpx:TrackPointExtension>
        </extensions>
      </trkpt>
      <trkpt lat="28.232286685024665" lon="112.90272263801627">
        <ele>56.67260577715933</ele>
        <time>2026-09-15T22:30:45.700000Z</time>
        <extensions>
          <gpxtpx:TrackPointExtension>
            <gpxtpx:hr>91</gpxtpx:hr>
          </gpxtpx:TrackPointExtension>
        </extensions>
      </trkpt>
      <trkpt lat="28.23229648978211" lon="112.90272084507295">
        <ele>56.694421142339706</ele>
        <time>2026-09-15T22:30:46.700000Z</time>
        <extensions>
          <gpxtpx:TrackPointExtension>
            <gpxtpx:hr>91</gpxtpx:hr>
          </gpxtpx:TrackPointExtension>
        </extensions>
      </trkpt>
      <trkpt lat="28.23230676869061" lon="112.90271889810634">
        <ele>56.720740055665374</ele>
        <time>2026-09-15T22:30:47.700000Z</time>
        <extensions>
          <gpxtpx:TrackPointExtension>
            <gpxtpx:hr>91</gpxtpx:hr>
          </gpxtpx:TrackPointExtension>
        </extensions>
      </trkpt>
      <trkpt lat="28.232317414214666" lon="112.90271660002891">
        <ele>56.75191878527403</ele>
        <time>2026-09-15T22:30:48.700000Z</time>
        <extensions>
          <gpxtpx:TrackPointExtension>
            <gpxtpx:hr>91</gpxtpx:hr>
          </gpxtpx:TrackPointExtension>
        </extensions>
      </trkpt>
      <trkpt lat="28.232328200547848" lon="112.90271394725681">
        <ele>56.788283756002784</ele>
        <time>2026-09-15T22:30:49.700000Z</time>
        <extensions>
          <gpxtpx:TrackPointExtension>
            <gpxtpx:hr>91</gpxtpx:hr>
          </gpxtpx:TrackPointExtension>
        </extensions>
      </trkpt>
      <trkpt lat="28.232338989279647" lon="112.90271101119454">
        <ele>56.82987555488944</ele>
        <time>2026-09-15T22:30:50.700000Z</time>
        <extensions>
          <gpxtpx:TrackPointExtension>
            <gpxtpx:hr>91</gpxtpx:hr>
          </gpxtpx:TrackPointExtension>
        </extensions>
      </trkpt>
      <trkpt lat="28.232349582369867" lon="112.90270808208433">
        <ele>56.877282979898155</ele>
        <time>2026-09-15T22:30:51.700000Z</time>
        <extensions>
          <gpxtpx:TrackPointExtension>
            <gpxtpx:hr>91</gpxtpx:hr>
          </gpxtpx:TrackPointExtension>
        </extensions>
      </trkpt>
      <trkpt lat="28.232359908691755" lon="112.90270548238738">
        <ele>56.92995672766119</ele>
        <time>2026-09-15T22:30:52.700000Z</time>
        <extensions>
          <gpxtpx:TrackPointExtension>
            <gpxtpx:hr>91</gpxtpx:hr>
          </gpxtpx:TrackPointExtension>
        </extensions>
      </trkpt>
      <trkpt lat="28.232370003414243" lon="112.90270332636311">
        <ele>56.98773000575602</ele>
        <time>2026-09-15T22:30:53.700000Z</time>
        <extensions>
          <gpxtpx:TrackPointExtension>
            <gpxtpx:hr>91</gpxtpx:hr>
          </gpxtpx:TrackPointExtension>
        </extensions>
      </trkpt>
      <trkpt lat="28.232379835123808" lon="112.90270146845121">
        <ele>57.05057175643742</ele>
        <time>2026-09-15T22:30:54.700000Z</time>
        <extensions>
          <gpxtpx:TrackPointExtension>
            <gpxtpx:hr>91</gpxtpx:hr>
          </gpxtpx:TrackPointExtension>
        </extensions>
      </trkpt>
      <trkpt lat="28.232389363203875" lon="112.90269960102945">
        <ele>57.11742571555078</ele>
        <time>2026-09-15T22:30:55.700000Z</time>
        <extensions>
          <gpxtpx:TrackPointExtension>
            <gpxtpx:hr>91</gpxtpx:hr>
          </gpxtpx:TrackPointExtension>
        </extensions>
      </trkpt>
      <trkpt lat="28.232398517531134" lon="112.90269750569529">
        <ele>57.18777604494244</ele>
        <time>2026-09-15T22:30:56.700000Z</time>
        <extensions>
          <gpxtpx:TrackPointExtension>
            <gpxtpx:hr>91</gpxtpx:hr>
          </gpxtpx:TrackPointExtension>
        </extensions>
      </trkpt>
      <trkpt lat="28.232407108838714" lon="112.90269520528341">
        <ele>57.260945580899715</ele>
        <time>2026-09-15T22:30:57.700000Z</time>
        <extensions>
          <gpxtpx:TrackPointExtension>
            <gpxtpx:hr>91</gpxtpx:hr>
          </gpxtpx:TrackPointExtension>
        </extensions>
      </trkpt>
      <trkpt lat="28.232415057775032" lon="112.90269290322763">
        <ele>57.33607206214219</ele>
        <time>2026-09-15T22:30:58.700000Z</time>
        <extensions>
          <gpxtpx:TrackPointExtension>
            <gpxtpx:hr>91</gpxtpx:hr>
          </gpxtpx:TrackPointExtension>
        </extensions>
      </trkpt>
      <trkpt lat="28.232422590191256" lon="112.9026908310984">
        <ele>57.41215786896646</ele>
        <time>2026-09-15T22:30:59.700000Z</time>
        <extensions>
          <gpxtpx:TrackPointExtension>
            <gpxtpx:hr>91</gpxtpx:hr>
          </gpxtpx:TrackPointExtension>
        </extensions>
      </trkpt>
      <trkpt lat="28.23243004669373" lon="112.902689201919">
        <ele>57.48852329235524</ele>
        <time>2026-09-15T22:31:00.700000Z</time>
        <extensions>
          <gpxtpx:TrackPointExtension>
            <gpxtpx:hr>91</gpxtpx:hr>
          </gpxtpx:TrackPointExtension>
        </extensions>
      </trkpt>
      <trkpt lat="28.232437657866196" lon="112.90268807918106">
        <ele>57.5636297641322</ele>
        <time>2026-09-15T22:31:01.700000Z</time>
        <extensions>
          <gpxtpx:TrackPointExtension>
            <gpxtpx:hr>91</gpxtpx:hr>
          </gpxtpx:TrackPointExtension>
        </extensions>
      </trkpt>
      <trkpt lat="28.232445615598706" lon="112.90268723051054">
        <ele>57.63622718304396</ele>
        <time>2026-09-15T22:31:02.700000Z</time>
        <extensions>
          <gpxtpx:TrackPointExtension>
            <gpxtpx:hr>91</gpxtpx:hr>
          </gpxtpx:TrackPointExtension>
        </extensions>
      </trkpt>
      <trkpt lat="28.232454089466806" lon="112.90268645345039">
        <ele>57.704264546744525</ele>
        <time>2026-09-15T22:31:03.700000Z</time>
        <extensions>
          <gpxtpx:TrackPointExtension>
            <gpxtpx:hr>91</gpxtpx:hr>
          </gpxtpx:TrackPointExtension>
        </extensions>
      </trkpt>
      <trkpt lat="28.232463267850758" lon="112.90268576140086">
        <ele>57.76646468695253</ele>
        <time>2026-09-15T22:31:04.700000Z</time>
        <extensions>
          <gpxtpx:TrackPointExtension>
            <gpxtpx:hr>91</gpxtpx:hr>
          </gpxtpx:TrackPointExtension>
        </extensions>
      </trkpt>
      <trkpt lat="28.232473620277716" lon="112.90268508143767">
        <ele>57.82169871404767</ele>
        <time>2026-09-15T22:31:05.700000Z</time>
        <extensions>
          <gpxtpx:TrackPointExtension>
            <gpxtpx:hr>88</gpxtpx:hr>
          </gpxtpx:TrackPointExtension>
        </extensions>
      </trkpt>
      <trkpt lat="28.23248541800411" lon="112.9026843427171">
        <ele>57.86859758384526</ele>
        <time>2026-09-15T22:31:06.700000Z</time>
        <extensions>
          <gpxtpx:TrackPointExtension>
            <gpxtpx:hr>88</gpxtpx:hr>
          </gpxtpx:TrackPointExtension>
        </extensions>
      </trkpt>
      <trkpt lat="28.23249796960902" lon="112.90268364546702">
        <ele>57.90680249221623</ele>
        <time>2026-09-15T22:31:07.700000Z</time>
        <extensions>
          <gpxtpx:TrackPointExtension>
            <gpxtpx:hr>88</gpxtpx:hr>
          </gpxtpx:TrackPointExtension>
        </extensions>
      </trkpt>
      <trkpt lat="28.232510571393867" lon="112.90268317745809">
        <ele>57.93534345831722</ele>
        <time>2026-09-15T22:31:08.700000Z</time>
        <extensions>
          <gpxtpx:TrackPointExtension>
            <gpxtpx:hr>88</gpxtpx:hr>
          </gpxtpx:TrackPointExtension>
        </extensions>
      </trkpt>
      <trkpt lat="28.232523060980718" lon="112.9026831756231">
        <ele>57.95335672609508</ele>
        <time>2026-09-15T22:31:09.700000Z</time>
        <extensions>
          <gpxtpx:TrackPointExtension>
            <gpxtpx:hr>87</gpxtpx:hr>
          </gpxtpx:TrackPointExtension>
        </extensions>
      </trkpt>
      <trkpt lat="28.232535168171623" lon="112.90268296568811">
        <ele>57.962827804498374</ele>
        <time>2026-09-15T22:31:10.700000Z</time>
        <extensions>
          <gpxtpx:TrackPointExtension>
            <gpxtpx:hr>87</gpxtpx:hr>
          </gpxtpx:TrackPointExtension>
        </extensions>
      </trkpt>
      <trkpt lat="28.232546376191443" lon="112.90268183811342">
        <ele>57.96501764655113</ele>
        <time>2026-09-15T22:31:11.700000Z</time>
        <extensions>
          <gpxtpx:TrackPointExtension>
            <gpxtpx:hr>87</gpxtpx:hr>
          </gpxtpx:TrackPointExtension>
        </extensions>
      </trkpt>
      <trkpt lat="28.232556637889097" lon="112.9026800777088">
        <ele>57.961084571667016</ele>
        <time>2026-09-15T22:31:12.700000Z</time>
        <extensions>
          <gpxtpx:TrackPointExtension>
            <gpxtpx:hr>87</gpxtpx:hr>
          </gpxtpx:TrackPointExtension>
        </extensions>
      </trkpt>
      <trkpt lat="28.232566359975735" lon="112.9026775357843">
        <ele>57.95217708032578</ele>
        <time>2026-09-15T22:31:13.700000Z</time>
        <extensions>
          <gpxtpx:TrackPointExtension>
            <gpxtpx:hr>87</gpxtpx:hr>
          </gpxtpx:TrackPointExtension>
        </extensions>
      </trkpt>
      <trkpt lat="28.232575983966715" lon="112.90267386317947">
        <ele>57.93993287347257</ele>
        <time>2026-09-15T22:31:14.700000Z</time>
        <extensions>
          <gpxtpx:TrackPointExtension>
            <gpxtpx:hr>87</gpxtpx:hr>
          </gpxtpx:TrackPointExtension>
        </extensions>
      </trkpt>
      <trkpt lat="28.232585326054913" lon="112.90266996999529">
        <ele>57.924761574715376</ele>
        <time>2026-09-15T22:31:15.700000Z</time>
        <extensions>
          <gpxtpx:TrackPointExtension>
            <gpxtpx:hr>87</gpxtpx:hr>
          </gpxtpx:TrackPointExtension>
        </extensions>
      </trkpt>
      <trkpt lat="28.23259371485634" lon="112.90266789380395">
        <ele>57.908372736535966</ele>
        <time>2026-09-15T22:31:16.700000Z</time>
        <extensions>
          <gpxtpx:TrackPointExtension>
            <gpxtpx:hr>87</gpxtpx:hr>
          </gpxtpx:TrackPointExtension>
        </extensions>
      </trkpt>
      <trkpt lat="28.232601469788914" lon="112.90266734480949">
        <ele>57.891191243194044</ele>
        <time>2026-09-15T22:31:17.700000Z</time>
        <extensions>
          <gpxtpx:TrackPointExtension>
            <gpxtpx:hr>87</gpxtpx:hr>
          </gpxtpx:TrackPointExtension>
        </extensions>
      </trkpt>
      <trkpt lat="28.23260918282725" lon="112.90266691826994">
        <ele>57.87457763683051</ele>
        <time>2026-09-15T22:31:18.700000Z</time>
        <extensions>
          <gpxtpx:TrackPointExtension>
            <gpxtpx:hr>86</gpxtpx:hr>
          </gpxtpx:TrackPointExtension>
        </extensions>
      </trkpt>
      <trkpt lat="28.232617031745438" lon="112.90266656662834">
        <ele>57.85991811752319</ele>
        <time>2026-09-15T22:31:19.700000Z</time>
        <extensions>
          <gpxtpx:TrackPointExtension>
            <gpxtpx:hr>86</gpxtpx:hr>
          </gpxtpx:TrackPointExtension>
        </extensions>
      </trkpt>
      <trkpt lat="28.232625141846256" lon="112.90266637683145">
        <ele>57.8478728402406</ele>
        <time>2026-09-15T22:31:20.700000Z</time>
        <extensions>
          <gpxtpx:TrackPointExtension>
            <gpxtpx:hr>86</gpxtpx:hr>
          </gpxtpx:TrackPointExtension>
        </extensions>
      </trkpt>
      <trkpt lat="28.232633299950216" lon="112.90266643907202">
        <ele>57.83942867908627</ele>
        <time>2026-09-15T22:31:21.700000Z</time>
        <extensions>
          <gpxtpx:TrackPointExtension>
            <gpxtpx:hr>86</gpxtpx:hr>
          </gpxtpx:TrackPointExtension>
        </extensions>
      </trkpt>
      <trkpt lat="28.2326412171578" lon="112.90266703276566">
        <ele>57.834998248144984</ele>
        <time>2026-09-15T22:31:22.700000Z</time>
        <extensions>
          <gpxtpx:TrackPointExtension>
            <gpxtpx:hr>86</gpxtpx:hr>
          </gpxtpx:TrackPointExtension>
        </extensions>
      </trkpt>
      <trkpt lat="28.232648750440312" lon="112.9026680782178">
        <ele>57.83509597554803</ele>
        <time>2026-09-15T22:31:23.700000Z</time>
        <extensions>
          <gpxtpx:TrackPointExtension>
            <gpxtpx:hr>86</gpxtpx:hr>
          </gpxtpx:TrackPointExtension>
        </extensions>
      </trkpt>
      <trkpt lat="28.23265592209287" lon="112.90266915612534">
        <ele>57.838368595577776</ele>
        <time>2026-09-15T22:31:24.700000Z</time>
        <extensions>
          <gpxtpx:TrackPointExtension>
            <gpxtpx:hr>86</gpxtpx:hr>
          </gpxtpx:TrackPointExtension>
        </extensions>
      </trkpt>
      <trkpt lat="28.232662961168927" lon="112.90267000411363">
        <ele>57.84419631399214</ele>
        <time>2026-09-15T22:31:25.700000Z</time>
        <extensions>
          <gpxtpx:TrackPointExtension>
            <gpxtpx:hr>87</gpxtpx:hr>
          </gpxtpx:TrackPointExtension>
        </extensions>
      </trkpt>
      <trkpt lat="28.232670211398162" lon="112.90267047241632">
        <ele>57.8529900861904</ele>
        <time>2026-09-15T22:31:26.700000Z</time>
        <extensions>
          <gpxtpx:TrackPointExtension>
            <gpxtpx:hr>87</gpxtpx:hr>
          </gpxtpx:TrackPointExtension>
        </extensions>
      </trkpt>
      <trkpt lat="28.23267802244302" lon="112.90267043368537">
        <ele>57.86360667832196</ele>
        <time>2026-09-15T22:31:27.700000Z</time>
        <extensions>
          <gpxtpx:TrackPointExtension>
            <gpxtpx:hr>87</gpxtpx:hr>
          </gpxtpx:TrackPointExtension>
        </extensions>
      </trkpt>
      <trkpt lat="28.232686531595355" lon="112.90266978871912">
        <ele>57.87464542128146</ele>
        <time>2026-09-15T22:31:28.700000Z</time>
        <extensions>
          <gpxtpx:TrackPointExtension>
            <gpxtpx:hr>86</gpxtpx:hr>
          </gpxtpx:TrackPointExtension>
        </extensions>
      </trkpt>
      <trkpt lat="28.232695727170007" lon="112.90266837272137">
        <ele>57.88587068300694</ele>
        <time>2026-09-15T22:31:29.700000Z</time>
        <extensions>
          <gpxtpx:TrackPointExtension>
            <gpxtpx:hr>86</gpxtpx:hr>
          </gpxtpx:TrackPointExtension>
        </extensions>
      </trkpt>
      <trkpt lat="28.232705255086515" lon="112.90266656700524">
        <ele>57.89742712676525</ele>
        <time>2026-09-15T22:31:30.700000Z</time>
        <extensions>
          <gpxtpx:TrackPointExtension>
            <gpxtpx:hr>86</gpxtpx:hr>
          </gpxtpx:TrackPointExtension>
        </extensions>
      </trkpt>
      <trkpt lat="28.232714768296674" lon="112.90266488847213">
        <ele>57.907049398869276</ele>
        <time>2026-09-15T22:31:31.700000Z</time>
        <extensions>
          <gpxtpx:TrackPointExtension>
            <gpxtpx:hr>86</gpxtpx:hr>
          </gpxtpx:TrackPointExtension>
        </extensions>
      </trkpt>
      <trkpt lat="28.232724345800207" lon="112.90266367839239">
        <ele>57.91918810084462</ele>
        <time>2026-09-15T22:31:32.700000Z</time>
        <extensions>
          <gpxtpx:TrackPointExtension>
            <gpxtpx:hr>84</gpxtpx:hr>
          </gpxtpx:TrackPointExtension>
        </extensions>
      </trkpt>
      <trkpt lat="28.232733982615997" lon="112.90266297732346">
        <ele>57.931480122730136</ele>
        <time>2026-09-15T22:31:33.700000Z</time>
        <extensions>
          <gpxtpx:TrackPointExtension>
            <gpxtpx:hr>84</gpxtpx:hr>
          </gpxtpx:TrackPointExtension>
        </extensions>
      </trkpt>
      <trkpt lat="28.23274348221709" lon="112.90266252482832">
        <ele>57.94596862979233</ele>
        <time>2026-09-15T22:31:34.700000Z</time>
        <extensions>
          <gpxtpx:TrackPointExtension>
            <gpxtpx:hr>84</gpxtpx:hr>
          </gpxtpx:TrackPointExtension>
        </extensions>
      </trkpt>
      <trkpt lat="28.232752740189838" lon="112.90266199235326">
        <ele>57.959629016928375</ele>
        <time>2026-09-15T22:31:35.700000Z</time>
        <extensions>
          <gpxtpx:TrackPointExtension>
            <gpxtpx:hr>84</gpxtpx:hr>
          </gpxtpx:TrackPointExtension>
        </extensions>
      </trkpt>
      <trkpt lat="28.232761708097378" lon="112.90266153093059">
        <ele>57.97525926865637</ele>
        <time>2026-09-15T22:31:36.700000Z</time>
        <extensions>
          <gpxtpx:TrackPointExtension>
            <gpxtpx:hr>84</gpxtpx:hr>
          </gpxtpx:TrackPointExtension>
        </extensions>
      </trkpt>
      <trkpt lat="28.232770809075152" lon="112.90266101844031">
        <ele>57.991238383576274</ele>
        <time>2026-09-15T22:31:37.600000Z</time>
        <extensions>
          <gpxtpx:TrackPointExtension>
            <gpxtpx:hr>84</gpxtpx:hr>
          </gpxtpx:TrackPointExtension>
        </extensions>
      </trkpt>
      <trkpt lat="28.232780040447782" lon="112.9026602106811">
        <ele>58.008211551234126</ele>
        <time>2026-09-15T22:31:38.600000Z</time>
        <extensions>
          <gpxtpx:TrackPointExtension>
            <gpxtpx:hr>84</gpxtpx:hr>
          </gpxtpx:TrackPointExtension>
        </extensions>
      </trkpt>
      <trkpt lat="28.232789337349228" lon="112.90265895687855">
        <ele>58.02544603962451</ele>
        <time>2026-09-15T22:31:39.600000Z</time>
        <extensions>
          <gpxtpx:TrackPointExtension>
            <gpxtpx:hr>89</gpxtpx:hr>
          </gpxtpx:TrackPointExtension>
        </extensions>
      </trkpt>
      <trkpt lat="28.23279890374471" lon="112.90265708125816">
        <ele>58.042798990383744</ele>
        <time>2026-09-15T22:31:40.600000Z</time>
        <extensions>
          <gpxtpx:TrackPointExtension>
            <gpxtpx:hr>89</gpxtpx:hr>
          </gpxtpx:TrackPointExtension>
        </extensions>
      </trkpt>
      <trkpt lat="28.232808971545406" lon="112.90265432802842">
        <ele>58.058636480011046</ele>
        <time>2026-09-15T22:31:41.600000Z</time>
        <extensions>
          <gpxtpx:TrackPointExtension>
            <gpxtpx:hr>89</gpxtpx:hr>
          </gpxtpx:TrackPointExtension>
        </extensions>
      </trkpt>
      <trkpt lat="28.232819560921325" lon="112.90265085988224">
        <ele>58.07253967132419</ele>
        <time>2026-09-15T22:31:42.600000Z</time>
        <extensions>
          <gpxtpx:TrackPointExtension>
            <gpxtpx:hr>89</gpxtpx:hr>
          </gpxtpx:TrackPointExtension>
        </extensions>
      </trkpt>
      <trkpt lat="28.232830543725864" lon="112.90264717593797">
        <ele>58.08487151283771</ele>
        <time>2026-09-15T22:31:43.600000Z</time>
        <extensions>
          <gpxtpx:TrackPointExtension>
            <gpxtpx:hr>89</gpxtpx:hr>
          </gpxtpx:TrackPointExtension>
        </extensions>
      </trkpt>
      <trkpt lat="28.232841083339792" lon="112.90264305289797">
        <ele>58.09385454840958</ele>
        <time>2026-09-15T22:31:44.600000Z</time>
        <extensions>
          <gpxtpx:TrackPointExtension>
            <gpxtpx:hr>89</gpxtpx:hr>
          </gpxtpx:TrackPointExtension>
        </extensions>
      </trkpt>
      <trkpt lat="28.23285038960877" lon="112.9026380812206">
        <ele>58.10027277376503</ele>
        <time>2026-09-15T22:31:45.600000Z</time>
        <extensions>
          <gpxtpx:TrackPointExtension>
            <gpxtpx:hr>89</gpxtpx:hr>
          </gpxtpx:TrackPointExtension>
        </extensions>
      </trkpt>
      <trkpt lat="28.232858590400323" lon="112.90263271076374">
        <ele>58.10273945424706</ele>
        <time>2026-09-15T22:31:46.600000Z</time>
        <extensions>
          <gpxtpx:TrackPointExtension>
            <gpxtpx:hr>89</gpxtpx:hr>
          </gpxtpx:TrackPointExtension>
        </extensions>
      </trkpt>
      <trkpt lat="28.232866211045934" lon="112.90262761522978">
        <ele>58.102399163879454</ele>
        <time>2026-09-15T22:31:47.600000Z</time>
        <extensions>
          <gpxtpx:TrackPointExtension>
            <gpxtpx:hr>89</gpxtpx:hr>
          </gpxtpx:TrackPointExtension>
        </extensions>
      </trkpt>
      <trkpt lat="28.23287372609901" lon="112.9026232894287">
        <ele>58.09852573275566</ele>
        <time>2026-09-15T22:31:48.600000Z</time>
        <extensions>
          <gpxtpx:TrackPointExtension>
            <gpxtpx:hr>92</gpxtpx:hr>
          </gpxtpx:TrackPointExtension>
        </extensions>
      </trkpt>
      <trkpt lat="28.232881325047934" lon="112.90261990015094">
        <ele>58.09136647358537</ele>
        <time>2026-09-15T22:31:49.600000Z</time>
        <extensions>
          <gpxtpx:TrackPointExtension>
            <gpxtpx:hr>92</gpxtpx:hr>
          </gpxtpx:TrackPointExtension>
        </extensions>
      </trkpt>
      <trkpt lat="28.23288850641112" lon="112.90261721618053">
        <ele>58.08154040109366</ele>
        <time>2026-09-15T22:31:50.600000Z</time>
        <extensions>
          <gpxtpx:TrackPointExtension>
            <gpxtpx:hr>92</gpxtpx:hr>
          </gpxtpx:TrackPointExtension>
        </extensions>
      </trkpt>
      <trkpt lat="28.232895061198093" lon="112.90261486504919">
        <ele>58.068665276281536</ele>
        <time>2026-09-15T22:31:51.600000Z</time>
        <extensions>
          <gpxtpx:TrackPointExtension>
            <gpxtpx:hr>92</gpxtpx:hr>
          </gpxtpx:TrackPointExtension>
        </extensions>
      </trkpt>
      <trkpt lat="28.232901355973997" lon="112.90261248573968">
        <ele>58.05126851424575</ele>
        <time>2026-09-15T22:31:52.600000Z</time>
        <extensions>
          <gpxtpx:TrackPointExtension>
            <gpxtpx:hr>92</gpxtpx:hr>
          </gpxtpx:TrackPointExtension>
        </extensions>
      </trkpt>
      <trkpt lat="28.232907680379757" lon="112.90260995632143">
        <ele>58.03203138615936</ele>
        <time>2026-09-15T22:31:53.600000Z</time>
        <extensions>
          <gpxtpx:TrackPointExtension>
            <gpxtpx:hr>92</gpxtpx:hr>
          </gpxtpx:TrackPointExtension>
        </extensions>
      </trkpt>
      <trkpt lat="28.2329141347973" lon="112.90260720015382">
        <ele>58.01016676612198</ele>
        <time>2026-09-15T22:31:54.600000Z</time>
        <extensions>
          <gpxtpx:TrackPointExtension>
            <gpxtpx:hr>92</gpxtpx:hr>
          </gpxtpx:TrackPointExtension>
        </extensions>
      </trkpt>
      <trkpt lat="28.232920889184086" lon="112.9026041777219">
        <ele>57.98557540029287</ele>
        <time>2026-09-15T22:31:55.600000Z</time>
        <extensions>
          <gpxtpx:TrackPointExtension>
            <gpxtpx:hr>94</gpxtpx:hr>
          </gpxtpx:TrackPointExtension>
        </extensions>
      </trkpt>
      <trkpt lat="28.23292781170408" lon="112.90260071843426">
        <ele>57.95902707707137</ele>
        <time>2026-09-15T22:31:56.600000Z</time>
        <extensions>
          <gpxtpx:TrackPointExtension>
            <gpxtpx:hr>94</gpxtpx:hr>
          </gpxtpx:TrackPointExtension>
        </extensions>
      </trkpt>
      <trkpt lat="28.232934788491796" lon="112.90259658495971">
        <ele>57.931386462412775</ele>
        <time>2026-09-15T22:31:57.600000Z</time>
        <extensions>
          <gpxtpx:TrackPointExtension>
            <gpxtpx:hr>94</gpxtpx:hr>
          </gpxtpx:TrackPointExtension>
        </extensions>
      </trkpt>
      <trkpt lat="28.232942075452414" lon="112.90259154562479">
        <ele>57.90168964024633</ele>
        <time>2026-09-15T22:31:58.600000Z</time>
        <extensions>
          <gpxtpx:TrackPointExtension>
            <gpxtpx:hr>94</gpxtpx:hr>
          </gpxtpx:TrackPointExtension>
        </extensions>
      </trkpt>
      <trkpt lat="28.232949786363903" lon="112.90258563865291">
        <ele>57.870207195170224</ele>
        <time>2026-09-15T22:31:59.600000Z</time>
        <extensions>
          <gpxtpx:TrackPointExtension>
            <gpxtpx:hr>94</gpxtpx:hr>
          </gpxtpx:TrackPointExtension>
        </extensions>
      </trkpt>
      <trkpt lat="28.232957896933463" lon="112.90257931396634">
        <ele>57.836094620637596</ele>
        <time>2026-09-15T22:32:00.600000Z</time>
        <extensions>
          <gpxtpx:TrackPointExtension>
            <gpxtpx:hr>94</gpxtpx:hr>
          </gpxtpx:TrackPointExtension>
        </extensions>
      </trkpt>
      <trkpt lat="28.232966634743743" lon="112.90257337959513">
        <ele>57.79952680785209</ele>
        <time>2026-09-15T22:32:01.600000Z</time>
        <extensions>
          <gpxtpx:TrackPointExtension>
            <gpxtpx:hr>94</gpxtpx:hr>
          </gpxtpx:TrackPointExtension>
        </extensions>
      </trkpt>
      <trkpt lat="28.232975981749412" lon="112.90256817170204">
        <ele>57.76122212596238</ele>
        <time>2026-09-15T22:32:02.600000Z</time>
        <extensions>
          <gpxtpx:TrackPointExtension>
            <gpxtpx:hr>95</gpxtpx:hr>
          </gpxtpx:TrackPointExtension>
        </extensions>
      </trkpt>
      <trkpt lat="28.232986013736706" lon="112.90256333201648">
        <ele>57.71946971677244</ele>
        <time>2026-09-15T22:32:03.600000Z</time>
        <extensions>
          <gpxtpx:TrackPointExtension>
            <gpxtpx:hr>95</gpxtpx:hr>
          </gpxtpx:TrackPointExtension>
        </extensions>
      </trkpt>
      <trkpt lat="28.23299677585962" lon="112.90255840149806">
        <ele>57.67502911668271</ele>
        <time>2026-09-15T22:32:04.600000Z</time>
        <extensions>
          <gpxtpx:TrackPointExtension>
            <gpxtpx:hr>95</gpxtpx:hr>
          </gpxtpx:TrackPointExtension>
        </extensions>
      </trkpt>
      <trkpt lat="28.233008079253224" lon="112.90255326550229">
        <ele>57.62650415394455</ele>
        <time>2026-09-15T22:32:05.600000Z</time>
        <extensions>
          <gpxtpx:TrackPointExtension>
            <gpxtpx:hr>95</gpxtpx:hr>
          </gpxtpx:TrackPointExtension>
        </extensions>
      </trkpt>
      <trkpt lat="28.233019601862118" lon="112.90254840431571">
        <ele>57.574051088653505</ele>
        <time>2026-09-15T22:32:06.600000Z</time>
        <extensions>
          <gpxtpx:TrackPointExtension>
            <gpxtpx:hr>95</gpxtpx:hr>
          </gpxtpx:TrackPointExtension>
        </extensions>
      </trkpt>
      <trkpt lat="28.233031029620648" lon="112.90254430292516">
        <ele>57.51696432940662</ele>
        <time>2026-09-15T22:32:07.600000Z</time>
        <extensions>
          <gpxtpx:TrackPointExtension>
            <gpxtpx:hr>95</gpxtpx:hr>
          </gpxtpx:TrackPointExtension>
        </extensions>
      </trkpt>
      <trkpt lat="28.23304189315004" lon="112.90254048291622">
        <ele>57.45505878794938</ele>
        <time>2026-09-15T22:32:08.600000Z</time>
        <extensions>
          <gpxtpx:TrackPointExtension>
            <gpxtpx:hr>95</gpxtpx:hr>
          </gpxtpx:TrackPointExtension>
        </extensions>
      </trkpt>
      <trkpt lat="28.2330522248001" lon="112.90253684514686">
        <ele>57.388412040658295</ele>
        <time>2026-09-15T22:32:09.600000Z</time>
        <extensions>
          <gpxtpx:TrackPointExtension>
            <gpxtpx:hr>98</gpxtpx:hr>
          </gpxtpx:TrackPointExtension>
        </extensions>
      </trkpt>
      <trkpt lat="28.233062421972903" lon="112.90253316339442">
        <ele>57.31706381868571</ele>
        <time>2026-09-15T22:32:10.600000Z</time>
        <extensions>
          <gpxtpx:TrackPointExtension>
            <gpxtpx:hr>98</gpxtpx:hr>
          </gpxtpx:TrackPointExtension>
        </extensions>
      </trkpt>
      <trkpt lat="28.233072865801812" lon="112.90252884970671">
        <ele>57.240427792072296</ele>
        <time>2026-09-15T22:32:11.600000Z</time>
        <extensions>
          <gpxtpx:TrackPointExtension>
            <gpxtpx:hr>98</gpxtpx:hr>
          </gpxtpx:TrackPointExtension>
        </extensions>
      </trkpt>
      <trkpt lat="28.233083636841286" lon="112.90252328832545">
        <ele>57.15860918164253</ele>
        <time>2026-09-15T22:32:12.600000Z</time>
        <extensions>
          <gpxtpx:TrackPointExtension>
            <gpxtpx:hr>98</gpxtpx:hr>
          </gpxtpx:TrackPointExtension>
        </extensions>
      </trkpt>
      <trkpt lat="28.233095215225255" lon="112.90251636928483">
        <ele>57.07137995958328</ele>
        <time>2026-09-15T22:32:13.600000Z</time>
        <extensions>
          <gpxtpx:TrackPointExtension>
            <gpxtpx:hr>98</gpxtpx:hr>
          </gpxtpx:TrackPointExtension>
        </extensions>
      </trkpt>
      <trkpt lat="28.233108363282632" lon="112.90250829634272">
        <ele>56.97915796935558</ele>
        <time>2026-09-15T22:32:14.600000Z</time>
        <extensions>
          <gpxtpx:TrackPointExtension>
            <gpxtpx:hr>98</gpxtpx:hr>
          </gpxtpx:TrackPointExtension>
        </extensions>
      </trkpt>
      <trkpt lat="28.23312354042893" lon="112.90249913680134">
        <ele>56.88234297465533</ele>
        <time>2026-09-15T22:32:15.600000Z</time>
        <extensions>
          <gpxtpx:TrackPointExtension>
            <gpxtpx:hr>96</gpxtpx:hr>
          </gpxtpx:TrackPointExtension>
        </extensions>
      </trkpt>
      <trkpt lat="28.233140039081476" lon="112.90248969995433">
        <ele>56.78081682231277</ele>
        <time>2026-09-15T22:32:16.600000Z</time>
        <extensions>
          <gpxtpx:TrackPointExtension>
            <gpxtpx:hr>96</gpxtpx:hr>
          </gpxtpx:TrackPointExtension>
        </extensions>
      </trkpt>
      <trkpt lat="28.233156280092405" lon="112.90248140232211">
        <ele>56.67549511510879</ele>
        <time>2026-09-15T22:32:17.600000Z</time>
        <extensions>
          <gpxtpx:TrackPointExtension>
            <gpxtpx:hr>96</gpxtpx:hr>
          </gpxtpx:TrackPointExtension>
        </extensions>
      </trkpt>
      <trkpt lat="28.233171749807983" lon="112.90247396124002">
        <ele>56.56755698192865</ele>
        <time>2026-09-15T22:32:18.600000Z</time>
        <extensions>
          <gpxtpx:TrackPointExtension>
            <gpxtpx:hr>96</gpxtpx:hr>
          </gpxtpx:TrackPointExtension>
        </extensions>
      </trkpt>
      <trkpt lat="28.233187117855728" lon="112.90246609948379">
        <ele>56.458964618854225</ele>
        <time>2026-09-15T22:32:19.600000Z</time>
        <extensions>
          <gpxtpx:TrackPointExtension>
            <gpxtpx:hr>96</gpxtpx:hr>
          </gpxtpx:TrackPointExtension>
        </extensions>
      </trkpt>
      <trkpt lat="28.23320215044134" lon="112.90245752002464">
        <ele>56.3503903048113</ele>
        <time>2026-09-15T22:32:20.600000Z</time>
        <extensions>
          <gpxtpx:TrackPointExtension>
            <gpxtpx:hr>96</gpxtpx:hr>
          </gpxtpx:TrackPointExtension>
        </extensions>
      </trkpt>
      <trkpt lat="28.233217369514843" lon="112.90244743532446">
        <ele>56.24345524329692</ele>
        <time>2026-09-15T22:32:21.600000Z</time>
        <extensions>
          <gpxtpx:TrackPointExtension>
            <gpxtpx:hr>96</gpxtpx:hr>
          </gpxtpx:TrackPointExtension>
        </extensions>
      </trkpt>
      <trkpt lat="28.233233414928545" lon="112.90243532433185">
        <ele>56.139167624525726</ele>
        <time>2026-09-15T22:32:22.600000Z</time>
        <extensions>
          <gpxtpx:TrackPointExtension>
            <gpxtpx:hr>96</gpxtpx:hr>
          </gpxtpx:TrackPointExtension>
        </extensions>
      </trkpt>
      <trkpt lat="28.233249888135163" lon="112.90242185254947">
        <ele>56.038792255334556</ele>
        <time>2026-09-15T22:32:23.600000Z</time>
        <extensions>
          <gpxtpx:TrackPointExtension>
            <gpxtpx:hr>100</gpxtpx:hr>
          </gpxtpx:TrackPointExtension>
        </extensions>
      </trkpt>
      <trkpt lat="28.233266339578133" lon="112.90240791765719">
        <ele>55.94368106778711</ele>
        <time>2026-09-15T22:32:24.600000Z</time>
        <extensions>
          <gpxtpx:TrackPointExtension>
            <gpxtpx:hr>100</gpxtpx:hr>
          </gpxtpx:TrackPointExtension>
        </extensions>
      </trkpt>
      <trkpt lat="28.23328170874116" lon="112.90239474564487">
        <ele>55.853974028490484</ele>
        <time>2026-09-15T22:32:25.600000Z</time>
        <extensions>
          <gpxtpx:TrackPointExtension>
            <gpxtpx:hr>100</gpxtpx:hr>
          </gpxtpx:TrackPointExtension>
        </extensions>
      </trkpt>
      <trkpt lat="28.233296597373556" lon="112.9023820744915">
        <ele>55.770237495191395</ele>
        <time>2026-09-15T22:32:26.600000Z</time>
        <extensions>
          <gpxtpx:TrackPointExtension>
            <gpxtpx:hr>100</gpxtpx:hr>
          </gpxtpx:TrackPointExtension>
        </extensions>
      </trkpt>
      <trkpt lat="28.233311607004214" lon="112.90236951052199">
        <ele>55.69281653687358</ele>
        <time>2026-09-15T22:32:27.600000Z</time>
        <extensions>
          <gpxtpx:TrackPointExtension>
            <gpxtpx:hr>100</gpxtpx:hr>
          </gpxtpx:TrackPointExtension>
        </extensions>
      </trkpt>
      <trkpt lat="28.233327561438042" lon="112.90235632389367">
        <ele>55.622142844833434</ele>
        <time>2026-09-15T22:32:28.600000Z</time>
        <extensions>
          <gpxtpx:TrackPointExtension>
            <gpxtpx:hr>100</gpxtpx:hr>
          </gpxtpx:TrackPointExtension>
        </extensions>
      </trkpt>
      <trkpt lat="28.23334503923475" lon="112.90234173456972">
        <ele>55.55881601758301</ele>
        <time>2026-09-15T22:32:29.600000Z</time>
        <extensions>
          <gpxtpx:TrackPointExtension>
            <gpxtpx:hr>100</gpxtpx:hr>
          </gpxtpx:TrackPointExtension>
        </extensions>
      </trkpt>
      <trkpt lat="28.233363819035958" lon="112.90232584005362">
        <ele>55.502915661782026</ele>
        <time>2026-09-15T22:32:30.600000Z</time>
        <extensions>
          <gpxtpx:TrackPointExtension>
            <gpxtpx:hr>100</gpxtpx:hr>
          </gpxtpx:TrackPointExtension>
        </extensions>
      </trkpt>
      <trkpt lat="28.233383573464394" lon="112.9023093165518">
        <ele>55.45596402324736</ele>
        <time>2026-09-15T22:32:31.600000Z</time>
        <extensions>
          <gpxtpx:TrackPointExtension>
            <gpxtpx:hr>100</gpxtpx:hr>
          </gpxtpx:TrackPointExtension>
        </extensions>
      </trkpt>
      <trkpt lat="28.23340404794606" lon="112.90229289755487">
        <ele>55.41810548584908</ele>
        <time>2026-09-15T22:32:32.500000Z</time>
        <extensions>
          <gpxtpx:TrackPointExtension>
            <gpxtpx:hr>100</gpxtpx:hr>
          </gpxtpx:TrackPointExtension>
        </extensions>
      </trkpt>
      <trkpt lat="28.233425033592088" lon="112.90227681629915">
        <ele>55.38928000815213</ele>
        <time>2026-09-15T22:32:33.500000Z</time>
        <extensions>
          <gpxtpx:TrackPointExtension>
            <gpxtpx:hr>100</gpxtpx:hr>
          </gpxtpx:TrackPointExtension>
        </extensions>
      </trkpt>
      <trkpt lat="28.233446239734143" lon="112.90226112255067">
        <ele>55.36977607011795</ele>
        <time>2026-09-15T22:32:34.500000Z</time>
        <extensions>
          <gpxtpx:TrackPointExtension>
            <gpxtpx:hr>100</gpxtpx:hr>
          </gpxtpx:TrackPointExtension>
        </extensions>
      </trkpt>
      <trkpt lat="28.2334674608637" lon="112.90224574359806">
        <ele>55.35949996393174</ele>
        <time>2026-09-15T22:32:35.500000Z</time>
        <extensions>
          <gpxtpx:TrackPointExtension>
            <gpxtpx:hr>100</gpxtpx:hr>
          </gpxtpx:TrackPointExtension>
        </extensions>
      </trkpt>
      <trkpt lat="28.23348883657356" lon="112.90223053735575">
        <ele>55.35829577315599</ele>
        <time>2026-09-15T22:32:36.500000Z</time>
        <extensions>
          <gpxtpx:TrackPointExtension>
            <gpxtpx:hr>100</gpxtpx:hr>
          </gpxtpx:TrackPointExtension>
        </extensions>
      </trkpt>
      <trkpt lat="28.233510477494555" lon="112.90221544303064">
        <ele>55.36576438881457</ele>
        <time>2026-09-15T22:32:37.500000Z</time>
        <extensions>
          <gpxtpx:TrackPointExtension>
            <gpxtpx:hr>100</gpxtpx:hr>
          </gpxtpx:TrackPointExtension>
        </extensions>
      </trkpt>
      <trkpt lat="28.233532335268062" lon="112.90220071532207">
        <ele>55.38160575646907</ele>
        <time>2026-09-15T22:32:38.500000Z</time>
        <extensions>
          <gpxtpx:TrackPointExtension>
            <gpxtpx:hr>100</gpxtpx:hr>
          </gpxtpx:TrackPointExtension>
        </extensions>
      </trkpt>
      <trkpt lat="28.233554430443835" lon="112.90218647737426">
        <ele>55.40535704046488</ele>
        <time>2026-09-15T22:32:39.500000Z</time>
        <extensions>
          <gpxtpx:TrackPointExtension>
            <gpxtpx:hr>100</gpxtpx:hr>
          </gpxtpx:TrackPointExtension>
        </extensions>
      </trkpt>
      <trkpt lat="28.23357700979048" lon="112.90217253672405">
        <ele>55.43655287940055</ele>
        <time>2026-09-15T22:32:40.500000Z</time>
        <extensions>
          <gpxtpx:TrackPointExtension>
            <gpxtpx:hr>100</gpxtpx:hr>
          </gpxtpx:TrackPointExtension>
        </extensions>
      </trkpt>
      <trkpt lat="28.233600237588206" lon="112.90215853898819">
        <ele>55.474787414073944</ele>
        <time>2026-09-15T22:32:41.500000Z</time>
        <extensions>
          <gpxtpx:TrackPointExtension>
            <gpxtpx:hr>100</gpxtpx:hr>
          </gpxtpx:TrackPointExtension>
        </extensions>
      </trkpt>
      <trkpt lat="28.2336238501835" lon="112.90214425181058">
        <ele>55.519865405745804</ele>
        <time>2026-09-15T22:32:42.500000Z</time>
        <extensions>
          <gpxtpx:TrackPointExtension>
            <gpxtpx:hr>100</gpxtpx:hr>
          </gpxtpx:TrackPointExtension>
        </extensions>
      </trkpt>
      <trkpt lat="28.23364742774494" lon="112.90212991604623">
        <ele>55.57159520871937</ele>
        <time>2026-09-15T22:32:43.500000Z</time>
        <extensions>
          <gpxtpx:TrackPointExtension>
            <gpxtpx:hr>99</gpxtpx:hr>
          </gpxtpx:TrackPointExtension>
        </extensions>
      </trkpt>
      <trkpt lat="28.23367068495924" lon="112.90211569863243">
        <ele>55.629439951851964</ele>
        <time>2026-09-15T22:32:44.500000Z</time>
        <extensions>
          <gpxtpx:TrackPointExtension>
            <gpxtpx:hr>99</gpxtpx:hr>
          </gpxtpx:TrackPointExtension>
        </extensions>
      </trkpt>
      <trkpt lat="28.233693482724767" lon="112.90210125973647">
        <ele>55.69255758821964</ele>
        <time>2026-09-15T22:32:45.500000Z</time>
        <extensions>
          <gpxtpx:TrackPointExtension>
            <gpxtpx:hr>99</gpxtpx:hr>
          </gpxtpx:TrackPointExtension>
        </extensions>
      </trkpt>
      <trkpt lat="28.23371598814651" lon="112.90208618605305">
        <ele>55.75983400736004</ele>
        <time>2026-09-15T22:32:46.500000Z</time>
        <extensions>
          <gpxtpx:TrackPointExtension>
            <gpxtpx:hr>99</gpxtpx:hr>
          </gpxtpx:TrackPointExtension>
        </extensions>
      </trkpt>
      <trkpt lat="28.233738437949317" lon="112.90207051353761">
        <ele>55.83165146037936</ele>
        <time>2026-09-15T22:32:47.500000Z</time>
        <extensions>
          <gpxtpx:TrackPointExtension>
            <gpxtpx:hr>99</gpxtpx:hr>
          </gpxtpx:TrackPointExtension>
        </extensions>
      </trkpt>
      <trkpt lat="28.233760910648876" lon="112.90205456808984">
        <ele>55.904838155955076</ele>
        <time>2026-09-15T22:32:48.500000Z</time>
        <extensions>
          <gpxtpx:TrackPointExtension>
            <gpxtpx:hr>99</gpxtpx:hr>
          </gpxtpx:TrackPointExtension>
        </extensions>
      </trkpt>
      <trkpt lat="28.23378349753357" lon="112.90203877284706">
        <ele>55.977145626209676</ele>
        <time>2026-09-15T22:32:49.500000Z</time>
        <extensions>
          <gpxtpx:TrackPointExtension>
            <gpxtpx:hr>98</gpxtpx:hr>
          </gpxtpx:TrackPointExtension>
        </extensions>
      </trkpt>
      <trkpt lat="28.233806424925334" lon="112.90202338497546">
        <ele>56.04740738403052</ele>
        <time>2026-09-15T22:32:50.500000Z</time>
        <extensions>
          <gpxtpx:TrackPointExtension>
            <gpxtpx:hr>98</gpxtpx:hr>
          </gpxtpx:TrackPointExtension>
        </extensions>
      </trkpt>
      <trkpt lat="28.233829549993576" lon="112.90200826037754">
        <ele>56.11462592333555</ele>
        <time>2026-09-15T22:32:51.500000Z</time>
        <extensions>
          <gpxtpx:TrackPointExtension>
            <gpxtpx:hr>98</gpxtpx:hr>
          </gpxtpx:TrackPointExtension>
        </extensions>
      </trkpt>
      <trkpt lat="28.233852898207047" lon="112.90199252953174">
        <ele>56.17815840616822</ele>
        <time>2026-09-15T22:32:52.500000Z</time>
        <extensions>
          <gpxtpx:TrackPointExtension>
            <gpxtpx:hr>98</gpxtpx:hr>
          </gpxtpx:TrackPointExtension>
        </extensions>
      </trkpt>
      <trkpt lat="28.23387632788727" lon="112.90197566524432">
        <ele>56.237403026781976</ele>
        <time>2026-09-15T22:32:53.500000Z</time>
        <extensions>
          <gpxtpx:TrackPointExtension>
            <gpxtpx:hr>98</gpxtpx:hr>
          </gpxtpx:TrackPointExtension>
        </extensions>
      </trkpt>
      <trkpt lat="28.23389974329498" lon="112.90195788856705">
        <ele>56.29182592313737</ele>
        <time>2026-09-15T22:32:54.500000Z</time>
        <extensions>
          <gpxtpx:TrackPointExtension>
            <gpxtpx:hr>98</gpxtpx:hr>
          </gpxtpx:TrackPointExtension>
        </extensions>
      </trkpt>
      <trkpt lat="28.233922963118967" lon="112.9019397847844">
        <ele>56.341067026369274</ele>
        <time>2026-09-15T22:32:55.500000Z</time>
        <extensions>
          <gpxtpx:TrackPointExtension>
            <gpxtpx:hr>99</gpxtpx:hr>
          </gpxtpx:TrackPointExtension>
        </extensions>
      </trkpt>
      <trkpt lat="28.23394580095657" lon="112.90192219331531">
        <ele>56.38420861866325</ele>
        <time>2026-09-15T22:32:56.500000Z</time>
        <extensions>
          <gpxtpx:TrackPointExtension>
            <gpxtpx:hr>99</gpxtpx:hr>
          </gpxtpx:TrackPointExtension>
        </extensions>
      </trkpt>
      <trkpt lat="28.233968571687708" lon="112.90190562261665">
        <ele>56.4213274680078</ele>
        <time>2026-09-15T22:32:57.500000Z</time>
        <extensions>
          <gpxtpx:TrackPointExtension>
            <gpxtpx:hr>99</gpxtpx:hr>
          </gpxtpx:TrackPointExtension>
        </extensions>
      </trkpt>
      <trkpt lat="28.233991559179767" lon="112.90189070308524">
        <ele>56.45436725113541</ele>
        <time>2026-09-15T22:32:58.500000Z</time>
        <extensions>
          <gpxtpx:TrackPointExtension>
            <gpxtpx:hr>99</gpxtpx:hr>
          </gpxtpx:TrackPointExtension>
        </extensions>
      </trkpt>
      <trkpt lat="28.234014790589423" lon="112.90187816691183">
        <ele>56.483971423469484</ele>
        <time>2026-09-15T22:32:59.500000Z</time>
        <extensions>
          <gpxtpx:TrackPointExtension>
            <gpxtpx:hr>99</gpxtpx:hr>
          </gpxtpx:TrackPointExtension>
        </extensions>
      </trkpt>
      <trkpt lat="28.234038148231154" lon="112.90186927522498">
        <ele>56.51110251899809</ele>
        <time>2026-09-15T22:33:00.500000Z</time>
        <extensions>
          <gpxtpx:TrackPointExtension>
            <gpxtpx:hr>99</gpxtpx:hr>
          </gpxtpx:TrackPointExtension>
        </extensions>
      </trkpt>
      <trkpt lat="28.234061154403665" lon="112.9018655200048">
        <ele>56.53640600387007</ele>
        <time>2026-09-15T22:33:01.500000Z</time>
        <extensions>
          <gpxtpx:TrackPointExtension>
            <gpxtpx:hr>99</gpxtpx:hr>
          </gpxtpx:TrackPointExtension>
        </extensions>
      </trkpt>
      <trkpt lat="28.234082670147565" lon="112.9018676355703">
        <ele>56.559889185242355</ele>
        <time>2026-09-15T22:33:02.500000Z</time>
        <extensions>
          <gpxtpx:TrackPointExtension>
            <gpxtpx:hr>99</gpxtpx:hr>
          </gpxtpx:TrackPointExtension>
        </extensions>
      </trkpt>
      <trkpt lat="28.234101738468066" lon="112.90187507524928">
        <ele>56.581920977681875</ele>
        <time>2026-09-15T22:33:03.500000Z</time>
        <extensions>
          <gpxtpx:TrackPointExtension>
            <gpxtpx:hr>100</gpxtpx:hr>
          </gpxtpx:TrackPointExtension>
        </extensions>
      </trkpt>
      <trkpt lat="28.23411762758733" lon="112.90188717251262">
        <ele>56.60403901897371</ele>
        <time>2026-09-15T22:33:04.500000Z</time>
        <extensions>
          <gpxtpx:TrackPointExtension>
            <gpxtpx:hr>100</gpxtpx:hr>
          </gpxtpx:TrackPointExtension>
        </extensions>
      </trkpt>
      <trkpt lat="28.2341298152671" lon="112.9019031205688">
        <ele>56.62822195049375</ele>
        <time>2026-09-15T22:33:05.500000Z</time>
        <extensions>
          <gpxtpx:TrackPointExtension>
            <gpxtpx:hr>100</gpxtpx:hr>
          </gpxtpx:TrackPointExtension>
        </extensions>
      </trkpt>
      <trkpt lat="28.234138454092392" lon="112.90192112029932">
        <ele>56.65439848601818</ele>
        <time>2026-09-15T22:33:06.500000Z</time>
        <extensions>
          <gpxtpx:TrackPointExtension>
            <gpxtpx:hr>98</gpxtpx:hr>
          </gpxtpx:TrackPointExtension>
        </extensions>
      </trkpt>
      <trkpt lat="28.234143868425576" lon="112.90193942117786">
        <ele>56.68441323470324</ele>
        <time>2026-09-15T22:33:07.500000Z</time>
        <extensions>
          <gpxtpx:TrackPointExtension>
            <gpxtpx:hr>98</gpxtpx:hr>
          </gpxtpx:TrackPointExtension>
        </extensions>
      </trkpt>
      <trkpt lat="28.23414618438321" lon="112.90195680230563">
        <ele>56.7181212650612</ele>
        <time>2026-09-15T22:33:08.500000Z</time>
        <extensions>
          <gpxtpx:TrackPointExtension>
            <gpxtpx:hr>98</gpxtpx:hr>
          </gpxtpx:TrackPointExtension>
        </extensions>
      </trkpt>
      <trkpt lat="28.23414569903356" lon="112.90197258457033">
        <ele>56.756426508538425</ele>
        <time>2026-09-15T22:33:09.500000Z</time>
        <extensions>
          <gpxtpx:TrackPointExtension>
            <gpxtpx:hr>98</gpxtpx:hr>
          </gpxtpx:TrackPointExtension>
        </extensions>
      </trkpt>
      <trkpt lat="28.23414359746046" lon="112.90198691815715">
        <ele>56.79951945412904</ele>
        <time>2026-09-15T22:33:10.500000Z</time>
        <extensions>
          <gpxtpx:TrackPointExtension>
            <gpxtpx:hr>98</gpxtpx:hr>
          </gpxtpx:TrackPointExtension>
        </extensions>
      </trkpt>
      <trkpt lat="28.234142552799078" lon="112.90200101347853">
        <ele>56.84639363177121</ele>
        <time>2026-09-15T22:33:11.500000Z</time>
        <extensions>
          <gpxtpx:TrackPointExtension>
            <gpxtpx:hr>98</gpxtpx:hr>
          </gpxtpx:TrackPointExtension>
        </extensions>
      </trkpt>
      <trkpt lat="28.234144095019754" lon="112.90201522888444">
        <ele>56.8969732504338</ele>
        <time>2026-09-15T22:33:12.500000Z</time>
        <extensions>
          <gpxtpx:TrackPointExtension>
            <gpxtpx:hr>100</gpxtpx:hr>
          </gpxtpx:TrackPointExtension>
        </extensions>
      </trkpt>
      <trkpt lat="28.234147304738833" lon="112.90202863427042">
        <ele>56.95127004850656</ele>
        <time>2026-09-15T22:33:13.500000Z</time>
        <extensions>
          <gpxtpx:TrackPointExtension>
            <gpxtpx:hr>100</gpxtpx:hr>
          </gpxtpx:TrackPointExtension>
        </extensions>
      </trkpt>
      <trkpt lat="28.234151037942556" lon="112.9020401599913">
        <ele>57.00953248888254</ele>
        <time>2026-09-15T22:33:14.500000Z</time>
        <extensions>
          <gpxtpx:TrackPointExtension>
            <gpxtpx:hr>100</gpxtpx:hr>
          </gpxtpx:TrackPointExtension>
        </extensions>
      </trkpt>
      <trkpt lat="28.234155309039373" lon="112.90204845852803">
        <ele>57.0702403569594</ele>
        <time>2026-09-15T22:33:15.500000Z</time>
        <extensions>
          <gpxtpx:TrackPointExtension>
            <gpxtpx:hr>100</gpxtpx:hr>
          </gpxtpx:TrackPointExtension>
        </extensions>
      </trkpt>
      <trkpt lat="28.23415972128404" lon="112.90205401959756">
        <ele>57.13317839894444</ele>
        <time>2026-09-15T22:33:16.500000Z</time>
        <extensions>
          <gpxtpx:TrackPointExtension>
            <gpxtpx:hr>100</gpxtpx:hr>
          </gpxtpx:TrackPointExtension>
        </extensions>
      </trkpt>
      <trkpt lat="28.234163846209544" lon="112.90205874449785">
        <ele>57.19794904347509</ele>
        <time>2026-09-15T22:33:17.500000Z</time>
        <extensions>
          <gpxtpx:TrackPointExtension>
            <gpxtpx:hr>100</gpxtpx:hr>
          </gpxtpx:TrackPointExtension>
        </extensions>
      </trkpt>
      <trkpt lat="28.234167340874798" lon="112.90206422185555">
        <ele>57.263846025802195</ele>
        <time>2026-09-15T22:33:18.500000Z</time>
        <extensions>
          <gpxtpx:TrackPointExtension>
            <gpxtpx:hr>100</gpxtpx:hr>
          </gpxtpx:TrackPointExtension>
        </extensions>
      </trkpt>
      <trkpt lat="28.234170139702105" lon="112.90207059321523">
        <ele>57.331341775134206</ele>
        <time>2026-09-15T22:33:19.500000Z</time>
        <extensions>
          <gpxtpx:TrackPointExtension>
            <gpxtpx:hr>100</gpxtpx:hr>
          </gpxtpx:TrackPointExtension>
        </extensions>
      </trkpt>
      <trkpt lat="28.234172781446723" lon="112.90207637921408">
        <ele>57.400662020780146</ele>
        <time>2026-09-15T22:33:20.500000Z</time>
        <extensions>
          <gpxtpx:TrackPointExtension>
            <gpxtpx:hr>100</gpxtpx:hr>
          </gpxtpx:TrackPointExtension>
        </extensions>
      </trkpt>
      <trkpt lat="28.23417530923728" lon="112.90208050984518">
        <ele>57.472159560769796</ele>
        <time>2026-09-15T22:33:21.500000Z</time>
        <extensions>
          <gpxtpx:TrackPointExtension>
            <gpxtpx:hr>100</gpxtpx:hr>
          </gpxtpx:TrackPointExtension>
        </extensions>
      </trkpt>
      <trkpt lat="28.23417767415589" lon="112.90208270082333">
        <ele>57.545489590615034</ele>
        <time>2026-09-15T22:33:22.500000Z</time>
        <extensions>
          <gpxtpx:TrackPointExtension>
            <gpxtpx:hr>100</gpxtpx:hr>
          </gpxtpx:TrackPointExtension>
        </extensions>
      </trkpt>
      <trkpt lat="28.23417972181753" lon="112.90208336996835">
        <ele>57.61974992789328</ele>
        <time>2026-09-15T22:33:23.500000Z</time>
        <extensions>
          <gpxtpx:TrackPointExtension>
            <gpxtpx:hr>100</gpxtpx:hr>
          </gpxtpx:TrackPointExtension>
        </extensions>
      </trkpt>
      <trkpt lat="28.23418144390428" lon="112.90208305957026">
        <ele>57.69402151647955</ele>
        <time>2026-09-15T22:33:24.500000Z</time>
        <extensions>
          <gpxtpx:TrackPointExtension>
            <gpxtpx:hr>100</gpxtpx:hr>
          </gpxtpx:TrackPointExtension>
        </extensions>
      </trkpt>
      <trkpt lat="28.234182880281026" lon="112.9020821387608">
        <ele>57.76855073682964</ele>
        <time>2026-09-15T22:33:25.500000Z</time>
        <extensions>
          <gpxtpx:TrackPointExtension>
            <gpxtpx:hr>100</gpxtpx:hr>
          </gpxtpx:TrackPointExtension>
        </extensions>
      </trkpt>
      <trkpt lat="28.23418409347038" lon="112.90208086088103">
        <ele>57.84348656516522</ele>
        <time>2026-09-15T22:33:26.400000Z</time>
        <extensions>
          <gpxtpx:TrackPointExtension>
            <gpxtpx:hr>100</gpxtpx:hr>
          </gpxtpx:TrackPointExtension>
        </extensions>
      </trkpt>
      <trkpt lat="28.234185180078864" lon="112.90207939149447">
        <ele>57.91888586059213</ele>
        <time>2026-09-15T22:33:27.400000Z</time>
        <extensions>
          <gpxtpx:TrackPointExtension>
            <gpxtpx:hr>100</gpxtpx:hr>
          </gpxtpx:TrackPointExtension>
        </extensions>
      </trkpt>
      <trkpt lat="28.23418616213039" lon="112.90207786117656">
        <ele>57.99503751564771</ele>
        <time>2026-09-15T22:33:28.400000Z</time>
        <extensions>
          <gpxtpx:TrackPointExtension>
            <gpxtpx:hr>100</gpxtpx:hr>
          </gpxtpx:TrackPointExtension>
        </extensions>
      </trkpt>
      <trkpt lat="28.234187042932888" lon="112.90207637222957">
        <ele>58.071910766884685</ele>
        <time>2026-09-15T22:33:29.400000Z</time>
        <extensions>
          <gpxtpx:TrackPointExtension>
            <gpxtpx:hr>100</gpxtpx:hr>
          </gpxtpx:TrackPointExtension>
        </extensions>
      </trkpt>
      <trkpt lat="28.234187870841424" lon="112.902074994986">
        <ele>58.149619051255286</ele>
        <time>2026-09-15T22:33:30.400000Z</time>
        <extensions>
          <gpxtpx:TrackPointExtension>
            <gpxtpx:hr>100</gpxtpx:hr>
          </gpxtpx:TrackPointExtension>
        </extensions>
      </trkpt>
      <trkpt lat="28.234188684946766" lon="112.9020737977874">
        <ele>58.22877929918468</ele>
        <time>2026-09-15T22:33:31.400000Z</time>
        <extensions>
          <gpxtpx:TrackPointExtension>
            <gpxtpx:hr>100</gpxtpx:hr>
          </gpxtpx:TrackPointExtension>
        </extensions>
      </trkpt>
      <trkpt lat="28.234189529210077" lon="112.90207284787229">
        <ele>58.3091435264796</ele>
        <time>2026-09-15T22:33:32.400000Z</time>
        <extensions>
          <gpxtpx:TrackPointExtension>
            <gpxtpx:hr>100</gpxtpx:hr>
          </gpxtpx:TrackPointExtension>
        </extensions>
      </trkpt>
      <trkpt lat="28.234190469044602" lon="112.90207221693292">
        <ele>58.39051068108529</ele>
        <time>2026-09-15T22:33:33.400000Z</time>
        <extensions>
          <gpxtpx:TrackPointExtension>
            <gpxtpx:hr>100</gpxtpx:hr>
          </gpxtpx:TrackPointExtension>
        </extensions>
      </trkpt>
      <trkpt lat="28.234191614034508" lon="112.90207199929229">
        <ele>58.47244455385953</ele>
        <time>2026-09-15T22:33:34.400000Z</time>
        <extensions>
          <gpxtpx:TrackPointExtension>
            <gpxtpx:hr>100</gpxtpx:hr>
          </gpxtpx:TrackPointExtension>
        </extensions>
      </trkpt>
      <trkpt lat="28.234193135302423" lon="112.90207234526373">
        <ele>58.55515985097736</ele>
        <time>2026-09-15T22:33:35.400000Z</time>
        <extensions>
          <gpxtpx:TrackPointExtension>
            <gpxtpx:hr>100</gpxtpx:hr>
          </gpxtpx:TrackPointExtension>
        </extensions>
      </trkpt>
      <trkpt lat="28.23419533751741" lon="112.90207352331005">
        <ele>58.63693211693317</ele>
        <time>2026-09-15T22:33:36.400000Z</time>
        <extensions>
          <gpxtpx:TrackPointExtension>
            <gpxtpx:hr>100</gpxtpx:hr>
          </gpxtpx:TrackPointExtension>
        </extensions>
      </trkpt>
      <trkpt lat="28.23419874959725" lon="112.90207600535793">
        <ele>58.717727669514716</ele>
        <time>2026-09-15T22:33:37.400000Z</time>
        <extensions>
          <gpxtpx:TrackPointExtension>
            <gpxtpx:hr>100</gpxtpx:hr>
          </gpxtpx:TrackPointExtension>
        </extensions>
      </trkpt>
      <trkpt lat="28.234203888520994" lon="112.90208036992185">
        <ele>58.795057457871735</ele>
        <time>2026-09-15T22:33:38.400000Z</time>
        <extensions>
          <gpxtpx:TrackPointExtension>
            <gpxtpx:hr>100</gpxtpx:hr>
          </gpxtpx:TrackPointExtension>
        </extensions>
      </trkpt>
      <trkpt lat="28.234210939700777" lon="112.9020871100284">
        <ele>58.86858136579394</ele>
        <time>2026-09-15T22:33:39.400000Z</time>
        <extensions>
          <gpxtpx:TrackPointExtension>
            <gpxtpx:hr>100</gpxtpx:hr>
          </gpxtpx:TrackPointExtension>
        </extensions>
      </trkpt>
      <trkpt lat="28.234219818107217" lon="112.90209767900699">
        <ele>58.9364476678893</ele>
        <time>2026-09-15T22:33:40.400000Z</time>
        <extensions>
          <gpxtpx:TrackPointExtension>
            <gpxtpx:hr>102</gpxtpx:hr>
          </gpxtpx:TrackPointExtension>
        </extensions>
      </trkpt>
      <trkpt lat="28.23423010252946" lon="112.90211342464515">
        <ele>58.99857842922211</ele>
        <time>2026-09-15T22:33:41.400000Z</time>
        <extensions>
          <gpxtpx:TrackPointExtension>
            <gpxtpx:hr>102</gpxtpx:hr>
          </gpxtpx:TrackPointExtension>
        </extensions>
      </trkpt>
      <trkpt lat="28.23424045722248" lon="112.90213379240411">
        <ele>59.05378508474678</ele>
        <time>2026-09-15T22:33:42.400000Z</time>
        <extensions>
          <gpxtpx:TrackPointExtension>
            <gpxtpx:hr>102</gpxtpx:hr>
          </gpxtpx:TrackPointExtension>
        </extensions>
      </trkpt>
      <trkpt lat="28.2342496826205" lon="112.90215739413887">
        <ele>59.10160551406443</ele>
        <time>2026-09-15T22:33:43.400000Z</time>
        <extensions>
          <gpxtpx:TrackPointExtension>
            <gpxtpx:hr>102</gpxtpx:hr>
          </gpxtpx:TrackPointExtension>
        </extensions>
      </trkpt>
      <trkpt lat="28.234257612521333" lon="112.90218281159012">
        <ele>59.141116299666464</ele>
        <time>2026-09-15T22:33:44.400000Z</time>
        <extensions>
          <gpxtpx:TrackPointExtension>
            <gpxtpx:hr>102</gpxtpx:hr>
          </gpxtpx:TrackPointExtension>
        </extensions>
      </trkpt>
      <trkpt lat="28.234264327014948" lon="112.902209173243">
        <ele>59.17214154265821</ele>
        <time>2026-09-15T22:33:45.400000Z</time>
        <extensions>
          <gpxtpx:TrackPointExtension>
            <gpxtpx:hr>102</gpxtpx:hr>
          </gpxtpx:TrackPointExtension>
        </extensions>
      </trkpt>
      <trkpt lat="28.23426994164018" lon="112.90223602332823">
        <ele>59.19443780556321</ele>
        <time>2026-09-15T22:33:46.400000Z</time>
        <extensions>
          <gpxtpx:TrackPointExtension>
            <gpxtpx:hr>102</gpxtpx:hr>
          </gpxtpx:TrackPointExtension>
        </extensions>
      </trkpt>
      <trkpt lat="28.23427444793379" lon="112.9022630100434">
        <ele>59.20857895165682</ele>
        <time>2026-09-15T22:33:47.400000Z</time>
        <extensions>
          <gpxtpx:TrackPointExtension>
            <gpxtpx:hr>103</gpxtpx:hr>
          </gpxtpx:TrackPointExtension>
        </extensions>
      </trkpt>
      <trkpt lat="28.234277913377415" lon="112.90228978080778">
        <ele>59.21503631863743</ele>
        <time>2026-09-15T22:33:48.400000Z</time>
        <extensions>
          <gpxtpx:TrackPointExtension>
            <gpxtpx:hr>103</gpxtpx:hr>
          </gpxtpx:TrackPointExtension>
        </extensions>
      </trkpt>
      <trkpt lat="28.23428045477015" lon="112.90231608529278">
        <ele>59.21431050635874</ele>
        <time>2026-09-15T22:33:49.400000Z</time>
        <extensions>
          <gpxtpx:TrackPointExtension>
            <gpxtpx:hr>103</gpxtpx:hr>
          </gpxtpx:TrackPointExtension>
        </extensions>
      </trkpt>
      <trkpt lat="28.234282046847497" lon="112.90234211437016">
        <ele>59.206626277416945</ele>
        <time>2026-09-15T22:33:50.400000Z</time>
        <extensions>
          <gpxtpx:TrackPointExtension>
            <gpxtpx:hr>103</gpxtpx:hr>
          </gpxtpx:TrackPointExtension>
        </extensions>
      </trkpt>
      <trkpt lat="28.234282578373715" lon="112.90236829816355">
        <ele>59.19217586796731</ele>
        <time>2026-09-15T22:33:51.400000Z</time>
        <extensions>
          <gpxtpx:TrackPointExtension>
            <gpxtpx:hr>103</gpxtpx:hr>
          </gpxtpx:TrackPointExtension>
        </extensions>
      </trkpt>
      <trkpt lat="28.234282179094272" lon="112.90239491290438">
        <ele>59.17140279151499</ele>
        <time>2026-09-15T22:33:52.400000Z</time>
        <extensions>
          <gpxtpx:TrackPointExtension>
            <gpxtpx:hr>103</gpxtpx:hr>
          </gpxtpx:TrackPointExtension>
        </extensions>
      </trkpt>
      <trkpt lat="28.23428156811863" lon="112.90242194504243">
        <ele>59.145091224461794</ele>
        <time>2026-09-15T22:33:53.400000Z</time>
        <extensions>
          <gpxtpx:TrackPointExtension>
            <gpxtpx:hr>103</gpxtpx:hr>
          </gpxtpx:TrackPointExtension>
        </extensions>
      </trkpt>
      <trkpt lat="28.234281933447505" lon="112.90244906346526">
        <ele>59.114330438897014</ele>
        <time>2026-09-15T22:33:54.400000Z</time>
        <extensions>
          <gpxtpx:TrackPointExtension>
            <gpxtpx:hr>100</gpxtpx:hr>
          </gpxtpx:TrackPointExtension>
        </extensions>
      </trkpt>
      <trkpt lat="28.234284247632893" lon="112.90247563688662">
        <ele>59.08012082800269</ele>
        <time>2026-09-15T22:33:55.400000Z</time>
        <extensions>
          <gpxtpx:TrackPointExtension>
            <gpxtpx:hr>100</gpxtpx:hr>
          </gpxtpx:TrackPointExtension>
        </extensions>
      </trkpt>
      <trkpt lat="28.234288879824184" lon="112.90250113177497">
        <ele>59.04321347363293</ele>
        <time>2026-09-15T22:33:56.400000Z</time>
        <extensions>
          <gpxtpx:TrackPointExtension>
            <gpxtpx:hr>100</gpxtpx:hr>
          </gpxtpx:TrackPointExtension>
        </extensions>
      </trkpt>
      <trkpt lat="28.234295308905683" lon="112.90252549387655">
        <ele>59.004346252419055</ele>
        <time>2026-09-15T22:33:57.400000Z</time>
        <extensions>
          <gpxtpx:TrackPointExtension>
            <gpxtpx:hr>100</gpxtpx:hr>
          </gpxtpx:TrackPointExtension>
        </extensions>
      </trkpt>
      <trkpt lat="28.234302453824473" lon="112.90254944604841">
        <ele>58.96423749439418</ele>
        <time>2026-09-15T22:33:58.400000Z</time>
        <extensions>
          <gpxtpx:TrackPointExtension>
            <gpxtpx:hr>100</gpxtpx:hr>
          </gpxtpx:TrackPointExtension>
        </extensions>
      </trkpt>
      <trkpt lat="28.234309283246144" lon="112.90257375124114">
        <ele>58.92362979333848</ele>
        <time>2026-09-15T22:33:59.400000Z</time>
        <extensions>
          <gpxtpx:TrackPointExtension>
            <gpxtpx:hr>100</gpxtpx:hr>
          </gpxtpx:TrackPointExtension>
        </extensions>
      </trkpt>
      <trkpt lat="28.234314972708976" lon="112.90259839346564">
        <ele>58.88314647972584</ele>
        <time>2026-09-15T22:34:00.400000Z</time>
        <extensions>
          <gpxtpx:TrackPointExtension>
            <gpxtpx:hr>101</gpxtpx:hr>
          </gpxtpx:TrackPointExtension>
        </extensions>
      </trkpt>
      <trkpt lat="28.23431922070027" lon="112.90262312049016">
        <ele>58.84335750248283</ele>
        <time>2026-09-15T22:34:01.400000Z</time>
        <extensions>
          <gpxtpx:TrackPointExtension>
            <gpxtpx:hr>101</gpxtpx:hr>
          </gpxtpx:TrackPointExtension>
        </extensions>
      </trkpt>
      <trkpt lat="28.234322087313743" lon="112.90264796447975">
        <ele>58.804750685580075</ele>
        <time>2026-09-15T22:34:02.400000Z</time>
        <extensions>
          <gpxtpx:TrackPointExtension>
            <gpxtpx:hr>101</gpxtpx:hr>
          </gpxtpx:TrackPointExtension>
        </extensions>
      </trkpt>
      <trkpt lat="28.234324118872085" lon="112.90267299005994">
        <ele>58.76763307116926</ele>
        <time>2026-09-15T22:34:03.400000Z</time>
        <extensions>
          <gpxtpx:TrackPointExtension>
            <gpxtpx:hr>101</gpxtpx:hr>
          </gpxtpx:TrackPointExtension>
        </extensions>
      </trkpt>
      <trkpt lat="28.23432604540785" lon="112.90269831795092">
        <ele>58.73197368532419</ele>
        <time>2026-09-15T22:34:04.400000Z</time>
        <extensions>
          <gpxtpx:TrackPointExtension>
            <gpxtpx:hr>100</gpxtpx:hr>
          </gpxtpx:TrackPointExtension>
        </extensions>
      </trkpt>
      <trkpt lat="28.234328358476382" lon="112.90272407504521">
        <ele>58.697472899220884</ele>
        <time>2026-09-15T22:34:05.400000Z</time>
        <extensions>
          <gpxtpx:TrackPointExtension>
            <gpxtpx:hr>100</gpxtpx:hr>
          </gpxtpx:TrackPointExtension>
        </extensions>
      </trkpt>
      <trkpt lat="28.234331030248573" lon="112.90275019990864">
        <ele>58.66375641338527</ele>
        <time>2026-09-15T22:34:06.400000Z</time>
        <extensions>
          <gpxtpx:TrackPointExtension>
            <gpxtpx:hr>100</gpxtpx:hr>
          </gpxtpx:TrackPointExtension>
        </extensions>
      </trkpt>
      <trkpt lat="28.234333628244453" lon="112.90277649962627">
        <ele>58.63062844518572</ele>
        <time>2026-09-15T22:34:07.400000Z</time>
        <extensions>
          <gpxtpx:TrackPointExtension>
            <gpxtpx:hr>100</gpxtpx:hr>
          </gpxtpx:TrackPointExtension>
        </extensions>
      </trkpt>
      <trkpt lat="28.234335682979246" lon="112.90280287054632">
        <ele>58.598096242174506</ele>
        <time>2026-09-15T22:34:08.400000Z</time>
        <extensions>
          <gpxtpx:TrackPointExtension>
            <gpxtpx:hr>100</gpxtpx:hr>
          </gpxtpx:TrackPointExtension>
        </extensions>
      </trkpt>
      <trkpt lat="28.234336867911352" lon="112.90282929475234">
        <ele>58.56640818156302</ele>
        <time>2026-09-15T22:34:09.400000Z</time>
        <extensions>
          <gpxtpx:TrackPointExtension>
            <gpxtpx:hr>97</gpxtpx:hr>
          </gpxtpx:TrackPointExtension>
        </extensions>
      </trkpt>
      <trkpt lat="28.234337099575125" lon="112.902855800375">
        <ele>58.53583827055991</ele>
        <time>2026-09-15T22:34:10.400000Z</time>
        <extensions>
          <gpxtpx:TrackPointExtension>
            <gpxtpx:hr>97</gpxtpx:hr>
          </gpxtpx:TrackPointExtension>
        </extensions>
      </trkpt>
      <trkpt lat="28.234336688055603" lon="112.90288230974696">
        <ele>58.506554960273206</ele>
        <time>2026-09-15T22:34:11.400000Z</time>
        <extensions>
          <gpxtpx:TrackPointExtension>
            <gpxtpx:hr>97</gpxtpx:hr>
          </gpxtpx:TrackPointExtension>
        </extensions>
      </trkpt>
      <trkpt lat="28.234336266622098" lon="112.90290858785279">
        <ele>58.47851424198598</ele>
        <time>2026-09-15T22:34:12.400000Z</time>
        <extensions>
          <gpxtpx:TrackPointExtension>
            <gpxtpx:hr>97</gpxtpx:hr>
          </gpxtpx:TrackPointExtension>
        </extensions>
      </trkpt>
      <trkpt lat="28.23433644329782" lon="112.90293449228749">
        <ele>58.451873923651874</ele>
        <time>2026-09-15T22:34:13.400000Z</time>
        <extensions>
          <gpxtpx:TrackPointExtension>
            <gpxtpx:hr>97</gpxtpx:hr>
          </gpxtpx:TrackPointExtension>
        </extensions>
      </trkpt>
      <trkpt lat="28.234337435349982" lon="112.90296008157819">
        <ele>58.42713456880301</ele>
        <time>2026-09-15T22:34:14.400000Z</time>
        <extensions>
          <gpxtpx:TrackPointExtension>
            <gpxtpx:hr>97</gpxtpx:hr>
          </gpxtpx:TrackPointExtension>
        </extensions>
      </trkpt>
      <trkpt lat="28.234339146505324" lon="112.90298547627128">
        <ele>58.405216068960726</ele>
        <time>2026-09-15T22:34:15.400000Z</time>
        <extensions>
          <gpxtpx:TrackPointExtension>
            <gpxtpx:hr>97</gpxtpx:hr>
          </gpxtpx:TrackPointExtension>
        </extensions>
      </trkpt>
      <trkpt lat="28.23434122173711" lon="112.90301072379448">
        <ele>58.38700074702501</ele>
        <time>2026-09-15T22:34:16.400000Z</time>
        <extensions>
          <gpxtpx:TrackPointExtension>
            <gpxtpx:hr>97</gpxtpx:hr>
          </gpxtpx:TrackPointExtension>
        </extensions>
      </trkpt>
      <trkpt lat="28.234343638676837" lon="112.90303584161711">
        <ele>58.3730700770393</ele>
        <time>2026-09-15T22:34:17.400000Z</time>
        <extensions>
          <gpxtpx:TrackPointExtension>
            <gpxtpx:hr>97</gpxtpx:hr>
          </gpxtpx:TrackPointExtension>
        </extensions>
      </trkpt>
      <trkpt lat="28.23434670439972" lon="112.90306085287428">
        <ele>58.363712527789176</ele>
        <time>2026-09-15T22:34:18.400000Z</time>
        <extensions>
          <gpxtpx:TrackPointExtension>
            <gpxtpx:hr>97</gpxtpx:hr>
          </gpxtpx:TrackPointExtension>
        </extensions>
      </trkpt>
      <trkpt lat="28.234350100106358" lon="112.90308573453098">
        <ele>58.35885806661099</ele>
        <time>2026-09-15T22:34:19.400000Z</time>
        <extensions>
          <gpxtpx:TrackPointExtension>
            <gpxtpx:hr>96</gpxtpx:hr>
          </gpxtpx:TrackPointExtension>
        </extensions>
      </trkpt>
      <trkpt lat="28.23435320759419" lon="112.903110662816">
        <ele>58.35819329787046</ele>
        <time>2026-09-15T22:34:20.400000Z</time>
        <extensions>
          <gpxtpx:TrackPointExtension>
            <gpxtpx:hr>96</gpxtpx:hr>
          </gpxtpx:TrackPointExtension>
        </extensions>
      </trkpt>
      <trkpt lat="28.234355641157226" lon="112.90313595111468">
        <ele>58.36101830471307</ele>
        <time>2026-09-15T22:34:21.300000Z</time>
        <extensions>
          <gpxtpx:TrackPointExtension>
            <gpxtpx:hr>96</gpxtpx:hr>
          </gpxtpx:TrackPointExtension>
        </extensions>
      </trkpt>
      <trkpt lat="28.234357322567522" lon="112.9031615595428">
        <ele>58.366273797117174</ele>
        <time>2026-09-15T22:34:22.300000Z</time>
        <extensions>
          <gpxtpx:TrackPointExtension>
            <gpxtpx:hr>96</gpxtpx:hr>
          </gpxtpx:TrackPointExtension>
        </extensions>
      </trkpt>
      <trkpt lat="28.234358289590475" lon="112.90318727657957">
        <ele>58.37274551670998</ele>
        <time>2026-09-15T22:34:23.300000Z</time>
        <extensions>
          <gpxtpx:TrackPointExtension>
            <gpxtpx:hr>96</gpxtpx:hr>
          </gpxtpx:TrackPointExtension>
        </extensions>
      </trkpt>
      <trkpt lat="28.23435863992696" lon="112.9032133038889">
        <ele>58.3794391611591</ele>
        <time>2026-09-15T22:34:24.300000Z</time>
        <extensions>
          <gpxtpx:TrackPointExtension>
            <gpxtpx:hr>96</gpxtpx:hr>
          </gpxtpx:TrackPointExtension>
        </extensions>
      </trkpt>
      <trkpt lat="28.23435835429835" lon="112.90323996966175">
        <ele>58.38537226896733</ele>
        <time>2026-09-15T22:34:25.300000Z</time>
        <extensions>
          <gpxtpx:TrackPointExtension>
            <gpxtpx:hr>96</gpxtpx:hr>
          </gpxtpx:TrackPointExtension>
        </extensions>
      </trkpt>
      <trkpt lat="28.234357400171614" lon="112.90326701881956">
        <ele>58.38996909279376</ele>
        <time>2026-09-15T22:34:26.300000Z</time>
        <extensions>
          <gpxtpx:TrackPointExtension>
            <gpxtpx:hr>96</gpxtpx:hr>
          </gpxtpx:TrackPointExtension>
        </extensions>
      </trkpt>
      <trkpt lat="28.2343559229653" lon="112.90329398842715">
        <ele>58.39310410246253</ele>
        <time>2026-09-15T22:34:27.300000Z</time>
        <extensions>
          <gpxtpx:TrackPointExtension>
            <gpxtpx:hr>96</gpxtpx:hr>
          </gpxtpx:TrackPointExtension>
        </extensions>
      </trkpt>
      <trkpt lat="28.23435453562029" lon="112.90332066473832">
        <ele>58.39519016444683</ele>
        <time>2026-09-15T22:34:28.300000Z</time>
        <extensions>
          <gpxtpx:TrackPointExtension>
            <gpxtpx:hr>95</gpxtpx:hr>
          </gpxtpx:TrackPointExtension>
        </extensions>
      </trkpt>
      <trkpt lat="28.234353792242768" lon="112.90334721465493">
        <ele>58.39746026229113</ele>
        <time>2026-09-15T22:34:29.300000Z</time>
        <extensions>
          <gpxtpx:TrackPointExtension>
            <gpxtpx:hr>95</gpxtpx:hr>
          </gpxtpx:TrackPointExtension>
        </extensions>
      </trkpt>
      <trkpt lat="28.23435378429632" lon="112.90337398631347">
        <ele>58.40160794835538</ele>
        <time>2026-09-15T22:34:30.300000Z</time>
        <extensions>
          <gpxtpx:TrackPointExtension>
            <gpxtpx:hr>95</gpxtpx:hr>
          </gpxtpx:TrackPointExtension>
        </extensions>
      </trkpt>
      <trkpt lat="28.234354686736328" lon="112.90340121713774">
        <ele>58.409512808546424</ele>
        <time>2026-09-15T22:34:31.300000Z</time>
        <extensions>
          <gpxtpx:TrackPointExtension>
            <gpxtpx:hr>95</gpxtpx:hr>
          </gpxtpx:TrackPointExtension>
        </extensions>
      </trkpt>
      <trkpt lat="28.234356377421836" lon="112.90342862338773">
        <ele>58.42249331064522</ele>
        <time>2026-09-15T22:34:32.300000Z</time>
        <extensions>
          <gpxtpx:TrackPointExtension>
            <gpxtpx:hr>95</gpxtpx:hr>
          </gpxtpx:TrackPointExtension>
        </extensions>
      </trkpt>
      <trkpt lat="28.234358155234364" lon="112.90345546138542">
        <ele>58.441218515858054</ele>
        <time>2026-09-15T22:34:33.300000Z</time>
        <extensions>
          <gpxtpx:TrackPointExtension>
            <gpxtpx:hr>96</gpxtpx:hr>
          </gpxtpx:TrackPointExtension>
        </extensions>
      </trkpt>
      <trkpt lat="28.234359196365507" lon="112.90348138176206">
        <ele>58.46585492044687</ele>
        <time>2026-09-15T22:34:34.300000Z</time>
        <extensions>
          <gpxtpx:TrackPointExtension>
            <gpxtpx:hr>96</gpxtpx:hr>
          </gpxtpx:TrackPointExtension>
        </extensions>
      </trkpt>
      <trkpt lat="28.234359238180758" lon="112.90350667185291">
        <ele>58.496348621323705</ele>
        <time>2026-09-15T22:34:35.300000Z</time>
        <extensions>
          <gpxtpx:TrackPointExtension>
            <gpxtpx:hr>96</gpxtpx:hr>
          </gpxtpx:TrackPointExtension>
        </extensions>
      </trkpt>
      <trkpt lat="28.23435853158876" lon="112.90353192035754">
        <ele>58.53247015736997</ele>
        <time>2026-09-15T22:34:36.300000Z</time>
        <extensions>
          <gpxtpx:TrackPointExtension>
            <gpxtpx:hr>96</gpxtpx:hr>
          </gpxtpx:TrackPointExtension>
        </extensions>
      </trkpt>
      <trkpt lat="28.23435768265201" lon="112.90355755608252">
        <ele>58.57384650781751</ele>
        <time>2026-09-15T22:34:37.300000Z</time>
        <extensions>
          <gpxtpx:TrackPointExtension>
            <gpxtpx:hr>98</gpxtpx:hr>
          </gpxtpx:TrackPointExtension>
        </extensions>
      </trkpt>
      <trkpt lat="28.234356779406532" lon="112.90358359302641">
        <ele>58.619958334602416</ele>
        <time>2026-09-15T22:34:38.300000Z</time>
        <extensions>
          <gpxtpx:TrackPointExtension>
            <gpxtpx:hr>98</gpxtpx:hr>
          </gpxtpx:TrackPointExtension>
        </extensions>
      </trkpt>
      <trkpt lat="28.234355507921872" lon="112.90360978975949">
        <ele>58.66995199304074</ele>
        <time>2026-09-15T22:34:39.300000Z</time>
        <extensions>
          <gpxtpx:TrackPointExtension>
            <gpxtpx:hr>98</gpxtpx:hr>
          </gpxtpx:TrackPointExtension>
        </extensions>
      </trkpt>
      <trkpt lat="28.234353824283914" lon="112.9036360338374">
        <ele>58.72285903804004</ele>
        <time>2026-09-15T22:34:40.300000Z</time>
        <extensions>
          <gpxtpx:TrackPointExtension>
            <gpxtpx:hr>98</gpxtpx:hr>
          </gpxtpx:TrackPointExtension>
        </extensions>
      </trkpt>
      <trkpt lat="28.234351632802124" lon="112.90366220575633">
        <ele>58.77783454488963</ele>
        <time>2026-09-15T22:34:41.300000Z</time>
        <extensions>
          <gpxtpx:TrackPointExtension>
            <gpxtpx:hr>98</gpxtpx:hr>
          </gpxtpx:TrackPointExtension>
        </extensions>
      </trkpt>
      <trkpt lat="28.234348927950503" lon="112.90368828783281">
        <ele>58.834576955996454</ele>
        <time>2026-09-15T22:34:42.300000Z</time>
        <extensions>
          <gpxtpx:TrackPointExtension>
            <gpxtpx:hr>94</gpxtpx:hr>
          </gpxtpx:TrackPointExtension>
        </extensions>
      </trkpt>
      <trkpt lat="28.234346034605004" lon="112.90371453143085">
        <ele>58.89333617966622</ele>
        <time>2026-09-15T22:34:43.300000Z</time>
        <extensions>
          <gpxtpx:TrackPointExtension>
            <gpxtpx:hr>94</gpxtpx:hr>
          </gpxtpx:TrackPointExtension>
        </extensions>
      </trkpt>
      <trkpt lat="28.234343156210112" lon="112.90374115895524">
        <ele>58.95478829741478</ele>
        <time>2026-09-15T22:34:44.300000Z</time>
        <extensions>
          <gpxtpx:TrackPointExtension>
            <gpxtpx:hr>94</gpxtpx:hr>
          </gpxtpx:TrackPointExtension>
        </extensions>
      </trkpt>
      <trkpt lat="28.234340267229694" lon="112.90376820350981">
        <ele>59.019676563329995</ele>
        <time>2026-09-15T22:34:45.300000Z</time>
        <extensions>
          <gpxtpx:TrackPointExtension>
            <gpxtpx:hr>94</gpxtpx:hr>
          </gpxtpx:TrackPointExtension>
        </extensions>
      </trkpt>
      <trkpt lat="28.234337583373314" lon="112.90379546827972">
        <ele>59.08857874572277</ele>
        <time>2026-09-15T22:34:46.300000Z</time>
        <extensions>
          <gpxtpx:TrackPointExtension>
            <gpxtpx:hr>94</gpxtpx:hr>
          </gpxtpx:TrackPointExtension>
        </extensions>
      </trkpt>
      <trkpt lat="28.23433521929285" lon="112.90382262782411">
        <ele>59.16182467807084</ele>
        <time>2026-09-15T22:34:47.300000Z</time>
        <extensions>
          <gpxtpx:TrackPointExtension>
            <gpxtpx:hr>96</gpxtpx:hr>
          </gpxtpx:TrackPointExtension>
        </extensions>
      </trkpt>
      <trkpt lat="28.234333269630614" lon="112.90384958106306">
        <ele>59.23980909306556</ele>
        <time>2026-09-15T22:34:48.300000Z</time>
        <extensions>
          <gpxtpx:TrackPointExtension>
            <gpxtpx:hr>96</gpxtpx:hr>
          </gpxtpx:TrackPointExtension>
        </extensions>
      </trkpt>
      <trkpt lat="28.23433178101671" lon="112.90387640043934">
        <ele>59.322579415515065</ele>
        <time>2026-09-15T22:34:49.300000Z</time>
        <extensions>
          <gpxtpx:TrackPointExtension>
            <gpxtpx:hr>96</gpxtpx:hr>
          </gpxtpx:TrackPointExtension>
        </extensions>
      </trkpt>
      <trkpt lat="28.234330743834523" lon="112.90390313120766">
        <ele>59.41013087704778</ele>
        <time>2026-09-15T22:34:50.300000Z</time>
        <extensions>
          <gpxtpx:TrackPointExtension>
            <gpxtpx:hr>96</gpxtpx:hr>
          </gpxtpx:TrackPointExtension>
        </extensions>
      </trkpt>
      <trkpt lat="28.234330202104584" lon="112.9039299823341">
        <ele>59.502148007042706</ele>
        <time>2026-09-15T22:34:51.300000Z</time>
        <extensions>
          <gpxtpx:TrackPointExtension>
            <gpxtpx:hr>96</gpxtpx:hr>
          </gpxtpx:TrackPointExtension>
        </extensions>
      </trkpt>
      <trkpt lat="28.234329770152556" lon="112.90395713629546">
        <ele>59.598299983888865</ele>
        <time>2026-09-15T22:34:52.300000Z</time>
        <extensions>
          <gpxtpx:TrackPointExtension>
            <gpxtpx:hr>96</gpxtpx:hr>
          </gpxtpx:TrackPointExtension>
        </extensions>
      </trkpt>
      <trkpt lat="28.23432920372368" lon="112.90398449368352">
        <ele>59.698187014088035</ele>
        <time>2026-09-15T22:34:53.300000Z</time>
        <extensions>
          <gpxtpx:TrackPointExtension>
            <gpxtpx:hr>96</gpxtpx:hr>
          </gpxtpx:TrackPointExtension>
        </extensions>
      </trkpt>
      <trkpt lat="28.23432878591321" lon="112.90401197665064">
        <ele>59.80172806046903</ele>
        <time>2026-09-15T22:34:54.300000Z</time>
        <extensions>
          <gpxtpx:TrackPointExtension>
            <gpxtpx:hr>107</gpxtpx:hr>
          </gpxtpx:TrackPointExtension>
        </extensions>
      </trkpt>
      <trkpt lat="28.234328671839016" lon="112.90403960029022">
        <ele>59.908802423626184</ele>
        <time>2026-09-15T22:34:55.300000Z</time>
        <extensions>
          <gpxtpx:TrackPointExtension>
            <gpxtpx:hr>107</gpxtpx:hr>
          </gpxtpx:TrackPointExtension>
        </extensions>
      </trkpt>
      <trkpt lat="28.2343284738895" lon="112.90406715125737">
        <ele>60.01935134921223</ele>
        <time>2026-09-15T22:34:56.300000Z</time>
        <extensions>
          <gpxtpx:TrackPointExtension>
            <gpxtpx:hr>107</gpxtpx:hr>
          </gpxtpx:TrackPointExtension>
        </extensions>
      </trkpt>
      <trkpt lat="28.234328569437235" lon="112.90409442311338">
        <ele>60.13319249916822</ele>
        <time>2026-09-15T22:34:57.300000Z</time>
        <extensions>
          <gpxtpx:TrackPointExtension>
            <gpxtpx:hr>107</gpxtpx:hr>
          </gpxtpx:TrackPointExtension>
        </extensions>
      </trkpt>
      <trkpt lat="28.23432954321127" lon="112.90412156583308">
        <ele>60.24998888093978</ele>
        <time>2026-09-15T22:34:58.300000Z</time>
        <extensions>
          <gpxtpx:TrackPointExtension>
            <gpxtpx:hr>107</gpxtpx:hr>
          </gpxtpx:TrackPointExtension>
        </extensions>
      </trkpt>
      <trkpt lat="28.234331096959732" lon="112.90414890958823">
        <ele>60.36918858811259</ele>
        <time>2026-09-15T22:34:59.300000Z</time>
        <extensions>
          <gpxtpx:TrackPointExtension>
            <gpxtpx:hr>107</gpxtpx:hr>
          </gpxtpx:TrackPointExtension>
        </extensions>
      </trkpt>
      <trkpt lat="28.234332820378295" lon="112.9041765531906">
        <ele>60.49061982985586</ele>
        <time>2026-09-15T22:35:00.300000Z</time>
        <extensions>
          <gpxtpx:TrackPointExtension>
            <gpxtpx:hr>107</gpxtpx:hr>
          </gpxtpx:TrackPointExtension>
        </extensions>
      </trkpt>
      <trkpt lat="28.23433442189355" lon="112.9042043520799">
        <ele>60.614193736575544</ele>
        <time>2026-09-15T22:35:01.300000Z</time>
        <extensions>
          <gpxtpx:TrackPointExtension>
            <gpxtpx:hr>107</gpxtpx:hr>
          </gpxtpx:TrackPointExtension>
        </extensions>
      </trkpt>
      <trkpt lat="28.234335849702813" lon="112.90423225599193">
        <ele>60.73991216160357</ele>
        <time>2026-09-15T22:35:02.300000Z</time>
        <extensions>
          <gpxtpx:TrackPointExtension>
            <gpxtpx:hr>107</gpxtpx:hr>
          </gpxtpx:TrackPointExtension>
        </extensions>
      </trkpt>
      <trkpt lat="28.23433698445427" lon="112.90426024303">
        <ele>60.86780400853604</ele>
        <time>2026-09-15T22:35:03.300000Z</time>
        <extensions>
          <gpxtpx:TrackPointExtension>
            <gpxtpx:hr>113</gpxtpx:hr>
          </gpxtpx:TrackPointExtension>
        </extensions>
      </trkpt>
      <trkpt lat="28.234337761141795" lon="112.9042881260448">
        <ele>60.99804677069187</ele>
        <time>2026-09-15T22:35:04.300000Z</time>
        <extensions>
          <gpxtpx:TrackPointExtension>
            <gpxtpx:hr>113</gpxtpx:hr>
          </gpxtpx:TrackPointExtension>
        </extensions>
      </trkpt>
      <trkpt lat="28.234338582054892" lon="112.90431583219302">
        <ele>61.130667546764016</ele>
        <time>2026-09-15T22:35:05.300000Z</time>
        <extensions>
          <gpxtpx:TrackPointExtension>
            <gpxtpx:hr>113</gpxtpx:hr>
          </gpxtpx:TrackPointExtension>
        </extensions>
      </trkpt>
      <trkpt lat="28.234339526120706" lon="112.90434335619105">
        <ele>61.26558335404843</ele>
        <time>2026-09-15T22:35:06.300000Z</time>
        <extensions>
          <gpxtpx:TrackPointExtension>
            <gpxtpx:hr>113</gpxtpx:hr>
          </gpxtpx:TrackPointExtension>
        </extensions>
      </trkpt>
      <trkpt lat="28.234340248147284" lon="112.90437075237286">
        <ele>61.40253805741668</ele>
        <time>2026-09-15T22:35:07.300000Z</time>
        <extensions>
          <gpxtpx:TrackPointExtension>
            <gpxtpx:hr>113</gpxtpx:hr>
          </gpxtpx:TrackPointExtension>
        </extensions>
      </trkpt>
      <trkpt lat="28.23434074738135" lon="112.90439817793124">
        <ele>61.54129643365741</ele>
        <time>2026-09-15T22:35:08.300000Z</time>
        <extensions>
          <gpxtpx:TrackPointExtension>
            <gpxtpx:hr>113</gpxtpx:hr>
          </gpxtpx:TrackPointExtension>
        </extensions>
      </trkpt>
      <trkpt lat="28.23434121652302" lon="112.90442565674184">
        <ele>61.681637924164534</ele>
        <time>2026-09-15T22:35:09.300000Z</time>
        <extensions>
          <gpxtpx:TrackPointExtension>
            <gpxtpx:hr>113</gpxtpx:hr>
          </gpxtpx:TrackPointExtension>
        </extensions>
      </trkpt>
      <trkpt lat="28.234342000963196" lon="112.90445310624403">
        <ele>61.82338823657483</ele>
        <time>2026-09-15T22:35:10.300000Z</time>
        <extensions>
          <gpxtpx:TrackPointExtension>
            <gpxtpx:hr>114</gpxtpx:hr>
          </gpxtpx:TrackPointExtension>
        </extensions>
      </trkpt>
      <trkpt lat="28.234343183261178" lon="112.90448061453502">
        <ele>61.96649536676705</ele>
        <time>2026-09-15T22:35:11.300000Z</time>
        <extensions>
          <gpxtpx:TrackPointExtension>
            <gpxtpx:hr>114</gpxtpx:hr>
          </gpxtpx:TrackPointExtension>
        </extensions>
      </trkpt>
      <trkpt lat="28.234344545303113" lon="112.90450830336788">
        <ele>62.110940942540765</ele>
        <time>2026-09-15T22:35:12.300000Z</time>
        <extensions>
          <gpxtpx:TrackPointExtension>
            <gpxtpx:hr>114</gpxtpx:hr>
          </gpxtpx:TrackPointExtension>
        </extensions>
      </trkpt>
      <trkpt lat="28.234346014552187" lon="112.90453609508404">
        <ele>62.25653287395835</ele>
        <time>2026-09-15T22:35:13.300000Z</time>
        <extensions>
          <gpxtpx:TrackPointExtension>
            <gpxtpx:hr>114</gpxtpx:hr>
          </gpxtpx:TrackPointExtension>
        </extensions>
      </trkpt>
      <trkpt lat="28.23434767422667" lon="112.90456386853865">
        <ele>62.40340628661215</ele>
        <time>2026-09-15T22:35:14.300000Z</time>
        <extensions>
          <gpxtpx:TrackPointExtension>
            <gpxtpx:hr>118</gpxtpx:hr>
          </gpxtpx:TrackPointExtension>
        </extensions>
      </trkpt>
      <trkpt lat="28.23434963336489" lon="112.90459148186972">
        <ele>62.55202104523778</ele>
        <time>2026-09-15T22:35:15.200000Z</time>
        <extensions>
          <gpxtpx:TrackPointExtension>
            <gpxtpx:hr>118</gpxtpx:hr>
          </gpxtpx:TrackPointExtension>
        </extensions>
      </trkpt>
      <trkpt lat="28.23435195046059" lon="112.90461893922969">
        <ele>62.70271102897823</ele>
        <time>2026-09-15T22:35:16.200000Z</time>
        <extensions>
          <gpxtpx:TrackPointExtension>
            <gpxtpx:hr>118</gpxtpx:hr>
          </gpxtpx:TrackPointExtension>
        </extensions>
      </trkpt>
      <trkpt lat="28.234354447763135" lon="112.90464644709245">
        <ele>62.85511066019535</ele>
        <time>2026-09-15T22:35:17.200000Z</time>
        <extensions>
          <gpxtpx:TrackPointExtension>
            <gpxtpx:hr>118</gpxtpx:hr>
          </gpxtpx:TrackPointExtension>
        </extensions>
      </trkpt>
      <trkpt lat="28.234357081452373" lon="112.90467394791074">
        <ele>63.008118002675474</ele>
        <time>2026-09-15T22:35:18.200000Z</time>
        <extensions>
          <gpxtpx:TrackPointExtension>
            <gpxtpx:hr>118</gpxtpx:hr>
          </gpxtpx:TrackPointExtension>
        </extensions>
      </trkpt>
      <trkpt lat="28.234359740166536" lon="112.904701253107">
        <ele>63.160279888659716</ele>
        <time>2026-09-15T22:35:19.200000Z</time>
        <extensions>
          <gpxtpx:TrackPointExtension>
            <gpxtpx:hr>117</gpxtpx:hr>
          </gpxtpx:TrackPointExtension>
        </extensions>
      </trkpt>
      <trkpt lat="28.234361988777387" lon="112.90472836848862">
        <ele>63.310109155252576</ele>
        <time>2026-09-15T22:35:20.200000Z</time>
        <extensions>
          <gpxtpx:TrackPointExtension>
            <gpxtpx:hr>117</gpxtpx:hr>
          </gpxtpx:TrackPointExtension>
        </extensions>
      </trkpt>
      <trkpt lat="28.234363544001788" lon="112.90475551005699">
        <ele>63.45647100079805</ele>
        <time>2026-09-15T22:35:21.200000Z</time>
        <extensions>
          <gpxtpx:TrackPointExtension>
            <gpxtpx:hr>117</gpxtpx:hr>
          </gpxtpx:TrackPointExtension>
        </extensions>
      </trkpt>
      <trkpt lat="28.234364467257777" lon="112.90478271821229">
        <ele>63.598137880675495</ele>
        <time>2026-09-15T22:35:22.200000Z</time>
        <extensions>
          <gpxtpx:TrackPointExtension>
            <gpxtpx:hr>117</gpxtpx:hr>
          </gpxtpx:TrackPointExtension>
        </extensions>
      </trkpt>
      <trkpt lat="28.234364954473893" lon="112.90480990060404">
        <ele>63.73404556885362</ele>
        <time>2026-09-15T22:35:23.200000Z</time>
        <extensions>
          <gpxtpx:TrackPointExtension>
            <gpxtpx:hr>119</gpxtpx:hr>
          </gpxtpx:TrackPointExtension>
        </extensions>
      </trkpt>
      <trkpt lat="28.23436502001508" lon="112.9048369643381">
        <ele>63.8628188315779</ele>
        <time>2026-09-15T22:35:24.200000Z</time>
        <extensions>
          <gpxtpx:TrackPointExtension>
            <gpxtpx:hr>119</gpxtpx:hr>
          </gpxtpx:TrackPointExtension>
        </extensions>
      </trkpt>
      <trkpt lat="28.234364490750337" lon="112.90486368172606">
        <ele>63.983566033653915</ele>
        <time>2026-09-15T22:35:25.200000Z</time>
        <extensions>
          <gpxtpx:TrackPointExtension>
            <gpxtpx:hr>119</gpxtpx:hr>
          </gpxtpx:TrackPointExtension>
        </extensions>
      </trkpt>
      <trkpt lat="28.23436314846956" lon="112.90488995760467">
        <ele>64.09528096113354</ele>
        <time>2026-09-15T22:35:26.200000Z</time>
        <extensions>
          <gpxtpx:TrackPointExtension>
            <gpxtpx:hr>119</gpxtpx:hr>
          </gpxtpx:TrackPointExtension>
        </extensions>
      </trkpt>
      <trkpt lat="28.234361004948482" lon="112.90491578696518">
        <ele>64.19736020918936</ele>
        <time>2026-09-15T22:35:27.200000Z</time>
        <extensions>
          <gpxtpx:TrackPointExtension>
            <gpxtpx:hr>123</gpxtpx:hr>
          </gpxtpx:TrackPointExtension>
        </extensions>
      </trkpt>
      <trkpt lat="28.234358394863214" lon="112.90494134406795">
        <ele>64.28963938727975</ele>
        <time>2026-09-15T22:35:28.200000Z</time>
        <extensions>
          <gpxtpx:TrackPointExtension>
            <gpxtpx:hr>123</gpxtpx:hr>
          </gpxtpx:TrackPointExtension>
        </extensions>
      </trkpt>
      <trkpt lat="28.23435566379999" lon="112.9049669911837">
        <ele>64.37244569230825</ele>
        <time>2026-09-15T22:35:29.200000Z</time>
        <extensions>
          <gpxtpx:TrackPointExtension>
            <gpxtpx:hr>123</gpxtpx:hr>
          </gpxtpx:TrackPointExtension>
        </extensions>
      </trkpt>
      <trkpt lat="28.234352783837227" lon="112.90499284000558">
        <ele>64.44684630818665</ele>
        <time>2026-09-15T22:35:30.200000Z</time>
        <extensions>
          <gpxtpx:TrackPointExtension>
            <gpxtpx:hr>123</gpxtpx:hr>
          </gpxtpx:TrackPointExtension>
        </extensions>
      </trkpt>
      <trkpt lat="28.234349455389278" lon="112.90501870042408">
        <ele>64.51466605905443</ele>
        <time>2026-09-15T22:35:31.200000Z</time>
        <extensions>
          <gpxtpx:TrackPointExtension>
            <gpxtpx:hr>123</gpxtpx:hr>
          </gpxtpx:TrackPointExtension>
        </extensions>
      </trkpt>
      <trkpt lat="28.234345548258542" lon="112.9050441955245">
        <ele>64.5780831752345</ele>
        <time>2026-09-15T22:35:32.200000Z</time>
        <extensions>
          <gpxtpx:TrackPointExtension>
            <gpxtpx:hr>123</gpxtpx:hr>
          </gpxtpx:TrackPointExtension>
        </extensions>
      </trkpt>
      <trkpt lat="28.2343412036169" lon="112.90506909435967">
        <ele>64.63885192666203</ele>
        <time>2026-09-15T22:35:33.200000Z</time>
        <extensions>
          <gpxtpx:TrackPointExtension>
            <gpxtpx:hr>130</gpxtpx:hr>
          </gpxtpx:TrackPointExtension>
        </extensions>
      </trkpt>
      <trkpt lat="28.234336475797672" lon="112.90509353233683">
        <ele>64.69855087995529</ele>
        <time>2026-09-15T22:35:34.200000Z</time>
        <extensions>
          <gpxtpx:TrackPointExtension>
            <gpxtpx:hr>130</gpxtpx:hr>
          </gpxtpx:TrackPointExtension>
        </extensions>
      </trkpt>
      <trkpt lat="28.234331384788245" lon="112.90511774638321">
        <ele>64.75848741643131</ele>
        <time>2026-09-15T22:35:35.200000Z</time>
        <extensions>
          <gpxtpx:TrackPointExtension>
            <gpxtpx:hr>130</gpxtpx:hr>
          </gpxtpx:TrackPointExtension>
        </extensions>
      </trkpt>
      <trkpt lat="28.23432607439335" lon="112.90514193840536">
        <ele>64.81984625011683</ele>
        <time>2026-09-15T22:35:36.200000Z</time>
        <extensions>
          <gpxtpx:TrackPointExtension>
            <gpxtpx:hr>130</gpxtpx:hr>
          </gpxtpx:TrackPointExtension>
        </extensions>
      </trkpt>
      <trkpt lat="28.234320501927137" lon="112.90516642078651">
        <ele>64.88405358418822</ele>
        <time>2026-09-15T22:35:37.200000Z</time>
        <extensions>
          <gpxtpx:TrackPointExtension>
            <gpxtpx:hr>130</gpxtpx:hr>
          </gpxtpx:TrackPointExtension>
        </extensions>
      </trkpt>
      <trkpt lat="28.23431476203122" lon="112.9051915329086">
        <ele>64.95278523024172</ele>
        <time>2026-09-15T22:35:38.200000Z</time>
        <extensions>
          <gpxtpx:TrackPointExtension>
            <gpxtpx:hr>130</gpxtpx:hr>
          </gpxtpx:TrackPointExtension>
        </extensions>
      </trkpt>
      <trkpt lat="28.234308997647116" lon="112.90521721506286">
        <ele>65.02606766764075</ele>
        <time>2026-09-15T22:35:39.200000Z</time>
        <extensions>
          <gpxtpx:TrackPointExtension>
            <gpxtpx:hr>130</gpxtpx:hr>
          </gpxtpx:TrackPointExtension>
        </extensions>
      </trkpt>
      <trkpt lat="28.234303230446116" lon="112.9052431138989">
        <ele>65.1044162940234</ele>
        <time>2026-09-15T22:35:40.200000Z</time>
        <extensions>
          <gpxtpx:TrackPointExtension>
            <gpxtpx:hr>137</gpxtpx:hr>
          </gpxtpx:TrackPointExtension>
        </extensions>
      </trkpt>
      <trkpt lat="28.234297433261283" lon="112.90526896321421">
        <ele>65.18794948607683</ele>
        <time>2026-09-15T22:35:41.200000Z</time>
        <extensions>
          <gpxtpx:TrackPointExtension>
            <gpxtpx:hr>137</gpxtpx:hr>
          </gpxtpx:TrackPointExtension>
        </extensions>
      </trkpt>
      <trkpt lat="28.234291978489253" lon="112.90529469712315">
        <ele>65.2769415685907</ele>
        <time>2026-09-15T22:35:42.200000Z</time>
        <extensions>
          <gpxtpx:TrackPointExtension>
            <gpxtpx:hr>137</gpxtpx:hr>
          </gpxtpx:TrackPointExtension>
        </extensions>
      </trkpt>
      <trkpt lat="28.23428757208829" lon="112.90532026443948">
        <ele>65.37110893987119</ele>
        <time>2026-09-15T22:35:43.200000Z</time>
        <extensions>
          <gpxtpx:TrackPointExtension>
            <gpxtpx:hr>137</gpxtpx:hr>
          </gpxtpx:TrackPointExtension>
        </extensions>
      </trkpt>
      <trkpt lat="28.23428470961853" lon="112.90534562345364">
        <ele>65.47008910961449</ele>
        <time>2026-09-15T22:35:44.200000Z</time>
        <extensions>
          <gpxtpx:TrackPointExtension>
            <gpxtpx:hr>137</gpxtpx:hr>
          </gpxtpx:TrackPointExtension>
        </extensions>
      </trkpt>
      <trkpt lat="28.234283376668664" lon="112.90537086374988">
        <ele>65.57353196572512</ele>
        <time>2026-09-15T22:35:45.200000Z</time>
        <extensions>
          <gpxtpx:TrackPointExtension>
            <gpxtpx:hr>137</gpxtpx:hr>
          </gpxtpx:TrackPointExtension>
        </extensions>
      </trkpt>
      <trkpt lat="28.234282564357844" lon="112.90539608546324">
        <ele>65.6799314506352</ele>
        <time>2026-09-15T22:35:46.200000Z</time>
        <extensions>
          <gpxtpx:TrackPointExtension>
            <gpxtpx:hr>137</gpxtpx:hr>
          </gpxtpx:TrackPointExtension>
        </extensions>
      </trkpt>
      <trkpt lat="28.234280988074058" lon="112.90542122958394">
        <ele>65.78933989442885</ele>
        <time>2026-09-15T22:35:47.200000Z</time>
        <extensions>
          <gpxtpx:TrackPointExtension>
            <gpxtpx:hr>137</gpxtpx:hr>
          </gpxtpx:TrackPointExtension>
        </extensions>
      </trkpt>
      <trkpt lat="28.234278478132467" lon="112.90544636758811">
        <ele>65.90020607598126</ele>
        <time>2026-09-15T22:35:48.200000Z</time>
        <extensions>
          <gpxtpx:TrackPointExtension>
            <gpxtpx:hr>137</gpxtpx:hr>
          </gpxtpx:TrackPointExtension>
        </extensions>
      </trkpt>
      <trkpt lat="28.234276362356454" lon="112.90547157237145">
        <ele>66.01182540040463</ele>
        <time>2026-09-15T22:35:49.200000Z</time>
        <extensions>
          <gpxtpx:TrackPointExtension>
            <gpxtpx:hr>128</gpxtpx:hr>
          </gpxtpx:TrackPointExtension>
        </extensions>
      </trkpt>
      <trkpt lat="28.234275891749803" lon="112.90549673637227">
        <ele>66.12325423303992</ele>
        <time>2026-09-15T22:35:50.200000Z</time>
        <extensions>
          <gpxtpx:TrackPointExtension>
            <gpxtpx:hr>128</gpxtpx:hr>
          </gpxtpx:TrackPointExtension>
        </extensions>
      </trkpt>
      <trkpt lat="28.234276930352145" lon="112.90552177909598">
        <ele>66.2334540951997</ele>
        <time>2026-09-15T22:35:51.200000Z</time>
        <extensions>
          <gpxtpx:TrackPointExtension>
            <gpxtpx:hr>128</gpxtpx:hr>
          </gpxtpx:TrackPointExtension>
        </extensions>
      </trkpt>
      <trkpt lat="28.234278531012674" lon="112.90554678510077">
        <ele>66.3419939763844</ele>
        <time>2026-09-15T22:35:52.200000Z</time>
        <extensions>
          <gpxtpx:TrackPointExtension>
            <gpxtpx:hr>128</gpxtpx:hr>
          </gpxtpx:TrackPointExtension>
        </extensions>
      </trkpt>
      <trkpt lat="28.234279895809426" lon="112.9055719531691">
        <ele>66.44693104270846</ele>
        <time>2026-09-15T22:35:53.200000Z</time>
        <extensions>
          <gpxtpx:TrackPointExtension>
            <gpxtpx:hr>128</gpxtpx:hr>
          </gpxtpx:TrackPointExtension>
        </extensions>
      </trkpt>
      <trkpt lat="28.234280748475978" lon="112.90559725351342">
        <ele>66.5478515746072</ele>
        <time>2026-09-15T22:35:54.200000Z</time>
        <extensions>
          <gpxtpx:TrackPointExtension>
            <gpxtpx:hr>128</gpxtpx:hr>
          </gpxtpx:TrackPointExtension>
        </extensions>
      </trkpt>
      <trkpt lat="28.234281290068626" lon="112.90562243688767">
        <ele>66.64334413781762</ele>
        <time>2026-09-15T22:35:55.200000Z</time>
        <extensions>
          <gpxtpx:TrackPointExtension>
            <gpxtpx:hr>128</gpxtpx:hr>
          </gpxtpx:TrackPointExtension>
        </extensions>
      </trkpt>
      <trkpt lat="28.234281618877862" lon="112.90564733503278">
        <ele>66.73240754194558</ele>
        <time>2026-09-15T22:35:56.200000Z</time>
        <extensions>
          <gpxtpx:TrackPointExtension>
            <gpxtpx:hr>124</gpxtpx:hr>
          </gpxtpx:TrackPointExtension>
        </extensions>
      </trkpt>
      <trkpt lat="28.234281656918057" lon="112.90567212319601">
        <ele>66.81397022400051</ele>
        <time>2026-09-15T22:35:57.200000Z</time>
        <extensions>
          <gpxtpx:TrackPointExtension>
            <gpxtpx:hr>124</gpxtpx:hr>
          </gpxtpx:TrackPointExtension>
        </extensions>
      </trkpt>
      <trkpt lat="28.23428151613495" lon="112.90569723509005">
        <ele>66.88657293841243</ele>
        <time>2026-09-15T22:35:58.200000Z</time>
        <extensions>
          <gpxtpx:TrackPointExtension>
            <gpxtpx:hr>124</gpxtpx:hr>
          </gpxtpx:TrackPointExtension>
        </extensions>
      </trkpt>
      <trkpt lat="28.234281283578476" lon="112.90572302793137">
        <ele>66.94960280135274</ele>
        <time>2026-09-15T22:35:59.200000Z</time>
        <extensions>
          <gpxtpx:TrackPointExtension>
            <gpxtpx:hr>124</gpxtpx:hr>
          </gpxtpx:TrackPointExtension>
        </extensions>
      </trkpt>
      <trkpt lat="28.23428113619395" lon="112.90574929185347">
        <ele>67.00262420717627</ele>
        <time>2026-09-15T22:36:00.200000Z</time>
        <extensions>
          <gpxtpx:TrackPointExtension>
            <gpxtpx:hr>124</gpxtpx:hr>
          </gpxtpx:TrackPointExtension>
        </extensions>
      </trkpt>
      <trkpt lat="28.234281562562956" lon="112.90577553824383">
        <ele>67.04593848157674</ele>
        <time>2026-09-15T22:36:01.200000Z</time>
        <extensions>
          <gpxtpx:TrackPointExtension>
            <gpxtpx:hr>121</gpxtpx:hr>
          </gpxtpx:TrackPointExtension>
        </extensions>
      </trkpt>
      <trkpt lat="28.234282666338295" lon="112.90580144497767">
        <ele>67.08025960903615</ele>
        <time>2026-09-15T22:36:02.200000Z</time>
        <extensions>
          <gpxtpx:TrackPointExtension>
            <gpxtpx:hr>121</gpxtpx:hr>
          </gpxtpx:TrackPointExtension>
        </extensions>
      </trkpt>
      <trkpt lat="28.234283894983246" lon="112.90582695761724">
        <ele>67.10575911775231</ele>
        <time>2026-09-15T22:36:03.200000Z</time>
        <extensions>
          <gpxtpx:TrackPointExtension>
            <gpxtpx:hr>121</gpxtpx:hr>
          </gpxtpx:TrackPointExtension>
        </extensions>
      </trkpt>
      <trkpt lat="28.234284644765925" lon="112.90585216374404">
        <ele>67.12248568888754</ele>
        <time>2026-09-15T22:36:04.200000Z</time>
        <extensions>
          <gpxtpx:TrackPointExtension>
            <gpxtpx:hr>121</gpxtpx:hr>
          </gpxtpx:TrackPointExtension>
        </extensions>
      </trkpt>
      <trkpt lat="28.234284667454656" lon="112.90587735014635">
        <ele>67.1316322600469</ele>
        <time>2026-09-15T22:36:05.200000Z</time>
        <extensions>
          <gpxtpx:TrackPointExtension>
            <gpxtpx:hr>120</gpxtpx:hr>
          </gpxtpx:TrackPointExtension>
        </extensions>
      </trkpt>
      <trkpt lat="28.234284102605123" lon="112.90590267889769">
        <ele>67.13319438416511</ele>
        <time>2026-09-15T22:36:06.200000Z</time>
        <extensions>
          <gpxtpx:TrackPointExtension>
            <gpxtpx:hr>120</gpxtpx:hr>
          </gpxtpx:TrackPointExtension>
        </extensions>
      </trkpt>
      <trkpt lat="28.234283053279576" lon="112.90592809083319">
        <ele>67.12762173824012</ele>
        <time>2026-09-15T22:36:07.200000Z</time>
        <extensions>
          <gpxtpx:TrackPointExtension>
            <gpxtpx:hr>120</gpxtpx:hr>
          </gpxtpx:TrackPointExtension>
        </extensions>
      </trkpt>
      <trkpt lat="28.234281477299863" lon="112.9059535509195">
        <ele>67.11515577882528</ele>
        <time>2026-09-15T22:36:08.100000Z</time>
        <extensions>
          <gpxtpx:TrackPointExtension>
            <gpxtpx:hr>120</gpxtpx:hr>
          </gpxtpx:TrackPointExtension>
        </extensions>
      </trkpt>
      <trkpt lat="28.234279324550844" lon="112.90597899337892">
        <ele>67.09860881231725</ele>
        <time>2026-09-15T22:36:09.100000Z</time>
        <extensions>
          <gpxtpx:TrackPointExtension>
            <gpxtpx:hr>118</gpxtpx:hr>
          </gpxtpx:TrackPointExtension>
        </extensions>
      </trkpt>
      <trkpt lat="28.23427665457447" lon="112.9060045478714">
        <ele>67.07828717771918</ele>
        <time>2026-09-15T22:36:10.100000Z</time>
        <extensions>
          <gpxtpx:TrackPointExtension>
            <gpxtpx:hr>118</gpxtpx:hr>
          </gpxtpx:TrackPointExtension>
        </extensions>
      </trkpt>
      <trkpt lat="28.23427384118543" lon="112.90603035911477">
        <ele>67.05693578906357</ele>
        <time>2026-09-15T22:36:11.100000Z</time>
        <extensions>
          <gpxtpx:TrackPointExtension>
            <gpxtpx:hr>118</gpxtpx:hr>
          </gpxtpx:TrackPointExtension>
        </extensions>
      </trkpt>
      <trkpt lat="28.23427150691959" lon="112.90605626612718">
        <ele>67.03544756490737</ele>
        <time>2026-09-15T22:36:12.100000Z</time>
        <extensions>
          <gpxtpx:TrackPointExtension>
            <gpxtpx:hr>118</gpxtpx:hr>
          </gpxtpx:TrackPointExtension>
        </extensions>
      </trkpt>
      <trkpt lat="28.234269728185936" lon="112.9060820977534">
        <ele>67.01554005872458</ele>
        <time>2026-09-15T22:36:13.100000Z</time>
        <extensions>
          <gpxtpx:TrackPointExtension>
            <gpxtpx:hr>118</gpxtpx:hr>
          </gpxtpx:TrackPointExtension>
        </extensions>
      </trkpt>
      <trkpt lat="28.234268110642915" lon="112.90610768094265">
        <ele>66.99795322678983</ele>
        <time>2026-09-15T22:36:14.100000Z</time>
        <extensions>
          <gpxtpx:TrackPointExtension>
            <gpxtpx:hr>122</gpxtpx:hr>
          </gpxtpx:TrackPointExtension>
        </extensions>
      </trkpt>
      <trkpt lat="28.234266135663347" lon="112.90613289978565">
        <ele>66.98384544532746</ele>
        <time>2026-09-15T22:36:15.100000Z</time>
        <extensions>
          <gpxtpx:TrackPointExtension>
            <gpxtpx:hr>122</gpxtpx:hr>
          </gpxtpx:TrackPointExtension>
        </extensions>
      </trkpt>
      <trkpt lat="28.23426346610423" lon="112.90615775501446">
        <ele>66.97310368902981</ele>
        <time>2026-09-15T22:36:16.100000Z</time>
        <extensions>
          <gpxtpx:TrackPointExtension>
            <gpxtpx:hr>122</gpxtpx:hr>
          </gpxtpx:TrackPointExtension>
        </extensions>
      </trkpt>
      <trkpt lat="28.234260398498943" lon="112.90618228453654">
        <ele>66.9658552436158</ele>
        <time>2026-09-15T22:36:17.100000Z</time>
        <extensions>
          <gpxtpx:TrackPointExtension>
            <gpxtpx:hr>122</gpxtpx:hr>
          </gpxtpx:TrackPointExtension>
        </extensions>
      </trkpt>
      <trkpt lat="28.234257407543065" lon="112.90620692594307">
        <ele>66.96318487171084</ele>
        <time>2026-09-15T22:36:18.100000Z</time>
        <extensions>
          <gpxtpx:TrackPointExtension>
            <gpxtpx:hr>122</gpxtpx:hr>
          </gpxtpx:TrackPointExtension>
        </extensions>
      </trkpt>
      <trkpt lat="28.234254506449496" lon="112.90623204901442">
        <ele>66.9645168017596</ele>
        <time>2026-09-15T22:36:19.100000Z</time>
        <extensions>
          <gpxtpx:TrackPointExtension>
            <gpxtpx:hr>122</gpxtpx:hr>
          </gpxtpx:TrackPointExtension>
        </extensions>
      </trkpt>
      <trkpt lat="28.23425139324057" lon="112.9062574754764">
        <ele>66.96938678529114</ele>
        <time>2026-09-15T22:36:20.100000Z</time>
        <extensions>
          <gpxtpx:TrackPointExtension>
            <gpxtpx:hr>124</gpxtpx:hr>
          </gpxtpx:TrackPointExtension>
        </extensions>
      </trkpt>
      <trkpt lat="28.234248231791113" lon="112.90628264677709">
        <ele>66.9773585125804</ele>
        <time>2026-09-15T22:36:21.100000Z</time>
        <extensions>
          <gpxtpx:TrackPointExtension>
            <gpxtpx:hr>124</gpxtpx:hr>
          </gpxtpx:TrackPointExtension>
        </extensions>
      </trkpt>
      <trkpt lat="28.23424538798899" lon="112.90630725886524">
        <ele>66.98810211569071</ele>
        <time>2026-09-15T22:36:22.100000Z</time>
        <extensions>
          <gpxtpx:TrackPointExtension>
            <gpxtpx:hr>124</gpxtpx:hr>
          </gpxtpx:TrackPointExtension>
        </extensions>
      </trkpt>
      <trkpt lat="28.23424272788039" lon="112.90633138193266">
        <ele>67.0012687118724</ele>
        <time>2026-09-15T22:36:23.100000Z</time>
        <extensions>
          <gpxtpx:TrackPointExtension>
            <gpxtpx:hr>124</gpxtpx:hr>
          </gpxtpx:TrackPointExtension>
        </extensions>
      </trkpt>
      <trkpt lat="28.23424008662743" lon="112.90635502967784">
        <ele>67.01550386939198</ele>
        <time>2026-09-15T22:36:24.100000Z</time>
        <extensions>
          <gpxtpx:TrackPointExtension>
            <gpxtpx:hr>124</gpxtpx:hr>
          </gpxtpx:TrackPointExtension>
        </extensions>
      </trkpt>
      <trkpt lat="28.23423761724667" lon="112.90637829827608">
        <ele>67.03077901992947</ele>
        <time>2026-09-15T22:36:25.100000Z</time>
        <extensions>
          <gpxtpx:TrackPointExtension>
            <gpxtpx:hr>124</gpxtpx:hr>
          </gpxtpx:TrackPointExtension>
        </extensions>
      </trkpt>
      <trkpt lat="28.23423483304233" lon="112.90640148847915">
        <ele>67.04643484577537</ele>
        <time>2026-09-15T22:36:26.100000Z</time>
        <extensions>
          <gpxtpx:TrackPointExtension>
            <gpxtpx:hr>124</gpxtpx:hr>
          </gpxtpx:TrackPointExtension>
        </extensions>
      </trkpt>
      <trkpt lat="28.234230947681088" lon="112.90642502683806">
        <ele>67.06219136156142</ele>
        <time>2026-09-15T22:36:27.100000Z</time>
        <extensions>
          <gpxtpx:TrackPointExtension>
            <gpxtpx:hr>124</gpxtpx:hr>
          </gpxtpx:TrackPointExtension>
        </extensions>
      </trkpt>
      <trkpt lat="28.23422618879875" lon="112.90644915145096">
        <ele>67.07652070187032</ele>
        <time>2026-09-15T22:36:28.100000Z</time>
        <extensions>
          <gpxtpx:TrackPointExtension>
            <gpxtpx:hr>124</gpxtpx:hr>
          </gpxtpx:TrackPointExtension>
        </extensions>
      </trkpt>
      <trkpt lat="28.234221371317975" lon="112.90647438275523">
        <ele>67.08876796532422</ele>
        <time>2026-09-15T22:36:29.100000Z</time>
        <extensions>
          <gpxtpx:TrackPointExtension>
            <gpxtpx:hr>124</gpxtpx:hr>
          </gpxtpx:TrackPointExtension>
        </extensions>
      </trkpt>
      <trkpt lat="28.23421737961102" lon="112.90650114510987">
        <ele>67.09803104586899</ele>
        <time>2026-09-15T22:36:30.100000Z</time>
        <extensions>
          <gpxtpx:TrackPointExtension>
            <gpxtpx:hr>124</gpxtpx:hr>
          </gpxtpx:TrackPointExtension>
        </extensions>
      </trkpt>
      <trkpt lat="28.23421476982418" lon="112.90652879250413">
        <ele>67.10400616750121</ele>
        <time>2026-09-15T22:36:31.100000Z</time>
        <extensions>
          <gpxtpx:TrackPointExtension>
            <gpxtpx:hr>124</gpxtpx:hr>
          </gpxtpx:TrackPointExtension>
        </extensions>
      </trkpt>
      <trkpt lat="28.234213563039955" lon="112.90655652176929">
        <ele>67.10588479693979</ele>
        <time>2026-09-15T22:36:32.100000Z</time>
        <extensions>
          <gpxtpx:TrackPointExtension>
            <gpxtpx:hr>124</gpxtpx:hr>
          </gpxtpx:TrackPointExtension>
        </extensions>
      </trkpt>
      <trkpt lat="28.23421349020006" lon="112.90658417116221">
        <ele>67.10324628837407</ele>
        <time>2026-09-15T22:36:33.100000Z</time>
        <extensions>
          <gpxtpx:TrackPointExtension>
            <gpxtpx:hr>124</gpxtpx:hr>
          </gpxtpx:TrackPointExtension>
        </extensions>
      </trkpt>
      <trkpt lat="28.234213983199176" lon="112.9066116977627">
        <ele>67.09565915539861</ele>
        <time>2026-09-15T22:36:34.100000Z</time>
        <extensions>
          <gpxtpx:TrackPointExtension>
            <gpxtpx:hr>129</gpxtpx:hr>
          </gpxtpx:TrackPointExtension>
        </extensions>
      </trkpt>
      <trkpt lat="28.234214168417918" lon="112.90663901247744">
        <ele>67.08329499978572</ele>
        <time>2026-09-15T22:36:35.100000Z</time>
        <extensions>
          <gpxtpx:TrackPointExtension>
            <gpxtpx:hr>129</gpxtpx:hr>
          </gpxtpx:TrackPointExtension>
        </extensions>
      </trkpt>
      <trkpt lat="28.23421370076743" lon="112.90666604147492">
        <ele>67.06685233395547</ele>
        <time>2026-09-15T22:36:36.100000Z</time>
        <extensions>
          <gpxtpx:TrackPointExtension>
            <gpxtpx:hr>129</gpxtpx:hr>
          </gpxtpx:TrackPointExtension>
        </extensions>
      </trkpt>
      <trkpt lat="28.23421292464844" lon="112.90669302565485">
        <ele>67.04711696505547</ele>
        <time>2026-09-15T22:36:37.100000Z</time>
        <extensions>
          <gpxtpx:TrackPointExtension>
            <gpxtpx:hr>129</gpxtpx:hr>
          </gpxtpx:TrackPointExtension>
        </extensions>
      </trkpt>
      <trkpt lat="28.234212099429055" lon="112.9067204232739">
        <ele>67.02529067359865</ele>
        <time>2026-09-15T22:36:38.100000Z</time>
        <extensions>
          <gpxtpx:TrackPointExtension>
            <gpxtpx:hr>129</gpxtpx:hr>
          </gpxtpx:TrackPointExtension>
        </extensions>
      </trkpt>
      <trkpt lat="28.23421144725332" lon="112.90674848971844">
        <ele>67.00213007908314</ele>
        <time>2026-09-15T22:36:39.100000Z</time>
        <extensions>
          <gpxtpx:TrackPointExtension>
            <gpxtpx:hr>129</gpxtpx:hr>
          </gpxtpx:TrackPointExtension>
        </extensions>
      </trkpt>
      <trkpt lat="28.23421095845399" lon="112.906777148302">
        <ele>66.97824065200984</ele>
        <time>2026-09-15T22:36:40.100000Z</time>
        <extensions>
          <gpxtpx:TrackPointExtension>
            <gpxtpx:hr>130</gpxtpx:hr>
          </gpxtpx:TrackPointExtension>
        </extensions>
      </trkpt>
      <trkpt lat="28.234210458341742" lon="112.90680594614021">
        <ele>66.95453855581582</ele>
        <time>2026-09-15T22:36:41.100000Z</time>
        <extensions>
          <gpxtpx:TrackPointExtension>
            <gpxtpx:hr>130</gpxtpx:hr>
          </gpxtpx:TrackPointExtension>
        </extensions>
      </trkpt>
      <trkpt lat="28.23420982192797" lon="112.90683472668277">
        <ele>66.93091911822557</ele>
        <time>2026-09-15T22:36:42.100000Z</time>
        <extensions>
          <gpxtpx:TrackPointExtension>
            <gpxtpx:hr>130</gpxtpx:hr>
          </gpxtpx:TrackPointExtension>
        </extensions>
      </trkpt>
      <trkpt lat="28.234209169318056" lon="112.90686357355676">
        <ele>66.90769744571298</ele>
        <time>2026-09-15T22:36:43.100000Z</time>
        <extensions>
          <gpxtpx:TrackPointExtension>
            <gpxtpx:hr>130</gpxtpx:hr>
          </gpxtpx:TrackPointExtension>
        </extensions>
      </trkpt>
      <trkpt lat="28.234208761902128" lon="112.90689276437703">
        <ele>66.88479807134718</ele>
        <time>2026-09-15T22:36:44.100000Z</time>
        <extensions>
          <gpxtpx:TrackPointExtension>
            <gpxtpx:hr>134</gpxtpx:hr>
          </gpxtpx:TrackPointExtension>
        </extensions>
      </trkpt>
      <trkpt lat="28.234208602859155" lon="112.90692248387626">
        <ele>66.86231524776667</ele>
        <time>2026-09-15T22:36:45.100000Z</time>
        <extensions>
          <gpxtpx:TrackPointExtension>
            <gpxtpx:hr>134</gpxtpx:hr>
          </gpxtpx:TrackPointExtension>
        </extensions>
      </trkpt>
      <trkpt lat="28.234208265116507" lon="112.90695260351347">
        <ele>66.84035298787057</ele>
        <time>2026-09-15T22:36:46.100000Z</time>
        <extensions>
          <gpxtpx:TrackPointExtension>
            <gpxtpx:hr>134</gpxtpx:hr>
          </gpxtpx:TrackPointExtension>
        </extensions>
      </trkpt>
      <trkpt lat="28.234207447056473" lon="112.90698277372996">
        <ele>66.81870431546122</ele>
        <time>2026-09-15T22:36:47.100000Z</time>
        <extensions>
          <gpxtpx:TrackPointExtension>
            <gpxtpx:hr>134</gpxtpx:hr>
          </gpxtpx:TrackPointExtension>
        </extensions>
      </trkpt>
      <trkpt lat="28.23420665011538" lon="112.907012793867">
        <ele>66.79748342558742</ele>
        <time>2026-09-15T22:36:48.100000Z</time>
        <extensions>
          <gpxtpx:TrackPointExtension>
            <gpxtpx:hr>134</gpxtpx:hr>
          </gpxtpx:TrackPointExtension>
        </extensions>
      </trkpt>
      <trkpt lat="28.234206359590416" lon="112.90704284709177">
        <ele>66.7759665120393</ele>
        <time>2026-09-15T22:36:49.100000Z</time>
        <extensions>
          <gpxtpx:TrackPointExtension>
            <gpxtpx:hr>134</gpxtpx:hr>
          </gpxtpx:TrackPointExtension>
        </extensions>
      </trkpt>
      <trkpt lat="28.23420637155401" lon="112.9070731160215">
        <ele>66.75373723730445</ele>
        <time>2026-09-15T22:36:50.100000Z</time>
        <extensions>
          <gpxtpx:TrackPointExtension>
            <gpxtpx:hr>135</gpxtpx:hr>
          </gpxtpx:TrackPointExtension>
        </extensions>
      </trkpt>
      <trkpt lat="28.234206253245695" lon="112.90710358159161">
        <ele>66.73000464774668</ele>
        <time>2026-09-15T22:36:51.100000Z</time>
        <extensions>
          <gpxtpx:TrackPointExtension>
            <gpxtpx:hr>135</gpxtpx:hr>
          </gpxtpx:TrackPointExtension>
        </extensions>
      </trkpt>
      <trkpt lat="28.234205717798666" lon="112.9071340848355">
        <ele>66.70369953569025</ele>
        <time>2026-09-15T22:36:52.100000Z</time>
        <extensions>
          <gpxtpx:TrackPointExtension>
            <gpxtpx:hr>135</gpxtpx:hr>
          </gpxtpx:TrackPointExtension>
        </extensions>
      </trkpt>
      <trkpt lat="28.234204899338746" lon="112.90716444057824">
        <ele>66.67427824996412</ele>
        <time>2026-09-15T22:36:53.100000Z</time>
        <extensions>
          <gpxtpx:TrackPointExtension>
            <gpxtpx:hr>135</gpxtpx:hr>
          </gpxtpx:TrackPointExtension>
        </extensions>
      </trkpt>
      <trkpt lat="28.234204059161847" lon="112.90719440652298">
        <ele>66.6412441842258</ele>
        <time>2026-09-15T22:36:54.100000Z</time>
        <extensions>
          <gpxtpx:TrackPointExtension>
            <gpxtpx:hr>135</gpxtpx:hr>
          </gpxtpx:TrackPointExtension>
        </extensions>
      </trkpt>
      <trkpt lat="28.234202957528733" lon="112.90722355252169">
        <ele>66.60422894731164</ele>
        <time>2026-09-15T22:36:55.100000Z</time>
        <extensions>
          <gpxtpx:TrackPointExtension>
            <gpxtpx:hr>137</gpxtpx:hr>
          </gpxtpx:TrackPointExtension>
        </extensions>
      </trkpt>
      <trkpt lat="28.234200896812347" lon="112.90725169150409">
        <ele>66.56345071364194</ele>
        <time>2026-09-15T22:36:56.100000Z</time>
        <extensions>
          <gpxtpx:TrackPointExtension>
            <gpxtpx:hr>137</gpxtpx:hr>
          </gpxtpx:TrackPointExtension>
        </extensions>
      </trkpt>
      <trkpt lat="28.234197838214932" lon="112.90727909292549">
        <ele>66.51844549365342</ele>
        <time>2026-09-15T22:36:57.100000Z</time>
        <extensions>
          <gpxtpx:TrackPointExtension>
            <gpxtpx:hr>137</gpxtpx:hr>
          </gpxtpx:TrackPointExtension>
        </extensions>
      </trkpt>
      <trkpt lat="28.234194876196" lon="112.9073061872664">
        <ele>66.47009687125683</ele>
        <time>2026-09-15T22:36:58.100000Z</time>
        <extensions>
          <gpxtpx:TrackPointExtension>
            <gpxtpx:hr>137</gpxtpx:hr>
          </gpxtpx:TrackPointExtension>
        </extensions>
      </trkpt>
      <trkpt lat="28.23419276293935" lon="112.90733346931084">
        <ele>66.4189288476482</ele>
        <time>2026-09-15T22:36:59.100000Z</time>
        <extensions>
          <gpxtpx:TrackPointExtension>
            <gpxtpx:hr>137</gpxtpx:hr>
          </gpxtpx:TrackPointExtension>
        </extensions>
      </trkpt>
      <trkpt lat="28.234191108863374" lon="112.90736110735797">
        <ele>66.36587740108371</ele>
        <time>2026-09-15T22:37:00.100000Z</time>
        <extensions>
          <gpxtpx:TrackPointExtension>
            <gpxtpx:hr>140</gpxtpx:hr>
          </gpxtpx:TrackPointExtension>
        </extensions>
      </trkpt>
      <trkpt lat="28.23418949490793" lon="112.90738899546905">
        <ele>66.31172783486545</ele>
        <time>2026-09-15T22:37:01.100000Z</time>
        <extensions>
          <gpxtpx:TrackPointExtension>
            <gpxtpx:hr>140</gpxtpx:hr>
          </gpxtpx:TrackPointExtension>
        </extensions>
      </trkpt>
      <trkpt lat="28.234188174791164" lon="112.9074168673464">
        <ele>66.25748901627958</ele>
        <time>2026-09-15T22:37:02Z</time>
        <extensions>
          <gpxtpx:TrackPointExtension>
            <gpxtpx:hr>140</gpxtpx:hr>
          </gpxtpx:TrackPointExtension>
        </extensions>
      </trkpt>
      <trkpt lat="28.23418739800736" lon="112.90744440629659">
        <ele>66.2047097273171</ele>
        <time>2026-09-15T22:37:03Z</time>
        <extensions>
          <gpxtpx:TrackPointExtension>
            <gpxtpx:hr>140</gpxtpx:hr>
          </gpxtpx:TrackPointExtension>
        </extensions>
      </trkpt>
      <trkpt lat="28.23418734589444" lon="112.90747163566395">
        <ele>66.15398718509823</ele>
        <time>2026-09-15T22:37:04Z</time>
        <extensions>
          <gpxtpx:TrackPointExtension>
            <gpxtpx:hr>140</gpxtpx:hr>
          </gpxtpx:TrackPointExtension>
        </extensions>
      </trkpt>
      <trkpt lat="28.2341878455032" lon="112.90749887501735">
        <ele>66.10582502372563</ele>
        <time>2026-09-15T22:37:05Z</time>
        <extensions>
          <gpxtpx:TrackPointExtension>
            <gpxtpx:hr>142</gpxtpx:hr>
          </gpxtpx:TrackPointExtension>
        </extensions>
      </trkpt>
      <trkpt lat="28.23418812095346" lon="112.90752634189018">
        <ele>66.06046164408326</ele>
        <time>2026-09-15T22:37:06Z</time>
        <extensions>
          <gpxtpx:TrackPointExtension>
            <gpxtpx:hr>142</gpxtpx:hr>
          </gpxtpx:TrackPointExtension>
        </extensions>
      </trkpt>
      <trkpt lat="28.234187642793497" lon="112.90755409013336">
        <ele>66.01933109294623</ele>
        <time>2026-09-15T22:37:07Z</time>
        <extensions>
          <gpxtpx:TrackPointExtension>
            <gpxtpx:hr>142</gpxtpx:hr>
          </gpxtpx:TrackPointExtension>
        </extensions>
      </trkpt>
      <trkpt lat="28.23418642748324" lon="112.9075821463951">
        <ele>65.97896386962384</ele>
        <time>2026-09-15T22:37:08Z</time>
        <extensions>
          <gpxtpx:TrackPointExtension>
            <gpxtpx:hr>143</gpxtpx:hr>
          </gpxtpx:TrackPointExtension>
        </extensions>
      </trkpt>
      <trkpt lat="28.234184771514858" lon="112.90761060354511">
        <ele>65.94016971811652</ele>
        <time>2026-09-15T22:37:09Z</time>
        <extensions>
          <gpxtpx:TrackPointExtension>
            <gpxtpx:hr>143</gpxtpx:hr>
          </gpxtpx:TrackPointExtension>
        </extensions>
      </trkpt>
      <trkpt lat="28.23418299540336" lon="112.90763933287492">
        <ele>65.90272231772542</ele>
        <time>2026-09-15T22:37:10Z</time>
        <extensions>
          <gpxtpx:TrackPointExtension>
            <gpxtpx:hr>143</gpxtpx:hr>
          </gpxtpx:TrackPointExtension>
        </extensions>
      </trkpt>
      <trkpt lat="28.234181105771757" lon="112.90766794395006">
        <ele>65.86672465875745</ele>
        <time>2026-09-15T22:37:11Z</time>
        <extensions>
          <gpxtpx:TrackPointExtension>
            <gpxtpx:hr>143</gpxtpx:hr>
          </gpxtpx:TrackPointExtension>
        </extensions>
      </trkpt>
      <trkpt lat="28.23417899226023" lon="112.90769634025021">
        <ele>65.8325761295855</ele>
        <time>2026-09-15T22:37:12Z</time>
        <extensions>
          <gpxtpx:TrackPointExtension>
            <gpxtpx:hr>143</gpxtpx:hr>
          </gpxtpx:TrackPointExtension>
        </extensions>
      </trkpt>
      <trkpt lat="28.234176725754573" lon="112.90772471186943">
        <ele>65.80069125723094</ele>
        <time>2026-09-15T22:37:13Z</time>
        <extensions>
          <gpxtpx:TrackPointExtension>
            <gpxtpx:hr>143</gpxtpx:hr>
          </gpxtpx:TrackPointExtension>
        </extensions>
      </trkpt>
      <trkpt lat="28.234174372412586" lon="112.90775335443186">
        <ele>65.77144327852875</ele>
        <time>2026-09-15T22:37:14Z</time>
        <extensions>
          <gpxtpx:TrackPointExtension>
            <gpxtpx:hr>148</gpxtpx:hr>
          </gpxtpx:TrackPointExtension>
        </extensions>
      </trkpt>
      <trkpt lat="28.23417194725629" lon="112.90778246118454">
        <ele>65.74510198459029</ele>
        <time>2026-09-15T22:37:15Z</time>
        <extensions>
          <gpxtpx:TrackPointExtension>
            <gpxtpx:hr>148</gpxtpx:hr>
          </gpxtpx:TrackPointExtension>
        </extensions>
      </trkpt>
      <trkpt lat="28.23416912604078" lon="112.90781198688329">
        <ele>65.7216020738706</ele>
        <time>2026-09-15T22:37:16Z</time>
        <extensions>
          <gpxtpx:TrackPointExtension>
            <gpxtpx:hr>148</gpxtpx:hr>
          </gpxtpx:TrackPointExtension>
        </extensions>
      </trkpt>
      <trkpt lat="28.234165450083456" lon="112.90784171683639">
        <ele>65.70047224592417</ele>
        <time>2026-09-15T22:37:17Z</time>
        <extensions>
          <gpxtpx:TrackPointExtension>
            <gpxtpx:hr>148</gpxtpx:hr>
          </gpxtpx:TrackPointExtension>
        </extensions>
      </trkpt>
      <trkpt lat="28.234160883164392" lon="112.90787149760813">
        <ele>65.68113727029413</ele>
        <time>2026-09-15T22:37:18Z</time>
        <extensions>
          <gpxtpx:TrackPointExtension>
            <gpxtpx:hr>148</gpxtpx:hr>
          </gpxtpx:TrackPointExtension>
        </extensions>
      </trkpt>
      <trkpt lat="28.2341560480152" lon="112.90790129775266">
        <ele>65.66337880957872</ele>
        <time>2026-09-15T22:37:19Z</time>
        <extensions>
          <gpxtpx:TrackPointExtension>
            <gpxtpx:hr>148</gpxtpx:hr>
          </gpxtpx:TrackPointExtension>
        </extensions>
      </trkpt>
      <trkpt lat="28.234151684984063" lon="112.9079311690829">
        <ele>65.64725374151021</ele>
        <time>2026-09-15T22:37:20Z</time>
        <extensions>
          <gpxtpx:TrackPointExtension>
            <gpxtpx:hr>148</gpxtpx:hr>
          </gpxtpx:TrackPointExtension>
        </extensions>
      </trkpt>
      <trkpt lat="28.234148128139108" lon="112.90796097568224">
        <ele>65.63285967055708</ele>
        <time>2026-09-15T22:37:21Z</time>
        <extensions>
          <gpxtpx:TrackPointExtension>
            <gpxtpx:hr>150</gpxtpx:hr>
          </gpxtpx:TrackPointExtension>
        </extensions>
      </trkpt>
      <trkpt lat="28.234145461234608" lon="112.90799067045909">
        <ele>65.6203427920118</ele>
        <time>2026-09-15T22:37:22Z</time>
        <extensions>
          <gpxtpx:TrackPointExtension>
            <gpxtpx:hr>150</gpxtpx:hr>
          </gpxtpx:TrackPointExtension>
        </extensions>
      </trkpt>
      <trkpt lat="28.234143679008948" lon="112.90802030727592">
        <ele>65.60995851270854</ele>
        <time>2026-09-15T22:37:23Z</time>
        <extensions>
          <gpxtpx:TrackPointExtension>
            <gpxtpx:hr>150</gpxtpx:hr>
          </gpxtpx:TrackPointExtension>
        </extensions>
      </trkpt>
      <trkpt lat="28.234142640174962" lon="112.9080500562047">
        <ele>65.6021872125566</ele>
        <time>2026-09-15T22:37:24Z</time>
        <extensions>
          <gpxtpx:TrackPointExtension>
            <gpxtpx:hr>150</gpxtpx:hr>
          </gpxtpx:TrackPointExtension>
        </extensions>
      </trkpt>
      <trkpt lat="28.234142011190805" lon="112.90808001126526">
        <ele>65.597741400823</ele>
        <time>2026-09-15T22:37:25Z</time>
        <extensions>
          <gpxtpx:TrackPointExtension>
            <gpxtpx:hr>150</gpxtpx:hr>
          </gpxtpx:TrackPointExtension>
        </extensions>
      </trkpt>
      <trkpt lat="28.234141476967984" lon="112.90811020189318">
        <ele>65.59727873187512</ele>
        <time>2026-09-15T22:37:26Z</time>
        <extensions>
          <gpxtpx:TrackPointExtension>
            <gpxtpx:hr>151</gpxtpx:hr>
          </gpxtpx:TrackPointExtension>
        </extensions>
      </trkpt>
      <trkpt lat="28.234141166444903" lon="112.90814073626684">
        <ele>65.60126826073974</ele>
        <time>2026-09-15T22:37:27Z</time>
        <extensions>
          <gpxtpx:TrackPointExtension>
            <gpxtpx:hr>151</gpxtpx:hr>
          </gpxtpx:TrackPointExtension>
        </extensions>
      </trkpt>
      <trkpt lat="28.23414108209031" lon="112.90817140541301">
        <ele>65.60985470097512</ele>
        <time>2026-09-15T22:37:28Z</time>
        <extensions>
          <gpxtpx:TrackPointExtension>
            <gpxtpx:hr>151</gpxtpx:hr>
          </gpxtpx:TrackPointExtension>
        </extensions>
      </trkpt>
      <trkpt lat="28.234141172262596" lon="112.90820192694636">
        <ele>65.62290357612073</ele>
        <time>2026-09-15T22:37:29Z</time>
        <extensions>
          <gpxtpx:TrackPointExtension>
            <gpxtpx:hr>151</gpxtpx:hr>
          </gpxtpx:TrackPointExtension>
        </extensions>
      </trkpt>
      <trkpt lat="28.234141437194435" lon="112.90823216435477">
        <ele>65.64014838356525</ele>
        <time>2026-09-15T22:37:30Z</time>
        <extensions>
          <gpxtpx:TrackPointExtension>
            <gpxtpx:hr>151</gpxtpx:hr>
          </gpxtpx:TrackPointExtension>
        </extensions>
      </trkpt>
      <trkpt lat="28.234141232925076" lon="112.9082620236438">
        <ele>65.66129772271961</ele>
        <time>2026-09-15T22:37:31Z</time>
        <extensions>
          <gpxtpx:TrackPointExtension>
            <gpxtpx:hr>151</gpxtpx:hr>
          </gpxtpx:TrackPointExtension>
        </extensions>
      </trkpt>
      <trkpt lat="28.234139780829345" lon="112.90829132250084">
        <ele>65.68593329098076</ele>
        <time>2026-09-15T22:37:32Z</time>
        <extensions>
          <gpxtpx:TrackPointExtension>
            <gpxtpx:hr>151</gpxtpx:hr>
          </gpxtpx:TrackPointExtension>
        </extensions>
      </trkpt>
      <trkpt lat="28.234137491714577" lon="112.90832012333937">
        <ele>65.71362821664661</ele>
        <time>2026-09-15T22:37:33Z</time>
        <extensions>
          <gpxtpx:TrackPointExtension>
            <gpxtpx:hr>151</gpxtpx:hr>
          </gpxtpx:TrackPointExtension>
        </extensions>
      </trkpt>
      <trkpt lat="28.234135623170197" lon="112.90834907496128">
        <ele>65.7440175358206</ele>
        <time>2026-09-15T22:37:34Z</time>
        <extensions>
          <gpxtpx:TrackPointExtension>
            <gpxtpx:hr>151</gpxtpx:hr>
          </gpxtpx:TrackPointExtension>
        </extensions>
      </trkpt>
      <trkpt lat="28.234135031650176" lon="112.90837856142981">
        <ele>65.77679462078959</ele>
        <time>2026-09-15T22:37:35Z</time>
        <extensions>
          <gpxtpx:TrackPointExtension>
            <gpxtpx:hr>151</gpxtpx:hr>
          </gpxtpx:TrackPointExtension>
        </extensions>
      </trkpt>
      <trkpt lat="28.23413578982212" lon="112.90840816415485">
        <ele>65.8118367260322</ele>
        <time>2026-09-15T22:37:36Z</time>
        <extensions>
          <gpxtpx:TrackPointExtension>
            <gpxtpx:hr>151</gpxtpx:hr>
          </gpxtpx:TrackPointExtension>
        </extensions>
      </trkpt>
      <trkpt lat="28.23413731675884" lon="112.90843766366058">
        <ele>65.84917820524424</ele>
        <time>2026-09-15T22:37:37Z</time>
        <extensions>
          <gpxtpx:TrackPointExtension>
            <gpxtpx:hr>153</gpxtpx:hr>
          </gpxtpx:TrackPointExtension>
        </extensions>
      </trkpt>
      <trkpt lat="28.23413904233797" lon="112.9084670468336">
        <ele>65.88891310058534</ele>
        <time>2026-09-15T22:37:38Z</time>
        <extensions>
          <gpxtpx:TrackPointExtension>
            <gpxtpx:hr>153</gpxtpx:hr>
          </gpxtpx:TrackPointExtension>
        </extensions>
      </trkpt>
      <trkpt lat="28.23414066883462" lon="112.90849625227894">
        <ele>65.93103277496994</ele>
        <time>2026-09-15T22:37:39Z</time>
        <extensions>
          <gpxtpx:TrackPointExtension>
            <gpxtpx:hr>153</gpxtpx:hr>
          </gpxtpx:TrackPointExtension>
        </extensions>
      </trkpt>
      <trkpt lat="28.234141927775134" lon="112.90852523689307">
        <ele>65.97538871318102</ele>
        <time>2026-09-15T22:37:40Z</time>
        <extensions>
          <gpxtpx:TrackPointExtension>
            <gpxtpx:hr>153</gpxtpx:hr>
          </gpxtpx:TrackPointExtension>
        </extensions>
      </trkpt>
      <trkpt lat="28.234142246142845" lon="112.90855397860607">
        <ele>66.02160801831633</ele>
        <time>2026-09-15T22:37:41Z</time>
        <extensions>
          <gpxtpx:TrackPointExtension>
            <gpxtpx:hr>153</gpxtpx:hr>
          </gpxtpx:TrackPointExtension>
        </extensions>
      </trkpt>
      <trkpt lat="28.234140861648306" lon="112.90858255951383">
        <ele>66.06915094144642</ele>
        <time>2026-09-15T22:37:42Z</time>
        <extensions>
          <gpxtpx:TrackPointExtension>
            <gpxtpx:hr>155</gpxtpx:hr>
          </gpxtpx:TrackPointExtension>
        </extensions>
      </trkpt>
      <trkpt lat="28.234137828537385" lon="112.9086114161111">
        <ele>66.11748127732426</ele>
        <time>2026-09-15T22:37:43Z</time>
        <extensions>
          <gpxtpx:TrackPointExtension>
            <gpxtpx:hr>155</gpxtpx:hr>
          </gpxtpx:TrackPointExtension>
        </extensions>
      </trkpt>
      <trkpt lat="28.234134154651798" lon="112.90864108159093">
        <ele>66.16606104932725</ele>
        <time>2026-09-15T22:37:44Z</time>
        <extensions>
          <gpxtpx:TrackPointExtension>
            <gpxtpx:hr>155</gpxtpx:hr>
          </gpxtpx:TrackPointExtension>
        </extensions>
      </trkpt>
      <trkpt lat="28.234130770628802" lon="112.90867137740968">
        <ele>66.21453148592263</ele>
        <time>2026-09-15T22:37:45Z</time>
        <extensions>
          <gpxtpx:TrackPointExtension>
            <gpxtpx:hr>155</gpxtpx:hr>
          </gpxtpx:TrackPointExtension>
        </extensions>
      </trkpt>
      <trkpt lat="28.234128245381395" lon="112.90870153888784">
        <ele>66.26271480601281</ele>
        <time>2026-09-15T22:37:46Z</time>
        <extensions>
          <gpxtpx:TrackPointExtension>
            <gpxtpx:hr>155</gpxtpx:hr>
          </gpxtpx:TrackPointExtension>
        </extensions>
      </trkpt>
      <trkpt lat="28.234126639316536" lon="112.90873107439509">
        <ele>66.31060905568302</ele>
        <time>2026-09-15T22:37:47Z</time>
        <extensions>
          <gpxtpx:TrackPointExtension>
            <gpxtpx:hr>155</gpxtpx:hr>
          </gpxtpx:TrackPointExtension>
        </extensions>
      </trkpt>
      <trkpt lat="28.234125544252404" lon="112.90875991199232">
        <ele>66.3583474047482</ele>
        <time>2026-09-15T22:37:48Z</time>
        <extensions>
          <gpxtpx:TrackPointExtension>
            <gpxtpx:hr>155</gpxtpx:hr>
          </gpxtpx:TrackPointExtension>
        </extensions>
      </trkpt>
      <trkpt lat="28.234124667158277" lon="112.9087882293871">
        <ele>66.40597427356988</ele>
        <time>2026-09-15T22:37:49Z</time>
        <extensions>
          <gpxtpx:TrackPointExtension>
            <gpxtpx:hr>156</gpxtpx:hr>
          </gpxtpx:TrackPointExtension>
        </extensions>
      </trkpt>
      <trkpt lat="28.234123974143635" lon="112.90881625031845">
        <ele>66.45333458576351</ele>
        <time>2026-09-15T22:37:50Z</time>
        <extensions>
          <gpxtpx:TrackPointExtension>
            <gpxtpx:hr>156</gpxtpx:hr>
          </gpxtpx:TrackPointExtension>
        </extensions>
      </trkpt>
      <trkpt lat="28.234123189352072" lon="112.90884392797518">
        <ele>66.50013926345855</ele>
        <time>2026-09-15T22:37:51Z</time>
        <extensions>
          <gpxtpx:TrackPointExtension>
            <gpxtpx:hr>156</gpxtpx:hr>
          </gpxtpx:TrackPointExtension>
        </extensions>
      </trkpt>
      <trkpt lat="28.23412205258108" lon="112.90887103902969">
        <ele>66.54599047545344</ele>
        <time>2026-09-15T22:37:52Z</time>
        <extensions>
          <gpxtpx:TrackPointExtension>
            <gpxtpx:hr>156</gpxtpx:hr>
          </gpxtpx:TrackPointExtension>
        </extensions>
      </trkpt>
      <trkpt lat="28.234120544078554" lon="112.90889764790049">
        <ele>66.59020147845149</ele>
        <time>2026-09-15T22:37:53Z</time>
        <extensions>
          <gpxtpx:TrackPointExtension>
            <gpxtpx:hr>156</gpxtpx:hr>
          </gpxtpx:TrackPointExtension>
        </extensions>
      </trkpt>
      <trkpt lat="28.23411881851718" lon="112.90892402504984">
        <ele>66.63150519691408</ele>
        <time>2026-09-15T22:37:54Z</time>
        <extensions>
          <gpxtpx:TrackPointExtension>
            <gpxtpx:hr>156</gpxtpx:hr>
          </gpxtpx:TrackPointExtension>
        </extensions>
      </trkpt>
      <trkpt lat="28.234117090567416" lon="112.9089502836653">
        <ele>66.66802617814392</ele>
        <time>2026-09-15T22:37:54.900000Z</time>
        <extensions>
          <gpxtpx:TrackPointExtension>
            <gpxtpx:hr>156</gpxtpx:hr>
          </gpxtpx:TrackPointExtension>
        </extensions>
      </trkpt>
      <trkpt lat="28.23411552469988" lon="112.90897667991159">
        <ele>66.69720163103193</ele>
        <time>2026-09-15T22:37:55.900000Z</time>
        <extensions>
          <gpxtpx:TrackPointExtension>
            <gpxtpx:hr>158</gpxtpx:hr>
          </gpxtpx:TrackPointExtension>
        </extensions>
      </trkpt>
      <trkpt lat="28.234114410658737" lon="112.90899851006282">
        <ele>66.71417795773596</ele>
        <time>2026-09-15T22:37:56.800000Z</time>
        <extensions>
          <gpxtpx:TrackPointExtension>
            <gpxtpx:hr>158</gpxtpx:hr>
          </gpxtpx:TrackPointExtension>
        </extensions>
      </trkpt>
      <trkpt lat="28.234113352028533" lon="112.90902534142745">
        <ele>66.72414001822472</ele>
        <time>2026-09-15T22:37:57.800000Z</time>
        <extensions>
          <gpxtpx:TrackPointExtension>
            <gpxtpx:hr>158</gpxtpx:hr>
          </gpxtpx:TrackPointExtension>
        </extensions>
      </trkpt>
      <trkpt lat="28.23411242243723" lon="112.90905708374757">
        <ele>66.71801472548395</ele>
        <time>2026-09-15T22:37:58.900000Z</time>
        <extensions>
          <gpxtpx:TrackPointExtension>
            <gpxtpx:hr>158</gpxtpx:hr>
          </gpxtpx:TrackPointExtension>
        </extensions>
      </trkpt>
      <trkpt lat="28.23411170078482" lon="112.90908419596765">
        <ele>66.69939841516316</ele>
        <time>2026-09-15T22:37:59.900000Z</time>
        <extensions>
          <gpxtpx:TrackPointExtension>
            <gpxtpx:hr>158</gpxtpx:hr>
          </gpxtpx:TrackPointExtension>
        </extensions>
      </trkpt>
      <trkpt lat="28.23411114690262" lon="112.90910674715292">
        <ele>66.67719175294042</ele>
        <time>2026-09-15T22:38:00.800000Z</time>
        <extensions>
          <gpxtpx:TrackPointExtension>
            <gpxtpx:hr>158</gpxtpx:hr>
          </gpxtpx:TrackPointExtension>
        </extensions>
      </trkpt>
      <trkpt lat="28.23411076817721" lon="112.90913893747981">
        <ele>66.63598197884858</ele>
        <time>2026-09-15T22:38:01.900000Z</time>
        <extensions>
          <gpxtpx:TrackPointExtension>
            <gpxtpx:hr>158</gpxtpx:hr>
          </gpxtpx:TrackPointExtension>
        </extensions>
      </trkpt>
      <trkpt lat="28.234110971041517" lon="112.9091664394747">
        <ele>66.59349865652621</ele>
        <time>2026-09-15T22:38:02.900000Z</time>
        <extensions>
          <gpxtpx:TrackPointExtension>
            <gpxtpx:hr>158</gpxtpx:hr>
          </gpxtpx:TrackPointExtension>
        </extensions>
      </trkpt>
      <trkpt lat="28.234111184427437" lon="112.90919392039049">
        <ele>66.54682993609458</ele>
        <time>2026-09-15T22:38:03.900000Z</time>
        <extensions>
          <gpxtpx:TrackPointExtension>
            <gpxtpx:hr>158</gpxtpx:hr>
          </gpxtpx:TrackPointExtension>
        </extensions>
      </trkpt>
      <trkpt lat="28.23411122447557" lon="112.90922110660746">
        <ele>66.49643982946873</ele>
        <time>2026-09-15T22:38:04.900000Z</time>
        <extensions>
          <gpxtpx:TrackPointExtension>
            <gpxtpx:hr>158</gpxtpx:hr>
          </gpxtpx:TrackPointExtension>
        </extensions>
      </trkpt>
      <trkpt lat="28.23411122893537" lon="112.90924756404485">
        <ele>66.4417461687699</ele>
        <time>2026-09-15T22:38:05.900000Z</time>
        <extensions>
          <gpxtpx:TrackPointExtension>
            <gpxtpx:hr>158</gpxtpx:hr>
          </gpxtpx:TrackPointExtension>
        </extensions>
      </trkpt>
      <trkpt lat="28.234111113636388" lon="112.90926912350004">
        <ele>66.39177899900824</ele>
        <time>2026-09-15T22:38:06.800000Z</time>
        <extensions>
          <gpxtpx:TrackPointExtension>
            <gpxtpx:hr>158</gpxtpx:hr>
          </gpxtpx:TrackPointExtension>
        </extensions>
      </trkpt>
      <trkpt lat="28.234110737466715" lon="112.90929468406398">
        <ele>66.32498541660607</ele>
        <time>2026-09-15T22:38:07.800000Z</time>
        <extensions>
          <gpxtpx:TrackPointExtension>
            <gpxtpx:hr>158</gpxtpx:hr>
          </gpxtpx:TrackPointExtension>
        </extensions>
      </trkpt>
      <trkpt lat="28.23411004818438" lon="112.90932075349426">
        <ele>66.24938883911818</ele>
        <time>2026-09-15T22:38:08.800000Z</time>
        <extensions>
          <gpxtpx:TrackPointExtension>
            <gpxtpx:hr>158</gpxtpx:hr>
          </gpxtpx:TrackPointExtension>
        </extensions>
      </trkpt>
      <trkpt lat="28.234108919766133" lon="112.90935219464622">
        <ele>66.15366700757295</ele>
        <time>2026-09-15T22:38:09.900000Z</time>
        <extensions>
          <gpxtpx:TrackPointExtension>
            <gpxtpx:hr>158</gpxtpx:hr>
          </gpxtpx:TrackPointExtension>
        </extensions>
      </trkpt>
      <trkpt lat="28.2341079546869" lon="112.90938040570292">
        <ele>66.06846899818629</ele>
        <time>2026-09-15T22:38:10.900000Z</time>
        <extensions>
          <gpxtpx:TrackPointExtension>
            <gpxtpx:hr>158</gpxtpx:hr>
          </gpxtpx:TrackPointExtension>
        </extensions>
      </trkpt>
      <trkpt lat="28.23410721634247" lon="112.9094091845088">
        <ele>65.98554379399866</ele>
        <time>2026-09-15T22:38:11.900000Z</time>
        <extensions>
          <gpxtpx:TrackPointExtension>
            <gpxtpx:hr>158</gpxtpx:hr>
          </gpxtpx:TrackPointExtension>
        </extensions>
      </trkpt>
      <trkpt lat="28.234106856029165" lon="112.9094379916898">
        <ele>65.907700503245</ele>
        <time>2026-09-15T22:38:12.900000Z</time>
        <extensions>
          <gpxtpx:TrackPointExtension>
            <gpxtpx:hr>158</gpxtpx:hr>
          </gpxtpx:TrackPointExtension>
        </extensions>
      </trkpt>
      <trkpt lat="28.234107004605757" lon="112.9094664877325">
        <ele>65.83692683000118</ele>
        <time>2026-09-15T22:38:13.900000Z</time>
        <extensions>
          <gpxtpx:TrackPointExtension>
            <gpxtpx:hr>159</gpxtpx:hr>
          </gpxtpx:TrackPointExtension>
        </extensions>
      </trkpt>
      <trkpt lat="28.234107662817856" lon="112.90949464394075">
        <ele>65.77443590201437</ele>
        <time>2026-09-15T22:38:14.900000Z</time>
        <extensions>
          <gpxtpx:TrackPointExtension>
            <gpxtpx:hr>159</gpxtpx:hr>
          </gpxtpx:TrackPointExtension>
        </extensions>
      </trkpt>
      <trkpt lat="28.23410874888429" lon="112.90952254317425">
        <ele>65.72056287061423</ele>
        <time>2026-09-15T22:38:15.900000Z</time>
        <extensions>
          <gpxtpx:TrackPointExtension>
            <gpxtpx:hr>159</gpxtpx:hr>
          </gpxtpx:TrackPointExtension>
        </extensions>
      </trkpt>
      <trkpt lat="28.234110276841076" lon="112.9095501954469">
        <ele>65.67503739520907</ele>
        <time>2026-09-15T22:38:16.900000Z</time>
        <extensions>
          <gpxtpx:TrackPointExtension>
            <gpxtpx:hr>159</gpxtpx:hr>
          </gpxtpx:TrackPointExtension>
        </extensions>
      </trkpt>
      <trkpt lat="28.23411253770882" lon="112.90957734611631">
        <ele>65.63730712700635</ele>
        <time>2026-09-15T22:38:17.900000Z</time>
        <extensions>
          <gpxtpx:TrackPointExtension>
            <gpxtpx:hr>159</gpxtpx:hr>
          </gpxtpx:TrackPointExtension>
        </extensions>
      </trkpt>
      <trkpt lat="28.234115843808894" lon="112.909603466737">
        <ele>65.60687005612999</ele>
        <time>2026-09-15T22:38:18.900000Z</time>
        <extensions>
          <gpxtpx:TrackPointExtension>
            <gpxtpx:hr>161</gpxtpx:hr>
          </gpxtpx:TrackPointExtension>
        </extensions>
      </trkpt>
      <trkpt lat="28.23412024728053" lon="112.90962803953231">
        <ele>65.58346105460078</ele>
        <time>2026-09-15T22:38:19.900000Z</time>
        <extensions>
          <gpxtpx:TrackPointExtension>
            <gpxtpx:hr>161</gpxtpx:hr>
          </gpxtpx:TrackPointExtension>
        </extensions>
      </trkpt>
      <trkpt lat="28.234125686991298" lon="112.90965058675214">
        <ele>65.56676432862878</ele>
        <time>2026-09-15T22:38:20.900000Z</time>
        <extensions>
          <gpxtpx:TrackPointExtension>
            <gpxtpx:hr>161</gpxtpx:hr>
          </gpxtpx:TrackPointExtension>
        </extensions>
      </trkpt>
      <trkpt lat="28.234132372934653" lon="112.90967069020891">
        <ele>65.55617944151163</ele>
        <time>2026-09-15T22:38:21.900000Z</time>
        <extensions>
          <gpxtpx:TrackPointExtension>
            <gpxtpx:hr>161</gpxtpx:hr>
          </gpxtpx:TrackPointExtension>
        </extensions>
      </trkpt>
      <trkpt lat="28.23414009667099" lon="112.90968798283558">
        <ele>65.55052897892892</ele>
        <time>2026-09-15T22:38:22.900000Z</time>
        <extensions>
          <gpxtpx:TrackPointExtension>
            <gpxtpx:hr>161</gpxtpx:hr>
          </gpxtpx:TrackPointExtension>
        </extensions>
      </trkpt>
      <trkpt lat="28.23414843266988" lon="112.90970280098732">
        <ele>65.54815113637596</ele>
        <time>2026-09-15T22:38:23.900000Z</time>
        <extensions>
          <gpxtpx:TrackPointExtension>
            <gpxtpx:hr>161</gpxtpx:hr>
          </gpxtpx:TrackPointExtension>
        </extensions>
      </trkpt>
      <trkpt lat="28.234157239712903" lon="112.90971629712557">
        <ele>65.54761179443449</ele>
        <time>2026-09-15T22:38:24.900000Z</time>
        <extensions>
          <gpxtpx:TrackPointExtension>
            <gpxtpx:hr>163</gpxtpx:hr>
          </gpxtpx:TrackPointExtension>
        </extensions>
      </trkpt>
      <trkpt lat="28.23416635615985" lon="112.90972922740626">
        <ele>65.54774121847004</ele>
        <time>2026-09-15T22:38:25.900000Z</time>
        <extensions>
          <gpxtpx:TrackPointExtension>
            <gpxtpx:hr>163</gpxtpx:hr>
          </gpxtpx:TrackPointExtension>
        </extensions>
      </trkpt>
      <trkpt lat="28.234175554799897" lon="112.90974159398017">
        <ele>65.54760791361332</ele>
        <time>2026-09-15T22:38:26.900000Z</time>
        <extensions>
          <gpxtpx:TrackPointExtension>
            <gpxtpx:hr>163</gpxtpx:hr>
          </gpxtpx:TrackPointExtension>
        </extensions>
      </trkpt>
      <trkpt lat="28.234184432943305" lon="112.9097529252557">
        <ele>65.54663435835391</ele>
        <time>2026-09-15T22:38:27.900000Z</time>
        <extensions>
          <gpxtpx:TrackPointExtension>
            <gpxtpx:hr>163</gpxtpx:hr>
          </gpxtpx:TrackPointExtension>
        </extensions>
      </trkpt>
      <trkpt lat="28.23419232989913" lon="112.90976313285007">
        <ele>65.54440799169242</ele>
        <time>2026-09-15T22:38:28.900000Z</time>
        <extensions>
          <gpxtpx:TrackPointExtension>
            <gpxtpx:hr>163</gpxtpx:hr>
          </gpxtpx:TrackPointExtension>
        </extensions>
      </trkpt>
      <trkpt lat="28.234198736571575" lon="112.90977219249133">
        <ele>65.54068997595459</ele>
        <time>2026-09-15T22:38:29.900000Z</time>
        <extensions>
          <gpxtpx:TrackPointExtension>
            <gpxtpx:hr>163</gpxtpx:hr>
          </gpxtpx:TrackPointExtension>
        </extensions>
      </trkpt>
      <trkpt lat="28.234204222562077" lon="112.90977949672974">
        <ele>65.53544639144093</ele>
        <time>2026-09-15T22:38:30.900000Z</time>
        <extensions>
          <gpxtpx:TrackPointExtension>
            <gpxtpx:hr>165</gpxtpx:hr>
          </gpxtpx:TrackPointExtension>
        </extensions>
      </trkpt>
      <trkpt lat="28.23420988062751" lon="112.90978468381383">
        <ele>65.5286958348006</ele>
        <time>2026-09-15T22:38:31.900000Z</time>
        <extensions>
          <gpxtpx:TrackPointExtension>
            <gpxtpx:hr>165</gpxtpx:hr>
          </gpxtpx:TrackPointExtension>
        </extensions>
      </trkpt>
      <trkpt lat="28.234215348648153" lon="112.90978770588731">
        <ele>65.52156248129904</ele>
        <time>2026-09-15T22:38:32.800000Z</time>
        <extensions>
          <gpxtpx:TrackPointExtension>
            <gpxtpx:hr>165</gpxtpx:hr>
          </gpxtpx:TrackPointExtension>
        </extensions>
      </trkpt>
      <trkpt lat="28.23422203498937" lon="112.90978950988858">
        <ele>65.51259492151439</ele>
        <time>2026-09-15T22:38:33.800000Z</time>
        <extensions>
          <gpxtpx:TrackPointExtension>
            <gpxtpx:hr>165</gpxtpx:hr>
          </gpxtpx:TrackPointExtension>
        </extensions>
      </trkpt>
      <trkpt lat="28.23422929524106" lon="112.90978940812278">
        <ele>65.50363147258759</ele>
        <time>2026-09-15T22:38:34.800000Z</time>
        <extensions>
          <gpxtpx:TrackPointExtension>
            <gpxtpx:hr>165</gpxtpx:hr>
          </gpxtpx:TrackPointExtension>
        </extensions>
      </trkpt>
      <trkpt lat="28.234237147780192" lon="112.90978789430098">
        <ele>65.49646028410643</ele>
        <time>2026-09-15T22:38:35.800000Z</time>
        <extensions>
          <gpxtpx:TrackPointExtension>
            <gpxtpx:hr>165</gpxtpx:hr>
          </gpxtpx:TrackPointExtension>
        </extensions>
      </trkpt>
      <trkpt lat="28.234245795074276" lon="112.90978584257154">
        <ele>65.49331894982606</ele>
        <time>2026-09-15T22:38:36.800000Z</time>
        <extensions>
          <gpxtpx:TrackPointExtension>
            <gpxtpx:hr>165</gpxtpx:hr>
          </gpxtpx:TrackPointExtension>
        </extensions>
      </trkpt>
      <trkpt lat="28.23425510961849" lon="112.90978328391904">
        <ele>65.4967394489795</ele>
        <time>2026-09-15T22:38:37.800000Z</time>
        <extensions>
          <gpxtpx:TrackPointExtension>
            <gpxtpx:hr>165</gpxtpx:hr>
          </gpxtpx:TrackPointExtension>
        </extensions>
      </trkpt>
      <trkpt lat="28.234264515025895" lon="112.90977987102491">
        <ele>65.50966179277748</ele>
        <time>2026-09-15T22:38:38.800000Z</time>
        <extensions>
          <gpxtpx:TrackPointExtension>
            <gpxtpx:hr>165</gpxtpx:hr>
          </gpxtpx:TrackPointExtension>
        </extensions>
      </trkpt>
      <trkpt lat="28.234273819347628" lon="112.90977606885245">
        <ele>65.53545724321157</ele>
        <time>2026-09-15T22:38:39.800000Z</time>
        <extensions>
          <gpxtpx:TrackPointExtension>
            <gpxtpx:hr>167</gpxtpx:hr>
          </gpxtpx:TrackPointExtension>
        </extensions>
      </trkpt>
      <trkpt lat="28.234284405727927" lon="112.90977310399047">
        <ele>65.58398281689733</ele>
        <time>2026-09-15T22:38:40.900000Z</time>
        <extensions>
          <gpxtpx:TrackPointExtension>
            <gpxtpx:hr>167</gpxtpx:hr>
          </gpxtpx:TrackPointExtension>
        </extensions>
      </trkpt>
      <trkpt lat="28.23429348680748" lon="112.9097720138702">
        <ele>65.64243192784488</ele>
        <time>2026-09-15T22:38:41.800000Z</time>
        <extensions>
          <gpxtpx:TrackPointExtension>
            <gpxtpx:hr>167</gpxtpx:hr>
          </gpxtpx:TrackPointExtension>
        </extensions>
      </trkpt>
      <trkpt lat="28.234303618010312" lon="112.90977122656406">
        <ele>65.72998694796115</ele>
        <time>2026-09-15T22:38:42.800000Z</time>
        <extensions>
          <gpxtpx:TrackPointExtension>
            <gpxtpx:hr>167</gpxtpx:hr>
          </gpxtpx:TrackPointExtension>
        </extensions>
      </trkpt>
      <trkpt lat="28.23431480425657" lon="112.909771973945">
        <ele>65.8466572407633</ele>
        <time>2026-09-15T22:38:43.800000Z</time>
        <extensions>
          <gpxtpx:TrackPointExtension>
            <gpxtpx:hr>166</gpxtpx:hr>
          </gpxtpx:TrackPointExtension>
        </extensions>
      </trkpt>
      <trkpt lat="28.234329152230565" lon="112.90977572124538">
        <ele>66.00532117206603</ele>
        <time>2026-09-15T22:38:44.900000Z</time>
        <extensions>
          <gpxtpx:TrackPointExtension>
            <gpxtpx:hr>166</gpxtpx:hr>
          </gpxtpx:TrackPointExtension>
        </extensions>
      </trkpt>
      <trkpt lat="28.234344021378984" lon="112.90978039068023">
        <ele>66.17277251090854</ele>
        <time>2026-09-15T22:38:45.900000Z</time>
        <extensions>
          <gpxtpx:TrackPointExtension>
            <gpxtpx:hr>166</gpxtpx:hr>
          </gpxtpx:TrackPointExtension>
        </extensions>
      </trkpt>
      <trkpt lat="28.23435998794647" lon="112.9097843963828">
        <ele>66.35357178654522</ele>
        <time>2026-09-15T22:38:46.900000Z</time>
        <extensions>
          <gpxtpx:TrackPointExtension>
            <gpxtpx:hr>167</gpxtpx:hr>
          </gpxtpx:TrackPointExtension>
        </extensions>
      </trkpt>
      <trkpt lat="28.234376994173388" lon="112.90978636770767">
        <ele>66.54320811107755</ele>
        <time>2026-09-15T22:38:47.800000Z</time>
        <extensions>
          <gpxtpx:TrackPointExtension>
            <gpxtpx:hr>167</gpxtpx:hr>
          </gpxtpx:TrackPointExtension>
        </extensions>
      </trkpt>
      <trkpt lat="28.234395468131936" lon="112.90978630834624">
        <ele>66.73821118567139</ele>
        <time>2026-09-15T22:38:48.800000Z</time>
        <extensions>
          <gpxtpx:TrackPointExtension>
            <gpxtpx:hr>167</gpxtpx:hr>
          </gpxtpx:TrackPointExtension>
        </extensions>
      </trkpt>
      <trkpt lat="28.234416612057434" lon="112.9097847014284">
        <ele>66.93601840827614</ele>
        <time>2026-09-15T22:38:49.800000Z</time>
        <extensions>
          <gpxtpx:TrackPointExtension>
            <gpxtpx:hr>167</gpxtpx:hr>
          </gpxtpx:TrackPointExtension>
        </extensions>
      </trkpt>
      <trkpt lat="28.234441340119798" lon="112.90978187431497">
        <ele>67.13456356804818</ele>
        <time>2026-09-15T22:38:50.800000Z</time>
        <extensions>
          <gpxtpx:TrackPointExtension>
            <gpxtpx:hr>167</gpxtpx:hr>
          </gpxtpx:TrackPointExtension>
        </extensions>
      </trkpt>
      <trkpt lat="28.234468457442702" lon="112.9097782391681">
        <ele>67.33210203889757</ele>
        <time>2026-09-15T22:38:51.800000Z</time>
        <extensions>
          <gpxtpx:TrackPointExtension>
            <gpxtpx:hr>167</gpxtpx:hr>
          </gpxtpx:TrackPointExtension>
        </extensions>
      </trkpt>
      <trkpt lat="28.234496200504413" lon="112.90977325216531">
        <ele>67.52720989938825</ele>
        <time>2026-09-15T22:38:52.800000Z</time>
        <extensions>
          <gpxtpx:TrackPointExtension>
            <gpxtpx:hr>167</gpxtpx:hr>
          </gpxtpx:TrackPointExtension>
        </extensions>
      </trkpt>
      <trkpt lat="28.23452332738444" lon="112.90976634951359">
        <ele>67.71854130551219</ele>
        <time>2026-09-15T22:38:53.800000Z</time>
        <extensions>
          <gpxtpx:TrackPointExtension>
            <gpxtpx:hr>167</gpxtpx:hr>
          </gpxtpx:TrackPointExtension>
        </extensions>
      </trkpt>
      <trkpt lat="28.23454953853486" lon="112.90975813355183">
        <ele>67.90485242195427</ele>
        <time>2026-09-15T22:38:54.800000Z</time>
        <extensions>
          <gpxtpx:TrackPointExtension>
            <gpxtpx:hr>167</gpxtpx:hr>
          </gpxtpx:TrackPointExtension>
        </extensions>
      </trkpt>
      <trkpt lat="28.2345749239705" lon="112.90974929040063">
        <ele>68.08507831394672</ele>
        <time>2026-09-15T22:38:55.800000Z</time>
        <extensions>
          <gpxtpx:TrackPointExtension>
            <gpxtpx:hr>167</gpxtpx:hr>
          </gpxtpx:TrackPointExtension>
        </extensions>
      </trkpt>
      <trkpt lat="28.234599573716373" lon="112.90974028202">
        <ele>68.25821560062468</ele>
        <time>2026-09-15T22:38:56.800000Z</time>
        <extensions>
          <gpxtpx:TrackPointExtension>
            <gpxtpx:hr>167</gpxtpx:hr>
          </gpxtpx:TrackPointExtension>
        </extensions>
      </trkpt>
      <trkpt lat="28.23462360110937" lon="112.90973145407388">
        <ele>68.42336882278323</ele>
        <time>2026-09-15T22:38:57.800000Z</time>
        <extensions>
          <gpxtpx:TrackPointExtension>
            <gpxtpx:hr>167</gpxtpx:hr>
          </gpxtpx:TrackPointExtension>
        </extensions>
      </trkpt>
      <trkpt lat="28.23464739980597" lon="112.90972280296384">
        <ele>68.57977521326393</ele>
        <time>2026-09-15T22:38:58.800000Z</time>
        <extensions>
          <gpxtpx:TrackPointExtension>
            <gpxtpx:hr>169</gpxtpx:hr>
          </gpxtpx:TrackPointExtension>
        </extensions>
      </trkpt>
      <trkpt lat="28.234671436505852" lon="112.90971431718421">
        <ele>68.72681000642478</ele>
        <time>2026-09-15T22:38:59.800000Z</time>
        <extensions>
          <gpxtpx:TrackPointExtension>
            <gpxtpx:hr>169</gpxtpx:hr>
          </gpxtpx:TrackPointExtension>
        </extensions>
      </trkpt>
      <trkpt lat="28.234695883825804" lon="112.90970587094093">
        <ele>68.86399719677866</ele>
        <time>2026-09-15T22:39:00.800000Z</time>
        <extensions>
          <gpxtpx:TrackPointExtension>
            <gpxtpx:hr>169</gpxtpx:hr>
          </gpxtpx:TrackPointExtension>
        </extensions>
      </trkpt>
      <trkpt lat="28.2347206961894" lon="112.90969735360387">
        <ele>68.9909345312044</ele>
        <time>2026-09-15T22:39:01.800000Z</time>
        <extensions>
          <gpxtpx:TrackPointExtension>
            <gpxtpx:hr>169</gpxtpx:hr>
          </gpxtpx:TrackPointExtension>
        </extensions>
      </trkpt>
      <trkpt lat="28.2347457199013" lon="112.90968893476459">
        <ele>69.1073705619201</ele>
        <time>2026-09-15T22:39:02.800000Z</time>
        <extensions>
          <gpxtpx:TrackPointExtension>
            <gpxtpx:hr>169</gpxtpx:hr>
          </gpxtpx:TrackPointExtension>
        </extensions>
      </trkpt>
      <trkpt lat="28.234770725092172" lon="112.90968082954511">
        <ele>69.21318388171494</ele>
        <time>2026-09-15T22:39:03.800000Z</time>
        <extensions>
          <gpxtpx:TrackPointExtension>
            <gpxtpx:hr>169</gpxtpx:hr>
          </gpxtpx:TrackPointExtension>
        </extensions>
      </trkpt>
      <trkpt lat="28.23479561678388" lon="112.9096728137145">
        <ele>69.3083217497915</ele>
        <time>2026-09-15T22:39:04.800000Z</time>
        <extensions>
          <gpxtpx:TrackPointExtension>
            <gpxtpx:hr>169</gpxtpx:hr>
          </gpxtpx:TrackPointExtension>
        </extensions>
      </trkpt>
      <trkpt lat="28.234820265199826" lon="112.90966447518093">
        <ele>69.3929436840117</ele>
        <time>2026-09-15T22:39:05.800000Z</time>
        <extensions>
          <gpxtpx:TrackPointExtension>
            <gpxtpx:hr>169</gpxtpx:hr>
          </gpxtpx:TrackPointExtension>
        </extensions>
      </trkpt>
      <trkpt lat="28.234844578904553" lon="112.90965558318668">
        <ele>69.46744822245091</ele>
        <time>2026-09-15T22:39:06.800000Z</time>
        <extensions>
          <gpxtpx:TrackPointExtension>
            <gpxtpx:hr>169</gpxtpx:hr>
          </gpxtpx:TrackPointExtension>
        </extensions>
      </trkpt>
      <trkpt lat="28.23486856130681" lon="112.90964629495679">
        <ele>69.53243738226593</ele>
        <time>2026-09-15T22:39:07.800000Z</time>
        <extensions>
          <gpxtpx:TrackPointExtension>
            <gpxtpx:hr>169</gpxtpx:hr>
          </gpxtpx:TrackPointExtension>
        </extensions>
      </trkpt>
      <trkpt lat="28.23489239298615" lon="112.90963689144989">
        <ele>69.5885156719014</ele>
        <time>2026-09-15T22:39:08.800000Z</time>
        <extensions>
          <gpxtpx:TrackPointExtension>
            <gpxtpx:hr>169</gpxtpx:hr>
          </gpxtpx:TrackPointExtension>
        </extensions>
      </trkpt>
      <trkpt lat="28.23491624893093" lon="112.90962741162372">
        <ele>69.63614459615201</ele>
        <time>2026-09-15T22:39:09.800000Z</time>
        <extensions>
          <gpxtpx:TrackPointExtension>
            <gpxtpx:hr>169</gpxtpx:hr>
          </gpxtpx:TrackPointExtension>
        </extensions>
      </trkpt>
      <trkpt lat="28.234940270588005" lon="112.90961784544922">
        <ele>69.67576320376247</ele>
        <time>2026-09-15T22:39:10.800000Z</time>
        <extensions>
          <gpxtpx:TrackPointExtension>
            <gpxtpx:hr>169</gpxtpx:hr>
          </gpxtpx:TrackPointExtension>
        </extensions>
      </trkpt>
      <trkpt lat="28.234964534498822" lon="112.90960812153448">
        <ele>69.707704606466</ele>
        <time>2026-09-15T22:39:11.800000Z</time>
        <extensions>
          <gpxtpx:TrackPointExtension>
            <gpxtpx:hr>169</gpxtpx:hr>
          </gpxtpx:TrackPointExtension>
        </extensions>
      </trkpt>
      <trkpt lat="28.23498893681433" lon="112.90959833650291">
        <ele>69.73236670531332</ele>
        <time>2026-09-15T22:39:12.800000Z</time>
        <extensions>
          <gpxtpx:TrackPointExtension>
            <gpxtpx:hr>169</gpxtpx:hr>
          </gpxtpx:TrackPointExtension>
        </extensions>
      </trkpt>
      <trkpt lat="28.235013366859043" lon="112.90958849195736">
        <ele>69.75000096019357</ele>
        <time>2026-09-15T22:39:13.800000Z</time>
        <extensions>
          <gpxtpx:TrackPointExtension>
            <gpxtpx:hr>170</gpxtpx:hr>
          </gpxtpx:TrackPointExtension>
        </extensions>
      </trkpt>
      <trkpt lat="28.235037771202634" lon="112.90957865704034">
        <ele>69.76091139670461</ele>
        <time>2026-09-15T22:39:14.800000Z</time>
        <extensions>
          <gpxtpx:TrackPointExtension>
            <gpxtpx:hr>170</gpxtpx:hr>
          </gpxtpx:TrackPointExtension>
        </extensions>
      </trkpt>
      <trkpt lat="28.235062298531957" lon="112.90956887220986">
        <ele>69.7656635986641</ele>
        <time>2026-09-15T22:39:15.800000Z</time>
        <extensions>
          <gpxtpx:TrackPointExtension>
            <gpxtpx:hr>170</gpxtpx:hr>
          </gpxtpx:TrackPointExtension>
        </extensions>
      </trkpt>
      <trkpt lat="28.235087081463515" lon="112.90955913194668">
        <ele>69.76506974361837</ele>
        <time>2026-09-15T22:39:16.800000Z</time>
        <extensions>
          <gpxtpx:TrackPointExtension>
            <gpxtpx:hr>170</gpxtpx:hr>
          </gpxtpx:TrackPointExtension>
        </extensions>
      </trkpt>
      <trkpt lat="28.235112109669583" lon="112.90954950066562">
        <ele>69.76007393933833</ele>
        <time>2026-09-15T22:39:17.800000Z</time>
        <extensions>
          <gpxtpx:TrackPointExtension>
            <gpxtpx:hr>170</gpxtpx:hr>
          </gpxtpx:TrackPointExtension>
        </extensions>
      </trkpt>
      <trkpt lat="28.2351370737068" lon="112.90953994204789">
        <ele>69.75168555881828</ele>
        <time>2026-09-15T22:39:18.800000Z</time>
        <extensions>
          <gpxtpx:TrackPointExtension>
            <gpxtpx:hr>170</gpxtpx:hr>
          </gpxtpx:TrackPointExtension>
        </extensions>
      </trkpt>
      <trkpt lat="28.23516175414279" lon="112.90953030426485">
        <ele>69.74070201348513</ele>
        <time>2026-09-15T22:39:19.800000Z</time>
        <extensions>
          <gpxtpx:TrackPointExtension>
            <gpxtpx:hr>170</gpxtpx:hr>
          </gpxtpx:TrackPointExtension>
        </extensions>
      </trkpt>
      <trkpt lat="28.235186173196084" lon="112.90952038933099">
        <ele>69.72770760580897</ele>
        <time>2026-09-15T22:39:20.800000Z</time>
        <extensions>
          <gpxtpx:TrackPointExtension>
            <gpxtpx:hr>170</gpxtpx:hr>
          </gpxtpx:TrackPointExtension>
        </extensions>
      </trkpt>
      <trkpt lat="28.235210526705576" lon="112.90951005810899">
        <ele>69.71333904378116</ele>
        <time>2026-09-15T22:39:21.800000Z</time>
        <extensions>
          <gpxtpx:TrackPointExtension>
            <gpxtpx:hr>170</gpxtpx:hr>
          </gpxtpx:TrackPointExtension>
        </extensions>
      </trkpt>
      <trkpt lat="28.235235069237543" lon="112.90949925824906">
        <ele>69.69822911266237</ele>
        <time>2026-09-15T22:39:22.800000Z</time>
        <extensions>
          <gpxtpx:TrackPointExtension>
            <gpxtpx:hr>170</gpxtpx:hr>
          </gpxtpx:TrackPointExtension>
        </extensions>
      </trkpt>
      <trkpt lat="28.235259757528755" lon="112.90948826960482">
        <ele>69.6829790668562</ele>
        <time>2026-09-15T22:39:23.800000Z</time>
        <extensions>
          <gpxtpx:TrackPointExtension>
            <gpxtpx:hr>170</gpxtpx:hr>
          </gpxtpx:TrackPointExtension>
        </extensions>
      </trkpt>
      <trkpt lat="28.235284445912114" lon="112.90947739552396">
        <ele>69.66830245964229</ele>
        <time>2026-09-15T22:39:24.800000Z</time>
        <extensions>
          <gpxtpx:TrackPointExtension>
            <gpxtpx:hr>169</gpxtpx:hr>
          </gpxtpx:TrackPointExtension>
        </extensions>
      </trkpt>
      <trkpt lat="28.235309182522318" lon="112.90946671213639">
        <ele>69.65499228704721</ele>
        <time>2026-09-15T22:39:25.800000Z</time>
        <extensions>
          <gpxtpx:TrackPointExtension>
            <gpxtpx:hr>169</gpxtpx:hr>
          </gpxtpx:TrackPointExtension>
        </extensions>
      </trkpt>
      <trkpt lat="28.23533417625721" lon="112.90945628616885">
        <ele>69.64390572439879</ele>
        <time>2026-09-15T22:39:26.800000Z</time>
        <extensions>
          <gpxtpx:TrackPointExtension>
            <gpxtpx:hr>169</gpxtpx:hr>
          </gpxtpx:TrackPointExtension>
        </extensions>
      </trkpt>
      <trkpt lat="28.235359372665744" lon="112.90944650622745">
        <ele>69.63599295448512</ele>
        <time>2026-09-15T22:39:27.800000Z</time>
        <extensions>
          <gpxtpx:TrackPointExtension>
            <gpxtpx:hr>169</gpxtpx:hr>
          </gpxtpx:TrackPointExtension>
        </extensions>
      </trkpt>
      <trkpt lat="28.235384609028443" lon="112.90943772702772">
        <ele>69.63239909615368</ele>
        <time>2026-09-15T22:39:28.800000Z</time>
        <extensions>
          <gpxtpx:TrackPointExtension>
            <gpxtpx:hr>169</gpxtpx:hr>
          </gpxtpx:TrackPointExtension>
        </extensions>
      </trkpt>
      <trkpt lat="28.235409750678258" lon="112.90942995174775">
        <ele>69.63469781260937</ele>
        <time>2026-09-15T22:39:29.800000Z</time>
        <extensions>
          <gpxtpx:TrackPointExtension>
            <gpxtpx:hr>169</gpxtpx:hr>
          </gpxtpx:TrackPointExtension>
        </extensions>
      </trkpt>
      <trkpt lat="28.235434915293727" lon="112.909422834601">
        <ele>69.64531581476331</ele>
        <time>2026-09-15T22:39:30.800000Z</time>
        <extensions>
          <gpxtpx:TrackPointExtension>
            <gpxtpx:hr>169</gpxtpx:hr>
          </gpxtpx:TrackPointExtension>
        </extensions>
      </trkpt>
      <trkpt lat="28.235460288109763" lon="112.90941622878886">
        <ele>69.6678599268198</ele>
        <time>2026-09-15T22:39:31.800000Z</time>
        <extensions>
          <gpxtpx:TrackPointExtension>
            <gpxtpx:hr>169</gpxtpx:hr>
          </gpxtpx:TrackPointExtension>
        </extensions>
      </trkpt>
      <trkpt lat="28.235485706188456" lon="112.90941005293195">
        <ele>69.70722395181656</ele>
        <time>2026-09-15T22:39:32.800000Z</time>
        <extensions>
          <gpxtpx:TrackPointExtension>
            <gpxtpx:hr>169</gpxtpx:hr>
          </gpxtpx:TrackPointExtension>
        </extensions>
      </trkpt>
      <trkpt lat="28.235511103774442" lon="112.9094036695886">
        <ele>69.76563446596265</ele>
        <time>2026-09-15T22:39:33.800000Z</time>
        <extensions>
          <gpxtpx:TrackPointExtension>
            <gpxtpx:hr>169</gpxtpx:hr>
          </gpxtpx:TrackPointExtension>
        </extensions>
      </trkpt>
      <trkpt lat="28.235536607069818" lon="112.90939660256153">
        <ele>69.8388961115852</ele>
        <time>2026-09-15T22:39:34.800000Z</time>
        <extensions>
          <gpxtpx:TrackPointExtension>
            <gpxtpx:hr>169</gpxtpx:hr>
          </gpxtpx:TrackPointExtension>
        </extensions>
      </trkpt>
      <trkpt lat="28.235562221219077" lon="112.90938880292">
        <ele>69.92046422231942</ele>
        <time>2026-09-15T22:39:35.800000Z</time>
        <extensions>
          <gpxtpx:TrackPointExtension>
            <gpxtpx:hr>169</gpxtpx:hr>
          </gpxtpx:TrackPointExtension>
        </extensions>
      </trkpt>
      <trkpt lat="28.23558775169519" lon="112.90938043859568">
        <ele>70.00538301561028</ele>
        <time>2026-09-15T22:39:36.800000Z</time>
        <extensions>
          <gpxtpx:TrackPointExtension>
            <gpxtpx:hr>169</gpxtpx:hr>
          </gpxtpx:TrackPointExtension>
        </extensions>
      </trkpt>
      <trkpt lat="28.235613077284007" lon="112.90937191787897">
        <ele>70.08995043020695</ele>
        <time>2026-09-15T22:39:37.800000Z</time>
        <extensions>
          <gpxtpx:TrackPointExtension>
            <gpxtpx:hr>169</gpxtpx:hr>
          </gpxtpx:TrackPointExtension>
        </extensions>
      </trkpt>
      <trkpt lat="28.235638092034193" lon="112.90936383563789">
        <ele>70.171491635032</ele>
        <time>2026-09-15T22:39:38.800000Z</time>
        <extensions>
          <gpxtpx:TrackPointExtension>
            <gpxtpx:hr>172</gpxtpx:hr>
          </gpxtpx:TrackPointExtension>
        </extensions>
      </trkpt>
      <trkpt lat="28.235662845731813" lon="112.90935664765313">
        <ele>70.24815730564296</ele>
        <time>2026-09-15T22:39:39.800000Z</time>
        <extensions>
          <gpxtpx:TrackPointExtension>
            <gpxtpx:hr>172</gpxtpx:hr>
          </gpxtpx:TrackPointExtension>
        </extensions>
      </trkpt>
      <trkpt lat="28.235687305129385" lon="112.90935055160212">
        <ele>70.31892022117972</ele>
        <time>2026-09-15T22:39:40.700000Z</time>
        <extensions>
          <gpxtpx:TrackPointExtension>
            <gpxtpx:hr>172</gpxtpx:hr>
          </gpxtpx:TrackPointExtension>
        </extensions>
      </trkpt>
      <trkpt lat="28.235711513499506" lon="112.90934532622127">
        <ele>70.38332341331989</ele>
        <time>2026-09-15T22:39:41.700000Z</time>
        <extensions>
          <gpxtpx:TrackPointExtension>
            <gpxtpx:hr>172</gpxtpx:hr>
          </gpxtpx:TrackPointExtension>
        </extensions>
      </trkpt>
      <trkpt lat="28.235735635516782" lon="112.909340857069">
        <ele>70.44122712407261</ele>
        <time>2026-09-15T22:39:42.700000Z</time>
        <extensions>
          <gpxtpx:TrackPointExtension>
            <gpxtpx:hr>172</gpxtpx:hr>
          </gpxtpx:TrackPointExtension>
        </extensions>
      </trkpt>
      <trkpt lat="28.235759527830048" lon="112.909337064387">
        <ele>70.49264782294631</ele>
        <time>2026-09-15T22:39:43.700000Z</time>
        <extensions>
          <gpxtpx:TrackPointExtension>
            <gpxtpx:hr>172</gpxtpx:hr>
          </gpxtpx:TrackPointExtension>
        </extensions>
      </trkpt>
      <trkpt lat="28.235782808709295" lon="112.90933362100107">
        <ele>70.53776403237134</ele>
        <time>2026-09-15T22:39:44.700000Z</time>
        <extensions>
          <gpxtpx:TrackPointExtension>
            <gpxtpx:hr>172</gpxtpx:hr>
          </gpxtpx:TrackPointExtension>
        </extensions>
      </trkpt>
      <trkpt lat="28.23580536621057" lon="112.90933041255474">
        <ele>70.57688492257148</ele>
        <time>2026-09-15T22:39:45.700000Z</time>
        <extensions>
          <gpxtpx:TrackPointExtension>
            <gpxtpx:hr>172</gpxtpx:hr>
          </gpxtpx:TrackPointExtension>
        </extensions>
      </trkpt>
      <trkpt lat="28.235827183492336" lon="112.90932753390793">
        <ele>70.61036457307637</ele>
        <time>2026-09-15T22:39:46.700000Z</time>
        <extensions>
          <gpxtpx:TrackPointExtension>
            <gpxtpx:hr>172</gpxtpx:hr>
          </gpxtpx:TrackPointExtension>
        </extensions>
      </trkpt>
      <trkpt lat="28.23584786588451" lon="112.90932528354914">
        <ele>70.63865967281163</ele>
        <time>2026-09-15T22:39:47.700000Z</time>
        <extensions>
          <gpxtpx:TrackPointExtension>
            <gpxtpx:hr>172</gpxtpx:hr>
          </gpxtpx:TrackPointExtension>
        </extensions>
      </trkpt>
      <trkpt lat="28.23586674313886" lon="112.90932390150998">
        <ele>70.66231073532254</ele>
        <time>2026-09-15T22:39:48.700000Z</time>
        <extensions>
          <gpxtpx:TrackPointExtension>
            <gpxtpx:hr>172</gpxtpx:hr>
          </gpxtpx:TrackPointExtension>
        </extensions>
      </trkpt>
      <trkpt lat="28.2358831837383" lon="112.90932332182997">
        <ele>70.68173449672759</ele>
        <time>2026-09-15T22:39:49.700000Z</time>
        <extensions>
          <gpxtpx:TrackPointExtension>
            <gpxtpx:hr>172</gpxtpx:hr>
          </gpxtpx:TrackPointExtension>
        </extensions>
      </trkpt>
      <trkpt lat="28.23589704918686" lon="112.90932350312262">
        <ele>70.69704649690539</ele>
        <time>2026-09-15T22:39:50.700000Z</time>
        <extensions>
          <gpxtpx:TrackPointExtension>
            <gpxtpx:hr>172</gpxtpx:hr>
          </gpxtpx:TrackPointExtension>
        </extensions>
      </trkpt>
      <trkpt lat="28.23590873587408" lon="112.9093245290453">
        <ele>70.70803071465343</ele>
        <time>2026-09-15T22:39:51.700000Z</time>
        <extensions>
          <gpxtpx:TrackPointExtension>
            <gpxtpx:hr>172</gpxtpx:hr>
          </gpxtpx:TrackPointExtension>
        </extensions>
      </trkpt>
      <trkpt lat="28.235919217193153" lon="112.90932633688753">
        <ele>70.7141736773774</ele>
        <time>2026-09-15T22:39:52.700000Z</time>
        <extensions>
          <gpxtpx:TrackPointExtension>
            <gpxtpx:hr>172</gpxtpx:hr>
          </gpxtpx:TrackPointExtension>
        </extensions>
      </trkpt>
      <trkpt lat="28.23592961855174" lon="112.90932876613044">
        <ele>70.7146914312616</ele>
        <time>2026-09-15T22:39:53.700000Z</time>
        <extensions>
          <gpxtpx:TrackPointExtension>
            <gpxtpx:hr>172</gpxtpx:hr>
          </gpxtpx:TrackPointExtension>
        </extensions>
      </trkpt>
      <trkpt lat="28.23594037217441" lon="112.90933151133466">
        <ele>70.7087322883308</ele>
        <time>2026-09-15T22:39:54.700000Z</time>
        <extensions>
          <gpxtpx:TrackPointExtension>
            <gpxtpx:hr>172</gpxtpx:hr>
          </gpxtpx:TrackPointExtension>
        </extensions>
      </trkpt>
      <trkpt lat="28.23595122760987" lon="112.90933424380565">
        <ele>70.6956095378846</ele>
        <time>2026-09-15T22:39:55.700000Z</time>
        <extensions>
          <gpxtpx:TrackPointExtension>
            <gpxtpx:hr>173</gpxtpx:hr>
          </gpxtpx:TrackPointExtension>
        </extensions>
      </trkpt>
      <trkpt lat="28.235961894661962" lon="112.90933682126015">
        <ele>70.67493911832571</ele>
        <time>2026-09-15T22:39:56.700000Z</time>
        <extensions>
          <gpxtpx:TrackPointExtension>
            <gpxtpx:hr>173</gpxtpx:hr>
          </gpxtpx:TrackPointExtension>
        </extensions>
      </trkpt>
      <trkpt lat="28.23597181760736" lon="112.90933911234909">
        <ele>70.6467005154118</ele>
        <time>2026-09-15T22:39:57.700000Z</time>
        <extensions>
          <gpxtpx:TrackPointExtension>
            <gpxtpx:hr>173</gpxtpx:hr>
          </gpxtpx:TrackPointExtension>
        </extensions>
      </trkpt>
      <trkpt lat="28.23598105814409" lon="112.90934102929536">
        <ele>70.61163129284978</ele>
        <time>2026-09-15T22:39:58.700000Z</time>
        <extensions>
          <gpxtpx:TrackPointExtension>
            <gpxtpx:hr>173</gpxtpx:hr>
          </gpxtpx:TrackPointExtension>
        </extensions>
      </trkpt>
      <trkpt lat="28.235990223073028" lon="112.90934264878132">
        <ele>70.57098962552845</ele>
        <time>2026-09-15T22:39:59.700000Z</time>
        <extensions>
          <gpxtpx:TrackPointExtension>
            <gpxtpx:hr>173</gpxtpx:hr>
          </gpxtpx:TrackPointExtension>
        </extensions>
      </trkpt>
      <trkpt lat="28.235999311623175" lon="112.9093441434967">
        <ele>70.52661181334406</ele>
        <time>2026-09-15T22:40:00.700000Z</time>
        <extensions>
          <gpxtpx:TrackPointExtension>
            <gpxtpx:hr>173</gpxtpx:hr>
          </gpxtpx:TrackPointExtension>
        </extensions>
      </trkpt>
      <trkpt lat="28.23600850707693" lon="112.90934586991527">
        <ele>70.47839870210737</ele>
        <time>2026-09-15T22:40:01.800000Z</time>
        <extensions>
          <gpxtpx:TrackPointExtension>
            <gpxtpx:hr>173</gpxtpx:hr>
          </gpxtpx:TrackPointExtension>
        </extensions>
      </trkpt>
      <trkpt lat="28.236016402193897" lon="112.90934736824306">
        <ele>70.43390978593379</ele>
        <time>2026-09-15T22:40:02.800000Z</time>
        <extensions>
          <gpxtpx:TrackPointExtension>
            <gpxtpx:hr>173</gpxtpx:hr>
          </gpxtpx:TrackPointExtension>
        </extensions>
      </trkpt>
      <trkpt lat="28.2360228750647" lon="112.9093482986938">
        <ele>70.39154824893922</ele>
        <time>2026-09-15T22:40:03.800000Z</time>
        <extensions>
          <gpxtpx:TrackPointExtension>
            <gpxtpx:hr>173</gpxtpx:hr>
          </gpxtpx:TrackPointExtension>
        </extensions>
      </trkpt>
      <trkpt lat="28.236027409809154" lon="112.90934880362106">
        <ele>70.3505928022787</ele>
        <time>2026-09-15T22:40:04.800000Z</time>
        <extensions>
          <gpxtpx:TrackPointExtension>
            <gpxtpx:hr>173</gpxtpx:hr>
          </gpxtpx:TrackPointExtension>
        </extensions>
      </trkpt>
      <trkpt lat="28.236030105592892" lon="112.90934917767173">
        <ele>70.31021959334612</ele>
        <time>2026-09-15T22:40:05.800000Z</time>
        <extensions>
          <gpxtpx:TrackPointExtension>
            <gpxtpx:hr>173</gpxtpx:hr>
          </gpxtpx:TrackPointExtension>
        </extensions>
      </trkpt>
      <trkpt lat="28.23603164819034" lon="112.90934964886777">
        <ele>70.27039955090731</ele>
        <time>2026-09-15T22:40:06.800000Z</time>
        <extensions>
          <gpxtpx:TrackPointExtension>
            <gpxtpx:hr>173</gpxtpx:hr>
          </gpxtpx:TrackPointExtension>
        </extensions>
      </trkpt>
      <trkpt lat="28.23603264569305" lon="112.9093503890275">
        <ele>70.23222559224814</ele>
        <time>2026-09-15T22:40:07.800000Z</time>
        <extensions>
          <gpxtpx:TrackPointExtension>
            <gpxtpx:hr>173</gpxtpx:hr>
          </gpxtpx:TrackPointExtension>
        </extensions>
      </trkpt>
      <trkpt lat="28.236033491172112" lon="112.90935155125268">
        <ele>70.1978063704446</ele>
        <time>2026-09-15T22:40:08.800000Z</time>
        <extensions>
          <gpxtpx:TrackPointExtension>
            <gpxtpx:hr>173</gpxtpx:hr>
          </gpxtpx:TrackPointExtension>
        </extensions>
      </trkpt>
      <trkpt lat="28.236034554360213" lon="112.90935324484074">
        <ele>70.16999442409724</ele>
        <time>2026-09-15T22:40:09.800000Z</time>
        <extensions>
          <gpxtpx:TrackPointExtension>
            <gpxtpx:hr>173</gpxtpx:hr>
          </gpxtpx:TrackPointExtension>
        </extensions>
      </trkpt>
      <trkpt lat="28.236036287254056" lon="112.90935566367534">
        <ele>70.15143506415188</ele>
        <time>2026-09-15T22:40:10.800000Z</time>
        <extensions>
          <gpxtpx:TrackPointExtension>
            <gpxtpx:hr>174</gpxtpx:hr>
          </gpxtpx:TrackPointExtension>
        </extensions>
      </trkpt>
      <trkpt lat="28.236039225955977" lon="112.90935911633751">
        <ele>70.14377595670521</ele>
        <time>2026-09-15T22:40:11.800000Z</time>
        <extensions>
          <gpxtpx:TrackPointExtension>
            <gpxtpx:hr>174</gpxtpx:hr>
          </gpxtpx:TrackPointExtension>
        </extensions>
      </trkpt>
      <trkpt lat="28.23604353377113" lon="112.90936307983245">
        <ele>70.14625577069819</ele>
        <time>2026-09-15T22:40:12.700000Z</time>
        <extensions>
          <gpxtpx:TrackPointExtension>
            <gpxtpx:hr>174</gpxtpx:hr>
          </gpxtpx:TrackPointExtension>
        </extensions>
      </trkpt>
      <trkpt lat="28.236050619708735" lon="112.90936736347122">
        <ele>70.15831426065415</ele>
        <time>2026-09-15T22:40:13.700000Z</time>
        <extensions>
          <gpxtpx:TrackPointExtension>
            <gpxtpx:hr>173</gpxtpx:hr>
          </gpxtpx:TrackPointExtension>
        </extensions>
      </trkpt>
      <trkpt lat="28.236060917647436" lon="112.90937116358897">
        <ele>70.17902957554907</ele>
        <time>2026-09-15T22:40:14.700000Z</time>
        <extensions>
          <gpxtpx:TrackPointExtension>
            <gpxtpx:hr>173</gpxtpx:hr>
          </gpxtpx:TrackPointExtension>
        </extensions>
      </trkpt>
      <trkpt lat="28.236074877486065" lon="112.90937462756995">
        <ele>70.20709956996143</ele>
        <time>2026-09-15T22:40:15.700000Z</time>
        <extensions>
          <gpxtpx:TrackPointExtension>
            <gpxtpx:hr>173</gpxtpx:hr>
          </gpxtpx:TrackPointExtension>
        </extensions>
      </trkpt>
      <trkpt lat="28.236092923583087" lon="112.90937775170849">
        <ele>70.24228789564222</ele>
        <time>2026-09-15T22:40:16.700000Z</time>
        <extensions>
          <gpxtpx:TrackPointExtension>
            <gpxtpx:hr>173</gpxtpx:hr>
          </gpxtpx:TrackPointExtension>
        </extensions>
      </trkpt>
      <trkpt lat="28.23611493792108" lon="112.90938038619905">
        <ele>70.28322705905885</ele>
        <time>2026-09-15T22:40:17.700000Z</time>
        <extensions>
          <gpxtpx:TrackPointExtension>
            <gpxtpx:hr>173</gpxtpx:hr>
          </gpxtpx:TrackPointExtension>
        </extensions>
      </trkpt>
      <trkpt lat="28.23613988666384" lon="112.90938264900379">
        <ele>70.32982743531466</ele>
        <time>2026-09-15T22:40:18.700000Z</time>
        <extensions>
          <gpxtpx:TrackPointExtension>
            <gpxtpx:hr>173</gpxtpx:hr>
          </gpxtpx:TrackPointExtension>
        </extensions>
      </trkpt>
      <trkpt lat="28.236166471656112" lon="112.90938478490799">
        <ele>70.38169073592871</ele>
        <time>2026-09-15T22:40:19.700000Z</time>
        <extensions>
          <gpxtpx:TrackPointExtension>
            <gpxtpx:hr>173</gpxtpx:hr>
          </gpxtpx:TrackPointExtension>
        </extensions>
      </trkpt>
      <trkpt lat="28.236193693325912" lon="112.90938680372605">
        <ele>70.43808677140623</ele>
        <time>2026-09-15T22:40:20.700000Z</time>
        <extensions>
          <gpxtpx:TrackPointExtension>
            <gpxtpx:hr>173</gpxtpx:hr>
          </gpxtpx:TrackPointExtension>
        </extensions>
      </trkpt>
      <trkpt lat="28.236220851711565" lon="112.90938836228102">
        <ele>70.49903497844934</ele>
        <time>2026-09-15T22:40:21.700000Z</time>
        <extensions>
          <gpxtpx:TrackPointExtension>
            <gpxtpx:hr>173</gpxtpx:hr>
          </gpxtpx:TrackPointExtension>
        </extensions>
      </trkpt>
      <trkpt lat="28.236247644903365" lon="112.90938918839497">
        <ele>70.56378459837288</ele>
        <time>2026-09-15T22:40:22.700000Z</time>
        <extensions>
          <gpxtpx:TrackPointExtension>
            <gpxtpx:hr>173</gpxtpx:hr>
          </gpxtpx:TrackPointExtension>
        </extensions>
      </trkpt>
      <trkpt lat="28.23627408285958" lon="112.90938953335773">
        <ele>70.63166399113834</ele>
        <time>2026-09-15T22:40:23.700000Z</time>
        <extensions>
          <gpxtpx:TrackPointExtension>
            <gpxtpx:hr>173</gpxtpx:hr>
          </gpxtpx:TrackPointExtension>
        </extensions>
      </trkpt>
      <trkpt lat="28.236300121145447" lon="112.90938982581406">
        <ele>70.70264465920627</ele>
        <time>2026-09-15T22:40:24.700000Z</time>
        <extensions>
          <gpxtpx:TrackPointExtension>
            <gpxtpx:hr>175</gpxtpx:hr>
          </gpxtpx:TrackPointExtension>
        </extensions>
      </trkpt>
      <trkpt lat="28.236325529225002" lon="112.90939047292412">
        <ele>70.77550513576716</ele>
        <time>2026-09-15T22:40:25.700000Z</time>
        <extensions>
          <gpxtpx:TrackPointExtension>
            <gpxtpx:hr>175</gpxtpx:hr>
          </gpxtpx:TrackPointExtension>
        </extensions>
      </trkpt>
      <trkpt lat="28.236350122206574" lon="112.90939181813843">
        <ele>70.8517029993236</ele>
        <time>2026-09-15T22:40:26.700000Z</time>
        <extensions>
          <gpxtpx:TrackPointExtension>
            <gpxtpx:hr>175</gpxtpx:hr>
          </gpxtpx:TrackPointExtension>
        </extensions>
      </trkpt>
      <trkpt lat="28.23637420688939" lon="112.9093939239207">
        <ele>70.93023852445185</ele>
        <time>2026-09-15T22:40:27.700000Z</time>
        <extensions>
          <gpxtpx:TrackPointExtension>
            <gpxtpx:hr>175</gpxtpx:hr>
          </gpxtpx:TrackPointExtension>
        </extensions>
      </trkpt>
      <trkpt lat="28.236398250861736" lon="112.90939663681982">
        <ele>71.01174524612725</ele>
        <time>2026-09-15T22:40:28.700000Z</time>
        <extensions>
          <gpxtpx:TrackPointExtension>
            <gpxtpx:hr>175</gpxtpx:hr>
          </gpxtpx:TrackPointExtension>
        </extensions>
      </trkpt>
      <trkpt lat="28.23642248958915" lon="112.90939973685784">
        <ele>71.09622572734952</ele>
        <time>2026-09-15T22:40:29.700000Z</time>
        <extensions>
          <gpxtpx:TrackPointExtension>
            <gpxtpx:hr>174</gpxtpx:hr>
          </gpxtpx:TrackPointExtension>
        </extensions>
      </trkpt>
      <trkpt lat="28.23644690829411" lon="112.90940321802702">
        <ele>71.18356108944863</ele>
        <time>2026-09-15T22:40:30.700000Z</time>
        <extensions>
          <gpxtpx:TrackPointExtension>
            <gpxtpx:hr>174</gpxtpx:hr>
          </gpxtpx:TrackPointExtension>
        </extensions>
      </trkpt>
      <trkpt lat="28.236471852901385" lon="112.90940725404607">
        <ele>71.27364358026534</ele>
        <time>2026-09-15T22:40:31.700000Z</time>
        <extensions>
          <gpxtpx:TrackPointExtension>
            <gpxtpx:hr>174</gpxtpx:hr>
          </gpxtpx:TrackPointExtension>
        </extensions>
      </trkpt>
      <trkpt lat="28.23649755067898" lon="112.90941199456333">
        <ele>71.36612542532384</ele>
        <time>2026-09-15T22:40:32.700000Z</time>
        <extensions>
          <gpxtpx:TrackPointExtension>
            <gpxtpx:hr>174</gpxtpx:hr>
          </gpxtpx:TrackPointExtension>
        </extensions>
      </trkpt>
      <trkpt lat="28.23652379667133" lon="112.90941729999666">
        <ele>71.46052835509181</ele>
        <time>2026-09-15T22:40:33.600000Z</time>
        <extensions>
          <gpxtpx:TrackPointExtension>
            <gpxtpx:hr>174</gpxtpx:hr>
          </gpxtpx:TrackPointExtension>
        </extensions>
      </trkpt>
      <trkpt lat="28.236550195231192" lon="112.909423261733">
        <ele>71.55677193775773</ele>
        <time>2026-09-15T22:40:34.600000Z</time>
        <extensions>
          <gpxtpx:TrackPointExtension>
            <gpxtpx:hr>173</gpxtpx:hr>
          </gpxtpx:TrackPointExtension>
        </extensions>
      </trkpt>
      <trkpt lat="28.23657643051544" lon="112.90942999387352">
        <ele>71.65440778527409</ele>
        <time>2026-09-15T22:40:35.600000Z</time>
        <extensions>
          <gpxtpx:TrackPointExtension>
            <gpxtpx:hr>173</gpxtpx:hr>
          </gpxtpx:TrackPointExtension>
        </extensions>
      </trkpt>
      <trkpt lat="28.23660252859501" lon="112.90943727279746">
        <ele>71.75281530804932</ele>
        <time>2026-09-15T22:40:36.600000Z</time>
        <extensions>
          <gpxtpx:TrackPointExtension>
            <gpxtpx:hr>173</gpxtpx:hr>
          </gpxtpx:TrackPointExtension>
        </extensions>
      </trkpt>
      <trkpt lat="28.236628313580823" lon="112.909444852904">
        <ele>71.85184347443283</ele>
        <time>2026-09-15T22:40:37.600000Z</time>
        <extensions>
          <gpxtpx:TrackPointExtension>
            <gpxtpx:hr>173</gpxtpx:hr>
          </gpxtpx:TrackPointExtension>
        </extensions>
      </trkpt>
      <trkpt lat="28.236653709968124" lon="112.90945271381469">
        <ele>71.95126556232572</ele>
        <time>2026-09-15T22:40:38.600000Z</time>
        <extensions>
          <gpxtpx:TrackPointExtension>
            <gpxtpx:hr>173</gpxtpx:hr>
          </gpxtpx:TrackPointExtension>
        </extensions>
      </trkpt>
      <trkpt lat="28.236678903850088" lon="112.909460931252">
        <ele>72.05066409241408</ele>
        <time>2026-09-15T22:40:39.600000Z</time>
        <extensions>
          <gpxtpx:TrackPointExtension>
            <gpxtpx:hr>173</gpxtpx:hr>
          </gpxtpx:TrackPointExtension>
        </extensions>
      </trkpt>
      <trkpt lat="28.236704091688082" lon="112.90946908546324">
        <ele>72.15015447791666</ele>
        <time>2026-09-15T22:40:40.600000Z</time>
        <extensions>
          <gpxtpx:TrackPointExtension>
            <gpxtpx:hr>173</gpxtpx:hr>
          </gpxtpx:TrackPointExtension>
        </extensions>
      </trkpt>
      <trkpt lat="28.236729261570613" lon="112.90947684364748">
        <ele>72.24947031587362</ele>
        <time>2026-09-15T22:40:41.600000Z</time>
        <extensions>
          <gpxtpx:TrackPointExtension>
            <gpxtpx:hr>173</gpxtpx:hr>
          </gpxtpx:TrackPointExtension>
        </extensions>
      </trkpt>
      <trkpt lat="28.23675437970218" lon="112.90948472114844">
        <ele>72.34824345260859</ele>
        <time>2026-09-15T22:40:42.600000Z</time>
        <extensions>
          <gpxtpx:TrackPointExtension>
            <gpxtpx:hr>174</gpxtpx:hr>
          </gpxtpx:TrackPointExtension>
        </extensions>
      </trkpt>
      <trkpt lat="28.236779411252183" lon="112.90949361969076">
        <ele>72.44654874596745</ele>
        <time>2026-09-15T22:40:43.600000Z</time>
        <extensions>
          <gpxtpx:TrackPointExtension>
            <gpxtpx:hr>174</gpxtpx:hr>
          </gpxtpx:TrackPointExtension>
        </extensions>
      </trkpt>
      <trkpt lat="28.236804311083098" lon="112.90950364133703">
        <ele>72.5442085005343</ele>
        <time>2026-09-15T22:40:44.600000Z</time>
        <extensions>
          <gpxtpx:TrackPointExtension>
            <gpxtpx:hr>174</gpxtpx:hr>
          </gpxtpx:TrackPointExtension>
        </extensions>
      </trkpt>
      <trkpt lat="28.236829083941934" lon="112.90951420926044">
        <ele>72.64108499139547</ele>
        <time>2026-09-15T22:40:45.600000Z</time>
        <extensions>
          <gpxtpx:TrackPointExtension>
            <gpxtpx:hr>174</gpxtpx:hr>
          </gpxtpx:TrackPointExtension>
        </extensions>
      </trkpt>
      <trkpt lat="28.236853488941108" lon="112.90952480880095">
        <ele>72.7373916702345</ele>
        <time>2026-09-15T22:40:46.600000Z</time>
        <extensions>
          <gpxtpx:TrackPointExtension>
            <gpxtpx:hr>174</gpxtpx:hr>
          </gpxtpx:TrackPointExtension>
        </extensions>
      </trkpt>
      <trkpt lat="28.236877373111227" lon="112.90953543686939">
        <ele>72.83297159522772</ele>
        <time>2026-09-15T22:40:47.600000Z</time>
        <extensions>
          <gpxtpx:TrackPointExtension>
            <gpxtpx:hr>174</gpxtpx:hr>
          </gpxtpx:TrackPointExtension>
        </extensions>
      </trkpt>
      <trkpt lat="28.23690074100235" lon="112.90954634656794">
        <ele>72.9277947479859</ele>
        <time>2026-09-15T22:40:48.600000Z</time>
        <extensions>
          <gpxtpx:TrackPointExtension>
            <gpxtpx:hr>176</gpxtpx:hr>
          </gpxtpx:TrackPointExtension>
        </extensions>
      </trkpt>
      <trkpt lat="28.236923754443822" lon="112.90955738206466">
        <ele>73.02119317557663</ele>
        <time>2026-09-15T22:40:49.600000Z</time>
        <extensions>
          <gpxtpx:TrackPointExtension>
            <gpxtpx:hr>176</gpxtpx:hr>
          </gpxtpx:TrackPointExtension>
        </extensions>
      </trkpt>
      <trkpt lat="28.236946611207248" lon="112.90956831398762">
        <ele>73.11223491374403</ele>
        <time>2026-09-15T22:40:50.600000Z</time>
        <extensions>
          <gpxtpx:TrackPointExtension>
            <gpxtpx:hr>176</gpxtpx:hr>
          </gpxtpx:TrackPointExtension>
        </extensions>
      </trkpt>
      <trkpt lat="28.23696944912619" lon="112.90957926731788">
        <ele>73.20093625877053</ele>
        <time>2026-09-15T22:40:51.600000Z</time>
        <extensions>
          <gpxtpx:TrackPointExtension>
            <gpxtpx:hr>176</gpxtpx:hr>
          </gpxtpx:TrackPointExtension>
        </extensions>
      </trkpt>
      <trkpt lat="28.236992090499566" lon="112.90959054285787">
        <ele>73.28678931016475</ele>
        <time>2026-09-15T22:40:52.600000Z</time>
        <extensions>
          <gpxtpx:TrackPointExtension>
            <gpxtpx:hr>176</gpxtpx:hr>
          </gpxtpx:TrackPointExtension>
        </extensions>
      </trkpt>
      <trkpt lat="28.237014332897484" lon="112.90960204944993">
        <ele>73.36963637825102</ele>
        <time>2026-09-15T22:40:53.600000Z</time>
        <extensions>
          <gpxtpx:TrackPointExtension>
            <gpxtpx:hr>176</gpxtpx:hr>
          </gpxtpx:TrackPointExtension>
        </extensions>
      </trkpt>
      <trkpt lat="28.23703624418707" lon="112.90961333127215">
        <ele>73.44983843155205</ele>
        <time>2026-09-15T22:40:54.600000Z</time>
        <extensions>
          <gpxtpx:TrackPointExtension>
            <gpxtpx:hr>175</gpxtpx:hr>
          </gpxtpx:TrackPointExtension>
        </extensions>
      </trkpt>
      <trkpt lat="28.237058023060996" lon="112.90962410789462">
        <ele>73.52732453495264</ele>
        <time>2026-09-15T22:40:55.600000Z</time>
        <extensions>
          <gpxtpx:TrackPointExtension>
            <gpxtpx:hr>175</gpxtpx:hr>
          </gpxtpx:TrackPointExtension>
        </extensions>
      </trkpt>
      <trkpt lat="28.23707996074812" lon="112.90963449031265">
        <ele>73.60270135849714</ele>
        <time>2026-09-15T22:40:56.600000Z</time>
        <extensions>
          <gpxtpx:TrackPointExtension>
            <gpxtpx:hr>175</gpxtpx:hr>
          </gpxtpx:TrackPointExtension>
        </extensions>
      </trkpt>
      <trkpt lat="28.237102075927154" lon="112.90964463149898">
        <ele>73.67644516471773</ele>
        <time>2026-09-15T22:40:57.600000Z</time>
        <extensions>
          <gpxtpx:TrackPointExtension>
            <gpxtpx:hr>175</gpxtpx:hr>
          </gpxtpx:TrackPointExtension>
        </extensions>
      </trkpt>
      <trkpt lat="28.237124399084372" lon="112.90965463871296">
        <ele>73.74909591767937</ele>
        <time>2026-09-15T22:40:58.600000Z</time>
        <extensions>
          <gpxtpx:TrackPointExtension>
            <gpxtpx:hr>175</gpxtpx:hr>
          </gpxtpx:TrackPointExtension>
        </extensions>
      </trkpt>
      <trkpt lat="28.237146876190234" lon="112.90966451283099">
        <ele>73.82163462042809</ele>
        <time>2026-09-15T22:40:59.600000Z</time>
        <extensions>
          <gpxtpx:TrackPointExtension>
            <gpxtpx:hr>174</gpxtpx:hr>
          </gpxtpx:TrackPointExtension>
        </extensions>
      </trkpt>
      <trkpt lat="28.237169363842273" lon="112.90967402951068">
        <ele>73.89406594540924</ele>
        <time>2026-09-15T22:41:00.600000Z</time>
        <extensions>
          <gpxtpx:TrackPointExtension>
            <gpxtpx:hr>174</gpxtpx:hr>
          </gpxtpx:TrackPointExtension>
        </extensions>
      </trkpt>
      <trkpt lat="28.237191855520944" lon="112.90968309752891">
        <ele>73.96677393093705</ele>
        <time>2026-09-15T22:41:01.600000Z</time>
        <extensions>
          <gpxtpx:TrackPointExtension>
            <gpxtpx:hr>174</gpxtpx:hr>
          </gpxtpx:TrackPointExtension>
        </extensions>
      </trkpt>
      <trkpt lat="28.23721459078837" lon="112.90969177489019">
        <ele>74.04041704535484</ele>
        <time>2026-09-15T22:41:02.600000Z</time>
        <extensions>
          <gpxtpx:TrackPointExtension>
            <gpxtpx:hr>174</gpxtpx:hr>
          </gpxtpx:TrackPointExtension>
        </extensions>
      </trkpt>
      <trkpt lat="28.23723771173175" lon="112.90970004680466">
        <ele>74.11516974493861</ele>
        <time>2026-09-15T22:41:03.600000Z</time>
        <extensions>
          <gpxtpx:TrackPointExtension>
            <gpxtpx:hr>168</gpxtpx:hr>
          </gpxtpx:TrackPointExtension>
        </extensions>
      </trkpt>
      <trkpt lat="28.237260918149204" lon="112.90970754112702">
        <ele>74.19121705833822</ele>
        <time>2026-09-15T22:41:04.600000Z</time>
        <extensions>
          <gpxtpx:TrackPointExtension>
            <gpxtpx:hr>168</gpxtpx:hr>
          </gpxtpx:TrackPointExtension>
        </extensions>
      </trkpt>
      <trkpt lat="28.23728404367797" lon="112.90971387717818">
        <ele>74.2683758828789</ele>
        <time>2026-09-15T22:41:05.600000Z</time>
        <extensions>
          <gpxtpx:TrackPointExtension>
            <gpxtpx:hr>168</gpxtpx:hr>
          </gpxtpx:TrackPointExtension>
        </extensions>
      </trkpt>
      <trkpt lat="28.237307208326452" lon="112.90971938968416">
        <ele>74.34683975949883</ele>
        <time>2026-09-15T22:41:06.600000Z</time>
        <extensions>
          <gpxtpx:TrackPointExtension>
            <gpxtpx:hr>168</gpxtpx:hr>
          </gpxtpx:TrackPointExtension>
        </extensions>
      </trkpt>
      <trkpt lat="28.237330777203034" lon="112.90972484227184">
        <ele>74.42582883965224</ele>
        <time>2026-09-15T22:41:07.600000Z</time>
        <extensions>
          <gpxtpx:TrackPointExtension>
            <gpxtpx:hr>168</gpxtpx:hr>
          </gpxtpx:TrackPointExtension>
        </extensions>
      </trkpt>
      <trkpt lat="28.237355029616054" lon="112.90973082440001">
        <ele>74.50600767228752</ele>
        <time>2026-09-15T22:41:08.600000Z</time>
        <extensions>
          <gpxtpx:TrackPointExtension>
            <gpxtpx:hr>168</gpxtpx:hr>
          </gpxtpx:TrackPointExtension>
        </extensions>
      </trkpt>
      <trkpt lat="28.23737992869774" lon="112.90973730186148">
        <ele>74.58723478484899</ele>
        <time>2026-09-15T22:41:09.600000Z</time>
        <extensions>
          <gpxtpx:TrackPointExtension>
            <gpxtpx:hr>159</gpxtpx:hr>
          </gpxtpx:TrackPointExtension>
        </extensions>
      </trkpt>
      <trkpt lat="28.237405192793343" lon="112.90974399448896">
        <ele>74.6698407838121</ele>
        <time>2026-09-15T22:41:10.600000Z</time>
        <extensions>
          <gpxtpx:TrackPointExtension>
            <gpxtpx:hr>159</gpxtpx:hr>
          </gpxtpx:TrackPointExtension>
        </extensions>
      </trkpt>
      <trkpt lat="28.237430405160495" lon="112.90975096237133">
        <ele>74.75355474092066</ele>
        <time>2026-09-15T22:41:11.600000Z</time>
        <extensions>
          <gpxtpx:TrackPointExtension>
            <gpxtpx:hr>159</gpxtpx:hr>
          </gpxtpx:TrackPointExtension>
        </extensions>
      </trkpt>
      <trkpt lat="28.237455287282316" lon="112.909758522765">
        <ele>74.83800280559808</ele>
        <time>2026-09-15T22:41:12.600000Z</time>
        <extensions>
          <gpxtpx:TrackPointExtension>
            <gpxtpx:hr>159</gpxtpx:hr>
          </gpxtpx:TrackPointExtension>
        </extensions>
      </trkpt>
      <trkpt lat="28.237479825355145" lon="112.9097667473302">
        <ele>74.92242601141334</ele>
        <time>2026-09-15T22:41:13.600000Z</time>
        <extensions>
          <gpxtpx:TrackPointExtension>
            <gpxtpx:hr>159</gpxtpx:hr>
          </gpxtpx:TrackPointExtension>
        </extensions>
      </trkpt>
      <trkpt lat="28.23750418154065" lon="112.90977544734699">
        <ele>75.00601050257683</ele>
        <time>2026-09-15T22:41:14.600000Z</time>
        <extensions>
          <gpxtpx:TrackPointExtension>
            <gpxtpx:hr>156</gpxtpx:hr>
          </gpxtpx:TrackPointExtension>
        </extensions>
      </trkpt>
      <trkpt lat="28.237528492503767" lon="112.9097844177379">
        <ele>75.08777176309377</ele>
        <time>2026-09-15T22:41:15.600000Z</time>
        <extensions>
          <gpxtpx:TrackPointExtension>
            <gpxtpx:hr>156</gpxtpx:hr>
          </gpxtpx:TrackPointExtension>
        </extensions>
      </trkpt>
      <trkpt lat="28.237552912302455" lon="112.9097933169464">
        <ele>75.16731078922749</ele>
        <time>2026-09-15T22:41:16.600000Z</time>
        <extensions>
          <gpxtpx:TrackPointExtension>
            <gpxtpx:hr>156</gpxtpx:hr>
          </gpxtpx:TrackPointExtension>
        </extensions>
      </trkpt>
      <trkpt lat="28.237577476164578" lon="112.90980198053096">
        <ele>75.24428965710104</ele>
        <time>2026-09-15T22:41:17.600000Z</time>
        <extensions>
          <gpxtpx:TrackPointExtension>
            <gpxtpx:hr>156</gpxtpx:hr>
          </gpxtpx:TrackPointExtension>
        </extensions>
      </trkpt>
      <trkpt lat="28.23760214465973" lon="112.90981044291865">
        <ele>75.31818062532693</ele>
        <time>2026-09-15T22:41:18.600000Z</time>
        <extensions>
          <gpxtpx:TrackPointExtension>
            <gpxtpx:hr>156</gpxtpx:hr>
          </gpxtpx:TrackPointExtension>
        </extensions>
      </trkpt>
      <trkpt lat="28.237626872465086" lon="112.90981875782866">
        <ele>75.38915220741183</ele>
        <time>2026-09-15T22:41:19.600000Z</time>
        <extensions>
          <gpxtpx:TrackPointExtension>
            <gpxtpx:hr>159</gpxtpx:hr>
          </gpxtpx:TrackPointExtension>
        </extensions>
      </trkpt>
      <trkpt lat="28.237651660548167" lon="112.90982702288777">
        <ele>75.45678807608783</ele>
        <time>2026-09-15T22:41:20.600000Z</time>
        <extensions>
          <gpxtpx:TrackPointExtension>
            <gpxtpx:hr>159</gpxtpx:hr>
          </gpxtpx:TrackPointExtension>
        </extensions>
      </trkpt>
      <trkpt lat="28.237676526683813" lon="112.90983552217254">
        <ele>75.52100847195834</ele>
        <time>2026-09-15T22:41:21.600000Z</time>
        <extensions>
          <gpxtpx:TrackPointExtension>
            <gpxtpx:hr>159</gpxtpx:hr>
          </gpxtpx:TrackPointExtension>
        </extensions>
      </trkpt>
      <trkpt lat="28.237701381393247" lon="112.90984411891999">
        <ele>75.5827964656055</ele>
        <time>2026-09-15T22:41:22.600000Z</time>
        <extensions>
          <gpxtpx:TrackPointExtension>
            <gpxtpx:hr>159</gpxtpx:hr>
          </gpxtpx:TrackPointExtension>
        </extensions>
      </trkpt>
      <trkpt lat="28.237726220994244" lon="112.90985260659924">
        <ele>75.64187836274505</ele>
        <time>2026-09-15T22:41:23.600000Z</time>
        <extensions>
          <gpxtpx:TrackPointExtension>
            <gpxtpx:hr>160</gpxtpx:hr>
          </gpxtpx:TrackPointExtension>
        </extensions>
      </trkpt>
      <trkpt lat="28.237751058648172" lon="112.90986101383041">
        <ele>75.69918196182698</ele>
        <time>2026-09-15T22:41:24.600000Z</time>
        <extensions>
          <gpxtpx:TrackPointExtension>
            <gpxtpx:hr>160</gpxtpx:hr>
          </gpxtpx:TrackPointExtension>
        </extensions>
      </trkpt>
      <trkpt lat="28.237775999697686" lon="112.90986923135513">
        <ele>75.75471047963947</ele>
        <time>2026-09-15T22:41:25.500000Z</time>
        <extensions>
          <gpxtpx:TrackPointExtension>
            <gpxtpx:hr>160</gpxtpx:hr>
          </gpxtpx:TrackPointExtension>
        </extensions>
      </trkpt>
      <trkpt lat="28.23780099618242" lon="112.90987747055918">
        <ele>75.80862456001341</ele>
        <time>2026-09-15T22:41:26.500000Z</time>
        <extensions>
          <gpxtpx:TrackPointExtension>
            <gpxtpx:hr>160</gpxtpx:hr>
          </gpxtpx:TrackPointExtension>
        </extensions>
      </trkpt>
      <trkpt lat="28.23782586688707" lon="112.90988604693658">
        <ele>75.86221231147647</ele>
        <time>2026-09-15T22:41:27.500000Z</time>
        <extensions>
          <gpxtpx:TrackPointExtension>
            <gpxtpx:hr>160</gpxtpx:hr>
          </gpxtpx:TrackPointExtension>
        </extensions>
      </trkpt>
      <trkpt lat="28.237850576417934" lon="112.90989509479121">
        <ele>75.91561905667186</ele>
        <time>2026-09-15T22:41:28.500000Z</time>
        <extensions>
          <gpxtpx:TrackPointExtension>
            <gpxtpx:hr>160</gpxtpx:hr>
          </gpxtpx:TrackPointExtension>
        </extensions>
      </trkpt>
      <trkpt lat="28.237875171521175" lon="112.90990461855672">
        <ele>75.96969585493207</ele>
        <time>2026-09-15T22:41:29.500000Z</time>
        <extensions>
          <gpxtpx:TrackPointExtension>
            <gpxtpx:hr>160</gpxtpx:hr>
          </gpxtpx:TrackPointExtension>
        </extensions>
      </trkpt>
      <trkpt lat="28.2378997567493" lon="112.90991455432383">
        <ele>76.02507975324988</ele>
        <time>2026-09-15T22:41:30.500000Z</time>
        <extensions>
          <gpxtpx:TrackPointExtension>
            <gpxtpx:hr>160</gpxtpx:hr>
          </gpxtpx:TrackPointExtension>
        </extensions>
      </trkpt>
      <trkpt lat="28.237924329435394" lon="112.90992454637315">
        <ele>76.08203959930688</ele>
        <time>2026-09-15T22:41:31.500000Z</time>
        <extensions>
          <gpxtpx:TrackPointExtension>
            <gpxtpx:hr>160</gpxtpx:hr>
          </gpxtpx:TrackPointExtension>
        </extensions>
      </trkpt>
      <trkpt lat="28.23794903938424" lon="112.90993405222284">
        <ele>76.13958203233778</ele>
        <time>2026-09-15T22:41:32.500000Z</time>
        <extensions>
          <gpxtpx:TrackPointExtension>
            <gpxtpx:hr>160</gpxtpx:hr>
          </gpxtpx:TrackPointExtension>
        </extensions>
      </trkpt>
      <trkpt lat="28.237974000111773" lon="112.90994274987086">
        <ele>76.20057854056358</ele>
        <time>2026-09-15T22:41:33.500000Z</time>
        <extensions>
          <gpxtpx:TrackPointExtension>
            <gpxtpx:hr>161</gpxtpx:hr>
          </gpxtpx:TrackPointExtension>
        </extensions>
      </trkpt>
      <trkpt lat="28.237999196778752" lon="112.90995048703802">
        <ele>76.26406093686819</ele>
        <time>2026-09-15T22:41:34.500000Z</time>
        <extensions>
          <gpxtpx:TrackPointExtension>
            <gpxtpx:hr>161</gpxtpx:hr>
          </gpxtpx:TrackPointExtension>
        </extensions>
      </trkpt>
      <trkpt lat="28.238024584881366" lon="112.90995726687434">
        <ele>76.33053548261523</ele>
        <time>2026-09-15T22:41:35.500000Z</time>
        <extensions>
          <gpxtpx:TrackPointExtension>
            <gpxtpx:hr>161</gpxtpx:hr>
          </gpxtpx:TrackPointExtension>
        </extensions>
      </trkpt>
      <trkpt lat="28.238050069196355" lon="112.90996356563691">
        <ele>76.40178066771477</ele>
        <time>2026-09-15T22:41:36.500000Z</time>
        <extensions>
          <gpxtpx:TrackPointExtension>
            <gpxtpx:hr>161</gpxtpx:hr>
          </gpxtpx:TrackPointExtension>
        </extensions>
      </trkpt>
      <trkpt lat="28.238075731599157" lon="112.90997015121545">
        <ele>76.47743420023471</ele>
        <time>2026-09-15T22:41:37.500000Z</time>
        <extensions>
          <gpxtpx:TrackPointExtension>
            <gpxtpx:hr>161</gpxtpx:hr>
          </gpxtpx:TrackPointExtension>
        </extensions>
      </trkpt>
      <trkpt lat="28.238101626815926" lon="112.90997706582088">
        <ele>76.55784675292671</ele>
        <time>2026-09-15T22:41:38.500000Z</time>
        <extensions>
          <gpxtpx:TrackPointExtension>
            <gpxtpx:hr>164</gpxtpx:hr>
          </gpxtpx:TrackPointExtension>
        </extensions>
      </trkpt>
      <trkpt lat="28.238127641998137" lon="112.90998384635147">
        <ele>76.64331969060004</ele>
        <time>2026-09-15T22:41:39.500000Z</time>
        <extensions>
          <gpxtpx:TrackPointExtension>
            <gpxtpx:hr>164</gpxtpx:hr>
          </gpxtpx:TrackPointExtension>
        </extensions>
      </trkpt>
      <trkpt lat="28.23815361517309" lon="112.90999019370926">
        <ele>76.73325923550874</ele>
        <time>2026-09-15T22:41:40.500000Z</time>
        <extensions>
          <gpxtpx:TrackPointExtension>
            <gpxtpx:hr>164</gpxtpx:hr>
          </gpxtpx:TrackPointExtension>
        </extensions>
      </trkpt>
      <trkpt lat="28.23817950497124" lon="112.90999611024456">
        <ele>76.82829672191292</ele>
        <time>2026-09-15T22:41:41.500000Z</time>
        <extensions>
          <gpxtpx:TrackPointExtension>
            <gpxtpx:hr>164</gpxtpx:hr>
          </gpxtpx:TrackPointExtension>
        </extensions>
      </trkpt>
      <trkpt lat="28.238205338715684" lon="112.91000173598852">
        <ele>76.92806950490922</ele>
        <time>2026-09-15T22:41:42.500000Z</time>
        <extensions>
          <gpxtpx:TrackPointExtension>
            <gpxtpx:hr>164</gpxtpx:hr>
          </gpxtpx:TrackPointExtension>
        </extensions>
      </trkpt>
      <trkpt lat="28.238231129531698" lon="112.9100069649291">
        <ele>77.03185295406729</ele>
        <time>2026-09-15T22:41:43.500000Z</time>
        <extensions>
          <gpxtpx:TrackPointExtension>
            <gpxtpx:hr>166</gpxtpx:hr>
          </gpxtpx:TrackPointExtension>
        </extensions>
      </trkpt>
      <trkpt lat="28.2382568032354" lon="112.91001192442278">
        <ele>77.14078886061907</ele>
        <time>2026-09-15T22:41:44.500000Z</time>
        <extensions>
          <gpxtpx:TrackPointExtension>
            <gpxtpx:hr>166</gpxtpx:hr>
          </gpxtpx:TrackPointExtension>
        </extensions>
      </trkpt>
      <trkpt lat="28.238282219652994" lon="112.91001662514226">
        <ele>77.25332665350288</ele>
        <time>2026-09-15T22:41:45.500000Z</time>
        <extensions>
          <gpxtpx:TrackPointExtension>
            <gpxtpx:hr>166</gpxtpx:hr>
          </gpxtpx:TrackPointExtension>
        </extensions>
      </trkpt>
      <trkpt lat="28.23830746075519" lon="112.91002026345066">
        <ele>77.36924854293466</ele>
        <time>2026-09-15T22:41:46.500000Z</time>
        <extensions>
          <gpxtpx:TrackPointExtension>
            <gpxtpx:hr>166</gpxtpx:hr>
          </gpxtpx:TrackPointExtension>
        </extensions>
      </trkpt>
      <trkpt lat="28.23833263840736" lon="112.9100222412589">
        <ele>77.48982763011009</ele>
        <time>2026-09-15T22:41:47.500000Z</time>
        <extensions>
          <gpxtpx:TrackPointExtension>
            <gpxtpx:hr>166</gpxtpx:hr>
          </gpxtpx:TrackPointExtension>
        </extensions>
      </trkpt>
      <trkpt lat="28.23835784391252" lon="112.91002260178017">
        <ele>77.6139016347006</ele>
        <time>2026-09-15T22:41:48.500000Z</time>
        <extensions>
          <gpxtpx:TrackPointExtension>
            <gpxtpx:hr>167</gpxtpx:hr>
          </gpxtpx:TrackPointExtension>
        </extensions>
      </trkpt>
      <trkpt lat="28.238383245280723" lon="112.91002160157582">
        <ele>77.7407766636461</ele>
        <time>2026-09-15T22:41:49.500000Z</time>
        <extensions>
          <gpxtpx:TrackPointExtension>
            <gpxtpx:hr>167</gpxtpx:hr>
          </gpxtpx:TrackPointExtension>
        </extensions>
      </trkpt>
      <trkpt lat="28.23840891095171" lon="112.91001993690966">
        <ele>77.87063405010849</ele>
        <time>2026-09-15T22:41:50.500000Z</time>
        <extensions>
          <gpxtpx:TrackPointExtension>
            <gpxtpx:hr>167</gpxtpx:hr>
          </gpxtpx:TrackPointExtension>
        </extensions>
      </trkpt>
      <trkpt lat="28.238434829583348" lon="112.9100180693808">
        <ele>78.00098146498203</ele>
        <time>2026-09-15T22:41:51.500000Z</time>
        <extensions>
          <gpxtpx:TrackPointExtension>
            <gpxtpx:hr>167</gpxtpx:hr>
          </gpxtpx:TrackPointExtension>
        </extensions>
      </trkpt>
      <trkpt lat="28.23846100387729" lon="112.91001594720242">
        <ele>78.1329551730305</ele>
        <time>2026-09-15T22:41:52.500000Z</time>
        <extensions>
          <gpxtpx:TrackPointExtension>
            <gpxtpx:hr>167</gpxtpx:hr>
          </gpxtpx:TrackPointExtension>
        </extensions>
      </trkpt>
      <trkpt lat="28.238487170554414" lon="112.91001386376614">
        <ele>78.26496019307524</ele>
        <time>2026-09-15T22:41:53.500000Z</time>
        <extensions>
          <gpxtpx:TrackPointExtension>
            <gpxtpx:hr>169</gpxtpx:hr>
          </gpxtpx:TrackPointExtension>
        </extensions>
      </trkpt>
      <trkpt lat="28.238513040876438" lon="112.9100123356208">
        <ele>78.39664585795254</ele>
        <time>2026-09-15T22:41:54.500000Z</time>
        <extensions>
          <gpxtpx:TrackPointExtension>
            <gpxtpx:hr>169</gpxtpx:hr>
          </gpxtpx:TrackPointExtension>
        </extensions>
      </trkpt>
      <trkpt lat="28.238538792167756" lon="112.91001157786202">
        <ele>78.52716449089348</ele>
        <time>2026-09-15T22:41:55.500000Z</time>
        <extensions>
          <gpxtpx:TrackPointExtension>
            <gpxtpx:hr>169</gpxtpx:hr>
          </gpxtpx:TrackPointExtension>
        </extensions>
      </trkpt>
      <trkpt lat="28.238564844816324" lon="112.91001154298264">
        <ele>78.6565266540274</ele>
        <time>2026-09-15T22:41:56.500000Z</time>
        <extensions>
          <gpxtpx:TrackPointExtension>
            <gpxtpx:hr>169</gpxtpx:hr>
          </gpxtpx:TrackPointExtension>
        </extensions>
      </trkpt>
      <trkpt lat="28.238591447525955" lon="112.91001224298009">
        <ele>78.78305550757796</ele>
        <time>2026-09-15T22:41:57.500000Z</time>
        <extensions>
          <gpxtpx:TrackPointExtension>
            <gpxtpx:hr>169</gpxtpx:hr>
          </gpxtpx:TrackPointExtension>
        </extensions>
      </trkpt>
      <trkpt lat="28.238618259718184" lon="112.91001361047101">
        <ele>78.9068375211209</ele>
        <time>2026-09-15T22:41:58.500000Z</time>
        <extensions>
          <gpxtpx:TrackPointExtension>
            <gpxtpx:hr>169</gpxtpx:hr>
          </gpxtpx:TrackPointExtension>
        </extensions>
      </trkpt>
      <trkpt lat="28.238644820753265" lon="112.91001523280829">
        <ele>79.02684008330107</ele>
        <time>2026-09-15T22:41:59.500000Z</time>
        <extensions>
          <gpxtpx:TrackPointExtension>
            <gpxtpx:hr>169</gpxtpx:hr>
          </gpxtpx:TrackPointExtension>
        </extensions>
      </trkpt>
      <trkpt lat="28.2386709365476" lon="112.91001647969948">
        <ele>79.14233552105725</ele>
        <time>2026-09-15T22:42:00.500000Z</time>
        <extensions>
          <gpxtpx:TrackPointExtension>
            <gpxtpx:hr>169</gpxtpx:hr>
          </gpxtpx:TrackPointExtension>
        </extensions>
      </trkpt>
      <trkpt lat="28.23869669327007" lon="112.91001721313143">
        <ele>79.25229758862406</ele>
        <time>2026-09-15T22:42:01.500000Z</time>
        <extensions>
          <gpxtpx:TrackPointExtension>
            <gpxtpx:hr>169</gpxtpx:hr>
          </gpxtpx:TrackPointExtension>
        </extensions>
      </trkpt>
      <trkpt lat="28.238722343744733" lon="112.91001786011532">
        <ele>79.35723492130637</ele>
        <time>2026-09-15T22:42:02.500000Z</time>
        <extensions>
          <gpxtpx:TrackPointExtension>
            <gpxtpx:hr>170</gpxtpx:hr>
          </gpxtpx:TrackPointExtension>
        </extensions>
      </trkpt>
      <trkpt lat="28.23874805182274" lon="112.91001878898598">
        <ele>79.45614356733859</ele>
        <time>2026-09-15T22:42:03.500000Z</time>
        <extensions>
          <gpxtpx:TrackPointExtension>
            <gpxtpx:hr>170</gpxtpx:hr>
          </gpxtpx:TrackPointExtension>
        </extensions>
      </trkpt>
      <trkpt lat="28.238773961597815" lon="112.91002032547645">
        <ele>79.5496486723423</ele>
        <time>2026-09-15T22:42:04.500000Z</time>
        <extensions>
          <gpxtpx:TrackPointExtension>
            <gpxtpx:hr>170</gpxtpx:hr>
          </gpxtpx:TrackPointExtension>
        </extensions>
      </trkpt>
      <trkpt lat="28.23879983299232" lon="112.91002282742845">
        <ele>79.63758310768753</ele>
        <time>2026-09-15T22:42:05.500000Z</time>
        <extensions>
          <gpxtpx:TrackPointExtension>
            <gpxtpx:hr>170</gpxtpx:hr>
          </gpxtpx:TrackPointExtension>
        </extensions>
      </trkpt>
      <trkpt lat="28.23882513928445" lon="112.91002687140794">
        <ele>79.71859363093972</ele>
        <time>2026-09-15T22:42:06.500000Z</time>
        <extensions>
          <gpxtpx:TrackPointExtension>
            <gpxtpx:hr>170</gpxtpx:hr>
          </gpxtpx:TrackPointExtension>
        </extensions>
      </trkpt>
      <trkpt lat="28.238849739778676" lon="112.91003191516353">
        <ele>79.7945030014962</ele>
        <time>2026-09-15T22:42:07.500000Z</time>
        <extensions>
          <gpxtpx:TrackPointExtension>
            <gpxtpx:hr>170</gpxtpx:hr>
          </gpxtpx:TrackPointExtension>
        </extensions>
      </trkpt>
      <trkpt lat="28.23887391302424" lon="112.91003594413695">
        <ele>79.86427930183709</ele>
        <time>2026-09-15T22:42:08.500000Z</time>
        <extensions>
          <gpxtpx:TrackPointExtension>
            <gpxtpx:hr>173</gpxtpx:hr>
          </gpxtpx:TrackPointExtension>
        </extensions>
      </trkpt>
      <trkpt lat="28.238898145637116" lon="112.9100378098971">
        <ele>79.93001018837094</ele>
        <time>2026-09-15T22:42:09.500000Z</time>
        <extensions>
          <gpxtpx:TrackPointExtension>
            <gpxtpx:hr>173</gpxtpx:hr>
          </gpxtpx:TrackPointExtension>
        </extensions>
      </trkpt>
      <trkpt lat="28.23892305024139" lon="112.91003758023338">
        <ele>79.99041615612805</ele>
        <time>2026-09-15T22:42:10.500000Z</time>
        <extensions>
          <gpxtpx:TrackPointExtension>
            <gpxtpx:hr>173</gpxtpx:hr>
          </gpxtpx:TrackPointExtension>
        </extensions>
      </trkpt>
      <trkpt lat="28.23894873248831" lon="112.91003543825639">
        <ele>80.04660625755787</ele>
        <time>2026-09-15T22:42:11.500000Z</time>
        <extensions>
          <gpxtpx:TrackPointExtension>
            <gpxtpx:hr>173</gpxtpx:hr>
          </gpxtpx:TrackPointExtension>
        </extensions>
      </trkpt>
      <trkpt lat="28.23897455189981" lon="112.91003124932377">
        <ele>80.09996173065156</ele>
        <time>2026-09-15T22:42:12.500000Z</time>
        <extensions>
          <gpxtpx:TrackPointExtension>
            <gpxtpx:hr>173</gpxtpx:hr>
          </gpxtpx:TrackPointExtension>
        </extensions>
      </trkpt>
      <trkpt lat="28.23900008066266" lon="112.91002497508808">
        <ele>80.15022881887853</ele>
        <time>2026-09-15T22:42:13.500000Z</time>
        <extensions>
          <gpxtpx:TrackPointExtension>
            <gpxtpx:hr>173</gpxtpx:hr>
          </gpxtpx:TrackPointExtension>
        </extensions>
      </trkpt>
      <trkpt lat="28.239025201750586" lon="112.91001683135529">
        <ele>80.19780069962144</ele>
        <time>2026-09-15T22:42:14.500000Z</time>
        <extensions>
          <gpxtpx:TrackPointExtension>
            <gpxtpx:hr>173</gpxtpx:hr>
          </gpxtpx:TrackPointExtension>
        </extensions>
      </trkpt>
      <trkpt lat="28.239049865829053" lon="112.91000727761629">
        <ele>80.2432446135208</ele>
        <time>2026-09-15T22:42:15.500000Z</time>
        <extensions>
          <gpxtpx:TrackPointExtension>
            <gpxtpx:hr>173</gpxtpx:hr>
          </gpxtpx:TrackPointExtension>
        </extensions>
      </trkpt>
      <trkpt lat="28.239074086365967" lon="112.90999724774866">
        <ele>80.28723951335996</ele>
        <time>2026-09-15T22:42:16.500000Z</time>
        <extensions>
          <gpxtpx:TrackPointExtension>
            <gpxtpx:hr>173</gpxtpx:hr>
          </gpxtpx:TrackPointExtension>
        </extensions>
      </trkpt>
      <trkpt lat="28.239098135350652" lon="112.90998740026656">
        <ele>80.32975265849382</ele>
        <time>2026-09-15T22:42:17.400000Z</time>
        <extensions>
          <gpxtpx:TrackPointExtension>
            <gpxtpx:hr>173</gpxtpx:hr>
          </gpxtpx:TrackPointExtension>
        </extensions>
      </trkpt>
      <trkpt lat="28.23912238226739" lon="112.90997789509638">
        <ele>80.37094686087221</ele>
        <time>2026-09-15T22:42:18.400000Z</time>
        <extensions>
          <gpxtpx:TrackPointExtension>
            <gpxtpx:hr>174</gpxtpx:hr>
          </gpxtpx:TrackPointExtension>
        </extensions>
      </trkpt>
      <trkpt lat="28.23914674227344" lon="112.90996860033404">
        <ele>80.41063759010285</ele>
        <time>2026-09-15T22:42:19.400000Z</time>
        <extensions>
          <gpxtpx:TrackPointExtension>
            <gpxtpx:hr>174</gpxtpx:hr>
          </gpxtpx:TrackPointExtension>
        </extensions>
      </trkpt>
      <trkpt lat="28.239171162030168" lon="112.90995939854574">
        <ele>80.44956894218922</ele>
        <time>2026-09-15T22:42:20.400000Z</time>
        <extensions>
          <gpxtpx:TrackPointExtension>
            <gpxtpx:hr>174</gpxtpx:hr>
          </gpxtpx:TrackPointExtension>
        </extensions>
      </trkpt>
      <trkpt lat="28.239195591231628" lon="112.9099501912004">
        <ele>80.48758374527097</ele>
        <time>2026-09-15T22:42:21.400000Z</time>
        <extensions>
          <gpxtpx:TrackPointExtension>
            <gpxtpx:hr>174</gpxtpx:hr>
          </gpxtpx:TrackPointExtension>
        </extensions>
      </trkpt>
      <trkpt lat="28.239219951201406" lon="112.90994076150623">
        <ele>80.52475349232554</ele>
        <time>2026-09-15T22:42:22.400000Z</time>
        <extensions>
          <gpxtpx:TrackPointExtension>
            <gpxtpx:hr>174</gpxtpx:hr>
          </gpxtpx:TrackPointExtension>
        </extensions>
      </trkpt>
      <trkpt lat="28.239244228829833" lon="112.90993113007495">
        <ele>80.56116814073175</ele>
        <time>2026-09-15T22:42:23.400000Z</time>
        <extensions>
          <gpxtpx:TrackPointExtension>
            <gpxtpx:hr>175</gpxtpx:hr>
          </gpxtpx:TrackPointExtension>
        </extensions>
      </trkpt>
      <trkpt lat="28.239268364765984" lon="112.90992158463078">
        <ele>80.59692863747478</ele>
        <time>2026-09-15T22:42:24.400000Z</time>
        <extensions>
          <gpxtpx:TrackPointExtension>
            <gpxtpx:hr>175</gpxtpx:hr>
          </gpxtpx:TrackPointExtension>
        </extensions>
      </trkpt>
      <trkpt lat="28.23929231064084" lon="112.90991215778382">
        <ele>80.6319024162367</ele>
        <time>2026-09-15T22:42:25.400000Z</time>
        <extensions>
          <gpxtpx:TrackPointExtension>
            <gpxtpx:hr>175</gpxtpx:hr>
          </gpxtpx:TrackPointExtension>
        </extensions>
      </trkpt>
      <trkpt lat="28.239316060765837" lon="112.90990260016984">
        <ele>80.66567465662956</ele>
        <time>2026-09-15T22:42:26.400000Z</time>
        <extensions>
          <gpxtpx:TrackPointExtension>
            <gpxtpx:hr>175</gpxtpx:hr>
          </gpxtpx:TrackPointExtension>
        </extensions>
      </trkpt>
      <trkpt lat="28.23933973225137" lon="112.9098928939786">
        <ele>80.69876281172037</ele>
        <time>2026-09-15T22:42:27.400000Z</time>
        <extensions>
          <gpxtpx:TrackPointExtension>
            <gpxtpx:hr>175</gpxtpx:hr>
          </gpxtpx:TrackPointExtension>
        </extensions>
      </trkpt>
      <trkpt lat="28.239363205958142" lon="112.90988298339776">
        <ele>80.73027804587036</ele>
        <time>2026-09-15T22:42:28.400000Z</time>
        <extensions>
          <gpxtpx:TrackPointExtension>
            <gpxtpx:hr>172</gpxtpx:hr>
          </gpxtpx:TrackPointExtension>
        </extensions>
      </trkpt>
      <trkpt lat="28.23938646075651" lon="112.90987296089206">
        <ele>80.75978787615895</ele>
        <time>2026-09-15T22:42:29.400000Z</time>
        <extensions>
          <gpxtpx:TrackPointExtension>
            <gpxtpx:hr>172</gpxtpx:hr>
          </gpxtpx:TrackPointExtension>
        </extensions>
      </trkpt>
      <trkpt lat="28.2394095468137" lon="112.90986306924151">
        <ele>80.78751226700842</ele>
        <time>2026-09-15T22:42:30.400000Z</time>
        <extensions>
          <gpxtpx:TrackPointExtension>
            <gpxtpx:hr>172</gpxtpx:hr>
          </gpxtpx:TrackPointExtension>
        </extensions>
      </trkpt>
      <trkpt lat="28.239432552087436" lon="112.90985329621748">
        <ele>80.81272984016687</ele>
        <time>2026-09-15T22:42:31.400000Z</time>
        <extensions>
          <gpxtpx:TrackPointExtension>
            <gpxtpx:hr>172</gpxtpx:hr>
          </gpxtpx:TrackPointExtension>
        </extensions>
      </trkpt>
      <trkpt lat="28.23945571462837" lon="112.90984354843557">
        <ele>80.83494772203267</ele>
        <time>2026-09-15T22:42:32.400000Z</time>
        <extensions>
          <gpxtpx:TrackPointExtension>
            <gpxtpx:hr>172</gpxtpx:hr>
          </gpxtpx:TrackPointExtension>
        </extensions>
      </trkpt>
      <trkpt lat="28.239479066673272" lon="112.90983385656396">
        <ele>80.8541035251692</ele>
        <time>2026-09-15T22:42:33.400000Z</time>
        <extensions>
          <gpxtpx:TrackPointExtension>
            <gpxtpx:hr>170</gpxtpx:hr>
          </gpxtpx:TrackPointExtension>
        </extensions>
      </trkpt>
      <trkpt lat="28.239502630177405" lon="112.9098245011059">
        <ele>80.86920488625765</ele>
        <time>2026-09-15T22:42:34.400000Z</time>
        <extensions>
          <gpxtpx:TrackPointExtension>
            <gpxtpx:hr>170</gpxtpx:hr>
          </gpxtpx:TrackPointExtension>
        </extensions>
      </trkpt>
      <trkpt lat="28.23952626570811" lon="112.90981557327973">
        <ele>80.87951202597469</ele>
        <time>2026-09-15T22:42:35.400000Z</time>
        <extensions>
          <gpxtpx:TrackPointExtension>
            <gpxtpx:hr>170</gpxtpx:hr>
          </gpxtpx:TrackPointExtension>
        </extensions>
      </trkpt>
      <trkpt lat="28.239549821599315" lon="112.90980674199855">
        <ele>80.8840510090813</ele>
        <time>2026-09-15T22:42:36.400000Z</time>
        <extensions>
          <gpxtpx:TrackPointExtension>
            <gpxtpx:hr>170</gpxtpx:hr>
          </gpxtpx:TrackPointExtension>
        </extensions>
      </trkpt>
      <trkpt lat="28.23957324308871" lon="112.90979776769821">
        <ele>80.88202787004411</ele>
        <time>2026-09-15T22:42:37.400000Z</time>
        <extensions>
          <gpxtpx:TrackPointExtension>
            <gpxtpx:hr>170</gpxtpx:hr>
          </gpxtpx:TrackPointExtension>
        </extensions>
      </trkpt>
      <trkpt lat="28.239596601106943" lon="112.90978873309217">
        <ele>80.87254862394184</ele>
        <time>2026-09-15T22:42:38.400000Z</time>
        <extensions>
          <gpxtpx:TrackPointExtension>
            <gpxtpx:hr>166</gpxtpx:hr>
          </gpxtpx:TrackPointExtension>
        </extensions>
      </trkpt>
      <trkpt lat="28.239620065555016" lon="112.90977980896461">
        <ele>80.8550491174683</ele>
        <time>2026-09-15T22:42:39.400000Z</time>
        <extensions>
          <gpxtpx:TrackPointExtension>
            <gpxtpx:hr>166</gpxtpx:hr>
          </gpxtpx:TrackPointExtension>
        </extensions>
      </trkpt>
      <trkpt lat="28.23964393474199" lon="112.90977094283458">
        <ele>80.82930492889136</ele>
        <time>2026-09-15T22:42:40.400000Z</time>
        <extensions>
          <gpxtpx:TrackPointExtension>
            <gpxtpx:hr>166</gpxtpx:hr>
          </gpxtpx:TrackPointExtension>
        </extensions>
      </trkpt>
      <trkpt lat="28.239668214091292" lon="112.90976212947058">
        <ele>80.79450032301247</ele>
        <time>2026-09-15T22:42:41.400000Z</time>
        <extensions>
          <gpxtpx:TrackPointExtension>
            <gpxtpx:hr>166</gpxtpx:hr>
          </gpxtpx:TrackPointExtension>
        </extensions>
      </trkpt>
      <trkpt lat="28.239692401297763" lon="112.90975351548926">
        <ele>80.75111815985292</ele>
        <time>2026-09-15T22:42:42.400000Z</time>
        <extensions>
          <gpxtpx:TrackPointExtension>
            <gpxtpx:hr>156</gpxtpx:hr>
          </gpxtpx:TrackPointExtension>
        </extensions>
      </trkpt>
      <trkpt lat="28.239716299092557" lon="112.90974507261595">
        <ele>80.69942576345056</ele>
        <time>2026-09-15T22:42:43.400000Z</time>
        <extensions>
          <gpxtpx:TrackPointExtension>
            <gpxtpx:hr>156</gpxtpx:hr>
          </gpxtpx:TrackPointExtension>
        </extensions>
      </trkpt>
      <trkpt lat="28.239739890986378" lon="112.90973666521826">
        <ele>80.64075303357095</ele>
        <time>2026-09-15T22:42:44.400000Z</time>
        <extensions>
          <gpxtpx:TrackPointExtension>
            <gpxtpx:hr>156</gpxtpx:hr>
          </gpxtpx:TrackPointExtension>
        </extensions>
      </trkpt>
      <trkpt lat="28.23976319727561" lon="112.90972819359905">
        <ele>80.57588652614504</ele>
        <time>2026-09-15T22:42:45.400000Z</time>
        <extensions>
          <gpxtpx:TrackPointExtension>
            <gpxtpx:hr>156</gpxtpx:hr>
          </gpxtpx:TrackPointExtension>
        </extensions>
      </trkpt>
      <trkpt lat="28.23978633035447" lon="112.9097195000248">
        <ele>80.50577601604164</ele>
        <time>2026-09-15T22:42:46.400000Z</time>
        <extensions>
          <gpxtpx:TrackPointExtension>
            <gpxtpx:hr>156</gpxtpx:hr>
          </gpxtpx:TrackPointExtension>
        </extensions>
      </trkpt>
      <trkpt lat="28.23980954526597" lon="112.90971052785923">
        <ele>80.43208459019661</ele>
        <time>2026-09-15T22:42:47.400000Z</time>
        <extensions>
          <gpxtpx:TrackPointExtension>
            <gpxtpx:hr>156</gpxtpx:hr>
          </gpxtpx:TrackPointExtension>
        </extensions>
      </trkpt>
      <trkpt lat="28.239833019029398" lon="112.90970148684866">
        <ele>80.35405038204044</ele>
        <time>2026-09-15T22:42:48.400000Z</time>
        <extensions>
          <gpxtpx:TrackPointExtension>
            <gpxtpx:hr>156</gpxtpx:hr>
          </gpxtpx:TrackPointExtension>
        </extensions>
      </trkpt>
      <trkpt lat="28.239856620247323" lon="112.90969240172079">
        <ele>80.27274612151086</ele>
        <time>2026-09-15T22:42:49.400000Z</time>
        <extensions>
          <gpxtpx:TrackPointExtension>
            <gpxtpx:hr>158</gpxtpx:hr>
          </gpxtpx:TrackPointExtension>
        </extensions>
      </trkpt>
      <trkpt lat="28.239880517639953" lon="112.90968325419827">
        <ele>80.18957338668406</ele>
        <time>2026-09-15T22:42:50.400000Z</time>
        <extensions>
          <gpxtpx:TrackPointExtension>
            <gpxtpx:hr>158</gpxtpx:hr>
          </gpxtpx:TrackPointExtension>
        </extensions>
      </trkpt>
      <trkpt lat="28.239904654679147" lon="112.90967419992451">
        <ele>80.10490453988314</ele>
        <time>2026-09-15T22:42:51.400000Z</time>
        <extensions>
          <gpxtpx:TrackPointExtension>
            <gpxtpx:hr>158</gpxtpx:hr>
          </gpxtpx:TrackPointExtension>
        </extensions>
      </trkpt>
      <trkpt lat="28.239928615092186" lon="112.90966532987434">
        <ele>80.01917135994881</ele>
        <time>2026-09-15T22:42:52.400000Z</time>
        <extensions>
          <gpxtpx:TrackPointExtension>
            <gpxtpx:hr>158</gpxtpx:hr>
          </gpxtpx:TrackPointExtension>
        </extensions>
      </trkpt>
      <trkpt lat="28.239952324975913" lon="112.90965639394399">
        <ele>79.93159483838826</ele>
        <time>2026-09-15T22:42:53.400000Z</time>
        <extensions>
          <gpxtpx:TrackPointExtension>
            <gpxtpx:hr>158</gpxtpx:hr>
          </gpxtpx:TrackPointExtension>
        </extensions>
      </trkpt>
      <trkpt lat="28.239975806024148" lon="112.90964711093663">
        <ele>79.84260337613523</ele>
        <time>2026-09-15T22:42:54.400000Z</time>
        <extensions>
          <gpxtpx:TrackPointExtension>
            <gpxtpx:hr>158</gpxtpx:hr>
          </gpxtpx:TrackPointExtension>
        </extensions>
      </trkpt>
      <trkpt lat="28.239999042657463" lon="112.909637385872">
        <ele>79.75175792630762</ele>
        <time>2026-09-15T22:42:55.400000Z</time>
        <extensions>
          <gpxtpx:TrackPointExtension>
            <gpxtpx:hr>161</gpxtpx:hr>
          </gpxtpx:TrackPointExtension>
        </extensions>
      </trkpt>
      <trkpt lat="28.240021903122667" lon="112.90962723305259">
        <ele>79.65954134892672</ele>
        <time>2026-09-15T22:42:56.400000Z</time>
        <extensions>
          <gpxtpx:TrackPointExtension>
            <gpxtpx:hr>161</gpxtpx:hr>
          </gpxtpx:TrackPointExtension>
        </extensions>
      </trkpt>
      <trkpt lat="28.24004444073597" lon="112.90961702607424">
        <ele>79.56802910380065</ele>
        <time>2026-09-15T22:42:57.400000Z</time>
        <extensions>
          <gpxtpx:TrackPointExtension>
            <gpxtpx:hr>161</gpxtpx:hr>
          </gpxtpx:TrackPointExtension>
        </extensions>
      </trkpt>
      <trkpt lat="28.24006652837129" lon="112.90960714987571">
        <ele>79.47730445861816</ele>
        <time>2026-09-15T22:42:58.400000Z</time>
        <extensions>
          <gpxtpx:TrackPointExtension>
            <gpxtpx:hr>161</gpxtpx:hr>
          </gpxtpx:TrackPointExtension>
        </extensions>
      </trkpt>
      <trkpt lat="28.240087976209065" lon="112.90959780059369">
        <ele>79.38811528682709</ele>
        <time>2026-09-15T22:42:59.400000Z</time>
        <extensions>
          <gpxtpx:TrackPointExtension>
            <gpxtpx:hr>161</gpxtpx:hr>
          </gpxtpx:TrackPointExtension>
        </extensions>
      </trkpt>
      <trkpt lat="28.24010853886337" lon="112.90958913563519">
        <ele>79.30201005097479</ele>
        <time>2026-09-15T22:43:00.400000Z</time>
        <extensions>
          <gpxtpx:TrackPointExtension>
            <gpxtpx:hr>163</gpxtpx:hr>
          </gpxtpx:TrackPointExtension>
        </extensions>
      </trkpt>
      <trkpt lat="28.240127593009465" lon="112.90958136955857">
        <ele>79.21903750859201</ele>
        <time>2026-09-15T22:43:01.400000Z</time>
        <extensions>
          <gpxtpx:TrackPointExtension>
            <gpxtpx:hr>163</gpxtpx:hr>
          </gpxtpx:TrackPointExtension>
        </extensions>
      </trkpt>
      <trkpt lat="28.2401449344753" lon="112.90957480770297">
        <ele>79.14060829021037</ele>
        <time>2026-09-15T22:43:02.400000Z</time>
        <extensions>
          <gpxtpx:TrackPointExtension>
            <gpxtpx:hr>163</gpxtpx:hr>
          </gpxtpx:TrackPointExtension>
        </extensions>
      </trkpt>
      <trkpt lat="28.24016076521256" lon="112.90956980542481">
        <ele>79.06628385093063</ele>
        <time>2026-09-15T22:43:03.400000Z</time>
        <extensions>
          <gpxtpx:TrackPointExtension>
            <gpxtpx:hr>164</gpxtpx:hr>
          </gpxtpx:TrackPointExtension>
        </extensions>
      </trkpt>
      <trkpt lat="28.240175454142015" lon="112.909566619116">
        <ele>78.99635382927954</ele>
        <time>2026-09-15T22:43:04.400000Z</time>
        <extensions>
          <gpxtpx:TrackPointExtension>
            <gpxtpx:hr>164</gpxtpx:hr>
          </gpxtpx:TrackPointExtension>
        </extensions>
      </trkpt>
      <trkpt lat="28.2401895478826" lon="112.9095649063937">
        <ele>78.92976217344403</ele>
        <time>2026-09-15T22:43:05.400000Z</time>
        <extensions>
          <gpxtpx:TrackPointExtension>
            <gpxtpx:hr>164</gpxtpx:hr>
          </gpxtpx:TrackPointExtension>
        </extensions>
      </trkpt>
      <trkpt lat="28.24020334859074" lon="112.90956406957999">
        <ele>78.8673828644678</ele>
        <time>2026-09-15T22:43:06.400000Z</time>
        <extensions>
          <gpxtpx:TrackPointExtension>
            <gpxtpx:hr>164</gpxtpx:hr>
          </gpxtpx:TrackPointExtension>
        </extensions>
      </trkpt>
      <trkpt lat="28.240216782223495" lon="112.90956396521152">
        <ele>78.80821199901402</ele>
        <time>2026-09-15T22:43:07.400000Z</time>
        <extensions>
          <gpxtpx:TrackPointExtension>
            <gpxtpx:hr>164</gpxtpx:hr>
          </gpxtpx:TrackPointExtension>
        </extensions>
      </trkpt>
      <trkpt lat="28.24022939531596" lon="112.90956457540382">
        <ele>78.75236824154854</ele>
        <time>2026-09-15T22:43:08.400000Z</time>
        <extensions>
          <gpxtpx:TrackPointExtension>
            <gpxtpx:hr>164</gpxtpx:hr>
          </gpxtpx:TrackPointExtension>
        </extensions>
      </trkpt>
      <trkpt lat="28.24024047364803" lon="112.90956561604013">
        <ele>78.69926609192044</ele>
        <time>2026-09-15T22:43:09.400000Z</time>
        <extensions>
          <gpxtpx:TrackPointExtension>
            <gpxtpx:hr>169</gpxtpx:hr>
          </gpxtpx:TrackPointExtension>
        </extensions>
      </trkpt>
      <trkpt lat="28.240250118411574" lon="112.90956665479128">
        <ele>78.64783369377255</ele>
        <time>2026-09-15T22:43:10.300000Z</time>
        <extensions>
          <gpxtpx:TrackPointExtension>
            <gpxtpx:hr>169</gpxtpx:hr>
          </gpxtpx:TrackPointExtension>
        </extensions>
      </trkpt>
      <trkpt lat="28.24025887376657" lon="112.90956744857027">
        <ele>78.59834738820791</ele>
        <time>2026-09-15T22:43:11.300000Z</time>
        <extensions>
          <gpxtpx:TrackPointExtension>
            <gpxtpx:hr>169</gpxtpx:hr>
          </gpxtpx:TrackPointExtension>
        </extensions>
      </trkpt>
      <trkpt lat="28.240266888977562" lon="112.90956797593502">
        <ele>78.55147596355528</ele>
        <time>2026-09-15T22:43:12.300000Z</time>
        <extensions>
          <gpxtpx:TrackPointExtension>
            <gpxtpx:hr>169</gpxtpx:hr>
          </gpxtpx:TrackPointExtension>
        </extensions>
      </trkpt>
      <trkpt lat="28.2402741995657" lon="112.90956791062203">
        <ele>78.50624882709235</ele>
        <time>2026-09-15T22:43:13.300000Z</time>
        <extensions>
          <gpxtpx:TrackPointExtension>
            <gpxtpx:hr>169</gpxtpx:hr>
          </gpxtpx:TrackPointExtension>
        </extensions>
      </trkpt>
      <trkpt lat="28.24028064715161" lon="112.9095664739846">
        <ele>78.46213709935546</ele>
        <time>2026-09-15T22:43:14.300000Z</time>
        <extensions>
          <gpxtpx:TrackPointExtension>
            <gpxtpx:hr>169</gpxtpx:hr>
          </gpxtpx:TrackPointExtension>
        </extensions>
      </trkpt>
      <trkpt lat="28.240285670610557" lon="112.90956254873439">
        <ele>78.42050892114639</ele>
        <time>2026-09-15T22:43:15.300000Z</time>
        <extensions>
          <gpxtpx:TrackPointExtension>
            <gpxtpx:hr>169</gpxtpx:hr>
          </gpxtpx:TrackPointExtension>
        </extensions>
      </trkpt>
      <trkpt lat="28.24028883788465" lon="112.9095561252872">
        <ele>78.37997145298868</ele>
        <time>2026-09-15T22:43:16.300000Z</time>
        <extensions>
          <gpxtpx:TrackPointExtension>
            <gpxtpx:hr>169</gpxtpx:hr>
          </gpxtpx:TrackPointExtension>
        </extensions>
      </trkpt>
      <trkpt lat="28.24029059282843" lon="112.90954803204166">
        <ele>78.34325771126896</ele>
        <time>2026-09-15T22:43:17.300000Z</time>
        <extensions>
          <gpxtpx:TrackPointExtension>
            <gpxtpx:hr>169</gpxtpx:hr>
          </gpxtpx:TrackPointExtension>
        </extensions>
      </trkpt>
      <trkpt lat="28.240291823406857" lon="112.9095383401947">
        <ele>78.30744632333517</ele>
        <time>2026-09-15T22:43:18.300000Z</time>
        <extensions>
          <gpxtpx:TrackPointExtension>
            <gpxtpx:hr>170</gpxtpx:hr>
          </gpxtpx:TrackPointExtension>
        </extensions>
      </trkpt>
      <trkpt lat="28.24029268828544" lon="112.90952731647107">
        <ele>78.2747859749943</ele>
        <time>2026-09-15T22:43:19.300000Z</time>
        <extensions>
          <gpxtpx:TrackPointExtension>
            <gpxtpx:hr>170</gpxtpx:hr>
          </gpxtpx:TrackPointExtension>
        </extensions>
      </trkpt>
      <trkpt lat="28.240293370154514" lon="112.90951515401794">
        <ele>78.24362697079778</ele>
        <time>2026-09-15T22:43:20.300000Z</time>
        <extensions>
          <gpxtpx:TrackPointExtension>
            <gpxtpx:hr>170</gpxtpx:hr>
          </gpxtpx:TrackPointExtension>
        </extensions>
      </trkpt>
      <trkpt lat="28.240294112249646" lon="112.90950239762415">
        <ele>78.21317308116704</ele>
        <time>2026-09-15T22:43:21.300000Z</time>
        <extensions>
          <gpxtpx:TrackPointExtension>
            <gpxtpx:hr>170</gpxtpx:hr>
          </gpxtpx:TrackPointExtension>
        </extensions>
      </trkpt>
      <trkpt lat="28.240295301788144" lon="112.90948983289574">
        <ele>78.18447596486658</ele>
        <time>2026-09-15T22:43:22.300000Z</time>
        <extensions>
          <gpxtpx:TrackPointExtension>
            <gpxtpx:hr>170</gpxtpx:hr>
          </gpxtpx:TrackPointExtension>
        </extensions>
      </trkpt>
      <trkpt lat="28.24029729636623" lon="112.90947786430898">
        <ele>78.15672965627164</ele>
        <time>2026-09-15T22:43:23.300000Z</time>
        <extensions>
          <gpxtpx:TrackPointExtension>
            <gpxtpx:hr>170</gpxtpx:hr>
          </gpxtpx:TrackPointExtension>
        </extensions>
      </trkpt>
      <trkpt lat="28.240300590756796" lon="112.90946694819462">
        <ele>78.12969763576984</ele>
        <time>2026-09-15T22:43:24.300000Z</time>
        <extensions>
          <gpxtpx:TrackPointExtension>
            <gpxtpx:hr>170</gpxtpx:hr>
          </gpxtpx:TrackPointExtension>
        </extensions>
      </trkpt>
      <trkpt lat="28.24030578626107" lon="112.90945795589313">
        <ele>78.10417013708502</ele>
        <time>2026-09-15T22:43:25.300000Z</time>
        <extensions>
          <gpxtpx:TrackPointExtension>
            <gpxtpx:hr>172</gpxtpx:hr>
          </gpxtpx:TrackPointExtension>
        </extensions>
      </trkpt>
      <trkpt lat="28.240312959003234" lon="112.90945123882736">
        <ele>78.0786378160119</ele>
        <time>2026-09-15T22:43:26.300000Z</time>
        <extensions>
          <gpxtpx:TrackPointExtension>
            <gpxtpx:hr>172</gpxtpx:hr>
          </gpxtpx:TrackPointExtension>
        </extensions>
      </trkpt>
      <trkpt lat="28.24032127116586" lon="112.90944608618929">
        <ele>78.05277825519443</ele>
        <time>2026-09-15T22:43:27.300000Z</time>
        <extensions>
          <gpxtpx:TrackPointExtension>
            <gpxtpx:hr>172</gpxtpx:hr>
          </gpxtpx:TrackPointExtension>
        </extensions>
      </trkpt>
      <trkpt lat="28.240329970954857" lon="112.90944065820321">
        <ele>78.02665726002306</ele>
        <time>2026-09-15T22:43:28.300000Z</time>
        <extensions>
          <gpxtpx:TrackPointExtension>
            <gpxtpx:hr>172</gpxtpx:hr>
          </gpxtpx:TrackPointExtension>
        </extensions>
      </trkpt>
      <trkpt lat="28.240339591816458" lon="112.90943497466691">
        <ele>77.998440396972</ele>
        <time>2026-09-15T22:43:29.300000Z</time>
        <extensions>
          <gpxtpx:TrackPointExtension>
            <gpxtpx:hr>172</gpxtpx:hr>
          </gpxtpx:TrackPointExtension>
        </extensions>
      </trkpt>
      <trkpt lat="28.240350372950175" lon="112.90943008046048">
        <ele>77.96858226973563</ele>
        <time>2026-09-15T22:43:30.300000Z</time>
        <extensions>
          <gpxtpx:TrackPointExtension>
            <gpxtpx:hr>172</gpxtpx:hr>
          </gpxtpx:TrackPointExtension>
        </extensions>
      </trkpt>
      <trkpt lat="28.24036160065047" lon="112.90942581677822">
        <ele>77.93593343812972</ele>
        <time>2026-09-15T22:43:31.300000Z</time>
        <extensions>
          <gpxtpx:TrackPointExtension>
            <gpxtpx:hr>174</gpxtpx:hr>
          </gpxtpx:TrackPointExtension>
        </extensions>
      </trkpt>
      <trkpt lat="28.240373033143694" lon="112.90942217124729">
        <ele>77.89975426159799</ele>
        <time>2026-09-15T22:43:32.300000Z</time>
        <extensions>
          <gpxtpx:TrackPointExtension>
            <gpxtpx:hr>174</gpxtpx:hr>
          </gpxtpx:TrackPointExtension>
        </extensions>
      </trkpt>
      <trkpt lat="28.240384627231677" lon="112.90941914905461">
        <ele>77.8597601139918</ele>
        <time>2026-09-15T22:43:33.300000Z</time>
        <extensions>
          <gpxtpx:TrackPointExtension>
            <gpxtpx:hr>174</gpxtpx:hr>
          </gpxtpx:TrackPointExtension>
        </extensions>
      </trkpt>
      <trkpt lat="28.240395853205573" lon="112.90941670599031">
        <ele>77.81526770163327</ele>
        <time>2026-09-15T22:43:34.300000Z</time>
        <extensions>
          <gpxtpx:TrackPointExtension>
            <gpxtpx:hr>174</gpxtpx:hr>
          </gpxtpx:TrackPointExtension>
        </extensions>
      </trkpt>
      <trkpt lat="28.240406374812416" lon="112.90941464648233">
        <ele>77.76642800215632</ele>
        <time>2026-09-15T22:43:35.300000Z</time>
        <extensions>
          <gpxtpx:TrackPointExtension>
            <gpxtpx:hr>174</gpxtpx:hr>
          </gpxtpx:TrackPointExtension>
        </extensions>
      </trkpt>
      <trkpt lat="28.24041643007351" lon="112.90941272881066">
        <ele>77.71301892865449</ele>
        <time>2026-09-15T22:43:36.300000Z</time>
        <extensions>
          <gpxtpx:TrackPointExtension>
            <gpxtpx:hr>174</gpxtpx:hr>
          </gpxtpx:TrackPointExtension>
        </extensions>
      </trkpt>
      <trkpt lat="28.240426160894625" lon="112.90941109915597">
        <ele>77.65475292596966</ele>
        <time>2026-09-15T22:43:37.300000Z</time>
        <extensions>
          <gpxtpx:TrackPointExtension>
            <gpxtpx:hr>174</gpxtpx:hr>
          </gpxtpx:TrackPointExtension>
        </extensions>
      </trkpt>
      <trkpt lat="28.240435866364137" lon="112.90941052934146">
        <ele>77.59232137631625</ele>
        <time>2026-09-15T22:43:38.300000Z</time>
        <extensions>
          <gpxtpx:TrackPointExtension>
            <gpxtpx:hr>174</gpxtpx:hr>
          </gpxtpx:TrackPointExtension>
        </extensions>
      </trkpt>
      <trkpt lat="28.240445235072972" lon="112.90941232508811">
        <ele>77.52815838996321</ele>
        <time>2026-09-15T22:43:39.300000Z</time>
        <extensions>
          <gpxtpx:TrackPointExtension>
            <gpxtpx:hr>174</gpxtpx:hr>
          </gpxtpx:TrackPointExtension>
        </extensions>
      </trkpt>
      <trkpt lat="28.24045486258748" lon="112.9094143620504">
        <ele>77.46247522626072</ele>
        <time>2026-09-15T22:43:40.300000Z</time>
        <extensions>
          <gpxtpx:TrackPointExtension>
            <gpxtpx:hr>176</gpxtpx:hr>
          </gpxtpx:TrackPointExtension>
        </extensions>
      </trkpt>
      <trkpt lat="28.24046545033903" lon="112.90941421289014">
        <ele>77.39584141038358</ele>
        <time>2026-09-15T22:43:41.300000Z</time>
        <extensions>
          <gpxtpx:TrackPointExtension>
            <gpxtpx:hr>176</gpxtpx:hr>
          </gpxtpx:TrackPointExtension>
        </extensions>
      </trkpt>
      <trkpt lat="28.240477068939065" lon="112.90941301426606">
        <ele>77.33011538069695</ele>
        <time>2026-09-15T22:43:42.300000Z</time>
        <extensions>
          <gpxtpx:TrackPointExtension>
            <gpxtpx:hr>176</gpxtpx:hr>
          </gpxtpx:TrackPointExtension>
        </extensions>
      </trkpt>
      <trkpt lat="28.24049011550715" lon="112.90941200716232">
        <ele>77.26391305029392</ele>
        <time>2026-09-15T22:43:43.300000Z</time>
        <extensions>
          <gpxtpx:TrackPointExtension>
            <gpxtpx:hr>176</gpxtpx:hr>
          </gpxtpx:TrackPointExtension>
        </extensions>
      </trkpt>
      <trkpt lat="28.24050411219837" lon="112.90941275509687">
        <ele>77.19887850340456</ele>
        <time>2026-09-15T22:43:44.300000Z</time>
        <extensions>
          <gpxtpx:TrackPointExtension>
            <gpxtpx:hr>176</gpxtpx:hr>
          </gpxtpx:TrackPointExtension>
        </extensions>
      </trkpt>
      <trkpt lat="28.240518633286424" lon="112.9094164399172">
        <ele>77.13535294216126</ele>
        <time>2026-09-15T22:43:45.300000Z</time>
        <extensions>
          <gpxtpx:TrackPointExtension>
            <gpxtpx:hr>176</gpxtpx:hr>
          </gpxtpx:TrackPointExtension>
        </extensions>
      </trkpt>
      <trkpt lat="28.240533824867484" lon="112.90942324719643">
        <ele>77.07322766724974</ele>
        <time>2026-09-15T22:43:46.300000Z</time>
        <extensions>
          <gpxtpx:TrackPointExtension>
            <gpxtpx:hr>176</gpxtpx:hr>
          </gpxtpx:TrackPointExtension>
        </extensions>
      </trkpt>
      <trkpt lat="28.24054901102732" lon="112.90943236450234">
        <ele>77.01290579512715</ele>
        <time>2026-09-15T22:43:47.300000Z</time>
        <extensions>
          <gpxtpx:TrackPointExtension>
            <gpxtpx:hr>176</gpxtpx:hr>
          </gpxtpx:TrackPointExtension>
        </extensions>
      </trkpt>
      <trkpt lat="28.240563579953037" lon="112.90944287453456">
        <ele>76.95428521838039</ele>
        <time>2026-09-15T22:43:48.300000Z</time>
        <extensions>
          <gpxtpx:TrackPointExtension>
            <gpxtpx:hr>179</gpxtpx:hr>
          </gpxtpx:TrackPointExtension>
        </extensions>
      </trkpt>
      <trkpt lat="28.24057748479684" lon="112.90945447653984">
        <ele>76.89661542512476</ele>
        <time>2026-09-15T22:43:49.300000Z</time>
        <extensions>
          <gpxtpx:TrackPointExtension>
            <gpxtpx:hr>179</gpxtpx:hr>
          </gpxtpx:TrackPointExtension>
        </extensions>
      </trkpt>
      <trkpt lat="28.240590526345592" lon="112.90946704230043">
        <ele>76.84082947857678</ele>
        <time>2026-09-15T22:43:50.300000Z</time>
        <extensions>
          <gpxtpx:TrackPointExtension>
            <gpxtpx:hr>179</gpxtpx:hr>
          </gpxtpx:TrackPointExtension>
        </extensions>
      </trkpt>
      <trkpt lat="28.240602786606566" lon="112.90948058388099">
        <ele>76.78704231604934</ele>
        <time>2026-09-15T22:43:51.300000Z</time>
        <extensions>
          <gpxtpx:TrackPointExtension>
            <gpxtpx:hr>179</gpxtpx:hr>
          </gpxtpx:TrackPointExtension>
        </extensions>
      </trkpt>
      <trkpt lat="28.240614560197972" lon="112.90949508644103">
        <ele>76.73524964787066</ele>
        <time>2026-09-15T22:43:52.300000Z</time>
        <extensions>
          <gpxtpx:TrackPointExtension>
            <gpxtpx:hr>179</gpxtpx:hr>
          </gpxtpx:TrackPointExtension>
        </extensions>
      </trkpt>
      <trkpt lat="28.24062654333243" lon="112.90951058564711">
        <ele>76.68588114902377</ele>
        <time>2026-09-15T22:43:53.300000Z</time>
        <extensions>
          <gpxtpx:TrackPointExtension>
            <gpxtpx:hr>177</gpxtpx:hr>
          </gpxtpx:TrackPointExtension>
        </extensions>
      </trkpt>
      <trkpt lat="28.240639416028042" lon="112.90952728339605">
        <ele>76.63909683655947</ele>
        <time>2026-09-15T22:43:54.300000Z</time>
        <extensions>
          <gpxtpx:TrackPointExtension>
            <gpxtpx:hr>177</gpxtpx:hr>
          </gpxtpx:TrackPointExtension>
        </extensions>
      </trkpt>
      <trkpt lat="28.240654012352838" lon="112.9095461041844">
        <ele>76.5946001727134</ele>
        <time>2026-09-15T22:43:55.300000Z</time>
        <extensions>
          <gpxtpx:TrackPointExtension>
            <gpxtpx:hr>177</gpxtpx:hr>
          </gpxtpx:TrackPointExtension>
        </extensions>
      </trkpt>
      <trkpt lat="28.240670098947803" lon="112.90956734402353">
        <ele>76.55333395116031</ele>
        <time>2026-09-15T22:43:56.300000Z</time>
        <extensions>
          <gpxtpx:TrackPointExtension>
            <gpxtpx:hr>177</gpxtpx:hr>
          </gpxtpx:TrackPointExtension>
        </extensions>
      </trkpt>
      <trkpt lat="28.240686438452826" lon="112.90959025912512">
        <ele>76.51578009221703</ele>
        <time>2026-09-15T22:43:57.300000Z</time>
        <extensions>
          <gpxtpx:TrackPointExtension>
            <gpxtpx:hr>177</gpxtpx:hr>
          </gpxtpx:TrackPointExtension>
        </extensions>
      </trkpt>
      <trkpt lat="28.240702476448913" lon="112.90961426748751">
        <ele>76.4820576692</ele>
        <time>2026-09-15T22:43:58.300000Z</time>
        <extensions>
          <gpxtpx:TrackPointExtension>
            <gpxtpx:hr>178</gpxtpx:hr>
          </gpxtpx:TrackPointExtension>
        </extensions>
      </trkpt>
      <trkpt lat="28.24071816080092" lon="112.9096388722023">
        <ele>76.45243127923459</ele>
        <time>2026-09-15T22:43:59.300000Z</time>
        <extensions>
          <gpxtpx:TrackPointExtension>
            <gpxtpx:hr>178</gpxtpx:hr>
          </gpxtpx:TrackPointExtension>
        </extensions>
      </trkpt>
      <trkpt lat="28.240733476924305" lon="112.90966374817071">
        <ele>76.42679128423333</ele>
        <time>2026-09-15T22:44:00.300000Z</time>
        <extensions>
          <gpxtpx:TrackPointExtension>
            <gpxtpx:hr>178</gpxtpx:hr>
          </gpxtpx:TrackPointExtension>
        </extensions>
      </trkpt>
      <trkpt lat="28.2407487461039" lon="112.9096887248445">
        <ele>76.40545564331114</ele>
        <time>2026-09-15T22:44:01.300000Z</time>
        <extensions>
          <gpxtpx:TrackPointExtension>
            <gpxtpx:hr>178</gpxtpx:hr>
          </gpxtpx:TrackPointExtension>
        </extensions>
      </trkpt>
      <trkpt lat="28.240764384167985" lon="112.9097136188952">
        <ele>76.38876407779753</ele>
        <time>2026-09-15T22:44:02.200000Z</time>
        <extensions>
          <gpxtpx:TrackPointExtension>
            <gpxtpx:hr>178</gpxtpx:hr>
          </gpxtpx:TrackPointExtension>
        </extensions>
      </trkpt>
      <trkpt lat="28.240780201191043" lon="112.90973815116692">
        <ele>76.37590973451734</ele>
        <time>2026-09-15T22:44:03.200000Z</time>
        <extensions>
          <gpxtpx:TrackPointExtension>
            <gpxtpx:hr>178</gpxtpx:hr>
          </gpxtpx:TrackPointExtension>
        </extensions>
      </trkpt>
      <trkpt lat="28.24079560175406" lon="112.90976217146446">
        <ele>76.36657784320414</ele>
        <time>2026-09-15T22:44:04.200000Z</time>
        <extensions>
          <gpxtpx:TrackPointExtension>
            <gpxtpx:hr>178</gpxtpx:hr>
          </gpxtpx:TrackPointExtension>
        </extensions>
      </trkpt>
      <trkpt lat="28.24080972561631" lon="112.909786009174">
        <ele>76.36030318867415</ele>
        <time>2026-09-15T22:44:05.200000Z</time>
        <extensions>
          <gpxtpx:TrackPointExtension>
            <gpxtpx:hr>178</gpxtpx:hr>
          </gpxtpx:TrackPointExtension>
        </extensions>
      </trkpt>
      <trkpt lat="28.240821529103112" lon="112.90980983368387">
        <ele>76.3564304728061</ele>
        <time>2026-09-15T22:44:06.200000Z</time>
        <extensions>
          <gpxtpx:TrackPointExtension>
            <gpxtpx:hr>178</gpxtpx:hr>
          </gpxtpx:TrackPointExtension>
        </extensions>
      </trkpt>
      <trkpt lat="28.240829691667727" lon="112.90983304952704">
        <ele>76.35414426773787</ele>
        <time>2026-09-15T22:44:07.200000Z</time>
        <extensions>
          <gpxtpx:TrackPointExtension>
            <gpxtpx:hr>178</gpxtpx:hr>
          </gpxtpx:TrackPointExtension>
        </extensions>
      </trkpt>
      <trkpt lat="28.240831981706844" lon="112.90985484744253">
        <ele>76.35262709576637</ele>
        <time>2026-09-15T22:44:08.200000Z</time>
        <extensions>
          <gpxtpx:TrackPointExtension>
            <gpxtpx:hr>178</gpxtpx:hr>
          </gpxtpx:TrackPointExtension>
        </extensions>
      </trkpt>
      <trkpt lat="28.24082959478744" lon="112.9098756163055">
        <ele>76.35124922823161</ele>
        <time>2026-09-15T22:44:09.200000Z</time>
        <extensions>
          <gpxtpx:TrackPointExtension>
            <gpxtpx:hr>180</gpxtpx:hr>
          </gpxtpx:TrackPointExtension>
        </extensions>
      </trkpt>
      <trkpt lat="28.240827920088165" lon="112.9098975549144">
        <ele>76.3495899643749</ele>
        <time>2026-09-15T22:44:10.200000Z</time>
        <extensions>
          <gpxtpx:TrackPointExtension>
            <gpxtpx:hr>180</gpxtpx:hr>
          </gpxtpx:TrackPointExtension>
        </extensions>
      </trkpt>
      <trkpt lat="28.240830846464505" lon="112.90992140820654">
        <ele>76.34734356589615</ele>
        <time>2026-09-15T22:44:11.200000Z</time>
        <extensions>
          <gpxtpx:TrackPointExtension>
            <gpxtpx:hr>180</gpxtpx:hr>
          </gpxtpx:TrackPointExtension>
        </extensions>
      </trkpt>
      <trkpt lat="28.24083847063736" lon="112.9099458902112">
        <ele>76.34467469807714</ele>
        <time>2026-09-15T22:44:12.200000Z</time>
        <extensions>
          <gpxtpx:TrackPointExtension>
            <gpxtpx:hr>180</gpxtpx:hr>
          </gpxtpx:TrackPointExtension>
        </extensions>
      </trkpt>
      <trkpt lat="28.240848919530418" lon="112.90997026788062">
        <ele>76.34158204402775</ele>
        <time>2026-09-15T22:44:13.200000Z</time>
        <extensions>
          <gpxtpx:TrackPointExtension>
            <gpxtpx:hr>180</gpxtpx:hr>
          </gpxtpx:TrackPointExtension>
        </extensions>
      </trkpt>
      <trkpt lat="28.240861130004063" lon="112.90999421949469">
        <ele>76.33811629936099</ele>
        <time>2026-09-15T22:44:14.200000Z</time>
        <extensions>
          <gpxtpx:TrackPointExtension>
            <gpxtpx:hr>180</gpxtpx:hr>
          </gpxtpx:TrackPointExtension>
        </extensions>
      </trkpt>
      <trkpt lat="28.240874557689246" lon="112.91001793884244">
        <ele>76.33415980450809</ele>
        <time>2026-09-15T22:44:15.200000Z</time>
        <extensions>
          <gpxtpx:TrackPointExtension>
            <gpxtpx:hr>180</gpxtpx:hr>
          </gpxtpx:TrackPointExtension>
        </extensions>
      </trkpt>
      <trkpt lat="28.240888724991365" lon="112.91004201222815">
        <ele>76.32941459491849</ele>
        <time>2026-09-15T22:44:16.200000Z</time>
        <extensions>
          <gpxtpx:TrackPointExtension>
            <gpxtpx:hr>180</gpxtpx:hr>
          </gpxtpx:TrackPointExtension>
        </extensions>
      </trkpt>
      <trkpt lat="28.240903284092255" lon="112.91006674386377">
        <ele>76.32393123023212</ele>
        <time>2026-09-15T22:44:17.200000Z</time>
        <extensions>
          <gpxtpx:TrackPointExtension>
            <gpxtpx:hr>180</gpxtpx:hr>
          </gpxtpx:TrackPointExtension>
        </extensions>
      </trkpt>
      <trkpt lat="28.240917847108506" lon="112.91009206439504">
        <ele>76.31785359047353</ele>
        <time>2026-09-15T22:44:18.200000Z</time>
        <extensions>
          <gpxtpx:TrackPointExtension>
            <gpxtpx:hr>180</gpxtpx:hr>
          </gpxtpx:TrackPointExtension>
        </extensions>
      </trkpt>
      <trkpt lat="28.240932180324464" lon="112.91011795701944">
        <ele>76.31178336124867</ele>
        <time>2026-09-15T22:44:19.200000Z</time>
        <extensions>
          <gpxtpx:TrackPointExtension>
            <gpxtpx:hr>180</gpxtpx:hr>
          </gpxtpx:TrackPointExtension>
        </extensions>
      </trkpt>
      <trkpt lat="28.240946351144935" lon="112.91014434453747">
        <ele>76.30621453374624</ele>
        <time>2026-09-15T22:44:20.200000Z</time>
        <extensions>
          <gpxtpx:TrackPointExtension>
            <gpxtpx:hr>180</gpxtpx:hr>
          </gpxtpx:TrackPointExtension>
        </extensions>
      </trkpt>
      <trkpt lat="28.240960700506353" lon="112.91017081943671">
        <ele>76.30186423379928</ele>
        <time>2026-09-15T22:44:21.200000Z</time>
        <extensions>
          <gpxtpx:TrackPointExtension>
            <gpxtpx:hr>180</gpxtpx:hr>
          </gpxtpx:TrackPointExtension>
        </extensions>
      </trkpt>
      <trkpt lat="28.240975431021063" lon="112.91019707482923">
        <ele>76.29927352815866</ele>
        <time>2026-09-15T22:44:22.200000Z</time>
        <extensions>
          <gpxtpx:TrackPointExtension>
            <gpxtpx:hr>180</gpxtpx:hr>
          </gpxtpx:TrackPointExtension>
        </extensions>
      </trkpt>
      <trkpt lat="28.24099048690585" lon="112.91022315050316">
        <ele>76.2989046825096</ele>
        <time>2026-09-15T22:44:23.200000Z</time>
        <extensions>
          <gpxtpx:TrackPointExtension>
            <gpxtpx:hr>180</gpxtpx:hr>
          </gpxtpx:TrackPointExtension>
        </extensions>
      </trkpt>
      <trkpt lat="28.241005519388185" lon="112.91024938525037">
        <ele>76.30130338482559</ele>
        <time>2026-09-15T22:44:24.200000Z</time>
        <extensions>
          <gpxtpx:TrackPointExtension>
            <gpxtpx:hr>180</gpxtpx:hr>
          </gpxtpx:TrackPointExtension>
        </extensions>
      </trkpt>
      <trkpt lat="28.24102015711181" lon="112.9102759214407">
        <ele>76.30689018778503</ele>
        <time>2026-09-15T22:44:25.200000Z</time>
        <extensions>
          <gpxtpx:TrackPointExtension>
            <gpxtpx:hr>180</gpxtpx:hr>
          </gpxtpx:TrackPointExtension>
        </extensions>
      </trkpt>
      <trkpt lat="28.241034453873027" lon="112.91030269969342">
        <ele>76.31608608737588</ele>
        <time>2026-09-15T22:44:26.200000Z</time>
        <extensions>
          <gpxtpx:TrackPointExtension>
            <gpxtpx:hr>180</gpxtpx:hr>
          </gpxtpx:TrackPointExtension>
        </extensions>
      </trkpt>
      <trkpt lat="28.24104851485513" lon="112.91032983976237">
        <ele>76.32947734277695</ele>
        <time>2026-09-15T22:44:27.200000Z</time>
        <extensions>
          <gpxtpx:TrackPointExtension>
            <gpxtpx:hr>181</gpxtpx:hr>
          </gpxtpx:TrackPointExtension>
        </extensions>
      </trkpt>
      <trkpt lat="28.241062349223334" lon="112.91035742678193">
        <ele>76.34779485687613</ele>
        <time>2026-09-15T22:44:28.200000Z</time>
        <extensions>
          <gpxtpx:TrackPointExtension>
            <gpxtpx:hr>181</gpxtpx:hr>
          </gpxtpx:TrackPointExtension>
        </extensions>
      </trkpt>
      <trkpt lat="28.241075806561142" lon="112.91038546003944">
        <ele>76.37138255964965</ele>
        <time>2026-09-15T22:44:29.200000Z</time>
        <extensions>
          <gpxtpx:TrackPointExtension>
            <gpxtpx:hr>181</gpxtpx:hr>
          </gpxtpx:TrackPointExtension>
        </extensions>
      </trkpt>
      <trkpt lat="28.241088866589198" lon="112.91041390297073">
        <ele>76.40051222220063</ele>
        <time>2026-09-15T22:44:30.200000Z</time>
        <extensions>
          <gpxtpx:TrackPointExtension>
            <gpxtpx:hr>181</gpxtpx:hr>
          </gpxtpx:TrackPointExtension>
        </extensions>
      </trkpt>
      <trkpt lat="28.241101393487213" lon="112.91044296747351">
        <ele>76.43495552893728</ele>
        <time>2026-09-15T22:44:31.200000Z</time>
        <extensions>
          <gpxtpx:TrackPointExtension>
            <gpxtpx:hr>181</gpxtpx:hr>
          </gpxtpx:TrackPointExtension>
        </extensions>
      </trkpt>
      <trkpt lat="28.24111341321858" lon="112.91047273543556">
        <ele>76.47416863776743</ele>
        <time>2026-09-15T22:44:32.200000Z</time>
        <extensions>
          <gpxtpx:TrackPointExtension>
            <gpxtpx:hr>181</gpxtpx:hr>
          </gpxtpx:TrackPointExtension>
        </extensions>
      </trkpt>
      <trkpt lat="28.241125444230693" lon="112.91050297456967">
        <ele>76.51725133974105</ele>
        <time>2026-09-15T22:44:33.200000Z</time>
        <extensions>
          <gpxtpx:TrackPointExtension>
            <gpxtpx:hr>181</gpxtpx:hr>
          </gpxtpx:TrackPointExtension>
        </extensions>
      </trkpt>
      <trkpt lat="28.24113761042886" lon="112.9105335086071">
        <ele>76.56268315576017</ele>
        <time>2026-09-15T22:44:34.200000Z</time>
        <extensions>
          <gpxtpx:TrackPointExtension>
            <gpxtpx:hr>183</gpxtpx:hr>
          </gpxtpx:TrackPointExtension>
        </extensions>
      </trkpt>
      <trkpt lat="28.241149764740367" lon="112.91056414993554">
        <ele>76.60832902323455</ele>
        <time>2026-09-15T22:44:35.200000Z</time>
        <extensions>
          <gpxtpx:TrackPointExtension>
            <gpxtpx:hr>183</gpxtpx:hr>
          </gpxtpx:TrackPointExtension>
        </extensions>
      </trkpt>
      <trkpt lat="28.241161738316215" lon="112.91059471571107">
        <ele>76.65186427999288</ele>
        <time>2026-09-15T22:44:36.200000Z</time>
        <extensions>
          <gpxtpx:TrackPointExtension>
            <gpxtpx:hr>183</gpxtpx:hr>
          </gpxtpx:TrackPointExtension>
        </extensions>
      </trkpt>
      <trkpt lat="28.24117325185644" lon="112.91062524336039">
        <ele>76.69044680241495</ele>
        <time>2026-09-15T22:44:37.200000Z</time>
        <extensions>
          <gpxtpx:TrackPointExtension>
            <gpxtpx:hr>183</gpxtpx:hr>
          </gpxtpx:TrackPointExtension>
        </extensions>
      </trkpt>
      <trkpt lat="28.2411841053762" lon="112.91065605364143">
        <ele>76.7215107306838</ele>
        <time>2026-09-15T22:44:38.200000Z</time>
        <extensions>
          <gpxtpx:TrackPointExtension>
            <gpxtpx:hr>183</gpxtpx:hr>
          </gpxtpx:TrackPointExtension>
        </extensions>
      </trkpt>
      <trkpt lat="28.241194557690214" lon="112.91068719140121">
        <ele>76.74266096856445</ele>
        <time>2026-09-15T22:44:39.200000Z</time>
        <extensions>
          <gpxtpx:TrackPointExtension>
            <gpxtpx:hr>183</gpxtpx:hr>
          </gpxtpx:TrackPointExtension>
        </extensions>
      </trkpt>
      <trkpt lat="28.241205180173097" lon="112.91071846539718">
        <ele>76.75165935978293</ele>
        <time>2026-09-15T22:44:40.200000Z</time>
        <extensions>
          <gpxtpx:TrackPointExtension>
            <gpxtpx:hr>183</gpxtpx:hr>
          </gpxtpx:TrackPointExtension>
        </extensions>
      </trkpt>
      <trkpt lat="28.241216251979857" lon="112.91074962264227">
        <ele>76.74641242530197</ele>
        <time>2026-09-15T22:44:41.200000Z</time>
        <extensions>
          <gpxtpx:TrackPointExtension>
            <gpxtpx:hr>183</gpxtpx:hr>
          </gpxtpx:TrackPointExtension>
        </extensions>
      </trkpt>
      <trkpt lat="28.24122752204212" lon="112.91078039274505">
        <ele>76.72509733308107</ele>
        <time>2026-09-15T22:44:42.200000Z</time>
        <extensions>
          <gpxtpx:TrackPointExtension>
            <gpxtpx:hr>183</gpxtpx:hr>
          </gpxtpx:TrackPointExtension>
        </extensions>
      </trkpt>
      <trkpt lat="28.24123855163354" lon="112.91081068766051">
        <ele>76.68635388836265</ele>
        <time>2026-09-15T22:44:43.200000Z</time>
        <extensions>
          <gpxtpx:TrackPointExtension>
            <gpxtpx:hr>183</gpxtpx:hr>
          </gpxtpx:TrackPointExtension>
        </extensions>
      </trkpt>
      <trkpt lat="28.241249211040994" lon="112.91084053918188">
        <ele>76.62952639814466</ele>
        <time>2026-09-15T22:44:44.200000Z</time>
        <extensions>
          <gpxtpx:TrackPointExtension>
            <gpxtpx:hr>183</gpxtpx:hr>
          </gpxtpx:TrackPointExtension>
        </extensions>
      </trkpt>
      <trkpt lat="28.241259598443733" lon="112.91087013195515">
        <ele>76.55480033624917</ele>
        <time>2026-09-15T22:44:45.200000Z</time>
        <extensions>
          <gpxtpx:TrackPointExtension>
            <gpxtpx:hr>183</gpxtpx:hr>
          </gpxtpx:TrackPointExtension>
        </extensions>
      </trkpt>
      <trkpt lat="28.241269981160578" lon="112.91089953927147">
        <ele>76.46314010489732</ele>
        <time>2026-09-15T22:44:46.200000Z</time>
        <extensions>
          <gpxtpx:TrackPointExtension>
            <gpxtpx:hr>184</gpxtpx:hr>
          </gpxtpx:TrackPointExtension>
        </extensions>
      </trkpt>
      <trkpt lat="28.24128060859605" lon="112.91092876366987">
        <ele>76.35595646407455</ele>
        <time>2026-09-15T22:44:47.200000Z</time>
        <extensions>
          <gpxtpx:TrackPointExtension>
            <gpxtpx:hr>184</gpxtpx:hr>
          </gpxtpx:TrackPointExtension>
        </extensions>
      </trkpt>
      <trkpt lat="28.24129146487921" lon="112.91095785971632">
        <ele>76.23450068477541</ele>
        <time>2026-09-15T22:44:48.200000Z</time>
        <extensions>
          <gpxtpx:TrackPointExtension>
            <gpxtpx:hr>184</gpxtpx:hr>
          </gpxtpx:TrackPointExtension>
        </extensions>
      </trkpt>
      <trkpt lat="28.241302299190792" lon="112.91098680810467">
        <ele>76.10015017911792</ele>
        <time>2026-09-15T22:44:49.200000Z</time>
        <extensions>
          <gpxtpx:TrackPointExtension>
            <gpxtpx:hr>184</gpxtpx:hr>
          </gpxtpx:TrackPointExtension>
        </extensions>
      </trkpt>
      <trkpt lat="28.241312669880095" lon="112.91101547452224">
        <ele>75.95461604371667</ele>
        <time>2026-09-15T22:44:50.200000Z</time>
        <extensions>
          <gpxtpx:TrackPointExtension>
            <gpxtpx:hr>184</gpxtpx:hr>
          </gpxtpx:TrackPointExtension>
        </extensions>
      </trkpt>
      <trkpt lat="28.24132254168482" lon="112.91104374325808">
        <ele>75.79926646500826</ele>
        <time>2026-09-15T22:44:51.200000Z</time>
        <extensions>
          <gpxtpx:TrackPointExtension>
            <gpxtpx:hr>184</gpxtpx:hr>
          </gpxtpx:TrackPointExtension>
        </extensions>
      </trkpt>
      <trkpt lat="28.241332099684136" lon="112.91107196350958">
        <ele>75.63533272314817</ele>
        <time>2026-09-15T22:44:52.200000Z</time>
        <extensions>
          <gpxtpx:TrackPointExtension>
            <gpxtpx:hr>183</gpxtpx:hr>
          </gpxtpx:TrackPointExtension>
        </extensions>
      </trkpt>
      <trkpt lat="28.241341273327077" lon="112.91110024012808">
        <ele>75.4634216921404</ele>
        <time>2026-09-15T22:44:53.100000Z</time>
        <extensions>
          <gpxtpx:TrackPointExtension>
            <gpxtpx:hr>183</gpxtpx:hr>
          </gpxtpx:TrackPointExtension>
        </extensions>
      </trkpt>
      <trkpt lat="28.241350033528366" lon="112.91112854635658">
        <ele>75.2848547147587</ele>
        <time>2026-09-15T22:44:54.100000Z</time>
        <extensions>
          <gpxtpx:TrackPointExtension>
            <gpxtpx:hr>183</gpxtpx:hr>
          </gpxtpx:TrackPointExtension>
        </extensions>
      </trkpt>
      <trkpt lat="28.24135800600713" lon="112.91115722104942">
        <ele>75.10116454027593</ele>
        <time>2026-09-15T22:44:55.100000Z</time>
        <extensions>
          <gpxtpx:TrackPointExtension>
            <gpxtpx:hr>183</gpxtpx:hr>
          </gpxtpx:TrackPointExtension>
        </extensions>
      </trkpt>
      <trkpt lat="28.241365273865725" lon="112.91118619597249">
        <ele>74.91498782206327</ele>
        <time>2026-09-15T22:44:56.100000Z</time>
        <extensions>
          <gpxtpx:TrackPointExtension>
            <gpxtpx:hr>183</gpxtpx:hr>
          </gpxtpx:TrackPointExtension>
        </extensions>
      </trkpt>
      <trkpt lat="28.24137247113615" lon="112.91121516268305">
        <ele>74.728819062002</ele>
        <time>2026-09-15T22:44:57.100000Z</time>
        <extensions>
          <gpxtpx:TrackPointExtension>
            <gpxtpx:hr>183</gpxtpx:hr>
          </gpxtpx:TrackPointExtension>
        </extensions>
      </trkpt>
      <trkpt lat="28.241379850048997" lon="112.9112439824924">
        <ele>74.5457060514018</ele>
        <time>2026-09-15T22:44:58.100000Z</time>
        <extensions>
          <gpxtpx:TrackPointExtension>
            <gpxtpx:hr>183</gpxtpx:hr>
          </gpxtpx:TrackPointExtension>
        </extensions>
      </trkpt>
      <trkpt lat="28.24138743212004" lon="112.91127277504091">
        <ele>74.36862850561738</ele>
        <time>2026-09-15T22:44:59.100000Z</time>
        <extensions>
          <gpxtpx:TrackPointExtension>
            <gpxtpx:hr>183</gpxtpx:hr>
          </gpxtpx:TrackPointExtension>
        </extensions>
      </trkpt>
      <trkpt lat="28.2413951747799" lon="112.9113018269528">
        <ele>74.20067664794624</ele>
        <time>2026-09-15T22:45:00.100000Z</time>
        <extensions>
          <gpxtpx:TrackPointExtension>
            <gpxtpx:hr>183</gpxtpx:hr>
          </gpxtpx:TrackPointExtension>
        </extensions>
      </trkpt>
      <trkpt lat="28.241403640429063" lon="112.91133106386545">
        <ele>74.04468963295221</ele>
        <time>2026-09-15T22:45:01.100000Z</time>
        <extensions>
          <gpxtpx:TrackPointExtension>
            <gpxtpx:hr>183</gpxtpx:hr>
          </gpxtpx:TrackPointExtension>
        </extensions>
      </trkpt>
      <trkpt lat="28.241413217421176" lon="112.91136007906125">
        <ele>73.90262452233583</ele>
        <time>2026-09-15T22:45:02.100000Z</time>
        <extensions>
          <gpxtpx:TrackPointExtension>
            <gpxtpx:hr>183</gpxtpx:hr>
          </gpxtpx:TrackPointExtension>
        </extensions>
      </trkpt>
      <trkpt lat="28.241423735879412" lon="112.9113884369554">
        <ele>73.77609102241695</ele>
        <time>2026-09-15T22:45:03.100000Z</time>
        <extensions>
          <gpxtpx:TrackPointExtension>
            <gpxtpx:hr>182</gpxtpx:hr>
          </gpxtpx:TrackPointExtension>
        </extensions>
      </trkpt>
      <trkpt lat="28.241435085820594" lon="112.91141610081415">
        <ele>73.66556680575013</ele>
        <time>2026-09-15T22:45:04.100000Z</time>
        <extensions>
          <gpxtpx:TrackPointExtension>
            <gpxtpx:hr>182</gpxtpx:hr>
          </gpxtpx:TrackPointExtension>
        </extensions>
      </trkpt>
      <trkpt lat="28.241447183161643" lon="112.91144330927689">
        <ele>73.57157986797392</ele>
        <time>2026-09-15T22:45:05.100000Z</time>
        <extensions>
          <gpxtpx:TrackPointExtension>
            <gpxtpx:hr>182</gpxtpx:hr>
          </gpxtpx:TrackPointExtension>
        </extensions>
      </trkpt>
      <trkpt lat="28.2414600531714" lon="112.91147040159765">
        <ele>73.4933406105265</ele>
        <time>2026-09-15T22:45:06.100000Z</time>
        <extensions>
          <gpxtpx:TrackPointExtension>
            <gpxtpx:hr>182</gpxtpx:hr>
          </gpxtpx:TrackPointExtension>
        </extensions>
      </trkpt>
      <trkpt lat="28.24147331788235" lon="112.91149764549772">
        <ele>73.43028812017292</ele>
        <time>2026-09-15T22:45:07.100000Z</time>
        <extensions>
          <gpxtpx:TrackPointExtension>
            <gpxtpx:hr>182</gpxtpx:hr>
          </gpxtpx:TrackPointExtension>
        </extensions>
      </trkpt>
      <trkpt lat="28.24148625065848" lon="112.91152518968647">
        <ele>73.38185991812497</ele>
        <time>2026-09-15T22:45:08.100000Z</time>
        <extensions>
          <gpxtpx:TrackPointExtension>
            <gpxtpx:hr>182</gpxtpx:hr>
          </gpxtpx:TrackPointExtension>
        </extensions>
      </trkpt>
      <trkpt lat="28.241498190209537" lon="112.91155311104119">
        <ele>73.3475114069879</ele>
        <time>2026-09-15T22:45:09.100000Z</time>
        <extensions>
          <gpxtpx:TrackPointExtension>
            <gpxtpx:hr>182</gpxtpx:hr>
          </gpxtpx:TrackPointExtension>
        </extensions>
      </trkpt>
      <trkpt lat="28.24150869636873" lon="112.91158160198297">
        <ele>73.32684174366295</ele>
        <time>2026-09-15T22:45:10.100000Z</time>
        <extensions>
          <gpxtpx:TrackPointExtension>
            <gpxtpx:hr>182</gpxtpx:hr>
          </gpxtpx:TrackPointExtension>
        </extensions>
      </trkpt>
      <trkpt lat="28.241517771195372" lon="112.91161120984987">
        <ele>73.31862143892795</ele>
        <time>2026-09-15T22:45:11.100000Z</time>
        <extensions>
          <gpxtpx:TrackPointExtension>
            <gpxtpx:hr>182</gpxtpx:hr>
          </gpxtpx:TrackPointExtension>
        </extensions>
      </trkpt>
      <trkpt lat="28.241525948389963" lon="112.91164191864694">
        <ele>73.32130542490631</ele>
        <time>2026-09-15T22:45:12.100000Z</time>
        <extensions>
          <gpxtpx:TrackPointExtension>
            <gpxtpx:hr>182</gpxtpx:hr>
          </gpxtpx:TrackPointExtension>
        </extensions>
      </trkpt>
      <trkpt lat="28.241533622763694" lon="112.91167336710286">
        <ele>73.33466824796051</ele>
        <time>2026-09-15T22:45:13.100000Z</time>
        <extensions>
          <gpxtpx:TrackPointExtension>
            <gpxtpx:hr>182</gpxtpx:hr>
          </gpxtpx:TrackPointExtension>
        </extensions>
      </trkpt>
      <trkpt lat="28.24154053653528" lon="112.91170541145631">
        <ele>73.35745125077665</ele>
        <time>2026-09-15T22:45:14.100000Z</time>
        <extensions>
          <gpxtpx:TrackPointExtension>
            <gpxtpx:hr>180</gpxtpx:hr>
          </gpxtpx:TrackPointExtension>
        </extensions>
      </trkpt>
      <trkpt lat="28.241546056683326" lon="112.91173804284794">
        <ele>73.38826053962111</ele>
        <time>2026-09-15T22:45:15.100000Z</time>
        <extensions>
          <gpxtpx:TrackPointExtension>
            <gpxtpx:hr>180</gpxtpx:hr>
          </gpxtpx:TrackPointExtension>
        </extensions>
      </trkpt>
      <trkpt lat="28.241549721511504" lon="112.91177114447123">
        <ele>73.42661087401211</ele>
        <time>2026-09-15T22:45:16.100000Z</time>
        <extensions>
          <gpxtpx:TrackPointExtension>
            <gpxtpx:hr>180</gpxtpx:hr>
          </gpxtpx:TrackPointExtension>
        </extensions>
      </trkpt>
      <trkpt lat="28.24155174885944" lon="112.9118043381054">
        <ele>73.47114125452936</ele>
        <time>2026-09-15T22:45:17.100000Z</time>
        <extensions>
          <gpxtpx:TrackPointExtension>
            <gpxtpx:hr>180</gpxtpx:hr>
          </gpxtpx:TrackPointExtension>
        </extensions>
      </trkpt>
      <trkpt lat="28.241552820073945" lon="112.91183721419114">
        <ele>73.5212978310883</ele>
        <time>2026-09-15T22:45:18.100000Z</time>
        <extensions>
          <gpxtpx:TrackPointExtension>
            <gpxtpx:hr>180</gpxtpx:hr>
          </gpxtpx:TrackPointExtension>
        </extensions>
      </trkpt>
      <trkpt lat="28.241553617211462" lon="112.9118695374324">
        <ele>73.57538727857172</ele>
        <time>2026-09-15T22:45:19.100000Z</time>
        <extensions>
          <gpxtpx:TrackPointExtension>
            <gpxtpx:hr>179</gpxtpx:hr>
          </gpxtpx:TrackPointExtension>
        </extensions>
      </trkpt>
      <trkpt lat="28.24155461101006" lon="112.91190141334305">
        <ele>73.63303364627063</ele>
        <time>2026-09-15T22:45:20.100000Z</time>
        <extensions>
          <gpxtpx:TrackPointExtension>
            <gpxtpx:hr>179</gpxtpx:hr>
          </gpxtpx:TrackPointExtension>
        </extensions>
      </trkpt>
      <trkpt lat="28.241556246161323" lon="112.91193310994309">
        <ele>73.69283419661224</ele>
        <time>2026-09-15T22:45:21.100000Z</time>
        <extensions>
          <gpxtpx:TrackPointExtension>
            <gpxtpx:hr>179</gpxtpx:hr>
          </gpxtpx:TrackPointExtension>
        </extensions>
      </trkpt>
      <trkpt lat="28.241558729675393" lon="112.91196493741822">
        <ele>73.75345526449382</ele>
        <time>2026-09-15T22:45:22.100000Z</time>
        <extensions>
          <gpxtpx:TrackPointExtension>
            <gpxtpx:hr>179</gpxtpx:hr>
          </gpxtpx:TrackPointExtension>
        </extensions>
      </trkpt>
      <trkpt lat="28.241562177290813" lon="112.91199703132513">
        <ele>73.81447251606733</ele>
        <time>2026-09-15T22:45:23.100000Z</time>
        <extensions>
          <gpxtpx:TrackPointExtension>
            <gpxtpx:hr>179</gpxtpx:hr>
          </gpxtpx:TrackPointExtension>
        </extensions>
      </trkpt>
      <trkpt lat="28.241566765241615" lon="112.91202937813374">
        <ele>73.87466063536704</ele>
        <time>2026-09-15T22:45:24.100000Z</time>
        <extensions>
          <gpxtpx:TrackPointExtension>
            <gpxtpx:hr>179</gpxtpx:hr>
          </gpxtpx:TrackPointExtension>
        </extensions>
      </trkpt>
      <trkpt lat="28.24157209017368" lon="112.91206170455466">
        <ele>73.9331375323236</ele>
        <time>2026-09-15T22:45:25.100000Z</time>
        <extensions>
          <gpxtpx:TrackPointExtension>
            <gpxtpx:hr>179</gpxtpx:hr>
          </gpxtpx:TrackPointExtension>
        </extensions>
      </trkpt>
      <trkpt lat="28.241577511604998" lon="112.91209385411423">
        <ele>73.9897120418027</ele>
        <time>2026-09-15T22:45:26.100000Z</time>
        <extensions>
          <gpxtpx:TrackPointExtension>
            <gpxtpx:hr>179</gpxtpx:hr>
          </gpxtpx:TrackPointExtension>
        </extensions>
      </trkpt>
      <trkpt lat="28.241582691361838" lon="112.91212594340944">
        <ele>74.04496426600963</ele>
        <time>2026-09-15T22:45:27.100000Z</time>
        <extensions>
          <gpxtpx:TrackPointExtension>
            <gpxtpx:hr>179</gpxtpx:hr>
          </gpxtpx:TrackPointExtension>
        </extensions>
      </trkpt>
      <trkpt lat="28.241587400531344" lon="112.91215806143748">
        <ele>74.09769689571112</ele>
        <time>2026-09-15T22:45:28.100000Z</time>
        <extensions>
          <gpxtpx:TrackPointExtension>
            <gpxtpx:hr>180</gpxtpx:hr>
          </gpxtpx:TrackPointExtension>
        </extensions>
      </trkpt>
      <trkpt lat="28.241591512400472" lon="112.91219052474153">
        <ele>74.1485545784235</ele>
        <time>2026-09-15T22:45:29.100000Z</time>
        <extensions>
          <gpxtpx:TrackPointExtension>
            <gpxtpx:hr>180</gpxtpx:hr>
          </gpxtpx:TrackPointExtension>
        </extensions>
      </trkpt>
      <trkpt lat="28.24159529394073" lon="112.9122233148419">
        <ele>74.19697286281735</ele>
        <time>2026-09-15T22:45:30.100000Z</time>
        <extensions>
          <gpxtpx:TrackPointExtension>
            <gpxtpx:hr>180</gpxtpx:hr>
          </gpxtpx:TrackPointExtension>
        </extensions>
      </trkpt>
      <trkpt lat="28.24159898271517" lon="112.912256054652">
        <ele>74.2427853513509</ele>
        <time>2026-09-15T22:45:31.100000Z</time>
        <extensions>
          <gpxtpx:TrackPointExtension>
            <gpxtpx:hr>180</gpxtpx:hr>
          </gpxtpx:TrackPointExtension>
        </extensions>
      </trkpt>
      <trkpt lat="28.241602969814075" lon="112.91228838389551">
        <ele>74.28578657470644</ele>
        <time>2026-09-15T22:45:32.100000Z</time>
        <extensions>
          <gpxtpx:TrackPointExtension>
            <gpxtpx:hr>180</gpxtpx:hr>
          </gpxtpx:TrackPointExtension>
        </extensions>
      </trkpt>
      <trkpt lat="28.24160783977195" lon="112.91232018567754">
        <ele>74.3249835120514</ele>
        <time>2026-09-15T22:45:33.100000Z</time>
        <extensions>
          <gpxtpx:TrackPointExtension>
            <gpxtpx:hr>180</gpxtpx:hr>
          </gpxtpx:TrackPointExtension>
        </extensions>
      </trkpt>
      <trkpt lat="28.241613719027445" lon="112.91235155034553">
        <ele>74.36041507683694</ele>
        <time>2026-09-15T22:45:34.100000Z</time>
        <extensions>
          <gpxtpx:TrackPointExtension>
            <gpxtpx:hr>180</gpxtpx:hr>
          </gpxtpx:TrackPointExtension>
        </extensions>
      </trkpt>
      <trkpt lat="28.24162051842861" lon="112.91238261926664">
        <ele>74.39119625836611</ele>
        <time>2026-09-15T22:45:35.100000Z</time>
        <extensions>
          <gpxtpx:TrackPointExtension>
            <gpxtpx:hr>180</gpxtpx:hr>
          </gpxtpx:TrackPointExtension>
        </extensions>
      </trkpt>
      <trkpt lat="28.241627803421135" lon="112.91241381237175">
        <ele>74.41680012177676</ele>
        <time>2026-09-15T22:45:36.100000Z</time>
        <extensions>
          <gpxtpx:TrackPointExtension>
            <gpxtpx:hr>180</gpxtpx:hr>
          </gpxtpx:TrackPointExtension>
        </extensions>
      </trkpt>
      <trkpt lat="28.241635151367806" lon="112.91244530213157">
        <ele>74.43628730159253</ele>
        <time>2026-09-15T22:45:37.100000Z</time>
        <extensions>
          <gpxtpx:TrackPointExtension>
            <gpxtpx:hr>180</gpxtpx:hr>
          </gpxtpx:TrackPointExtension>
        </extensions>
      </trkpt>
      <trkpt lat="28.24164233035139" lon="112.91247691508498">
        <ele>74.44926270656288</ele>
        <time>2026-09-15T22:45:38.100000Z</time>
        <extensions>
          <gpxtpx:TrackPointExtension>
            <gpxtpx:hr>180</gpxtpx:hr>
          </gpxtpx:TrackPointExtension>
        </extensions>
      </trkpt>
      <trkpt lat="28.241649088189696" lon="112.91250843988301">
        <ele>74.455143625848</ele>
        <time>2026-09-15T22:45:39.100000Z</time>
        <extensions>
          <gpxtpx:TrackPointExtension>
            <gpxtpx:hr>179</gpxtpx:hr>
          </gpxtpx:TrackPointExtension>
        </extensions>
      </trkpt>
      <trkpt lat="28.241655278181966" lon="112.9125398413629">
        <ele>74.45405614562333</ele>
        <time>2026-09-15T22:45:40.100000Z</time>
        <extensions>
          <gpxtpx:TrackPointExtension>
            <gpxtpx:hr>179</gpxtpx:hr>
          </gpxtpx:TrackPointExtension>
        </extensions>
      </trkpt>
      <trkpt lat="28.241660733986365" lon="112.91257141739563">
        <ele>74.44551240000874</ele>
        <time>2026-09-15T22:45:41.100000Z</time>
        <extensions>
          <gpxtpx:TrackPointExtension>
            <gpxtpx:hr>179</gpxtpx:hr>
          </gpxtpx:TrackPointExtension>
        </extensions>
      </trkpt>
      <trkpt lat="28.24166537682195" lon="112.91260335818481">
        <ele>74.42954341880977</ele>
        <time>2026-09-15T22:45:42.100000Z</time>
        <extensions>
          <gpxtpx:TrackPointExtension>
            <gpxtpx:hr>179</gpxtpx:hr>
          </gpxtpx:TrackPointExtension>
        </extensions>
      </trkpt>
      <trkpt lat="28.241668956031855" lon="112.91263553601995">
        <ele>74.4059498719871</ele>
        <time>2026-09-15T22:45:43.100000Z</time>
        <extensions>
          <gpxtpx:TrackPointExtension>
            <gpxtpx:hr>174</gpxtpx:hr>
          </gpxtpx:TrackPointExtension>
        </extensions>
      </trkpt>
      <trkpt lat="28.241671166797047" lon="112.91266741712106">
        <ele>74.37486741505563</ele>
        <time>2026-09-15T22:45:44.100000Z</time>
        <extensions>
          <gpxtpx:TrackPointExtension>
            <gpxtpx:hr>174</gpxtpx:hr>
          </gpxtpx:TrackPointExtension>
        </extensions>
      </trkpt>
      <trkpt lat="28.241671590189917" lon="112.91269853566048">
        <ele>74.33579768333584</ele>
        <time>2026-09-15T22:45:45Z</time>
        <extensions>
          <gpxtpx:TrackPointExtension>
            <gpxtpx:hr>174</gpxtpx:hr>
          </gpxtpx:TrackPointExtension>
        </extensions>
      </trkpt>
      <trkpt lat="28.24166956754714" lon="112.91272860370015">
        <ele>74.28843496739864</ele>
        <time>2026-09-15T22:45:46Z</time>
        <extensions>
          <gpxtpx:TrackPointExtension>
            <gpxtpx:hr>174</gpxtpx:hr>
          </gpxtpx:TrackPointExtension>
        </extensions>
      </trkpt>
      <trkpt lat="28.241664238343066" lon="112.91275704231063">
        <ele>74.23319614864886</ele>
        <time>2026-09-15T22:45:47Z</time>
        <extensions>
          <gpxtpx:TrackPointExtension>
            <gpxtpx:hr>174</gpxtpx:hr>
          </gpxtpx:TrackPointExtension>
        </extensions>
      </trkpt>
      <trkpt lat="28.241655015671956" lon="112.91278317152296">
        <ele>74.16980634536594</ele>
        <time>2026-09-15T22:45:48Z</time>
        <extensions>
          <gpxtpx:TrackPointExtension>
            <gpxtpx:hr>174</gpxtpx:hr>
          </gpxtpx:TrackPointExtension>
        </extensions>
      </trkpt>
      <trkpt lat="28.241643805898367" lon="112.91280779422256">
        <ele>74.09908720385283</ele>
        <time>2026-09-15T22:45:49Z</time>
        <extensions>
          <gpxtpx:TrackPointExtension>
            <gpxtpx:hr>173</gpxtpx:hr>
          </gpxtpx:TrackPointExtension>
        </extensions>
      </trkpt>
      <trkpt lat="28.241633646111833" lon="112.91283282541815">
        <ele>74.02208894863725</ele>
        <time>2026-09-15T22:45:50Z</time>
        <extensions>
          <gpxtpx:TrackPointExtension>
            <gpxtpx:hr>173</gpxtpx:hr>
          </gpxtpx:TrackPointExtension>
        </extensions>
      </trkpt>
      <trkpt lat="28.241626812005165" lon="112.9128595397568">
        <ele>73.94001117348671</ele>
        <time>2026-09-15T22:45:51Z</time>
        <extensions>
          <gpxtpx:TrackPointExtension>
            <gpxtpx:hr>173</gpxtpx:hr>
          </gpxtpx:TrackPointExtension>
        </extensions>
      </trkpt>
      <trkpt lat="28.24162371589928" lon="112.91288801749738">
        <ele>73.85466941725463</ele>
        <time>2026-09-15T22:45:52Z</time>
        <extensions>
          <gpxtpx:TrackPointExtension>
            <gpxtpx:hr>173</gpxtpx:hr>
          </gpxtpx:TrackPointExtension>
        </extensions>
      </trkpt>
      <trkpt lat="28.241623041263807" lon="112.91291749281038">
        <ele>73.76703370176256</ele>
        <time>2026-09-15T22:45:53Z</time>
        <extensions>
          <gpxtpx:TrackPointExtension>
            <gpxtpx:hr>168</gpxtpx:hr>
          </gpxtpx:TrackPointExtension>
        </extensions>
      </trkpt>
      <trkpt lat="28.241623904308014" lon="112.91294777513345">
        <ele>73.67902666609734</ele>
        <time>2026-09-15T22:45:54Z</time>
        <extensions>
          <gpxtpx:TrackPointExtension>
            <gpxtpx:hr>168</gpxtpx:hr>
          </gpxtpx:TrackPointExtension>
        </extensions>
      </trkpt>
      <trkpt lat="28.241625888804677" lon="112.91297894081822">
        <ele>73.59164907131344</ele>
        <time>2026-09-15T22:45:55Z</time>
        <extensions>
          <gpxtpx:TrackPointExtension>
            <gpxtpx:hr>168</gpxtpx:hr>
          </gpxtpx:TrackPointExtension>
        </extensions>
      </trkpt>
      <trkpt lat="28.24162873652913" lon="112.9130109621624">
        <ele>73.5055490154773</ele>
        <time>2026-09-15T22:45:56Z</time>
        <extensions>
          <gpxtpx:TrackPointExtension>
            <gpxtpx:hr>168</gpxtpx:hr>
          </gpxtpx:TrackPointExtension>
        </extensions>
      </trkpt>
      <trkpt lat="28.241631925467047" lon="112.91304395006627">
        <ele>73.4209548747167</ele>
        <time>2026-09-15T22:45:57Z</time>
        <extensions>
          <gpxtpx:TrackPointExtension>
            <gpxtpx:hr>168</gpxtpx:hr>
          </gpxtpx:TrackPointExtension>
        </extensions>
      </trkpt>
      <trkpt lat="28.241635072888457" lon="112.91307780985575">
        <ele>73.33823784440756</ele>
        <time>2026-09-15T22:45:58Z</time>
        <extensions>
          <gpxtpx:TrackPointExtension>
            <gpxtpx:hr>168</gpxtpx:hr>
          </gpxtpx:TrackPointExtension>
        </extensions>
      </trkpt>
      <trkpt lat="28.24163790885852" lon="112.91311198725937">
        <ele>73.25753505341709</ele>
        <time>2026-09-15T22:45:59Z</time>
        <extensions>
          <gpxtpx:TrackPointExtension>
            <gpxtpx:hr>168</gpxtpx:hr>
          </gpxtpx:TrackPointExtension>
        </extensions>
      </trkpt>
      <trkpt lat="28.241640159715026" lon="112.91314598843479">
        <ele>73.17901748884469</ele>
        <time>2026-09-15T22:46:00Z</time>
        <extensions>
          <gpxtpx:TrackPointExtension>
            <gpxtpx:hr>166</gpxtpx:hr>
          </gpxtpx:TrackPointExtension>
        </extensions>
      </trkpt>
      <trkpt lat="28.241641904933616" lon="112.9131797511553">
        <ele>73.10241202637553</ele>
        <time>2026-09-15T22:46:01Z</time>
        <extensions>
          <gpxtpx:TrackPointExtension>
            <gpxtpx:hr>166</gpxtpx:hr>
          </gpxtpx:TrackPointExtension>
        </extensions>
      </trkpt>
      <trkpt lat="28.241643157105717" lon="112.9132132894791">
        <ele>73.02753020636737</ele>
        <time>2026-09-15T22:46:02Z</time>
        <extensions>
          <gpxtpx:TrackPointExtension>
            <gpxtpx:hr>166</gpxtpx:hr>
          </gpxtpx:TrackPointExtension>
        </extensions>
      </trkpt>
      <trkpt lat="28.241643923682673" lon="112.91324645969277">
        <ele>72.95383510459214</ele>
        <time>2026-09-15T22:46:03Z</time>
        <extensions>
          <gpxtpx:TrackPointExtension>
            <gpxtpx:hr>166</gpxtpx:hr>
          </gpxtpx:TrackPointExtension>
        </extensions>
      </trkpt>
      <trkpt lat="28.241644259098354" lon="112.91327914046212">
        <ele>72.88036217167974</ele>
        <time>2026-09-15T22:46:04Z</time>
        <extensions>
          <gpxtpx:TrackPointExtension>
            <gpxtpx:hr>165</gpxtpx:hr>
          </gpxtpx:TrackPointExtension>
        </extensions>
      </trkpt>
      <trkpt lat="28.241644270832538" lon="112.91331146904002">
        <ele>72.80622627492994</ele>
        <time>2026-09-15T22:46:05Z</time>
        <extensions>
          <gpxtpx:TrackPointExtension>
            <gpxtpx:hr>165</gpxtpx:hr>
          </gpxtpx:TrackPointExtension>
        </extensions>
      </trkpt>
      <trkpt lat="28.241644147556844" lon="112.91334370526253">
        <ele>72.73089567106217</ele>
        <time>2026-09-15T22:46:06Z</time>
        <extensions>
          <gpxtpx:TrackPointExtension>
            <gpxtpx:hr>165</gpxtpx:hr>
          </gpxtpx:TrackPointExtension>
        </extensions>
      </trkpt>
      <trkpt lat="28.241644036098357" lon="112.91337632992987">
        <ele>72.65429429057986</ele>
        <time>2026-09-15T22:46:07Z</time>
        <extensions>
          <gpxtpx:TrackPointExtension>
            <gpxtpx:hr>165</gpxtpx:hr>
          </gpxtpx:TrackPointExtension>
        </extensions>
      </trkpt>
      <trkpt lat="28.24164428433474" lon="112.9134095643984">
        <ele>72.57631443161517</ele>
        <time>2026-09-15T22:46:08Z</time>
        <extensions>
          <gpxtpx:TrackPointExtension>
            <gpxtpx:hr>163</gpxtpx:hr>
          </gpxtpx:TrackPointExtension>
        </extensions>
      </trkpt>
      <trkpt lat="28.241644990041312" lon="112.91344317821753">
        <ele>72.49693873152137</ele>
        <time>2026-09-15T22:46:09Z</time>
        <extensions>
          <gpxtpx:TrackPointExtension>
            <gpxtpx:hr>163</gpxtpx:hr>
          </gpxtpx:TrackPointExtension>
        </extensions>
      </trkpt>
      <trkpt lat="28.241645953410217" lon="112.91347694106118">
        <ele>72.41622096579522</ele>
        <time>2026-09-15T22:46:10Z</time>
        <extensions>
          <gpxtpx:TrackPointExtension>
            <gpxtpx:hr>163</gpxtpx:hr>
          </gpxtpx:TrackPointExtension>
        </extensions>
      </trkpt>
      <trkpt lat="28.241647133749765" lon="112.91351049274344">
        <ele>72.32791169732809</ele>
        <time>2026-09-15T22:46:11Z</time>
        <extensions>
          <gpxtpx:TrackPointExtension>
            <gpxtpx:hr>163</gpxtpx:hr>
          </gpxtpx:TrackPointExtension>
        </extensions>
      </trkpt>
      <trkpt lat="28.241648308858508" lon="112.91354365635173">
        <ele>72.24204587191343</ele>
        <time>2026-09-15T22:46:12Z</time>
        <extensions>
          <gpxtpx:TrackPointExtension>
            <gpxtpx:hr>163</gpxtpx:hr>
          </gpxtpx:TrackPointExtension>
        </extensions>
      </trkpt>
      <trkpt lat="28.241649009304165" lon="112.91357657725494">
        <ele>72.15470668394119</ele>
        <time>2026-09-15T22:46:13Z</time>
        <extensions>
          <gpxtpx:TrackPointExtension>
            <gpxtpx:hr>163</gpxtpx:hr>
          </gpxtpx:TrackPointExtension>
        </extensions>
      </trkpt>
      <trkpt lat="28.241648978011856" lon="112.91360951791131">
        <ele>72.06574794370681</ele>
        <time>2026-09-15T22:46:14Z</time>
        <extensions>
          <gpxtpx:TrackPointExtension>
            <gpxtpx:hr>162</gpxtpx:hr>
          </gpxtpx:TrackPointExtension>
        </extensions>
      </trkpt>
      <trkpt lat="28.24164825538971" lon="112.91364250399893">
        <ele>71.97544596157968</ele>
        <time>2026-09-15T22:46:15Z</time>
        <extensions>
          <gpxtpx:TrackPointExtension>
            <gpxtpx:hr>162</gpxtpx:hr>
          </gpxtpx:TrackPointExtension>
        </extensions>
      </trkpt>
      <trkpt lat="28.24164689952374" lon="112.91367527630909">
        <ele>71.88434107694775</ele>
        <time>2026-09-15T22:46:16Z</time>
        <extensions>
          <gpxtpx:TrackPointExtension>
            <gpxtpx:hr>162</gpxtpx:hr>
          </gpxtpx:TrackPointExtension>
        </extensions>
      </trkpt>
      <trkpt lat="28.241645229266997" lon="112.9137076917856">
        <ele>71.7929184930399</ele>
        <time>2026-09-15T22:46:17Z</time>
        <extensions>
          <gpxtpx:TrackPointExtension>
            <gpxtpx:hr>162</gpxtpx:hr>
          </gpxtpx:TrackPointExtension>
        </extensions>
      </trkpt>
      <trkpt lat="28.241643637210665" lon="112.91373980694271">
        <ele>71.70163680426776</ele>
        <time>2026-09-15T22:46:18Z</time>
        <extensions>
          <gpxtpx:TrackPointExtension>
            <gpxtpx:hr>162</gpxtpx:hr>
          </gpxtpx:TrackPointExtension>
        </extensions>
      </trkpt>
      <trkpt lat="28.24164237136142" lon="112.9137720404131">
        <ele>71.6111153755337</ele>
        <time>2026-09-15T22:46:19Z</time>
        <extensions>
          <gpxtpx:TrackPointExtension>
            <gpxtpx:hr>162</gpxtpx:hr>
          </gpxtpx:TrackPointExtension>
        </extensions>
      </trkpt>
      <trkpt lat="28.24164167947162" lon="112.91380474248857">
        <ele>71.52209208160639</ele>
        <time>2026-09-15T22:46:20Z</time>
        <extensions>
          <gpxtpx:TrackPointExtension>
            <gpxtpx:hr>162</gpxtpx:hr>
          </gpxtpx:TrackPointExtension>
        </extensions>
      </trkpt>
      <trkpt lat="28.2416408266208" lon="112.91383779587278">
        <ele>71.4353764699772</ele>
        <time>2026-09-15T22:46:21Z</time>
        <extensions>
          <gpxtpx:TrackPointExtension>
            <gpxtpx:hr>162</gpxtpx:hr>
          </gpxtpx:TrackPointExtension>
        </extensions>
      </trkpt>
      <trkpt lat="28.24163884074841" lon="112.91387120378175">
        <ele>71.3519229106605</ele>
        <time>2026-09-15T22:46:22Z</time>
        <extensions>
          <gpxtpx:TrackPointExtension>
            <gpxtpx:hr>162</gpxtpx:hr>
          </gpxtpx:TrackPointExtension>
        </extensions>
      </trkpt>
      <trkpt lat="28.241635778986467" lon="112.91390498568657">
        <ele>71.27281209547073</ele>
        <time>2026-09-15T22:46:23Z</time>
        <extensions>
          <gpxtpx:TrackPointExtension>
            <gpxtpx:hr>162</gpxtpx:hr>
          </gpxtpx:TrackPointExtension>
        </extensions>
      </trkpt>
      <trkpt lat="28.2416320815304" lon="112.91393887535529">
        <ele>71.1991559304297</ele>
        <time>2026-09-15T22:46:24Z</time>
        <extensions>
          <gpxtpx:TrackPointExtension>
            <gpxtpx:hr>162</gpxtpx:hr>
          </gpxtpx:TrackPointExtension>
        </extensions>
      </trkpt>
      <trkpt lat="28.241628780443307" lon="112.91397247363">
        <ele>71.1318110730499</ele>
        <time>2026-09-15T22:46:25Z</time>
        <extensions>
          <gpxtpx:TrackPointExtension>
            <gpxtpx:hr>162</gpxtpx:hr>
          </gpxtpx:TrackPointExtension>
        </extensions>
      </trkpt>
      <trkpt lat="28.241626625178476" lon="112.91400565753528">
        <ele>71.07126129418612</ele>
        <time>2026-09-15T22:46:26Z</time>
        <extensions>
          <gpxtpx:TrackPointExtension>
            <gpxtpx:hr>162</gpxtpx:hr>
          </gpxtpx:TrackPointExtension>
        </extensions>
      </trkpt>
      <trkpt lat="28.241625724984292" lon="112.91403846489895">
        <ele>71.0176923815161</ele>
        <time>2026-09-15T22:46:27Z</time>
        <extensions>
          <gpxtpx:TrackPointExtension>
            <gpxtpx:hr>161</gpxtpx:hr>
          </gpxtpx:TrackPointExtension>
        </extensions>
      </trkpt>
      <trkpt lat="28.24162613428699" lon="112.91407077158173">
        <ele>70.971066609025</ele>
        <time>2026-09-15T22:46:28Z</time>
        <extensions>
          <gpxtpx:TrackPointExtension>
            <gpxtpx:hr>161</gpxtpx:hr>
          </gpxtpx:TrackPointExtension>
        </extensions>
      </trkpt>
      <trkpt lat="28.24162772215923" lon="112.91410243475576">
        <ele>70.93115137331188</ele>
        <time>2026-09-15T22:46:29Z</time>
        <extensions>
          <gpxtpx:TrackPointExtension>
            <gpxtpx:hr>161</gpxtpx:hr>
          </gpxtpx:TrackPointExtension>
        </extensions>
      </trkpt>
      <trkpt lat="28.241630440039987" lon="112.91413321630677">
        <ele>70.8974797623232</ele>
        <time>2026-09-15T22:46:30Z</time>
        <extensions>
          <gpxtpx:TrackPointExtension>
            <gpxtpx:hr>161</gpxtpx:hr>
          </gpxtpx:TrackPointExtension>
        </extensions>
      </trkpt>
      <trkpt lat="28.241633975438468" lon="112.91416290412482">
        <ele>70.86934751272202</ele>
        <time>2026-09-15T22:46:31Z</time>
        <extensions>
          <gpxtpx:TrackPointExtension>
            <gpxtpx:hr>161</gpxtpx:hr>
          </gpxtpx:TrackPointExtension>
        </extensions>
      </trkpt>
      <trkpt lat="28.24163759445337" lon="112.91419135186247">
        <ele>70.84589309617877</ele>
        <time>2026-09-15T22:46:32Z</time>
        <extensions>
          <gpxtpx:TrackPointExtension>
            <gpxtpx:hr>161</gpxtpx:hr>
          </gpxtpx:TrackPointExtension>
        </extensions>
      </trkpt>
      <trkpt lat="28.24164072438479" lon="112.91421854607276">
        <ele>70.82614730205387</ele>
        <time>2026-09-15T22:46:33Z</time>
        <extensions>
          <gpxtpx:TrackPointExtension>
            <gpxtpx:hr>161</gpxtpx:hr>
          </gpxtpx:TrackPointExtension>
        </extensions>
      </trkpt>
      <trkpt lat="28.241642992942715" lon="112.9142451448661">
        <ele>70.80906483251601</ele>
        <time>2026-09-15T22:46:34Z</time>
        <extensions>
          <gpxtpx:TrackPointExtension>
            <gpxtpx:hr>162</gpxtpx:hr>
          </gpxtpx:TrackPointExtension>
        </extensions>
      </trkpt>
      <trkpt lat="28.241644018944168" lon="112.91427248553954">
        <ele>70.7937123645097</ele>
        <time>2026-09-15T22:46:35Z</time>
        <extensions>
          <gpxtpx:TrackPointExtension>
            <gpxtpx:hr>162</gpxtpx:hr>
          </gpxtpx:TrackPointExtension>
        </extensions>
      </trkpt>
      <trkpt lat="28.241643482256777" lon="112.91430157473394">
        <ele>70.77947482373565</ele>
        <time>2026-09-15T22:46:36Z</time>
        <extensions>
          <gpxtpx:TrackPointExtension>
            <gpxtpx:hr>162</gpxtpx:hr>
          </gpxtpx:TrackPointExtension>
        </extensions>
      </trkpt>
      <trkpt lat="28.24164120959231" lon="112.91433237394253">
        <ele>70.76608849316835</ele>
        <time>2026-09-15T22:46:36.900000Z</time>
        <extensions>
          <gpxtpx:TrackPointExtension>
            <gpxtpx:hr>162</gpxtpx:hr>
          </gpxtpx:TrackPointExtension>
        </extensions>
      </trkpt>
      <trkpt lat="28.241637308549688" lon="112.91436363918365">
        <ele>70.75339809525758</ele>
        <time>2026-09-15T22:46:37.900000Z</time>
        <extensions>
          <gpxtpx:TrackPointExtension>
            <gpxtpx:hr>162</gpxtpx:hr>
          </gpxtpx:TrackPointExtension>
        </extensions>
      </trkpt>
      <trkpt lat="28.24163192260206" lon="112.91439349680834">
        <ele>70.74150614533573</ele>
        <time>2026-09-15T22:46:38.900000Z</time>
        <extensions>
          <gpxtpx:TrackPointExtension>
            <gpxtpx:hr>162</gpxtpx:hr>
          </gpxtpx:TrackPointExtension>
        </extensions>
      </trkpt>
      <trkpt lat="28.241624819462103" lon="112.91442037603606">
        <ele>70.73077191412449</ele>
        <time>2026-09-15T22:46:39.900000Z</time>
        <extensions>
          <gpxtpx:TrackPointExtension>
            <gpxtpx:hr>162</gpxtpx:hr>
          </gpxtpx:TrackPointExtension>
        </extensions>
      </trkpt>
      <trkpt lat="28.241615606374378" lon="112.91444287341898">
        <ele>70.72178754489869</ele>
        <time>2026-09-15T22:46:40.900000Z</time>
        <extensions>
          <gpxtpx:TrackPointExtension>
            <gpxtpx:hr>164</gpxtpx:hr>
          </gpxtpx:TrackPointExtension>
        </extensions>
      </trkpt>
      <trkpt lat="28.241604311275832" lon="112.91445975846635">
        <ele>70.7153233345598</ele>
        <time>2026-09-15T22:46:41.900000Z</time>
        <extensions>
          <gpxtpx:TrackPointExtension>
            <gpxtpx:hr>164</gpxtpx:hr>
          </gpxtpx:TrackPointExtension>
        </extensions>
      </trkpt>
      <trkpt lat="28.241591669836968" lon="112.91447103745661">
        <ele>70.7121979482472</ele>
        <time>2026-09-15T22:46:42.900000Z</time>
        <extensions>
          <gpxtpx:TrackPointExtension>
            <gpxtpx:hr>164</gpxtpx:hr>
          </gpxtpx:TrackPointExtension>
        </extensions>
      </trkpt>
      <trkpt lat="28.241578479829574" lon="112.91447764403873">
        <ele>70.71303558070213</ele>
        <time>2026-09-15T22:46:43.900000Z</time>
        <extensions>
          <gpxtpx:TrackPointExtension>
            <gpxtpx:hr>164</gpxtpx:hr>
          </gpxtpx:TrackPointExtension>
        </extensions>
      </trkpt>
      <trkpt lat="28.241565021012317" lon="112.91448059992096">
        <ele>70.71786760725081</ele>
        <time>2026-09-15T22:46:44.900000Z</time>
        <extensions>
          <gpxtpx:TrackPointExtension>
            <gpxtpx:hr>164</gpxtpx:hr>
          </gpxtpx:TrackPointExtension>
        </extensions>
      </trkpt>
      <trkpt lat="28.241551382736876" lon="112.9144805644624">
        <ele>70.72599091101438</ele>
        <time>2026-09-15T22:46:45.900000Z</time>
        <extensions>
          <gpxtpx:TrackPointExtension>
            <gpxtpx:hr>164</gpxtpx:hr>
          </gpxtpx:TrackPointExtension>
        </extensions>
      </trkpt>
      <trkpt lat="28.241537768182056" lon="112.91447778191622">
        <ele>70.7361666476354</ele>
        <time>2026-09-15T22:46:46.900000Z</time>
        <extensions>
          <gpxtpx:TrackPointExtension>
            <gpxtpx:hr>164</gpxtpx:hr>
          </gpxtpx:TrackPointExtension>
        </extensions>
      </trkpt>
      <trkpt lat="28.241524513109763" lon="112.91447275656775">
        <ele>70.74688395671546</ele>
        <time>2026-09-15T22:46:47.900000Z</time>
        <extensions>
          <gpxtpx:TrackPointExtension>
            <gpxtpx:hr>165</gpxtpx:hr>
          </gpxtpx:TrackPointExtension>
        </extensions>
      </trkpt>
      <trkpt lat="28.24151178693044" lon="112.91446617259672">
        <ele>70.75660654902458</ele>
        <time>2026-09-15T22:46:48.900000Z</time>
        <extensions>
          <gpxtpx:TrackPointExtension>
            <gpxtpx:hr>165</gpxtpx:hr>
          </gpxtpx:TrackPointExtension>
        </extensions>
      </trkpt>
      <trkpt lat="28.241499249689163" lon="112.91445848009467">
        <ele>70.76393102388829</ele>
        <time>2026-09-15T22:46:49.900000Z</time>
        <extensions>
          <gpxtpx:TrackPointExtension>
            <gpxtpx:hr>165</gpxtpx:hr>
          </gpxtpx:TrackPointExtension>
        </extensions>
      </trkpt>
      <trkpt lat="28.241486421373512" lon="112.91445037852486">
        <ele>70.76765942387283</ele>
        <time>2026-09-15T22:46:50.900000Z</time>
        <extensions>
          <gpxtpx:TrackPointExtension>
            <gpxtpx:hr>165</gpxtpx:hr>
          </gpxtpx:TrackPointExtension>
        </extensions>
      </trkpt>
      <trkpt lat="28.241473133787984" lon="112.9144427814042">
        <ele>70.76680208463222</ele>
        <time>2026-09-15T22:46:51.900000Z</time>
        <extensions>
          <gpxtpx:TrackPointExtension>
            <gpxtpx:hr>165</gpxtpx:hr>
          </gpxtpx:TrackPointExtension>
        </extensions>
      </trkpt>
      <trkpt lat="28.241459499810215" lon="112.91443628575036">
        <ele>70.76055471319705</ele>
        <time>2026-09-15T22:46:52.900000Z</time>
        <extensions>
          <gpxtpx:TrackPointExtension>
            <gpxtpx:hr>165</gpxtpx:hr>
          </gpxtpx:TrackPointExtension>
        </extensions>
      </trkpt>
      <trkpt lat="28.241445638010088" lon="112.9144312426552">
        <ele>70.74834569357336</ele>
        <time>2026-09-15T22:46:53.900000Z</time>
        <extensions>
          <gpxtpx:TrackPointExtension>
            <gpxtpx:hr>165</gpxtpx:hr>
          </gpxtpx:TrackPointExtension>
        </extensions>
      </trkpt>
      <trkpt lat="28.24143167130505" lon="112.91442745437158">
        <ele>70.72991587221622</ele>
        <time>2026-09-15T22:46:54.900000Z</time>
        <extensions>
          <gpxtpx:TrackPointExtension>
            <gpxtpx:hr>169</gpxtpx:hr>
          </gpxtpx:TrackPointExtension>
        </extensions>
      </trkpt>
      <trkpt lat="28.241417691680105" lon="112.91442455751718">
        <ele>70.7053035357967</ele>
        <time>2026-09-15T22:46:55.900000Z</time>
        <extensions>
          <gpxtpx:TrackPointExtension>
            <gpxtpx:hr>169</gpxtpx:hr>
          </gpxtpx:TrackPointExtension>
        </extensions>
      </trkpt>
      <trkpt lat="28.241403752620524" lon="112.91442256120821">
        <ele>70.67475926596671</ele>
        <time>2026-09-15T22:46:56.900000Z</time>
        <extensions>
          <gpxtpx:TrackPointExtension>
            <gpxtpx:hr>169</gpxtpx:hr>
          </gpxtpx:TrackPointExtension>
        </extensions>
      </trkpt>
      <trkpt lat="28.24139006154907" lon="112.9144217394715">
        <ele>70.63873699121177</ele>
        <time>2026-09-15T22:46:57.900000Z</time>
        <extensions>
          <gpxtpx:TrackPointExtension>
            <gpxtpx:hr>169</gpxtpx:hr>
          </gpxtpx:TrackPointExtension>
        </extensions>
      </trkpt>
      <trkpt lat="28.241376885400378" lon="112.91442242755335">
        <ele>70.59802668914199</ele>
        <time>2026-09-15T22:46:58.900000Z</time>
        <extensions>
          <gpxtpx:TrackPointExtension>
            <gpxtpx:hr>169</gpxtpx:hr>
          </gpxtpx:TrackPointExtension>
        </extensions>
      </trkpt>
      <trkpt lat="28.241364610028732" lon="112.91442470270371">
        <ele>70.55392107181251</ele>
        <time>2026-09-15T22:46:59.900000Z</time>
        <extensions>
          <gpxtpx:TrackPointExtension>
            <gpxtpx:hr>169</gpxtpx:hr>
          </gpxtpx:TrackPointExtension>
        </extensions>
      </trkpt>
      <trkpt lat="28.241354867945407" lon="112.91442792224193">
        <ele>70.51455448102206</ele>
        <time>2026-09-15T22:47:00.800000Z</time>
        <extensions>
          <gpxtpx:TrackPointExtension>
            <gpxtpx:hr>169</gpxtpx:hr>
          </gpxtpx:TrackPointExtension>
        </extensions>
      </trkpt>
      <trkpt lat="28.241344604042" lon="112.91443345198651">
        <ele>70.46893214527518</ele>
        <time>2026-09-15T22:47:01.800000Z</time>
        <extensions>
          <gpxtpx:TrackPointExtension>
            <gpxtpx:hr>169</gpxtpx:hr>
          </gpxtpx:TrackPointExtension>
        </extensions>
      </trkpt>
      <trkpt lat="28.241335870404097" lon="112.91444122092564">
        <ele>70.42444559652358</ele>
        <time>2026-09-15T22:47:02.800000Z</time>
        <extensions>
          <gpxtpx:TrackPointExtension>
            <gpxtpx:hr>169</gpxtpx:hr>
          </gpxtpx:TrackPointExtension>
        </extensions>
      </trkpt>
      <trkpt lat="28.241329006677976" lon="112.91445130050721">
        <ele>70.38141737226397</ele>
        <time>2026-09-15T22:47:03.800000Z</time>
        <extensions>
          <gpxtpx:TrackPointExtension>
            <gpxtpx:hr>169</gpxtpx:hr>
          </gpxtpx:TrackPointExtension>
        </extensions>
      </trkpt>
      <trkpt lat="28.241324054057984" lon="112.91446355129054">
        <ele>70.33976423181593</ele>
        <time>2026-09-15T22:47:04.800000Z</time>
        <extensions>
          <gpxtpx:TrackPointExtension>
            <gpxtpx:hr>171</gpxtpx:hr>
          </gpxtpx:TrackPointExtension>
        </extensions>
      </trkpt>
      <trkpt lat="28.241320378937044" lon="112.91447719976298">
        <ele>70.29947620630264</ele>
        <time>2026-09-15T22:47:05.800000Z</time>
        <extensions>
          <gpxtpx:TrackPointExtension>
            <gpxtpx:hr>171</gpxtpx:hr>
          </gpxtpx:TrackPointExtension>
        </extensions>
      </trkpt>
      <trkpt lat="28.241317028951254" lon="112.91449134676056">
        <ele>70.26088909991086</ele>
        <time>2026-09-15T22:47:06.800000Z</time>
        <extensions>
          <gpxtpx:TrackPointExtension>
            <gpxtpx:hr>171</gpxtpx:hr>
          </gpxtpx:TrackPointExtension>
        </extensions>
      </trkpt>
      <trkpt lat="28.241313715184237" lon="112.91450571958649">
        <ele>70.22468830645084</ele>
        <time>2026-09-15T22:47:07.800000Z</time>
        <extensions>
          <gpxtpx:TrackPointExtension>
            <gpxtpx:hr>171</gpxtpx:hr>
          </gpxtpx:TrackPointExtension>
        </extensions>
      </trkpt>
      <trkpt lat="28.241310627542976" lon="112.91452027616258">
        <ele>70.1917804023251</ele>
        <time>2026-09-15T22:47:08.800000Z</time>
        <extensions>
          <gpxtpx:TrackPointExtension>
            <gpxtpx:hr>171</gpxtpx:hr>
          </gpxtpx:TrackPointExtension>
        </extensions>
      </trkpt>
      <trkpt lat="28.24130770892277" lon="112.9145348486932">
        <ele>70.16311077121645</ele>
        <time>2026-09-15T22:47:09.800000Z</time>
        <extensions>
          <gpxtpx:TrackPointExtension>
            <gpxtpx:hr>171</gpxtpx:hr>
          </gpxtpx:TrackPointExtension>
        </extensions>
      </trkpt>
      <trkpt lat="28.241304798381844" lon="112.91454912916466">
        <ele>70.13941290322691</ele>
        <time>2026-09-15T22:47:10.800000Z</time>
        <extensions>
          <gpxtpx:TrackPointExtension>
            <gpxtpx:hr>172</gpxtpx:hr>
          </gpxtpx:TrackPointExtension>
        </extensions>
      </trkpt>
      <trkpt lat="28.241302933891095" lon="112.91456351496444">
        <ele>70.12102018203586</ele>
        <time>2026-09-15T22:47:11.800000Z</time>
        <extensions>
          <gpxtpx:TrackPointExtension>
            <gpxtpx:hr>172</gpxtpx:hr>
          </gpxtpx:TrackPointExtension>
        </extensions>
      </trkpt>
      <trkpt lat="28.241302279812558" lon="112.91457841882347">
        <ele>70.10783124156296</ele>
        <time>2026-09-15T22:47:12.800000Z</time>
        <extensions>
          <gpxtpx:TrackPointExtension>
            <gpxtpx:hr>172</gpxtpx:hr>
          </gpxtpx:TrackPointExtension>
        </extensions>
      </trkpt>
      <trkpt lat="28.241301479529596" lon="112.91459341721416">
        <ele>70.09931943565607</ele>
        <time>2026-09-15T22:47:13.800000Z</time>
        <extensions>
          <gpxtpx:TrackPointExtension>
            <gpxtpx:hr>171</gpxtpx:hr>
          </gpxtpx:TrackPointExtension>
        </extensions>
      </trkpt>
      <trkpt lat="28.24129984701633" lon="112.91460798016676">
        <ele>70.09454269427806</ele>
        <time>2026-09-15T22:47:14.800000Z</time>
        <extensions>
          <gpxtpx:TrackPointExtension>
            <gpxtpx:hr>171</gpxtpx:hr>
          </gpxtpx:TrackPointExtension>
        </extensions>
      </trkpt>
      <trkpt lat="28.24129628107284" lon="112.91462276797738">
        <ele>70.09204363264143</ele>
        <time>2026-09-15T22:47:15.900000Z</time>
        <extensions>
          <gpxtpx:TrackPointExtension>
            <gpxtpx:hr>171</gpxtpx:hr>
          </gpxtpx:TrackPointExtension>
        </extensions>
      </trkpt>
      <trkpt lat="28.241291978995903" lon="112.91463509707543">
        <ele>70.09073353279382</ele>
        <time>2026-09-15T22:47:16.900000Z</time>
        <extensions>
          <gpxtpx:TrackPointExtension>
            <gpxtpx:hr>171</gpxtpx:hr>
          </gpxtpx:TrackPointExtension>
        </extensions>
      </trkpt>
      <trkpt lat="28.241288598058247" lon="112.91464758763924">
        <ele>70.0889349700883</ele>
        <time>2026-09-15T22:47:17.900000Z</time>
        <extensions>
          <gpxtpx:TrackPointExtension>
            <gpxtpx:hr>173</gpxtpx:hr>
          </gpxtpx:TrackPointExtension>
        </extensions>
      </trkpt>
      <trkpt lat="28.24128866175255" lon="112.91466069372447">
        <ele>70.08578628953546</ele>
        <time>2026-09-15T22:47:18.900000Z</time>
        <extensions>
          <gpxtpx:TrackPointExtension>
            <gpxtpx:hr>173</gpxtpx:hr>
          </gpxtpx:TrackPointExtension>
        </extensions>
      </trkpt>
      <trkpt lat="28.24129098370404" lon="112.91467579284193">
        <ele>70.08060720656067</ele>
        <time>2026-09-15T22:47:19.900000Z</time>
        <extensions>
          <gpxtpx:TrackPointExtension>
            <gpxtpx:hr>173</gpxtpx:hr>
          </gpxtpx:TrackPointExtension>
        </extensions>
      </trkpt>
      <trkpt lat="28.241292032116206" lon="112.91469382617059">
        <ele>70.07283379510045</ele>
        <time>2026-09-15T22:47:20.900000Z</time>
        <extensions>
          <gpxtpx:TrackPointExtension>
            <gpxtpx:hr>173</gpxtpx:hr>
          </gpxtpx:TrackPointExtension>
        </extensions>
      </trkpt>
      <trkpt lat="28.24129146504664" lon="112.91471427560768">
        <ele>70.06209378130734</ele>
        <time>2026-09-15T22:47:21.900000Z</time>
        <extensions>
          <gpxtpx:TrackPointExtension>
            <gpxtpx:hr>173</gpxtpx:hr>
          </gpxtpx:TrackPointExtension>
        </extensions>
      </trkpt>
      <trkpt lat="28.241289796058773" lon="112.9147359703623">
        <ele>70.04792726412416</ele>
        <time>2026-09-15T22:47:22.900000Z</time>
        <extensions>
          <gpxtpx:TrackPointExtension>
            <gpxtpx:hr>174</gpxtpx:hr>
          </gpxtpx:TrackPointExtension>
        </extensions>
      </trkpt>
      <trkpt lat="28.241287324772145" lon="112.91475796590021">
        <ele>70.03019294515252</ele>
        <time>2026-09-15T22:47:23.900000Z</time>
        <extensions>
          <gpxtpx:TrackPointExtension>
            <gpxtpx:hr>174</gpxtpx:hr>
          </gpxtpx:TrackPointExtension>
        </extensions>
      </trkpt>
      <trkpt lat="28.241284498771588" lon="112.9147802349717">
        <ele>70.00889612454921</ele>
        <time>2026-09-15T22:47:24.900000Z</time>
        <extensions>
          <gpxtpx:TrackPointExtension>
            <gpxtpx:hr>174</gpxtpx:hr>
          </gpxtpx:TrackPointExtension>
        </extensions>
      </trkpt>
      <trkpt lat="28.24128175974576" lon="112.91480077742528">
        <ele>69.98667978774756</ele>
        <time>2026-09-15T22:47:25.800000Z</time>
        <extensions>
          <gpxtpx:TrackPointExtension>
            <gpxtpx:hr>174</gpxtpx:hr>
          </gpxtpx:TrackPointExtension>
        </extensions>
      </trkpt>
      <trkpt lat="28.24127843259243" lon="112.91482409081438">
        <ele>69.95924057159573</ele>
        <time>2026-09-15T22:47:26.800000Z</time>
        <extensions>
          <gpxtpx:TrackPointExtension>
            <gpxtpx:hr>174</gpxtpx:hr>
          </gpxtpx:TrackPointExtension>
        </extensions>
      </trkpt>
      <trkpt lat="28.241274608064828" lon="112.91484885155525">
        <ele>69.92846472468227</ele>
        <time>2026-09-15T22:47:27.800000Z</time>
        <extensions>
          <gpxtpx:TrackPointExtension>
            <gpxtpx:hr>174</gpxtpx:hr>
          </gpxtpx:TrackPointExtension>
        </extensions>
      </trkpt>
      <trkpt lat="28.24126997610916" lon="112.91487674622294">
        <ele>69.89430077001452</ele>
        <time>2026-09-15T22:47:28.800000Z</time>
        <extensions>
          <gpxtpx:TrackPointExtension>
            <gpxtpx:hr>175</gpxtpx:hr>
          </gpxtpx:TrackPointExtension>
        </extensions>
      </trkpt>
      <trkpt lat="28.241264246613646" lon="112.91490898569077">
        <ele>69.85715062078089</ele>
        <time>2026-09-15T22:47:29.800000Z</time>
        <extensions>
          <gpxtpx:TrackPointExtension>
            <gpxtpx:hr>175</gpxtpx:hr>
          </gpxtpx:TrackPointExtension>
        </extensions>
      </trkpt>
      <trkpt lat="28.241257175261307" lon="112.91494741786792">
        <ele>69.8151633599773</ele>
        <time>2026-09-15T22:47:30.800000Z</time>
        <extensions>
          <gpxtpx:TrackPointExtension>
            <gpxtpx:hr>175</gpxtpx:hr>
          </gpxtpx:TrackPointExtension>
        </extensions>
      </trkpt>
      <trkpt lat="28.241250420587182" lon="112.9149843965105">
        <ele>69.77667957451195</ele>
        <time>2026-09-15T22:47:31.800000Z</time>
        <extensions>
          <gpxtpx:TrackPointExtension>
            <gpxtpx:hr>175</gpxtpx:hr>
          </gpxtpx:TrackPointExtension>
        </extensions>
      </trkpt>
      <trkpt lat="28.241243890856687" lon="112.91502148781673">
        <ele>69.74032711982727</ele>
        <time>2026-09-15T22:47:32.800000Z</time>
        <extensions>
          <gpxtpx:TrackPointExtension>
            <gpxtpx:hr>175</gpxtpx:hr>
          </gpxtpx:TrackPointExtension>
        </extensions>
      </trkpt>
      <trkpt lat="28.241237725155283" lon="112.9150580343271">
        <ele>69.7070961901918</ele>
        <time>2026-09-15T22:47:33.800000Z</time>
        <extensions>
          <gpxtpx:TrackPointExtension>
            <gpxtpx:hr>174</gpxtpx:hr>
          </gpxtpx:TrackPointExtension>
        </extensions>
      </trkpt>
      <trkpt lat="28.241232027333734" lon="112.91509406706435">
        <ele>69.67728348448873</ele>
        <time>2026-09-15T22:47:34.800000Z</time>
        <extensions>
          <gpxtpx:TrackPointExtension>
            <gpxtpx:hr>174</gpxtpx:hr>
          </gpxtpx:TrackPointExtension>
        </extensions>
      </trkpt>
      <trkpt lat="28.241226933147335" lon="112.9151295739972">
        <ele>69.65074611455202</ele>
        <time>2026-09-15T22:47:35.800000Z</time>
        <extensions>
          <gpxtpx:TrackPointExtension>
            <gpxtpx:hr>174</gpxtpx:hr>
          </gpxtpx:TrackPointExtension>
        </extensions>
      </trkpt>
      <trkpt lat="28.241222564860877" lon="112.9151620887269">
        <ele>69.62835572473705</ele>
        <time>2026-09-15T22:47:36.800000Z</time>
        <extensions>
          <gpxtpx:TrackPointExtension>
            <gpxtpx:hr>174</gpxtpx:hr>
          </gpxtpx:TrackPointExtension>
        </extensions>
      </trkpt>
      <trkpt lat="28.24121767449291" lon="112.91519637106063">
        <ele>69.6057457998395</ele>
        <time>2026-09-15T22:47:37.800000Z</time>
        <extensions>
          <gpxtpx:TrackPointExtension>
            <gpxtpx:hr>174</gpxtpx:hr>
          </gpxtpx:TrackPointExtension>
        </extensions>
      </trkpt>
      <trkpt lat="28.241212265199543" lon="112.91523004388043">
        <ele>69.58392443135381</ele>
        <time>2026-09-15T22:47:38.800000Z</time>
        <extensions>
          <gpxtpx:TrackPointExtension>
            <gpxtpx:hr>175</gpxtpx:hr>
          </gpxtpx:TrackPointExtension>
        </extensions>
      </trkpt>
      <trkpt lat="28.241205896501175" lon="112.91526548623925">
        <ele>69.56115598138422</ele>
        <time>2026-09-15T22:47:39.800000Z</time>
        <extensions>
          <gpxtpx:TrackPointExtension>
            <gpxtpx:hr>175</gpxtpx:hr>
          </gpxtpx:TrackPointExtension>
        </extensions>
      </trkpt>
      <trkpt lat="28.241199257118836" lon="112.91529849302144">
        <ele>69.53991710115224</ele>
        <time>2026-09-15T22:47:40.800000Z</time>
        <extensions>
          <gpxtpx:TrackPointExtension>
            <gpxtpx:hr>175</gpxtpx:hr>
          </gpxtpx:TrackPointExtension>
        </extensions>
      </trkpt>
      <trkpt lat="28.24119233908448" lon="112.9153311746919">
        <ele>69.51853130105883</ele>
        <time>2026-09-15T22:47:41.800000Z</time>
        <extensions>
          <gpxtpx:TrackPointExtension>
            <gpxtpx:hr>175</gpxtpx:hr>
          </gpxtpx:TrackPointExtension>
        </extensions>
      </trkpt>
      <trkpt lat="28.24118574482812" lon="112.91536358667352">
        <ele>69.49665912613273</ele>
        <time>2026-09-15T22:47:42.800000Z</time>
        <extensions>
          <gpxtpx:TrackPointExtension>
            <gpxtpx:hr>175</gpxtpx:hr>
          </gpxtpx:TrackPointExtension>
        </extensions>
      </trkpt>
      <trkpt lat="28.241179448282512" lon="112.91539599310525">
        <ele>69.4739901740104</ele>
        <time>2026-09-15T22:47:43.800000Z</time>
        <extensions>
          <gpxtpx:TrackPointExtension>
            <gpxtpx:hr>175</gpxtpx:hr>
          </gpxtpx:TrackPointExtension>
        </extensions>
      </trkpt>
      <trkpt lat="28.241172648346783" lon="112.91542842819608">
        <ele>69.45029382780194</ele>
        <time>2026-09-15T22:47:44.800000Z</time>
        <extensions>
          <gpxtpx:TrackPointExtension>
            <gpxtpx:hr>175</gpxtpx:hr>
          </gpxtpx:TrackPointExtension>
        </extensions>
      </trkpt>
      <trkpt lat="28.241164940529462" lon="112.91546079700639">
        <ele>69.42536590248346</ele>
        <time>2026-09-15T22:47:45.800000Z</time>
        <extensions>
          <gpxtpx:TrackPointExtension>
            <gpxtpx:hr>175</gpxtpx:hr>
          </gpxtpx:TrackPointExtension>
        </extensions>
      </trkpt>
      <trkpt lat="28.24115703784341" lon="112.91549291542226">
        <ele>69.39887942466885</ele>
        <time>2026-09-15T22:47:46.800000Z</time>
        <extensions>
          <gpxtpx:TrackPointExtension>
            <gpxtpx:hr>175</gpxtpx:hr>
          </gpxtpx:TrackPointExtension>
        </extensions>
      </trkpt>
      <trkpt lat="28.241149345648825" lon="112.91552444000563">
        <ele>69.37034901697189</ele>
        <time>2026-09-15T22:47:47.800000Z</time>
        <extensions>
          <gpxtpx:TrackPointExtension>
            <gpxtpx:hr>174</gpxtpx:hr>
          </gpxtpx:TrackPointExtension>
        </extensions>
      </trkpt>
      <trkpt lat="28.241141708710835" lon="112.91555540427612">
        <ele>69.33916336484253</ele>
        <time>2026-09-15T22:47:48.800000Z</time>
        <extensions>
          <gpxtpx:TrackPointExtension>
            <gpxtpx:hr>174</gpxtpx:hr>
          </gpxtpx:TrackPointExtension>
        </extensions>
      </trkpt>
      <trkpt lat="28.24113395494115" lon="112.9155859896757">
        <ele>69.30499411933124</ele>
        <time>2026-09-15T22:47:49.800000Z</time>
        <extensions>
          <gpxtpx:TrackPointExtension>
            <gpxtpx:hr>174</gpxtpx:hr>
          </gpxtpx:TrackPointExtension>
        </extensions>
      </trkpt>
      <trkpt lat="28.24112562081613" lon="112.91561622408966">
        <ele>69.2679045246914</ele>
        <time>2026-09-15T22:47:50.800000Z</time>
        <extensions>
          <gpxtpx:TrackPointExtension>
            <gpxtpx:hr>174</gpxtpx:hr>
          </gpxtpx:TrackPointExtension>
        </extensions>
      </trkpt>
      <trkpt lat="28.24111642837506" lon="112.91564602462338">
        <ele>69.2281304905191</ele>
        <time>2026-09-15T22:47:51.800000Z</time>
        <extensions>
          <gpxtpx:TrackPointExtension>
            <gpxtpx:hr>174</gpxtpx:hr>
          </gpxtpx:TrackPointExtension>
        </extensions>
      </trkpt>
      <trkpt lat="28.24110687008776" lon="112.9156756394557">
        <ele>69.18611271306872</ele>
        <time>2026-09-15T22:47:52.800000Z</time>
        <extensions>
          <gpxtpx:TrackPointExtension>
            <gpxtpx:hr>174</gpxtpx:hr>
          </gpxtpx:TrackPointExtension>
        </extensions>
      </trkpt>
      <trkpt lat="28.241097670980153" lon="112.9157055690237">
        <ele>69.14242544118315</ele>
        <time>2026-09-15T22:47:53.800000Z</time>
        <extensions>
          <gpxtpx:TrackPointExtension>
            <gpxtpx:hr>174</gpxtpx:hr>
          </gpxtpx:TrackPointExtension>
        </extensions>
      </trkpt>
      <trkpt lat="28.241088903369317" lon="112.91573594513815">
        <ele>69.09761563967913</ele>
        <time>2026-09-15T22:47:54.800000Z</time>
        <extensions>
          <gpxtpx:TrackPointExtension>
            <gpxtpx:hr>177</gpxtpx:hr>
          </gpxtpx:TrackPointExtension>
        </extensions>
      </trkpt>
      <trkpt lat="28.241080786433784" lon="112.91576674621052">
        <ele>69.05227587465197</ele>
        <time>2026-09-15T22:47:55.800000Z</time>
        <extensions>
          <gpxtpx:TrackPointExtension>
            <gpxtpx:hr>177</gpxtpx:hr>
          </gpxtpx:TrackPointExtension>
        </extensions>
      </trkpt>
      <trkpt lat="28.241073568328876" lon="112.91579813797289">
        <ele>69.00693944934756</ele>
        <time>2026-09-15T22:47:56.800000Z</time>
        <extensions>
          <gpxtpx:TrackPointExtension>
            <gpxtpx:hr>177</gpxtpx:hr>
          </gpxtpx:TrackPointExtension>
        </extensions>
      </trkpt>
      <trkpt lat="28.241066932558724" lon="112.91583033224617">
        <ele>68.96188650466502</ele>
        <time>2026-09-15T22:47:57.800000Z</time>
        <extensions>
          <gpxtpx:TrackPointExtension>
            <gpxtpx:hr>177</gpxtpx:hr>
          </gpxtpx:TrackPointExtension>
        </extensions>
      </trkpt>
      <trkpt lat="28.24106060930039" lon="112.9158631496316">
        <ele>68.91717440728098</ele>
        <time>2026-09-15T22:47:58.800000Z</time>
        <extensions>
          <gpxtpx:TrackPointExtension>
            <gpxtpx:hr>177</gpxtpx:hr>
          </gpxtpx:TrackPointExtension>
        </extensions>
      </trkpt>
      <trkpt lat="28.24105466752478" lon="112.91589651695786">
        <ele>68.8726574704051</ele>
        <time>2026-09-15T22:47:59.800000Z</time>
        <extensions>
          <gpxtpx:TrackPointExtension>
            <gpxtpx:hr>177</gpxtpx:hr>
          </gpxtpx:TrackPointExtension>
        </extensions>
      </trkpt>
      <trkpt lat="28.241048854457112" lon="112.91593029170525">
        <ele>68.82807113509625</ele>
        <time>2026-09-15T22:48:00.800000Z</time>
        <extensions>
          <gpxtpx:TrackPointExtension>
            <gpxtpx:hr>177</gpxtpx:hr>
          </gpxtpx:TrackPointExtension>
        </extensions>
      </trkpt>
      <trkpt lat="28.241042853678895" lon="112.9159641340315">
        <ele>68.78314580675215</ele>
        <time>2026-09-15T22:48:01.800000Z</time>
        <extensions>
          <gpxtpx:TrackPointExtension>
            <gpxtpx:hr>177</gpxtpx:hr>
          </gpxtpx:TrackPointExtension>
        </extensions>
      </trkpt>
      <trkpt lat="28.24103673531663" lon="112.91599775981582">
        <ele>68.73755236715078</ele>
        <time>2026-09-15T22:48:02.800000Z</time>
        <extensions>
          <gpxtpx:TrackPointExtension>
            <gpxtpx:hr>177</gpxtpx:hr>
          </gpxtpx:TrackPointExtension>
        </extensions>
      </trkpt>
      <trkpt lat="28.241030518679246" lon="112.91603102022145">
        <ele>68.69094943348318</ele>
        <time>2026-09-15T22:48:03.800000Z</time>
        <extensions>
          <gpxtpx:TrackPointExtension>
            <gpxtpx:hr>177</gpxtpx:hr>
          </gpxtpx:TrackPointExtension>
        </extensions>
      </trkpt>
      <trkpt lat="28.24102405924409" lon="112.91606403747265">
        <ele>68.64303525630385</ele>
        <time>2026-09-15T22:48:04.800000Z</time>
        <extensions>
          <gpxtpx:TrackPointExtension>
            <gpxtpx:hr>176</gpxtpx:hr>
          </gpxtpx:TrackPointExtension>
        </extensions>
      </trkpt>
      <trkpt lat="28.241017014319677" lon="112.91609675915971">
        <ele>68.59367238078266</ele>
        <time>2026-09-15T22:48:05.800000Z</time>
        <extensions>
          <gpxtpx:TrackPointExtension>
            <gpxtpx:hr>176</gpxtpx:hr>
          </gpxtpx:TrackPointExtension>
        </extensions>
      </trkpt>
      <trkpt lat="28.24100893691086" lon="112.91612926589534">
        <ele>68.54289885237813</ele>
        <time>2026-09-15T22:48:06.800000Z</time>
        <extensions>
          <gpxtpx:TrackPointExtension>
            <gpxtpx:hr>176</gpxtpx:hr>
          </gpxtpx:TrackPointExtension>
        </extensions>
      </trkpt>
      <trkpt lat="28.240999615335802" lon="112.91616160044126">
        <ele>68.4910680335015</ele>
        <time>2026-09-15T22:48:07.800000Z</time>
        <extensions>
          <gpxtpx:TrackPointExtension>
            <gpxtpx:hr>176</gpxtpx:hr>
          </gpxtpx:TrackPointExtension>
        </extensions>
      </trkpt>
      <trkpt lat="28.240989177305465" lon="112.91619370106473">
        <ele>68.43887820839882</ele>
        <time>2026-09-15T22:48:08.800000Z</time>
        <extensions>
          <gpxtpx:TrackPointExtension>
            <gpxtpx:hr>176</gpxtpx:hr>
          </gpxtpx:TrackPointExtension>
        </extensions>
      </trkpt>
      <trkpt lat="28.240977565830864" lon="112.91622561380177">
        <ele>68.38734351284802</ele>
        <time>2026-09-15T22:48:09.800000Z</time>
        <extensions>
          <gpxtpx:TrackPointExtension>
            <gpxtpx:hr>177</gpxtpx:hr>
          </gpxtpx:TrackPointExtension>
        </extensions>
      </trkpt>
      <trkpt lat="28.240964297534" lon="112.91625702637755">
        <ele>68.33789354655892</ele>
        <time>2026-09-15T22:48:10.800000Z</time>
        <extensions>
          <gpxtpx:TrackPointExtension>
            <gpxtpx:hr>177</gpxtpx:hr>
          </gpxtpx:TrackPointExtension>
        </extensions>
      </trkpt>
      <trkpt lat="28.240948650568217" lon="112.91628732789195">
        <ele>68.29240314848721</ele>
        <time>2026-09-15T22:48:11.800000Z</time>
        <extensions>
          <gpxtpx:TrackPointExtension>
            <gpxtpx:hr>177</gpxtpx:hr>
          </gpxtpx:TrackPointExtension>
        </extensions>
      </trkpt>
      <trkpt lat="28.240930333519728" lon="112.91631590882308">
        <ele>68.25262664444745</ele>
        <time>2026-09-15T22:48:12.800000Z</time>
        <extensions>
          <gpxtpx:TrackPointExtension>
            <gpxtpx:hr>177</gpxtpx:hr>
          </gpxtpx:TrackPointExtension>
        </extensions>
      </trkpt>
      <trkpt lat="28.240909645044166" lon="112.9163422283285">
        <ele>68.21887935977429</ele>
        <time>2026-09-15T22:48:13.800000Z</time>
        <extensions>
          <gpxtpx:TrackPointExtension>
            <gpxtpx:hr>177</gpxtpx:hr>
          </gpxtpx:TrackPointExtension>
        </extensions>
      </trkpt>
      <trkpt lat="28.240887097920357" lon="112.91636559582432">
        <ele>68.18981999065727</ele>
        <time>2026-09-15T22:48:14.800000Z</time>
        <extensions>
          <gpxtpx:TrackPointExtension>
            <gpxtpx:hr>177</gpxtpx:hr>
          </gpxtpx:TrackPointExtension>
        </extensions>
      </trkpt>
      <trkpt lat="28.240863468143598" lon="112.91638547199408">
        <ele>68.16394158545882</ele>
        <time>2026-09-15T22:48:15.800000Z</time>
        <extensions>
          <gpxtpx:TrackPointExtension>
            <gpxtpx:hr>177</gpxtpx:hr>
          </gpxtpx:TrackPointExtension>
        </extensions>
      </trkpt>
      <trkpt lat="28.240839484580345" lon="112.91640125997935">
        <ele>68.14049340970814</ele>
        <time>2026-09-15T22:48:16.800000Z</time>
        <extensions>
          <gpxtpx:TrackPointExtension>
            <gpxtpx:hr>178</gpxtpx:hr>
          </gpxtpx:TrackPointExtension>
        </extensions>
      </trkpt>
      <trkpt lat="28.240815528848955" lon="112.91641209841701">
        <ele>68.11956163775176</ele>
        <time>2026-09-15T22:48:17.800000Z</time>
        <extensions>
          <gpxtpx:TrackPointExtension>
            <gpxtpx:hr>178</gpxtpx:hr>
          </gpxtpx:TrackPointExtension>
        </extensions>
      </trkpt>
      <trkpt lat="28.240792272685464" lon="112.91641780304924">
        <ele>68.10209805425256</ele>
        <time>2026-09-15T22:48:18.800000Z</time>
        <extensions>
          <gpxtpx:TrackPointExtension>
            <gpxtpx:hr>178</gpxtpx:hr>
          </gpxtpx:TrackPointExtension>
        </extensions>
      </trkpt>
      <trkpt lat="28.240770589064873" lon="112.91641947305264">
        <ele>68.08969169016927</ele>
        <time>2026-09-15T22:48:19.800000Z</time>
        <extensions>
          <gpxtpx:TrackPointExtension>
            <gpxtpx:hr>178</gpxtpx:hr>
          </gpxtpx:TrackPointExtension>
        </extensions>
      </trkpt>
      <trkpt lat="28.24075081353168" lon="112.91641843961592">
        <ele>68.08468238636851</ele>
        <time>2026-09-15T22:48:20.700000Z</time>
        <extensions>
          <gpxtpx:TrackPointExtension>
            <gpxtpx:hr>178</gpxtpx:hr>
          </gpxtpx:TrackPointExtension>
        </extensions>
      </trkpt>
      <trkpt lat="28.24073282428234" lon="112.91641582368499">
        <ele>68.09048597794026</ele>
        <time>2026-09-15T22:48:21.700000Z</time>
        <extensions>
          <gpxtpx:TrackPointExtension>
            <gpxtpx:hr>178</gpxtpx:hr>
          </gpxtpx:TrackPointExtension>
        </extensions>
      </trkpt>
      <trkpt lat="28.24071610038179" lon="112.91641249995038">
        <ele>68.11283472180367</ele>
        <time>2026-09-15T22:48:22.800000Z</time>
        <extensions>
          <gpxtpx:TrackPointExtension>
            <gpxtpx:hr>178</gpxtpx:hr>
          </gpxtpx:TrackPointExtension>
        </extensions>
      </trkpt>
      <trkpt lat="28.24070126173114" lon="112.91640939877036">
        <ele>68.15582638047636</ele>
        <time>2026-09-15T22:48:23.800000Z</time>
        <extensions>
          <gpxtpx:TrackPointExtension>
            <gpxtpx:hr>177</gpxtpx:hr>
          </gpxtpx:TrackPointExtension>
        </extensions>
      </trkpt>
      <trkpt lat="28.24068826106838" lon="112.91640680907891">
        <ele>68.21752696391195</ele>
        <time>2026-09-15T22:48:24.700000Z</time>
        <extensions>
          <gpxtpx:TrackPointExtension>
            <gpxtpx:hr>177</gpxtpx:hr>
          </gpxtpx:TrackPointExtension>
        </extensions>
      </trkpt>
      <trkpt lat="28.24067612108468" lon="112.916404556634">
        <ele>68.29590135347098</ele>
        <time>2026-09-15T22:48:25.700000Z</time>
        <extensions>
          <gpxtpx:TrackPointExtension>
            <gpxtpx:hr>177</gpxtpx:hr>
          </gpxtpx:TrackPointExtension>
        </extensions>
      </trkpt>
      <trkpt lat="28.240664685297812" lon="112.91640270185212">
        <ele>68.38483386021107</ele>
        <time>2026-09-15T22:48:26.700000Z</time>
        <extensions>
          <gpxtpx:TrackPointExtension>
            <gpxtpx:hr>177</gpxtpx:hr>
          </gpxtpx:TrackPointExtension>
        </extensions>
      </trkpt>
      <trkpt lat="28.240653726509965" lon="112.91640080955065">
        <ele>68.48015006445348</ele>
        <time>2026-09-15T22:48:27.700000Z</time>
        <extensions>
          <gpxtpx:TrackPointExtension>
            <gpxtpx:hr>177</gpxtpx:hr>
          </gpxtpx:TrackPointExtension>
        </extensions>
      </trkpt>
      <trkpt lat="28.240642975002245" lon="112.91639848679904">
        <ele>68.57926189247519</ele>
        <time>2026-09-15T22:48:28.700000Z</time>
        <extensions>
          <gpxtpx:TrackPointExtension>
            <gpxtpx:hr>178</gpxtpx:hr>
          </gpxtpx:TrackPointExtension>
        </extensions>
      </trkpt>
      <trkpt lat="28.240632217327118" lon="112.91639537479442">
        <ele>68.67947165109217</ele>
        <time>2026-09-15T22:48:29.700000Z</time>
        <extensions>
          <gpxtpx:TrackPointExtension>
            <gpxtpx:hr>178</gpxtpx:hr>
          </gpxtpx:TrackPointExtension>
        </extensions>
      </trkpt>
      <trkpt lat="28.240621346074434" lon="112.9163912893328">
        <ele>68.77933738939464</ele>
        <time>2026-09-15T22:48:30.700000Z</time>
        <extensions>
          <gpxtpx:TrackPointExtension>
            <gpxtpx:hr>178</gpxtpx:hr>
          </gpxtpx:TrackPointExtension>
        </extensions>
      </trkpt>
      <trkpt lat="28.240610190219353" lon="112.9163862003572">
        <ele>68.87770622689277</ele>
        <time>2026-09-15T22:48:31.700000Z</time>
        <extensions>
          <gpxtpx:TrackPointExtension>
            <gpxtpx:hr>178</gpxtpx:hr>
          </gpxtpx:TrackPointExtension>
        </extensions>
      </trkpt>
      <trkpt lat="28.240598748830926" lon="112.91638006794136">
        <ele>68.9731336934492</ele>
        <time>2026-09-15T22:48:32.700000Z</time>
        <extensions>
          <gpxtpx:TrackPointExtension>
            <gpxtpx:hr>179</gpxtpx:hr>
          </gpxtpx:TrackPointExtension>
        </extensions>
      </trkpt>
      <trkpt lat="28.240587423291576" lon="112.91637313494113">
        <ele>69.06520859245211</ele>
        <time>2026-09-15T22:48:33.700000Z</time>
        <extensions>
          <gpxtpx:TrackPointExtension>
            <gpxtpx:hr>179</gpxtpx:hr>
          </gpxtpx:TrackPointExtension>
        </extensions>
      </trkpt>
      <trkpt lat="28.240576437694642" lon="112.91636591804374">
        <ele>69.15296526160091</ele>
        <time>2026-09-15T22:48:34.700000Z</time>
        <extensions>
          <gpxtpx:TrackPointExtension>
            <gpxtpx:hr>179</gpxtpx:hr>
          </gpxtpx:TrackPointExtension>
        </extensions>
      </trkpt>
      <trkpt lat="28.2405656581794" lon="112.91635854203071">
        <ele>69.23591011948884</ele>
        <time>2026-09-15T22:48:35.700000Z</time>
        <extensions>
          <gpxtpx:TrackPointExtension>
            <gpxtpx:hr>179</gpxtpx:hr>
          </gpxtpx:TrackPointExtension>
        </extensions>
      </trkpt>
      <trkpt lat="28.240555121497806" lon="112.91635111502075">
        <ele>69.31391346640885</ele>
        <time>2026-09-15T22:48:36.700000Z</time>
        <extensions>
          <gpxtpx:TrackPointExtension>
            <gpxtpx:hr>179</gpxtpx:hr>
          </gpxtpx:TrackPointExtension>
        </extensions>
      </trkpt>
      <trkpt lat="28.240544731021124" lon="112.91634386188571">
        <ele>69.38659571949393</ele>
        <time>2026-09-15T22:48:37.700000Z</time>
        <extensions>
          <gpxtpx:TrackPointExtension>
            <gpxtpx:hr>178</gpxtpx:hr>
          </gpxtpx:TrackPointExtension>
        </extensions>
      </trkpt>
      <trkpt lat="28.240534236057268" lon="112.91633652367256">
        <ele>69.45372607931495</ele>
        <time>2026-09-15T22:48:38.700000Z</time>
        <extensions>
          <gpxtpx:TrackPointExtension>
            <gpxtpx:hr>178</gpxtpx:hr>
          </gpxtpx:TrackPointExtension>
        </extensions>
      </trkpt>
      <trkpt lat="28.240523576110448" lon="112.91632884277821">
        <ele>69.51544434204698</ele>
        <time>2026-09-15T22:48:39.700000Z</time>
        <extensions>
          <gpxtpx:TrackPointExtension>
            <gpxtpx:hr>178</gpxtpx:hr>
          </gpxtpx:TrackPointExtension>
        </extensions>
      </trkpt>
      <trkpt lat="28.24051268556417" lon="112.91632066884172">
        <ele>69.57216140534729</ele>
        <time>2026-09-15T22:48:40.700000Z</time>
        <extensions>
          <gpxtpx:TrackPointExtension>
            <gpxtpx:hr>178</gpxtpx:hr>
          </gpxtpx:TrackPointExtension>
        </extensions>
      </trkpt>
      <trkpt lat="28.240501345108505" lon="112.91631191580213">
        <ele>69.62410828005522</ele>
        <time>2026-09-15T22:48:41.700000Z</time>
        <extensions>
          <gpxtpx:TrackPointExtension>
            <gpxtpx:hr>178</gpxtpx:hr>
          </gpxtpx:TrackPointExtension>
        </extensions>
      </trkpt>
      <trkpt lat="28.240489588067145" lon="112.91630297291549">
        <ele>69.67174978088588</ele>
        <time>2026-09-15T22:48:42.700000Z</time>
        <extensions>
          <gpxtpx:TrackPointExtension>
            <gpxtpx:hr>178</gpxtpx:hr>
          </gpxtpx:TrackPointExtension>
        </extensions>
      </trkpt>
      <trkpt lat="28.240477548704813" lon="112.91629423533186">
        <ele>69.7150484425947</ele>
        <time>2026-09-15T22:48:43.700000Z</time>
        <extensions>
          <gpxtpx:TrackPointExtension>
            <gpxtpx:hr>178</gpxtpx:hr>
          </gpxtpx:TrackPointExtension>
        </extensions>
      </trkpt>
      <trkpt lat="28.2404654006872" lon="112.91628584359877">
        <ele>69.75390128046274</ele>
        <time>2026-09-15T22:48:44.700000Z</time>
        <extensions>
          <gpxtpx:TrackPointExtension>
            <gpxtpx:hr>179</gpxtpx:hr>
          </gpxtpx:TrackPointExtension>
        </extensions>
      </trkpt>
      <trkpt lat="28.240453301475082" lon="112.91627805202974">
        <ele>69.78922491520643</ele>
        <time>2026-09-15T22:48:45.700000Z</time>
        <extensions>
          <gpxtpx:TrackPointExtension>
            <gpxtpx:hr>179</gpxtpx:hr>
          </gpxtpx:TrackPointExtension>
        </extensions>
      </trkpt>
      <trkpt lat="28.240441352651686" lon="112.91627106043428">
        <ele>69.82050525955856</ele>
        <time>2026-09-15T22:48:46.700000Z</time>
        <extensions>
          <gpxtpx:TrackPointExtension>
            <gpxtpx:hr>179</gpxtpx:hr>
          </gpxtpx:TrackPointExtension>
        </extensions>
      </trkpt>
      <trkpt lat="28.240429535083763" lon="112.91626483033546">
        <ele>69.84855616465211</ele>
        <time>2026-09-15T22:48:47.700000Z</time>
        <extensions>
          <gpxtpx:TrackPointExtension>
            <gpxtpx:hr>179</gpxtpx:hr>
          </gpxtpx:TrackPointExtension>
        </extensions>
      </trkpt>
      <trkpt lat="28.240417377717254" lon="112.91625934288837">
        <ele>69.87417403049767</ele>
        <time>2026-09-15T22:48:48.700000Z</time>
        <extensions>
          <gpxtpx:TrackPointExtension>
            <gpxtpx:hr>179</gpxtpx:hr>
          </gpxtpx:TrackPointExtension>
        </extensions>
      </trkpt>
      <trkpt lat="28.240404963410903" lon="112.91625385411517">
        <ele>69.89735375065356</ele>
        <time>2026-09-15T22:48:49.700000Z</time>
        <extensions>
          <gpxtpx:TrackPointExtension>
            <gpxtpx:hr>179</gpxtpx:hr>
          </gpxtpx:TrackPointExtension>
        </extensions>
      </trkpt>
      <trkpt lat="28.240392883899975" lon="112.91624755697653">
        <ele>69.91878708638251</ele>
        <time>2026-09-15T22:48:50.700000Z</time>
        <extensions>
          <gpxtpx:TrackPointExtension>
            <gpxtpx:hr>179</gpxtpx:hr>
          </gpxtpx:TrackPointExtension>
        </extensions>
      </trkpt>
      <trkpt lat="28.240381169601488" lon="112.91624043135253">
        <ele>69.9389006299898</ele>
        <time>2026-09-15T22:48:51.700000Z</time>
        <extensions>
          <gpxtpx:TrackPointExtension>
            <gpxtpx:hr>179</gpxtpx:hr>
          </gpxtpx:TrackPointExtension>
        </extensions>
      </trkpt>
      <trkpt lat="28.24036959698184" lon="112.91623240884203">
        <ele>69.95858153235167</ele>
        <time>2026-09-15T22:48:52.700000Z</time>
        <extensions>
          <gpxtpx:TrackPointExtension>
            <gpxtpx:hr>179</gpxtpx:hr>
          </gpxtpx:TrackPointExtension>
        </extensions>
      </trkpt>
      <trkpt lat="28.24035801952844" lon="112.91622322339515">
        <ele>69.97786364424974</ele>
        <time>2026-09-15T22:48:53.700000Z</time>
        <extensions>
          <gpxtpx:TrackPointExtension>
            <gpxtpx:hr>179</gpxtpx:hr>
          </gpxtpx:TrackPointExtension>
        </extensions>
      </trkpt>
      <trkpt lat="28.240346494556825" lon="112.91621256690254">
        <ele>69.99695009738207</ele>
        <time>2026-09-15T22:48:54.700000Z</time>
        <extensions>
          <gpxtpx:TrackPointExtension>
            <gpxtpx:hr>179</gpxtpx:hr>
          </gpxtpx:TrackPointExtension>
        </extensions>
      </trkpt>
      <trkpt lat="28.240335200996203" lon="112.9162007792238">
        <ele>70.01623544003814</ele>
        <time>2026-09-15T22:48:55.700000Z</time>
        <extensions>
          <gpxtpx:TrackPointExtension>
            <gpxtpx:hr>180</gpxtpx:hr>
          </gpxtpx:TrackPointExtension>
        </extensions>
      </trkpt>
      <trkpt lat="28.240324112129464" lon="112.91618847341864">
        <ele>70.03573796711862</ele>
        <time>2026-09-15T22:48:56.700000Z</time>
        <extensions>
          <gpxtpx:TrackPointExtension>
            <gpxtpx:hr>180</gpxtpx:hr>
          </gpxtpx:TrackPointExtension>
        </extensions>
      </trkpt>
      <trkpt lat="28.240312699211024" lon="112.91617636722876">
        <ele>70.05566295050085</ele>
        <time>2026-09-15T22:48:57.700000Z</time>
        <extensions>
          <gpxtpx:TrackPointExtension>
            <gpxtpx:hr>180</gpxtpx:hr>
          </gpxtpx:TrackPointExtension>
        </extensions>
      </trkpt>
      <trkpt lat="28.240299661674385" lon="112.91616568625788">
        <ele>70.07561285700649</ele>
        <time>2026-09-15T22:48:58.700000Z</time>
        <extensions>
          <gpxtpx:TrackPointExtension>
            <gpxtpx:hr>180</gpxtpx:hr>
          </gpxtpx:TrackPointExtension>
        </extensions>
      </trkpt>
      <trkpt lat="28.240284589135918" lon="112.91615711510393">
        <ele>70.09512964542955</ele>
        <time>2026-09-15T22:48:59.700000Z</time>
        <extensions>
          <gpxtpx:TrackPointExtension>
            <gpxtpx:hr>179</gpxtpx:hr>
          </gpxtpx:TrackPointExtension>
        </extensions>
      </trkpt>
      <trkpt lat="28.240268038748845" lon="112.91615022651631">
        <ele>70.11391150020063</ele>
        <time>2026-09-15T22:49:00.700000Z</time>
        <extensions>
          <gpxtpx:TrackPointExtension>
            <gpxtpx:hr>179</gpxtpx:hr>
          </gpxtpx:TrackPointExtension>
        </extensions>
      </trkpt>
      <trkpt lat="28.24024985208672" lon="112.91614443134713">
        <ele>70.13146769441664</ele>
        <time>2026-09-15T22:49:01.700000Z</time>
        <extensions>
          <gpxtpx:TrackPointExtension>
            <gpxtpx:hr>179</gpxtpx:hr>
          </gpxtpx:TrackPointExtension>
        </extensions>
      </trkpt>
      <trkpt lat="28.240230776981942" lon="112.9161396281359">
        <ele>70.14752566535026</ele>
        <time>2026-09-15T22:49:02.700000Z</time>
        <extensions>
          <gpxtpx:TrackPointExtension>
            <gpxtpx:hr>179</gpxtpx:hr>
          </gpxtpx:TrackPointExtension>
        </extensions>
      </trkpt>
      <trkpt lat="28.24021164317315" lon="112.9161351952003">
        <ele>70.16179957333952</ele>
        <time>2026-09-15T22:49:03.700000Z</time>
        <extensions>
          <gpxtpx:TrackPointExtension>
            <gpxtpx:hr>179</gpxtpx:hr>
          </gpxtpx:TrackPointExtension>
        </extensions>
      </trkpt>
      <trkpt lat="28.240192403214817" lon="112.91613068162923">
        <ele>70.17385627422482</ele>
        <time>2026-09-15T22:49:04.700000Z</time>
        <extensions>
          <gpxtpx:TrackPointExtension>
            <gpxtpx:hr>180</gpxtpx:hr>
          </gpxtpx:TrackPointExtension>
        </extensions>
      </trkpt>
      <trkpt lat="28.2401728372791" lon="112.91612619436192">
        <ele>70.18383106589317</ele>
        <time>2026-09-15T22:49:05.700000Z</time>
        <extensions>
          <gpxtpx:TrackPointExtension>
            <gpxtpx:hr>180</gpxtpx:hr>
          </gpxtpx:TrackPointExtension>
        </extensions>
      </trkpt>
      <trkpt lat="28.240152140126654" lon="112.91612145265026">
        <ele>70.1922165742144</ele>
        <time>2026-09-15T22:49:06.700000Z</time>
        <extensions>
          <gpxtpx:TrackPointExtension>
            <gpxtpx:hr>180</gpxtpx:hr>
          </gpxtpx:TrackPointExtension>
        </extensions>
      </trkpt>
      <trkpt lat="28.240129021305325" lon="112.9161161000439">
        <ele>70.1987545536831</ele>
        <time>2026-09-15T22:49:07.700000Z</time>
        <extensions>
          <gpxtpx:TrackPointExtension>
            <gpxtpx:hr>180</gpxtpx:hr>
          </gpxtpx:TrackPointExtension>
        </extensions>
      </trkpt>
      <trkpt lat="28.24010323919" lon="112.91610996545312">
        <ele>70.20347023755312</ele>
        <time>2026-09-15T22:49:08.700000Z</time>
        <extensions>
          <gpxtpx:TrackPointExtension>
            <gpxtpx:hr>180</gpxtpx:hr>
          </gpxtpx:TrackPointExtension>
        </extensions>
      </trkpt>
      <trkpt lat="28.24007596758659" lon="112.91610333615583">
        <ele>70.20687249675393</ele>
        <time>2026-09-15T22:49:09.700000Z</time>
        <extensions>
          <gpxtpx:TrackPointExtension>
            <gpxtpx:hr>180</gpxtpx:hr>
          </gpxtpx:TrackPointExtension>
        </extensions>
      </trkpt>
      <trkpt lat="28.240048101873697" lon="112.91609649047996">
        <ele>70.20883171353489</ele>
        <time>2026-09-15T22:49:10.700000Z</time>
        <extensions>
          <gpxtpx:TrackPointExtension>
            <gpxtpx:hr>179</gpxtpx:hr>
          </gpxtpx:TrackPointExtension>
        </extensions>
      </trkpt>
      <trkpt lat="28.240019941565382" lon="112.91608967728158">
        <ele>70.20937132742256</ele>
        <time>2026-09-15T22:49:11.700000Z</time>
        <extensions>
          <gpxtpx:TrackPointExtension>
            <gpxtpx:hr>179</gpxtpx:hr>
          </gpxtpx:TrackPointExtension>
        </extensions>
      </trkpt>
      <trkpt lat="28.239991591534217" lon="112.91608304934569">
        <ele>70.20939151849598</ele>
        <time>2026-09-15T22:49:12.600000Z</time>
        <extensions>
          <gpxtpx:TrackPointExtension>
            <gpxtpx:hr>179</gpxtpx:hr>
          </gpxtpx:TrackPointExtension>
        </extensions>
      </trkpt>
      <trkpt lat="28.23996320477977" lon="112.91607645429026">
        <ele>70.20907290186733</ele>
        <time>2026-09-15T22:49:13.600000Z</time>
        <extensions>
          <gpxtpx:TrackPointExtension>
            <gpxtpx:hr>179</gpxtpx:hr>
          </gpxtpx:TrackPointExtension>
        </extensions>
      </trkpt>
      <trkpt lat="28.239934716499505" lon="112.91606979155522">
        <ele>70.20854818914086</ele>
        <time>2026-09-15T22:49:14.600000Z</time>
        <extensions>
          <gpxtpx:TrackPointExtension>
            <gpxtpx:hr>178</gpxtpx:hr>
          </gpxtpx:TrackPointExtension>
        </extensions>
      </trkpt>
      <trkpt lat="28.239906036177217" lon="112.91606302684185">
        <ele>70.20790777914226</ele>
        <time>2026-09-15T22:49:15.600000Z</time>
        <extensions>
          <gpxtpx:TrackPointExtension>
            <gpxtpx:hr>178</gpxtpx:hr>
          </gpxtpx:TrackPointExtension>
        </extensions>
      </trkpt>
      <trkpt lat="28.23987724055165" lon="112.91605619999271">
        <ele>70.20731138251722</ele>
        <time>2026-09-15T22:49:16.600000Z</time>
        <extensions>
          <gpxtpx:TrackPointExtension>
            <gpxtpx:hr>178</gpxtpx:hr>
          </gpxtpx:TrackPointExtension>
        </extensions>
      </trkpt>
      <trkpt lat="28.239848478744985" lon="112.91604944488306">
        <ele>70.20692240074277</ele>
        <time>2026-09-15T22:49:17.600000Z</time>
        <extensions>
          <gpxtpx:TrackPointExtension>
            <gpxtpx:hr>178</gpxtpx:hr>
          </gpxtpx:TrackPointExtension>
        </extensions>
      </trkpt>
      <trkpt lat="28.23981985839035" lon="112.91604283973547">
        <ele>70.20670311804861</ele>
        <time>2026-09-15T22:49:18.600000Z</time>
        <extensions>
          <gpxtpx:TrackPointExtension>
            <gpxtpx:hr>178</gpxtpx:hr>
          </gpxtpx:TrackPointExtension>
        </extensions>
      </trkpt>
      <trkpt lat="28.23979138777185" lon="112.91603636795625">
        <ele>70.20704598352313</ele>
        <time>2026-09-15T22:49:19.600000Z</time>
        <extensions>
          <gpxtpx:TrackPointExtension>
            <gpxtpx:hr>175</gpxtpx:hr>
          </gpxtpx:TrackPointExtension>
        </extensions>
      </trkpt>
      <trkpt lat="28.239762843856475" lon="112.91603011291548">
        <ele>70.20835813321173</ele>
        <time>2026-09-15T22:49:20.600000Z</time>
        <extensions>
          <gpxtpx:TrackPointExtension>
            <gpxtpx:hr>175</gpxtpx:hr>
          </gpxtpx:TrackPointExtension>
        </extensions>
      </trkpt>
      <trkpt lat="28.23973438366944" lon="112.91602408419082">
        <ele>70.21091943979263</ele>
        <time>2026-09-15T22:49:21.600000Z</time>
        <extensions>
          <gpxtpx:TrackPointExtension>
            <gpxtpx:hr>175</gpxtpx:hr>
          </gpxtpx:TrackPointExtension>
        </extensions>
      </trkpt>
      <trkpt lat="28.239706276028212" lon="112.91601857150035">
        <ele>70.21536283474416</ele>
        <time>2026-09-15T22:49:22.600000Z</time>
        <extensions>
          <gpxtpx:TrackPointExtension>
            <gpxtpx:hr>175</gpxtpx:hr>
          </gpxtpx:TrackPointExtension>
        </extensions>
      </trkpt>
      <trkpt lat="28.239678579719342" lon="112.91601321945478">
        <ele>70.22219297010452</ele>
        <time>2026-09-15T22:49:23.600000Z</time>
        <extensions>
          <gpxtpx:TrackPointExtension>
            <gpxtpx:hr>175</gpxtpx:hr>
          </gpxtpx:TrackPointExtension>
        </extensions>
      </trkpt>
      <trkpt lat="28.23965121769047" lon="112.91600689103488">
        <ele>70.23186316434294</ele>
        <time>2026-09-15T22:49:24.600000Z</time>
        <extensions>
          <gpxtpx:TrackPointExtension>
            <gpxtpx:hr>173</gpxtpx:hr>
          </gpxtpx:TrackPointExtension>
        </extensions>
      </trkpt>
      <trkpt lat="28.239623878539717" lon="112.9159994210589">
        <ele>70.24534930102527</ele>
        <time>2026-09-15T22:49:25.600000Z</time>
        <extensions>
          <gpxtpx:TrackPointExtension>
            <gpxtpx:hr>173</gpxtpx:hr>
          </gpxtpx:TrackPointExtension>
        </extensions>
      </trkpt>
      <trkpt lat="28.239596461057065" lon="112.91599129274066">
        <ele>70.26326150167733</ele>
        <time>2026-09-15T22:49:26.600000Z</time>
        <extensions>
          <gpxtpx:TrackPointExtension>
            <gpxtpx:hr>173</gpxtpx:hr>
          </gpxtpx:TrackPointExtension>
        </extensions>
      </trkpt>
      <trkpt lat="28.23956896754811" lon="112.9159830762362">
        <ele>70.28601159900427</ele>
        <time>2026-09-15T22:49:27.600000Z</time>
        <extensions>
          <gpxtpx:TrackPointExtension>
            <gpxtpx:hr>173</gpxtpx:hr>
          </gpxtpx:TrackPointExtension>
        </extensions>
      </trkpt>
      <trkpt lat="28.23954162694771" lon="112.91597534778154">
        <ele>70.31347066257149</ele>
        <time>2026-09-15T22:49:28.600000Z</time>
        <extensions>
          <gpxtpx:TrackPointExtension>
            <gpxtpx:hr>173</gpxtpx:hr>
          </gpxtpx:TrackPointExtension>
        </extensions>
      </trkpt>
      <trkpt lat="28.239514487796658" lon="112.91596847287828">
        <ele>70.3454168625176</ele>
        <time>2026-09-15T22:49:29.600000Z</time>
        <extensions>
          <gpxtpx:TrackPointExtension>
            <gpxtpx:hr>173</gpxtpx:hr>
          </gpxtpx:TrackPointExtension>
        </extensions>
      </trkpt>
      <trkpt lat="28.239487516620386" lon="112.91596185313178">
        <ele>70.38136210944504</ele>
        <time>2026-09-15T22:49:30.600000Z</time>
        <extensions>
          <gpxtpx:TrackPointExtension>
            <gpxtpx:hr>171</gpxtpx:hr>
          </gpxtpx:TrackPointExtension>
        </extensions>
      </trkpt>
      <trkpt lat="28.23946069351396" lon="112.91595480886619">
        <ele>70.42070164065808</ele>
        <time>2026-09-15T22:49:31.600000Z</time>
        <extensions>
          <gpxtpx:TrackPointExtension>
            <gpxtpx:hr>171</gpxtpx:hr>
          </gpxtpx:TrackPointExtension>
        </extensions>
      </trkpt>
      <trkpt lat="28.239433835738097" lon="112.91594732631798">
        <ele>70.46242833323777</ele>
        <time>2026-09-15T22:49:32.600000Z</time>
        <extensions>
          <gpxtpx:TrackPointExtension>
            <gpxtpx:hr>171</gpxtpx:hr>
          </gpxtpx:TrackPointExtension>
        </extensions>
      </trkpt>
      <trkpt lat="28.239406983447598" lon="112.91593942702934">
        <ele>70.50562794134021</ele>
        <time>2026-09-15T22:49:33.600000Z</time>
        <extensions>
          <gpxtpx:TrackPointExtension>
            <gpxtpx:hr>171</gpxtpx:hr>
          </gpxtpx:TrackPointExtension>
        </extensions>
      </trkpt>
      <trkpt lat="28.239380275610884" lon="112.91593129167495">
        <ele>70.549257109873</ele>
        <time>2026-09-15T22:49:34.600000Z</time>
        <extensions>
          <gpxtpx:TrackPointExtension>
            <gpxtpx:hr>171</gpxtpx:hr>
          </gpxtpx:TrackPointExtension>
        </extensions>
      </trkpt>
      <trkpt lat="28.239353694134426" lon="112.91592319637445">
        <ele>70.59256199840456</ele>
        <time>2026-09-15T22:49:35.600000Z</time>
        <extensions>
          <gpxtpx:TrackPointExtension>
            <gpxtpx:hr>167</gpxtpx:hr>
          </gpxtpx:TrackPointExtension>
        </extensions>
      </trkpt>
      <trkpt lat="28.239326875462176" lon="112.91591528094035">
        <ele>70.63460217509419</ele>
        <time>2026-09-15T22:49:36.600000Z</time>
        <extensions>
          <gpxtpx:TrackPointExtension>
            <gpxtpx:hr>167</gpxtpx:hr>
          </gpxtpx:TrackPointExtension>
        </extensions>
      </trkpt>
      <trkpt lat="28.239299716125753" lon="112.91590747962907">
        <ele>70.67498300876468</ele>
        <time>2026-09-15T22:49:37.600000Z</time>
        <extensions>
          <gpxtpx:TrackPointExtension>
            <gpxtpx:hr>167</gpxtpx:hr>
          </gpxtpx:TrackPointExtension>
        </extensions>
      </trkpt>
      <trkpt lat="28.239272371275653" lon="112.91589978733604">
        <ele>70.71284114196897</ele>
        <time>2026-09-15T22:49:38.600000Z</time>
        <extensions>
          <gpxtpx:TrackPointExtension>
            <gpxtpx:hr>167</gpxtpx:hr>
          </gpxtpx:TrackPointExtension>
        </extensions>
      </trkpt>
      <trkpt lat="28.23924502626073" lon="112.91589246208095">
        <ele>70.74702299945056</ele>
        <time>2026-09-15T22:49:39.600000Z</time>
        <extensions>
          <gpxtpx:TrackPointExtension>
            <gpxtpx:hr>165</gpxtpx:hr>
          </gpxtpx:TrackPointExtension>
        </extensions>
      </trkpt>
      <trkpt lat="28.239217791634477" lon="112.91588576289632">
        <ele>70.7770514478907</ele>
        <time>2026-09-15T22:49:40.600000Z</time>
        <extensions>
          <gpxtpx:TrackPointExtension>
            <gpxtpx:hr>165</gpxtpx:hr>
          </gpxtpx:TrackPointExtension>
        </extensions>
      </trkpt>
      <trkpt lat="28.239190753060413" lon="112.91587916811659">
        <ele>70.80234064627439</ele>
        <time>2026-09-15T22:49:41.600000Z</time>
        <extensions>
          <gpxtpx:TrackPointExtension>
            <gpxtpx:hr>165</gpxtpx:hr>
          </gpxtpx:TrackPointExtension>
        </extensions>
      </trkpt>
      <trkpt lat="28.239164137062446" lon="112.91587216618214">
        <ele>70.82255489658564</ele>
        <time>2026-09-15T22:49:42.600000Z</time>
        <extensions>
          <gpxtpx:TrackPointExtension>
            <gpxtpx:hr>165</gpxtpx:hr>
          </gpxtpx:TrackPointExtension>
        </extensions>
      </trkpt>
      <trkpt lat="28.239138054234186" lon="112.91586459879498">
        <ele>70.83742173016071</ele>
        <time>2026-09-15T22:49:43.600000Z</time>
        <extensions>
          <gpxtpx:TrackPointExtension>
            <gpxtpx:hr>164</gpxtpx:hr>
          </gpxtpx:TrackPointExtension>
        </extensions>
      </trkpt>
      <trkpt lat="28.239112485818985" lon="112.91585656267254">
        <ele>70.8469973448664</ele>
        <time>2026-09-15T22:49:44.600000Z</time>
        <extensions>
          <gpxtpx:TrackPointExtension>
            <gpxtpx:hr>164</gpxtpx:hr>
          </gpxtpx:TrackPointExtension>
        </extensions>
      </trkpt>
      <trkpt lat="28.239087164185598" lon="112.9158482965832">
        <ele>70.85147508326918</ele>
        <time>2026-09-15T22:49:45.600000Z</time>
        <extensions>
          <gpxtpx:TrackPointExtension>
            <gpxtpx:hr>164</gpxtpx:hr>
          </gpxtpx:TrackPointExtension>
        </extensions>
      </trkpt>
      <trkpt lat="28.239061900003442" lon="112.91583968565253">
        <ele>70.85154845472425</ele>
        <time>2026-09-15T22:49:46.600000Z</time>
        <extensions>
          <gpxtpx:TrackPointExtension>
            <gpxtpx:hr>164</gpxtpx:hr>
          </gpxtpx:TrackPointExtension>
        </extensions>
      </trkpt>
      <trkpt lat="28.239036642211264" lon="112.91583057392776">
        <ele>70.84772320371121</ele>
        <time>2026-09-15T22:49:47.600000Z</time>
        <extensions>
          <gpxtpx:TrackPointExtension>
            <gpxtpx:hr>164</gpxtpx:hr>
          </gpxtpx:TrackPointExtension>
        </extensions>
      </trkpt>
      <trkpt lat="28.23901155774986" lon="112.91582096890208">
        <ele>70.84081525262445</ele>
        <time>2026-09-15T22:49:48.600000Z</time>
        <extensions>
          <gpxtpx:TrackPointExtension>
            <gpxtpx:hr>156</gpxtpx:hr>
          </gpxtpx:TrackPointExtension>
        </extensions>
      </trkpt>
      <trkpt lat="28.2389867319921" lon="112.91581102851733">
        <ele>70.83154628705233</ele>
        <time>2026-09-15T22:49:49.600000Z</time>
        <extensions>
          <gpxtpx:TrackPointExtension>
            <gpxtpx:hr>156</gpxtpx:hr>
          </gpxtpx:TrackPointExtension>
        </extensions>
      </trkpt>
      <trkpt lat="28.23896204579499" lon="112.91580089448799">
        <ele>70.82089160662144</ele>
        <time>2026-09-15T22:49:50.600000Z</time>
        <extensions>
          <gpxtpx:TrackPointExtension>
            <gpxtpx:hr>156</gpxtpx:hr>
          </gpxtpx:TrackPointExtension>
        </extensions>
      </trkpt>
      <trkpt lat="28.238937335064893" lon="112.91579061572506">
        <ele>70.80942055583</ele>
        <time>2026-09-15T22:49:51.600000Z</time>
        <extensions>
          <gpxtpx:TrackPointExtension>
            <gpxtpx:hr>156</gpxtpx:hr>
          </gpxtpx:TrackPointExtension>
        </extensions>
      </trkpt>
      <trkpt lat="28.238912565671082" lon="112.91578036512595">
        <ele>70.79716550093144</ele>
        <time>2026-09-15T22:49:52.600000Z</time>
        <extensions>
          <gpxtpx:TrackPointExtension>
            <gpxtpx:hr>156</gpxtpx:hr>
          </gpxtpx:TrackPointExtension>
        </extensions>
      </trkpt>
      <trkpt lat="28.23888780105147" lon="112.91577037758354">
        <ele>70.78403560630977</ele>
        <time>2026-09-15T22:49:53.600000Z</time>
        <extensions>
          <gpxtpx:TrackPointExtension>
            <gpxtpx:hr>156</gpxtpx:hr>
          </gpxtpx:TrackPointExtension>
        </extensions>
      </trkpt>
      <trkpt lat="28.238862928234845" lon="112.91576041433848">
        <ele>70.7699931692332</ele>
        <time>2026-09-15T22:49:54.600000Z</time>
        <extensions>
          <gpxtpx:TrackPointExtension>
            <gpxtpx:hr>153</gpxtpx:hr>
          </gpxtpx:TrackPointExtension>
        </extensions>
      </trkpt>
      <trkpt lat="28.238837779013885" lon="112.91575024915275">
        <ele>70.7548923464492</ele>
        <time>2026-09-15T22:49:55.600000Z</time>
        <extensions>
          <gpxtpx:TrackPointExtension>
            <gpxtpx:hr>153</gpxtpx:hr>
          </gpxtpx:TrackPointExtension>
        </extensions>
      </trkpt>
      <trkpt lat="28.23881230585335" lon="112.91573982715393">
        <ele>70.73835451714694</ele>
        <time>2026-09-15T22:49:56.600000Z</time>
        <extensions>
          <gpxtpx:TrackPointExtension>
            <gpxtpx:hr>153</gpxtpx:hr>
          </gpxtpx:TrackPointExtension>
        </extensions>
      </trkpt>
      <trkpt lat="28.238786716513182" lon="112.91572916315019">
        <ele>70.71958531159908</ele>
        <time>2026-09-15T22:49:57.600000Z</time>
        <extensions>
          <gpxtpx:TrackPointExtension>
            <gpxtpx:hr>153</gpxtpx:hr>
          </gpxtpx:TrackPointExtension>
        </extensions>
      </trkpt>
      <trkpt lat="28.23876110048072" lon="112.91571846449153">
        <ele>70.69794448558241</ele>
        <time>2026-09-15T22:49:58.600000Z</time>
        <extensions>
          <gpxtpx:TrackPointExtension>
            <gpxtpx:hr>153</gpxtpx:hr>
          </gpxtpx:TrackPointExtension>
        </extensions>
      </trkpt>
      <trkpt lat="28.238735429069962" lon="112.91570792113421">
        <ele>70.67340621817857</ele>
        <time>2026-09-15T22:49:59.600000Z</time>
        <extensions>
          <gpxtpx:TrackPointExtension>
            <gpxtpx:hr>154</gpxtpx:hr>
          </gpxtpx:TrackPointExtension>
        </extensions>
      </trkpt>
      <trkpt lat="28.238709594949714" lon="112.91569747742528">
        <ele>70.64616932813078</ele>
        <time>2026-09-15T22:50:00.600000Z</time>
        <extensions>
          <gpxtpx:TrackPointExtension>
            <gpxtpx:hr>154</gpxtpx:hr>
          </gpxtpx:TrackPointExtension>
        </extensions>
      </trkpt>
      <trkpt lat="28.238683480756656" lon="112.91568699274254">
        <ele>70.61682273447514</ele>
        <time>2026-09-15T22:50:01.600000Z</time>
        <extensions>
          <gpxtpx:TrackPointExtension>
            <gpxtpx:hr>154</gpxtpx:hr>
          </gpxtpx:TrackPointExtension>
        </extensions>
      </trkpt>
      <trkpt lat="28.238656865703582" lon="112.91567672271057">
        <ele>70.58658607397228</ele>
        <time>2026-09-15T22:50:02.600000Z</time>
        <extensions>
          <gpxtpx:TrackPointExtension>
            <gpxtpx:hr>154</gpxtpx:hr>
          </gpxtpx:TrackPointExtension>
        </extensions>
      </trkpt>
      <trkpt lat="28.238629853150485" lon="112.91566675399234">
        <ele>70.55644820444286</ele>
        <time>2026-09-15T22:50:03.600000Z</time>
        <extensions>
          <gpxtpx:TrackPointExtension>
            <gpxtpx:hr>157</gpxtpx:hr>
          </gpxtpx:TrackPointExtension>
        </extensions>
      </trkpt>
      <trkpt lat="28.23860276844069" lon="112.91565707651239">
        <ele>70.52778736688197</ele>
        <time>2026-09-15T22:50:04.500000Z</time>
        <extensions>
          <gpxtpx:TrackPointExtension>
            <gpxtpx:hr>157</gpxtpx:hr>
          </gpxtpx:TrackPointExtension>
        </extensions>
      </trkpt>
      <trkpt lat="28.23857557725604" lon="112.91564785058755">
        <ele>70.50207303464413</ele>
        <time>2026-09-15T22:50:05.500000Z</time>
        <extensions>
          <gpxtpx:TrackPointExtension>
            <gpxtpx:hr>157</gpxtpx:hr>
          </gpxtpx:TrackPointExtension>
        </extensions>
      </trkpt>
      <trkpt lat="28.238548230713135" lon="112.91563921739925">
        <ele>70.48063560854644</ele>
        <time>2026-09-15T22:50:06.500000Z</time>
        <extensions>
          <gpxtpx:TrackPointExtension>
            <gpxtpx:hr>157</gpxtpx:hr>
          </gpxtpx:TrackPointExtension>
        </extensions>
      </trkpt>
      <trkpt lat="28.238520623030887" lon="112.91563119623373">
        <ele>70.46459546033293</ele>
        <time>2026-09-15T22:50:07.500000Z</time>
        <extensions>
          <gpxtpx:TrackPointExtension>
            <gpxtpx:hr>159</gpxtpx:hr>
          </gpxtpx:TrackPointExtension>
        </extensions>
      </trkpt>
      <trkpt lat="28.238492755499816" lon="112.91562355566718">
        <ele>70.45471305307001</ele>
        <time>2026-09-15T22:50:08.500000Z</time>
        <extensions>
          <gpxtpx:TrackPointExtension>
            <gpxtpx:hr>159</gpxtpx:hr>
          </gpxtpx:TrackPointExtension>
        </extensions>
      </trkpt>
      <trkpt lat="28.238464600894584" lon="112.91561607019202">
        <ele>70.45162960886955</ele>
        <time>2026-09-15T22:50:09.500000Z</time>
        <extensions>
          <gpxtpx:TrackPointExtension>
            <gpxtpx:hr>159</gpxtpx:hr>
          </gpxtpx:TrackPointExtension>
        </extensions>
      </trkpt>
      <trkpt lat="28.238436284820008" lon="112.91560850735867">
        <ele>70.45539271552116</ele>
        <time>2026-09-15T22:50:10.500000Z</time>
        <extensions>
          <gpxtpx:TrackPointExtension>
            <gpxtpx:hr>159</gpxtpx:hr>
          </gpxtpx:TrackPointExtension>
        </extensions>
      </trkpt>
      <trkpt lat="28.238407843367437" lon="112.91560069199811">
        <ele>70.46582858450711</ele>
        <time>2026-09-15T22:50:11.500000Z</time>
        <extensions>
          <gpxtpx:TrackPointExtension>
            <gpxtpx:hr>161</gpxtpx:hr>
          </gpxtpx:TrackPointExtension>
        </extensions>
      </trkpt>
      <trkpt lat="28.238379053257628" lon="112.91559265258421">
        <ele>70.48251169454306</ele>
        <time>2026-09-15T22:50:12.500000Z</time>
        <extensions>
          <gpxtpx:TrackPointExtension>
            <gpxtpx:hr>161</gpxtpx:hr>
          </gpxtpx:TrackPointExtension>
        </extensions>
      </trkpt>
      <trkpt lat="28.238349872108323" lon="112.91558447157935">
        <ele>70.50517054926604</ele>
        <time>2026-09-15T22:50:13.500000Z</time>
        <extensions>
          <gpxtpx:TrackPointExtension>
            <gpxtpx:hr>161</gpxtpx:hr>
          </gpxtpx:TrackPointExtension>
        </extensions>
      </trkpt>
      <trkpt lat="28.238320027712092" lon="112.9155760363405">
        <ele>70.53405275568366</ele>
        <time>2026-09-15T22:50:14.500000Z</time>
        <extensions>
          <gpxtpx:TrackPointExtension>
            <gpxtpx:hr>161</gpxtpx:hr>
          </gpxtpx:TrackPointExtension>
        </extensions>
      </trkpt>
      <trkpt lat="28.23828944490281" lon="112.91556728256617">
        <ele>70.5693586776033</ele>
        <time>2026-09-15T22:50:15.500000Z</time>
        <extensions>
          <gpxtpx:TrackPointExtension>
            <gpxtpx:hr>161</gpxtpx:hr>
          </gpxtpx:TrackPointExtension>
        </extensions>
      </trkpt>
      <trkpt lat="28.23825846987667" lon="112.91555832526096">
        <ele>70.61101055238396</ele>
        <time>2026-09-15T22:50:16.500000Z</time>
        <extensions>
          <gpxtpx:TrackPointExtension>
            <gpxtpx:hr>161</gpxtpx:hr>
          </gpxtpx:TrackPointExtension>
        </extensions>
      </trkpt>
      <trkpt lat="28.2382275999006" lon="112.91554919440316">
        <ele>70.6589720081538</ele>
        <time>2026-09-15T22:50:17.500000Z</time>
        <extensions>
          <gpxtpx:TrackPointExtension>
            <gpxtpx:hr>161</gpxtpx:hr>
          </gpxtpx:TrackPointExtension>
        </extensions>
      </trkpt>
      <trkpt lat="28.238197232261413" lon="112.9155399909716">
        <ele>70.71356462594122</ele>
        <time>2026-09-15T22:50:18.500000Z</time>
        <extensions>
          <gpxtpx:TrackPointExtension>
            <gpxtpx:hr>165</gpxtpx:hr>
          </gpxtpx:TrackPointExtension>
        </extensions>
      </trkpt>
      <trkpt lat="28.23816757431856" lon="112.9155308273669">
        <ele>70.77515912987292</ele>
        <time>2026-09-15T22:50:19.500000Z</time>
        <extensions>
          <gpxtpx:TrackPointExtension>
            <gpxtpx:hr>165</gpxtpx:hr>
          </gpxtpx:TrackPointExtension>
        </extensions>
      </trkpt>
      <trkpt lat="28.238138630679675" lon="112.91552195597001">
        <ele>70.84414784796536</ele>
        <time>2026-09-15T22:50:20.500000Z</time>
        <extensions>
          <gpxtpx:TrackPointExtension>
            <gpxtpx:hr>165</gpxtpx:hr>
          </gpxtpx:TrackPointExtension>
        </extensions>
      </trkpt>
      <trkpt lat="28.238110209205566" lon="112.91551347087623">
        <ele>70.92096985504031</ele>
        <time>2026-09-15T22:50:21.500000Z</time>
        <extensions>
          <gpxtpx:TrackPointExtension>
            <gpxtpx:hr>165</gpxtpx:hr>
          </gpxtpx:TrackPointExtension>
        </extensions>
      </trkpt>
      <trkpt lat="28.23808241282604" lon="112.91550535819634">
        <ele>71.00573447998613</ele>
        <time>2026-09-15T22:50:22.500000Z</time>
        <extensions>
          <gpxtpx:TrackPointExtension>
            <gpxtpx:hr>165</gpxtpx:hr>
          </gpxtpx:TrackPointExtension>
        </extensions>
      </trkpt>
      <trkpt lat="28.238055755601895" lon="112.91549781764074">
        <ele>71.09824916813523</ele>
        <time>2026-09-15T22:50:23.500000Z</time>
        <extensions>
          <gpxtpx:TrackPointExtension>
            <gpxtpx:hr>166</gpxtpx:hr>
          </gpxtpx:TrackPointExtension>
        </extensions>
      </trkpt>
      <trkpt lat="28.238030721579737" lon="112.91549097231294">
        <ele>71.19813664630055</ele>
        <time>2026-09-15T22:50:24.500000Z</time>
        <extensions>
          <gpxtpx:TrackPointExtension>
            <gpxtpx:hr>166</gpxtpx:hr>
          </gpxtpx:TrackPointExtension>
        </extensions>
      </trkpt>
      <trkpt lat="28.238007420204298" lon="112.91548498012399">
        <ele>71.30514396168292</ele>
        <time>2026-09-15T22:50:25.500000Z</time>
        <extensions>
          <gpxtpx:TrackPointExtension>
            <gpxtpx:hr>166</gpxtpx:hr>
          </gpxtpx:TrackPointExtension>
        </extensions>
      </trkpt>
      <trkpt lat="28.237985790802135" lon="112.91547951171145">
        <ele>71.4187087463215</ele>
        <time>2026-09-15T22:50:26.500000Z</time>
        <extensions>
          <gpxtpx:TrackPointExtension>
            <gpxtpx:hr>166</gpxtpx:hr>
          </gpxtpx:TrackPointExtension>
        </extensions>
      </trkpt>
      <trkpt lat="28.237965725267703" lon="112.91547435096449">
        <ele>71.53816712461412</ele>
        <time>2026-09-15T22:50:27.500000Z</time>
        <extensions>
          <gpxtpx:TrackPointExtension>
            <gpxtpx:hr>166</gpxtpx:hr>
          </gpxtpx:TrackPointExtension>
        </extensions>
      </trkpt>
      <trkpt lat="28.237947165265204" lon="112.91546967392853">
        <ele>71.6624191692099</ele>
        <time>2026-09-15T22:50:28.500000Z</time>
        <extensions>
          <gpxtpx:TrackPointExtension>
            <gpxtpx:hr>166</gpxtpx:hr>
          </gpxtpx:TrackPointExtension>
        </extensions>
      </trkpt>
      <trkpt lat="28.237930080984214" lon="112.91546538522213">
        <ele>71.79046825598925</ele>
        <time>2026-09-15T22:50:29.500000Z</time>
        <extensions>
          <gpxtpx:TrackPointExtension>
            <gpxtpx:hr>169</gpxtpx:hr>
          </gpxtpx:TrackPointExtension>
        </extensions>
      </trkpt>
      <trkpt lat="28.23791451052826" lon="112.91546074467392">
        <ele>71.92127920873463</ele>
        <time>2026-09-15T22:50:30.500000Z</time>
        <extensions>
          <gpxtpx:TrackPointExtension>
            <gpxtpx:hr>169</gpxtpx:hr>
          </gpxtpx:TrackPointExtension>
        </extensions>
      </trkpt>
      <trkpt lat="28.237900510832542" lon="112.91545519717305">
        <ele>72.05353586748242</ele>
        <time>2026-09-15T22:50:31.500000Z</time>
        <extensions>
          <gpxtpx:TrackPointExtension>
            <gpxtpx:hr>169</gpxtpx:hr>
          </gpxtpx:TrackPointExtension>
        </extensions>
      </trkpt>
      <trkpt lat="28.237887519555194" lon="112.91544867626823">
        <ele>72.18640278838575</ele>
        <time>2026-09-15T22:50:32.500000Z</time>
        <extensions>
          <gpxtpx:TrackPointExtension>
            <gpxtpx:hr>169</gpxtpx:hr>
          </gpxtpx:TrackPointExtension>
        </extensions>
      </trkpt>
      <trkpt lat="28.237874375715634" lon="112.91544062158287">
        <ele>72.31762242503464</ele>
        <time>2026-09-15T22:50:33.500000Z</time>
        <extensions>
          <gpxtpx:TrackPointExtension>
            <gpxtpx:hr>169</gpxtpx:hr>
          </gpxtpx:TrackPointExtension>
        </extensions>
      </trkpt>
      <trkpt lat="28.237860075164654" lon="112.91543051000639">
        <ele>72.44579424988478</ele>
        <time>2026-09-15T22:50:34.500000Z</time>
        <extensions>
          <gpxtpx:TrackPointExtension>
            <gpxtpx:hr>170</gpxtpx:hr>
          </gpxtpx:TrackPointExtension>
        </extensions>
      </trkpt>
      <trkpt lat="28.237844626978706" lon="112.91541884612273">
        <ele>72.5688036121428</ele>
        <time>2026-09-15T22:50:35.500000Z</time>
        <extensions>
          <gpxtpx:TrackPointExtension>
            <gpxtpx:hr>170</gpxtpx:hr>
          </gpxtpx:TrackPointExtension>
        </extensions>
      </trkpt>
      <trkpt lat="28.23782872838189" lon="112.91540686927719">
        <ele>72.6848602546379</ele>
        <time>2026-09-15T22:50:36.500000Z</time>
        <extensions>
          <gpxtpx:TrackPointExtension>
            <gpxtpx:hr>170</gpxtpx:hr>
          </gpxtpx:TrackPointExtension>
        </extensions>
      </trkpt>
      <trkpt lat="28.23781318889401" lon="112.9153954897823">
        <ele>72.79256833810359</ele>
        <time>2026-09-15T22:50:37.500000Z</time>
        <extensions>
          <gpxtpx:TrackPointExtension>
            <gpxtpx:hr>170</gpxtpx:hr>
          </gpxtpx:TrackPointExtension>
        </extensions>
      </trkpt>
      <trkpt lat="28.23779858529892" lon="112.91538540857447">
        <ele>72.88995626755059</ele>
        <time>2026-09-15T22:50:38.500000Z</time>
        <extensions>
          <gpxtpx:TrackPointExtension>
            <gpxtpx:hr>172</gpxtpx:hr>
          </gpxtpx:TrackPointExtension>
        </extensions>
      </trkpt>
      <trkpt lat="28.237784944982575" lon="112.91537722467149">
        <ele>72.97586987260729</ele>
        <time>2026-09-15T22:50:39.500000Z</time>
        <extensions>
          <gpxtpx:TrackPointExtension>
            <gpxtpx:hr>172</gpxtpx:hr>
          </gpxtpx:TrackPointExtension>
        </extensions>
      </trkpt>
      <trkpt lat="28.237772097157748" lon="112.9153710354087">
        <ele>73.04932314436883</ele>
        <time>2026-09-15T22:50:40.500000Z</time>
        <extensions>
          <gpxtpx:TrackPointExtension>
            <gpxtpx:hr>172</gpxtpx:hr>
          </gpxtpx:TrackPointExtension>
        </extensions>
      </trkpt>
      <trkpt lat="28.237759251196035" lon="112.9153663256378">
        <ele>73.10942251700908</ele>
        <time>2026-09-15T22:50:41.500000Z</time>
        <extensions>
          <gpxtpx:TrackPointExtension>
            <gpxtpx:hr>172</gpxtpx:hr>
          </gpxtpx:TrackPointExtension>
        </extensions>
      </trkpt>
      <trkpt lat="28.237745669688856" lon="112.91536273559383">
        <ele>73.15566455107182</ele>
        <time>2026-09-15T22:50:42.500000Z</time>
        <extensions>
          <gpxtpx:TrackPointExtension>
            <gpxtpx:hr>172</gpxtpx:hr>
          </gpxtpx:TrackPointExtension>
        </extensions>
      </trkpt>
      <trkpt lat="28.237731382304332" lon="112.9153603325884">
        <ele>73.18763166572899</ele>
        <time>2026-09-15T22:50:43.500000Z</time>
        <extensions>
          <gpxtpx:TrackPointExtension>
            <gpxtpx:hr>172</gpxtpx:hr>
          </gpxtpx:TrackPointExtension>
        </extensions>
      </trkpt>
      <trkpt lat="28.23771667720248" lon="112.91535924124697">
        <ele>73.2052033804357</ele>
        <time>2026-09-15T22:50:44.500000Z</time>
        <extensions>
          <gpxtpx:TrackPointExtension>
            <gpxtpx:hr>175</gpxtpx:hr>
          </gpxtpx:TrackPointExtension>
        </extensions>
      </trkpt>
      <trkpt lat="28.2377019345785" lon="112.91535892691665">
        <ele>73.20857343636453</ele>
        <time>2026-09-15T22:50:45.500000Z</time>
        <extensions>
          <gpxtpx:TrackPointExtension>
            <gpxtpx:hr>175</gpxtpx:hr>
          </gpxtpx:TrackPointExtension>
        </extensions>
      </trkpt>
      <trkpt lat="28.237687416068653" lon="112.91535843703839">
        <ele>73.19803271722049</ele>
        <time>2026-09-15T22:50:46.500000Z</time>
        <extensions>
          <gpxtpx:TrackPointExtension>
            <gpxtpx:hr>175</gpxtpx:hr>
          </gpxtpx:TrackPointExtension>
        </extensions>
      </trkpt>
      <trkpt lat="28.23767342795069" lon="112.91535720239804">
        <ele>73.17478065285832</ele>
        <time>2026-09-15T22:50:47.500000Z</time>
        <extensions>
          <gpxtpx:TrackPointExtension>
            <gpxtpx:hr>175</gpxtpx:hr>
          </gpxtpx:TrackPointExtension>
        </extensions>
      </trkpt>
      <trkpt lat="28.237660286001606" lon="112.91535503229906">
        <ele>73.1406234530732</ele>
        <time>2026-09-15T22:50:48.500000Z</time>
        <extensions>
          <gpxtpx:TrackPointExtension>
            <gpxtpx:hr>175</gpxtpx:hr>
          </gpxtpx:TrackPointExtension>
        </extensions>
      </trkpt>
      <trkpt lat="28.237647498936816" lon="112.91535238277305">
        <ele>73.09724326431751</ele>
        <time>2026-09-15T22:50:49.500000Z</time>
        <extensions>
          <gpxtpx:TrackPointExtension>
            <gpxtpx:hr>175</gpxtpx:hr>
          </gpxtpx:TrackPointExtension>
        </extensions>
      </trkpt>
      <trkpt lat="28.237634397997677" lon="112.9153499634838">
        <ele>73.05211011040956</ele>
        <time>2026-09-15T22:50:50.500000Z</time>
        <extensions>
          <gpxtpx:TrackPointExtension>
            <gpxtpx:hr>175</gpxtpx:hr>
          </gpxtpx:TrackPointExtension>
        </extensions>
      </trkpt>
      <trkpt lat="28.2376208916868" lon="112.91534812316753">
        <ele>72.99687212798744</ele>
        <time>2026-09-15T22:50:51.500000Z</time>
        <extensions>
          <gpxtpx:TrackPointExtension>
            <gpxtpx:hr>175</gpxtpx:hr>
          </gpxtpx:TrackPointExtension>
        </extensions>
      </trkpt>
      <trkpt lat="28.23760684690165" lon="112.91534664550095">
        <ele>72.93734173569828</ele>
        <time>2026-09-15T22:50:52.500000Z</time>
        <extensions>
          <gpxtpx:TrackPointExtension>
            <gpxtpx:hr>174</gpxtpx:hr>
          </gpxtpx:TrackPointExtension>
        </extensions>
      </trkpt>
      <trkpt lat="28.237592344619387" lon="112.9153446563559">
        <ele>72.87563090026379</ele>
        <time>2026-09-15T22:50:53.500000Z</time>
        <extensions>
          <gpxtpx:TrackPointExtension>
            <gpxtpx:hr>174</gpxtpx:hr>
          </gpxtpx:TrackPointExtension>
        </extensions>
      </trkpt>
      <trkpt lat="28.237577900848805" lon="112.91534150400388">
        <ele>72.81348159722984</ele>
        <time>2026-09-15T22:50:54.500000Z</time>
        <extensions>
          <gpxtpx:TrackPointExtension>
            <gpxtpx:hr>174</gpxtpx:hr>
          </gpxtpx:TrackPointExtension>
        </extensions>
      </trkpt>
      <trkpt lat="28.23756390476677" lon="112.91533728245534">
        <ele>72.75227189157158</ele>
        <time>2026-09-15T22:50:55.500000Z</time>
        <extensions>
          <gpxtpx:TrackPointExtension>
            <gpxtpx:hr>174</gpxtpx:hr>
          </gpxtpx:TrackPointExtension>
        </extensions>
      </trkpt>
      <trkpt lat="28.2375504424873" lon="112.91533257227933">
        <ele>72.69294205121696</ele>
        <time>2026-09-15T22:50:56.400000Z</time>
        <extensions>
          <gpxtpx:TrackPointExtension>
            <gpxtpx:hr>174</gpxtpx:hr>
          </gpxtpx:TrackPointExtension>
        </extensions>
      </trkpt>
      <trkpt lat="28.237537653936528" lon="112.91532812373707">
        <ele>72.63597242999822</ele>
        <time>2026-09-15T22:50:57.400000Z</time>
        <extensions>
          <gpxtpx:TrackPointExtension>
            <gpxtpx:hr>172</gpxtpx:hr>
          </gpxtpx:TrackPointExtension>
        </extensions>
      </trkpt>
      <trkpt lat="28.23752546906368" lon="112.91532440239266">
        <ele>72.58136724866927</ele>
        <time>2026-09-15T22:50:58.400000Z</time>
        <extensions>
          <gpxtpx:TrackPointExtension>
            <gpxtpx:hr>172</gpxtpx:hr>
          </gpxtpx:TrackPointExtension>
        </extensions>
      </trkpt>
      <trkpt lat="28.237513416161075" lon="112.91532149149563">
        <ele>72.52865091804415</ele>
        <time>2026-09-15T22:50:59.400000Z</time>
        <extensions>
          <gpxtpx:TrackPointExtension>
            <gpxtpx:hr>172</gpxtpx:hr>
          </gpxtpx:TrackPointExtension>
        </extensions>
      </trkpt>
      <trkpt lat="28.23750103253054" lon="112.91531952308918">
        <ele>72.4769974667579</ele>
        <time>2026-09-15T22:51:00.400000Z</time>
        <extensions>
          <gpxtpx:TrackPointExtension>
            <gpxtpx:hr>172</gpxtpx:hr>
          </gpxtpx:TrackPointExtension>
        </extensions>
      </trkpt>
      <trkpt lat="28.237488177878852" lon="112.91531824146006">
        <ele>72.42554815020412</ele>
        <time>2026-09-15T22:51:01.400000Z</time>
        <extensions>
          <gpxtpx:TrackPointExtension>
            <gpxtpx:hr>172</gpxtpx:hr>
          </gpxtpx:TrackPointExtension>
        </extensions>
      </trkpt>
      <trkpt lat="28.237474873058403" lon="112.91531713768678">
        <ele>72.37369388248771</ele>
        <time>2026-09-15T22:51:02.400000Z</time>
        <extensions>
          <gpxtpx:TrackPointExtension>
            <gpxtpx:hr>172</gpxtpx:hr>
          </gpxtpx:TrackPointExtension>
        </extensions>
      </trkpt>
      <trkpt lat="28.23746127508281" lon="112.91531605615016">
        <ele>72.32115146704018</ele>
        <time>2026-09-15T22:51:03.400000Z</time>
        <extensions>
          <gpxtpx:TrackPointExtension>
            <gpxtpx:hr>169</gpxtpx:hr>
          </gpxtpx:TrackPointExtension>
        </extensions>
      </trkpt>
      <trkpt lat="28.237447588267642" lon="112.91531486357943">
        <ele>72.267793036066</ele>
        <time>2026-09-15T22:51:04.400000Z</time>
        <extensions>
          <gpxtpx:TrackPointExtension>
            <gpxtpx:hr>169</gpxtpx:hr>
          </gpxtpx:TrackPointExtension>
        </extensions>
      </trkpt>
      <trkpt lat="28.237434124279858" lon="112.91531346942608">
        <ele>72.21348868496716</ele>
        <time>2026-09-15T22:51:05.400000Z</time>
        <extensions>
          <gpxtpx:TrackPointExtension>
            <gpxtpx:hr>169</gpxtpx:hr>
          </gpxtpx:TrackPointExtension>
        </extensions>
      </trkpt>
      <trkpt lat="28.237421319091435" lon="112.91531176358123">
        <ele>72.15820358879864</ele>
        <time>2026-09-15T22:51:06.400000Z</time>
        <extensions>
          <gpxtpx:TrackPointExtension>
            <gpxtpx:hr>169</gpxtpx:hr>
          </gpxtpx:TrackPointExtension>
        </extensions>
      </trkpt>
      <trkpt lat="28.23740934088409" lon="112.9153094867676">
        <ele>72.10214110277593</ele>
        <time>2026-09-15T22:51:07.400000Z</time>
        <extensions>
          <gpxtpx:TrackPointExtension>
            <gpxtpx:hr>169</gpxtpx:hr>
          </gpxtpx:TrackPointExtension>
        </extensions>
      </trkpt>
      <trkpt lat="28.237398050271768" lon="112.91530608590206">
        <ele>72.04568804334849</ele>
        <time>2026-09-15T22:51:08.400000Z</time>
        <extensions>
          <gpxtpx:TrackPointExtension>
            <gpxtpx:hr>169</gpxtpx:hr>
          </gpxtpx:TrackPointExtension>
        </extensions>
      </trkpt>
      <trkpt lat="28.237387150888484" lon="112.91530146637159">
        <ele>71.98925540223718</ele>
        <time>2026-09-15T22:51:09.400000Z</time>
        <extensions>
          <gpxtpx:TrackPointExtension>
            <gpxtpx:hr>166</gpxtpx:hr>
          </gpxtpx:TrackPointExtension>
        </extensions>
      </trkpt>
      <trkpt lat="28.237376459854953" lon="112.9152961432936">
        <ele>71.93325669690967</ele>
        <time>2026-09-15T22:51:10.400000Z</time>
        <extensions>
          <gpxtpx:TrackPointExtension>
            <gpxtpx:hr>166</gpxtpx:hr>
          </gpxtpx:TrackPointExtension>
        </extensions>
      </trkpt>
      <trkpt lat="28.2373659329293" lon="112.91529041301493">
        <ele>71.8780902819708</ele>
        <time>2026-09-15T22:51:11.400000Z</time>
        <extensions>
          <gpxtpx:TrackPointExtension>
            <gpxtpx:hr>166</gpxtpx:hr>
          </gpxtpx:TrackPointExtension>
        </extensions>
      </trkpt>
      <trkpt lat="28.237355407117725" lon="112.91528439406848">
        <ele>71.82405857089907</ele>
        <time>2026-09-15T22:51:12.400000Z</time>
        <extensions>
          <gpxtpx:TrackPointExtension>
            <gpxtpx:hr>166</gpxtpx:hr>
          </gpxtpx:TrackPointExtension>
        </extensions>
      </trkpt>
      <trkpt lat="28.237344762637633" lon="112.9152782152657">
        <ele>71.77137349639088</ele>
        <time>2026-09-15T22:51:13.400000Z</time>
        <extensions>
          <gpxtpx:TrackPointExtension>
            <gpxtpx:hr>166</gpxtpx:hr>
          </gpxtpx:TrackPointExtension>
        </extensions>
      </trkpt>
      <trkpt lat="28.237333885718463" lon="112.91527197480859">
        <ele>71.72027088236064</ele>
        <time>2026-09-15T22:51:14.400000Z</time>
        <extensions>
          <gpxtpx:TrackPointExtension>
            <gpxtpx:hr>166</gpxtpx:hr>
          </gpxtpx:TrackPointExtension>
        </extensions>
      </trkpt>
      <trkpt lat="28.237322660657217" lon="112.91526561777158">
        <ele>71.67108211573213</ele>
        <time>2026-09-15T22:51:15.400000Z</time>
        <extensions>
          <gpxtpx:TrackPointExtension>
            <gpxtpx:hr>162</gpxtpx:hr>
          </gpxtpx:TrackPointExtension>
        </extensions>
      </trkpt>
      <trkpt lat="28.23731122947426" lon="112.91525910561377">
        <ele>71.6242416864261</ele>
        <time>2026-09-15T22:51:16.400000Z</time>
        <extensions>
          <gpxtpx:TrackPointExtension>
            <gpxtpx:hr>162</gpxtpx:hr>
          </gpxtpx:TrackPointExtension>
        </extensions>
      </trkpt>
      <trkpt lat="28.237299795150673" lon="112.9152525668924">
        <ele>71.58023834880441</ele>
        <time>2026-09-15T22:51:17.400000Z</time>
        <extensions>
          <gpxtpx:TrackPointExtension>
            <gpxtpx:hr>162</gpxtpx:hr>
          </gpxtpx:TrackPointExtension>
        </extensions>
      </trkpt>
      <trkpt lat="28.23728843534834" lon="112.91524607708773">
        <ele>71.53955172374845</ele>
        <time>2026-09-15T22:51:18.400000Z</time>
        <extensions>
          <gpxtpx:TrackPointExtension>
            <gpxtpx:hr>162</gpxtpx:hr>
          </gpxtpx:TrackPointExtension>
        </extensions>
      </trkpt>
      <trkpt lat="28.237277145100848" lon="112.91523957472837">
        <ele>71.50253234151751</ele>
        <time>2026-09-15T22:51:19.400000Z</time>
        <extensions>
          <gpxtpx:TrackPointExtension>
            <gpxtpx:hr>162</gpxtpx:hr>
          </gpxtpx:TrackPointExtension>
        </extensions>
      </trkpt>
      <trkpt lat="28.237265752375283" lon="112.91523284103884">
        <ele>71.46935320273042</ele>
        <time>2026-09-15T22:51:20.400000Z</time>
        <extensions>
          <gpxtpx:TrackPointExtension>
            <gpxtpx:hr>162</gpxtpx:hr>
          </gpxtpx:TrackPointExtension>
        </extensions>
      </trkpt>
      <trkpt lat="28.237253999044245" lon="112.91522581022969">
        <ele>71.44002977199852</ele>
        <time>2026-09-15T22:51:21.400000Z</time>
        <extensions>
          <gpxtpx:TrackPointExtension>
            <gpxtpx:hr>162</gpxtpx:hr>
          </gpxtpx:TrackPointExtension>
        </extensions>
      </trkpt>
      <trkpt lat="28.237241903515404" lon="112.91521884208323">
        <ele>71.41444677114487</ele>
        <time>2026-09-15T22:51:22.400000Z</time>
        <extensions>
          <gpxtpx:TrackPointExtension>
            <gpxtpx:hr>160</gpxtpx:hr>
          </gpxtpx:TrackPointExtension>
        </extensions>
      </trkpt>
      <trkpt lat="28.237229711334734" lon="112.91521220298925">
        <ele>71.3924814760685</ele>
        <time>2026-09-15T22:51:23.400000Z</time>
        <extensions>
          <gpxtpx:TrackPointExtension>
            <gpxtpx:hr>160</gpxtpx:hr>
          </gpxtpx:TrackPointExtension>
        </extensions>
      </trkpt>
      <trkpt lat="28.23721756790874" lon="112.91520627335215">
        <ele>71.37417927850038</ele>
        <time>2026-09-15T22:51:24.400000Z</time>
        <extensions>
          <gpxtpx:TrackPointExtension>
            <gpxtpx:hr>160</gpxtpx:hr>
          </gpxtpx:TrackPointExtension>
        </extensions>
      </trkpt>
      <trkpt lat="28.237205556943277" lon="112.91520176868484">
        <ele>71.35979555919766</ele>
        <time>2026-09-15T22:51:25.400000Z</time>
        <extensions>
          <gpxtpx:TrackPointExtension>
            <gpxtpx:hr>160</gpxtpx:hr>
          </gpxtpx:TrackPointExtension>
        </extensions>
      </trkpt>
      <trkpt lat="28.237193817300152" lon="112.91519797397034">
        <ele>71.34976220689714</ele>
        <time>2026-09-15T22:51:26.400000Z</time>
        <extensions>
          <gpxtpx:TrackPointExtension>
            <gpxtpx:hr>160</gpxtpx:hr>
          </gpxtpx:TrackPointExtension>
        </extensions>
      </trkpt>
      <trkpt lat="28.23718251408395" lon="112.915193396465">
        <ele>71.34467641822994</ele>
        <time>2026-09-15T22:51:27.400000Z</time>
        <extensions>
          <gpxtpx:TrackPointExtension>
            <gpxtpx:hr>160</gpxtpx:hr>
          </gpxtpx:TrackPointExtension>
        </extensions>
      </trkpt>
      <trkpt lat="28.23717182774584" lon="112.91518701338536">
        <ele>71.34524178411812</ele>
        <time>2026-09-15T22:51:28.400000Z</time>
        <extensions>
          <gpxtpx:TrackPointExtension>
            <gpxtpx:hr>160</gpxtpx:hr>
          </gpxtpx:TrackPointExtension>
        </extensions>
      </trkpt>
      <trkpt lat="28.237161542976402" lon="112.91517905876393">
        <ele>71.35235134232789</ele>
        <time>2026-09-15T22:51:29.400000Z</time>
        <extensions>
          <gpxtpx:TrackPointExtension>
            <gpxtpx:hr>160</gpxtpx:hr>
          </gpxtpx:TrackPointExtension>
        </extensions>
      </trkpt>
      <trkpt lat="28.237151387013036" lon="112.91517076361114">
        <ele>71.3669175170362</ele>
        <time>2026-09-15T22:51:30.400000Z</time>
        <extensions>
          <gpxtpx:TrackPointExtension>
            <gpxtpx:hr>160</gpxtpx:hr>
          </gpxtpx:TrackPointExtension>
        </extensions>
      </trkpt>
      <trkpt lat="28.23714152786418" lon="112.91516282395177">
        <ele>71.38966797105968</ele>
        <time>2026-09-15T22:51:31.400000Z</time>
        <extensions>
          <gpxtpx:TrackPointExtension>
            <gpxtpx:hr>160</gpxtpx:hr>
          </gpxtpx:TrackPointExtension>
        </extensions>
      </trkpt>
      <trkpt lat="28.23713196930104" lon="112.91515542569039">
        <ele>71.42103772517294</ele>
        <time>2026-09-15T22:51:32.400000Z</time>
        <extensions>
          <gpxtpx:TrackPointExtension>
            <gpxtpx:hr>160</gpxtpx:hr>
          </gpxtpx:TrackPointExtension>
        </extensions>
      </trkpt>
      <trkpt lat="28.23712228481247" lon="112.91514840062327">
        <ele>71.46108265127987</ele>
        <time>2026-09-15T22:51:33.400000Z</time>
        <extensions>
          <gpxtpx:TrackPointExtension>
            <gpxtpx:hr>159</gpxtpx:hr>
          </gpxtpx:TrackPointExtension>
        </extensions>
      </trkpt>
      <trkpt lat="28.237112054966754" lon="112.91514181016838">
        <ele>71.50947966519743</ele>
        <time>2026-09-15T22:51:34.400000Z</time>
        <extensions>
          <gpxtpx:TrackPointExtension>
            <gpxtpx:hr>159</gpxtpx:hr>
          </gpxtpx:TrackPointExtension>
        </extensions>
      </trkpt>
      <trkpt lat="28.23710107079418" lon="112.9151358809121">
        <ele>71.56554381269962</ele>
        <time>2026-09-15T22:51:35.400000Z</time>
        <extensions>
          <gpxtpx:TrackPointExtension>
            <gpxtpx:hr>159</gpxtpx:hr>
          </gpxtpx:TrackPointExtension>
        </extensions>
      </trkpt>
      <trkpt lat="28.23708939091609" lon="112.91513109590994">
        <ele>71.62823904305696</ele>
        <time>2026-09-15T22:51:36.400000Z</time>
        <extensions>
          <gpxtpx:TrackPointExtension>
            <gpxtpx:hr>159</gpxtpx:hr>
          </gpxtpx:TrackPointExtension>
        </extensions>
      </trkpt>
      <trkpt lat="28.237077345721435" lon="112.91512786384953">
        <ele>71.69613480009139</ele>
        <time>2026-09-15T22:51:37.400000Z</time>
        <extensions>
          <gpxtpx:TrackPointExtension>
            <gpxtpx:hr>159</gpxtpx:hr>
          </gpxtpx:TrackPointExtension>
        </extensions>
      </trkpt>
      <trkpt lat="28.237065134313273" lon="112.91512556705938">
        <ele>71.76713370345533</ele>
        <time>2026-09-15T22:51:38.400000Z</time>
        <extensions>
          <gpxtpx:TrackPointExtension>
            <gpxtpx:hr>160</gpxtpx:hr>
          </gpxtpx:TrackPointExtension>
        </extensions>
      </trkpt>
      <trkpt lat="28.237052877634927" lon="112.91512377483646">
        <ele>71.83825753070414</ele>
        <time>2026-09-15T22:51:39.400000Z</time>
        <extensions>
          <gpxtpx:TrackPointExtension>
            <gpxtpx:hr>160</gpxtpx:hr>
          </gpxtpx:TrackPointExtension>
        </extensions>
      </trkpt>
      <trkpt lat="28.237036039015404" lon="112.91512240524915">
        <ele>71.9256333662197</ele>
        <time>2026-09-15T22:51:40.800000Z</time>
        <extensions>
          <gpxtpx:TrackPointExtension>
            <gpxtpx:hr>160</gpxtpx:hr>
          </gpxtpx:TrackPointExtension>
        </extensions>
      </trkpt>
      <trkpt lat="28.237024086843704" lon="112.91512192836481">
        <ele>71.97336570266634</ele>
        <time>2026-09-15T22:51:41.800000Z</time>
        <extensions>
          <gpxtpx:TrackPointExtension>
            <gpxtpx:hr>160</gpxtpx:hr>
          </gpxtpx:TrackPointExtension>
        </extensions>
      </trkpt>
      <trkpt lat="28.237011858467433" lon="112.91512153215447">
        <ele>72.0072404621169</ele>
        <time>2026-09-15T22:51:42.800000Z</time>
        <extensions>
          <gpxtpx:TrackPointExtension>
            <gpxtpx:hr>160</gpxtpx:hr>
          </gpxtpx:TrackPointExtension>
        </extensions>
      </trkpt>
      <trkpt lat="28.236999232341375" lon="112.91512119847911">
        <ele>72.02773857023567</ele>
        <time>2026-09-15T22:51:43.800000Z</time>
        <extensions>
          <gpxtpx:TrackPointExtension>
            <gpxtpx:hr>161</gpxtpx:hr>
          </gpxtpx:TrackPointExtension>
        </extensions>
      </trkpt>
      <trkpt lat="28.236986438088557" lon="112.91512067473047">
        <ele>72.03645108360797</ele>
        <time>2026-09-15T22:51:44.800000Z</time>
        <extensions>
          <gpxtpx:TrackPointExtension>
            <gpxtpx:hr>161</gpxtpx:hr>
          </gpxtpx:TrackPointExtension>
        </extensions>
      </trkpt>
      <trkpt lat="28.236973913609408" lon="112.91511907613975">
        <ele>72.03529016021639</ele>
        <time>2026-09-15T22:51:45.800000Z</time>
        <extensions>
          <gpxtpx:TrackPointExtension>
            <gpxtpx:hr>161</gpxtpx:hr>
          </gpxtpx:TrackPointExtension>
        </extensions>
      </trkpt>
      <trkpt lat="28.236961741434865" lon="112.91511604597392">
        <ele>72.02604900114238</ele>
        <time>2026-09-15T22:51:46.800000Z</time>
        <extensions>
          <gpxtpx:TrackPointExtension>
            <gpxtpx:hr>161</gpxtpx:hr>
          </gpxtpx:TrackPointExtension>
        </extensions>
      </trkpt>
      <trkpt lat="28.236949704180223" lon="112.91511203580586">
        <ele>72.01029770635068</ele>
        <time>2026-09-15T22:51:47.800000Z</time>
        <extensions>
          <gpxtpx:TrackPointExtension>
            <gpxtpx:hr>166</gpxtpx:hr>
          </gpxtpx:TrackPointExtension>
        </extensions>
      </trkpt>
      <trkpt lat="28.236937697815268" lon="112.91510737075555">
        <ele>71.98930186126381</ele>
        <time>2026-09-15T22:51:48.800000Z</time>
        <extensions>
          <gpxtpx:TrackPointExtension>
            <gpxtpx:hr>166</gpxtpx:hr>
          </gpxtpx:TrackPointExtension>
        </extensions>
      </trkpt>
      <trkpt lat="28.23692577743523" lon="112.91510215454487">
        <ele>71.96399957221001</ele>
        <time>2026-09-15T22:51:49.800000Z</time>
        <extensions>
          <gpxtpx:TrackPointExtension>
            <gpxtpx:hr>166</gpxtpx:hr>
          </gpxtpx:TrackPointExtension>
        </extensions>
      </trkpt>
      <trkpt lat="28.236914013812417" lon="112.91509640307447">
        <ele>71.93504798784852</ele>
        <time>2026-09-15T22:51:50.800000Z</time>
        <extensions>
          <gpxtpx:TrackPointExtension>
            <gpxtpx:hr>166</gpxtpx:hr>
          </gpxtpx:TrackPointExtension>
        </extensions>
      </trkpt>
      <trkpt lat="28.23690238438888" lon="112.9150902048214">
        <ele>71.90282637253404</ele>
        <time>2026-09-15T22:51:51.800000Z</time>
        <extensions>
          <gpxtpx:TrackPointExtension>
            <gpxtpx:hr>166</gpxtpx:hr>
          </gpxtpx:TrackPointExtension>
        </extensions>
      </trkpt>
      <trkpt lat="28.236890687158592" lon="112.91508358731114">
        <ele>71.86744101159275</ele>
        <time>2026-09-15T22:51:52.800000Z</time>
        <extensions>
          <gpxtpx:TrackPointExtension>
            <gpxtpx:hr>168</gpxtpx:hr>
          </gpxtpx:TrackPointExtension>
        </extensions>
      </trkpt>
      <trkpt lat="28.236878905684364" lon="112.91507660894035">
        <ele>71.82875036913902</ele>
        <time>2026-09-15T22:51:53.800000Z</time>
        <extensions>
          <gpxtpx:TrackPointExtension>
            <gpxtpx:hr>168</gpxtpx:hr>
          </gpxtpx:TrackPointExtension>
        </extensions>
      </trkpt>
      <trkpt lat="28.236867272695083" lon="112.91506922236758">
        <ele>71.78633656911552</ele>
        <time>2026-09-15T22:51:54.800000Z</time>
        <extensions>
          <gpxtpx:TrackPointExtension>
            <gpxtpx:hr>168</gpxtpx:hr>
          </gpxtpx:TrackPointExtension>
        </extensions>
      </trkpt>
      <trkpt lat="28.236855907722315" lon="112.91506141115185">
        <ele>71.73958225920796</ele>
        <time>2026-09-15T22:51:55.800000Z</time>
        <extensions>
          <gpxtpx:TrackPointExtension>
            <gpxtpx:hr>168</gpxtpx:hr>
          </gpxtpx:TrackPointExtension>
        </extensions>
      </trkpt>
      <trkpt lat="28.236844852181513" lon="112.9150532795846">
        <ele>71.68761120084673</ele>
        <time>2026-09-15T22:51:56.800000Z</time>
        <extensions>
          <gpxtpx:TrackPointExtension>
            <gpxtpx:hr>168</gpxtpx:hr>
          </gpxtpx:TrackPointExtension>
        </extensions>
      </trkpt>
      <trkpt lat="28.236834126896255" lon="112.91504500448717">
        <ele>71.62959358468652</ele>
        <time>2026-09-15T22:51:57.800000Z</time>
        <extensions>
          <gpxtpx:TrackPointExtension>
            <gpxtpx:hr>168</gpxtpx:hr>
          </gpxtpx:TrackPointExtension>
        </extensions>
      </trkpt>
      <trkpt lat="28.236828161727473" lon="112.91504038692881">
        <ele>71.59411449916661</ele>
        <time>2026-09-15T22:51:58.300000Z</time>
        <extensions>
          <gpxtpx:TrackPointExtension>
            <gpxtpx:hr>170</gpxtpx:hr>
          </gpxtpx:TrackPointExtension>
        </extensions>
      </trkpt>
      <trkpt lat="28.236817421170134" lon="112.91503292762319">
        <ele>71.52595494315028</ele>
        <time>2026-09-15T22:51:59.300000Z</time>
        <extensions>
          <gpxtpx:TrackPointExtension>
            <gpxtpx:hr>170</gpxtpx:hr>
          </gpxtpx:TrackPointExtension>
        </extensions>
      </trkpt>
      <trkpt lat="28.236806198885002" lon="112.91502725616165">
        <ele>71.44926065113395</ele>
        <time>2026-09-15T22:52:00.300000Z</time>
        <extensions>
          <gpxtpx:TrackPointExtension>
            <gpxtpx:hr>170</gpxtpx:hr>
          </gpxtpx:TrackPointExtension>
        </extensions>
      </trkpt>
      <trkpt lat="28.236794612726875" lon="112.91502339211077">
        <ele>71.364421389997</ele>
        <time>2026-09-15T22:52:01.300000Z</time>
        <extensions>
          <gpxtpx:TrackPointExtension>
            <gpxtpx:hr>170</gpxtpx:hr>
          </gpxtpx:TrackPointExtension>
        </extensions>
      </trkpt>
      <trkpt lat="28.23678291658112" lon="112.91502042740767">
        <ele>71.27205001376569</ele>
        <time>2026-09-15T22:52:02.300000Z</time>
        <extensions>
          <gpxtpx:TrackPointExtension>
            <gpxtpx:hr>170</gpxtpx:hr>
          </gpxtpx:TrackPointExtension>
        </extensions>
      </trkpt>
      <trkpt lat="28.236771287400877" lon="112.91501793066138">
        <ele>71.172911638394</ele>
        <time>2026-09-15T22:52:03.300000Z</time>
        <extensions>
          <gpxtpx:TrackPointExtension>
            <gpxtpx:hr>170</gpxtpx:hr>
          </gpxtpx:TrackPointExtension>
        </extensions>
      </trkpt>
      <trkpt lat="28.236759742957833" lon="112.91501558562604">
        <ele>71.06753606069833</ele>
        <time>2026-09-15T22:52:04.300000Z</time>
        <extensions>
          <gpxtpx:TrackPointExtension>
            <gpxtpx:hr>170</gpxtpx:hr>
          </gpxtpx:TrackPointExtension>
        </extensions>
      </trkpt>
      <trkpt lat="28.236748211559934" lon="112.91501305990005">
        <ele>70.95698646456003</ele>
        <time>2026-09-15T22:52:05.300000Z</time>
        <extensions>
          <gpxtpx:TrackPointExtension>
            <gpxtpx:hr>172</gpxtpx:hr>
          </gpxtpx:TrackPointExtension>
        </extensions>
      </trkpt>
      <trkpt lat="28.236736915125462" lon="112.91500909340922">
        <ele>70.84206743072718</ele>
        <time>2026-09-15T22:52:06.300000Z</time>
        <extensions>
          <gpxtpx:TrackPointExtension>
            <gpxtpx:hr>172</gpxtpx:hr>
          </gpxtpx:TrackPointExtension>
        </extensions>
      </trkpt>
      <trkpt lat="28.2367262561521" lon="112.91500286739287">
        <ele>70.72382016386837</ele>
        <time>2026-09-15T22:52:07.300000Z</time>
        <extensions>
          <gpxtpx:TrackPointExtension>
            <gpxtpx:hr>172</gpxtpx:hr>
          </gpxtpx:TrackPointExtension>
        </extensions>
      </trkpt>
      <trkpt lat="28.23671636198005" lon="112.91499511264288">
        <ele>70.60386967286468</ele>
        <time>2026-09-15T22:52:08.300000Z</time>
        <extensions>
          <gpxtpx:TrackPointExtension>
            <gpxtpx:hr>172</gpxtpx:hr>
          </gpxtpx:TrackPointExtension>
        </extensions>
      </trkpt>
      <trkpt lat="28.236706877064023" lon="112.91498675467325">
        <ele>70.48321616090834</ele>
        <time>2026-09-15T22:52:09.300000Z</time>
        <extensions>
          <gpxtpx:TrackPointExtension>
            <gpxtpx:hr>172</gpxtpx:hr>
          </gpxtpx:TrackPointExtension>
        </extensions>
      </trkpt>
      <trkpt lat="28.236697203797373" lon="112.91497837311721">
        <ele>70.3634117571637</ele>
        <time>2026-09-15T22:52:10.300000Z</time>
        <extensions>
          <gpxtpx:TrackPointExtension>
            <gpxtpx:hr>174</gpxtpx:hr>
          </gpxtpx:TrackPointExtension>
        </extensions>
      </trkpt>
      <trkpt lat="28.23668691000293" lon="112.9149700886805">
        <ele>70.24554012529552</ele>
        <time>2026-09-15T22:52:11.300000Z</time>
        <extensions>
          <gpxtpx:TrackPointExtension>
            <gpxtpx:hr>174</gpxtpx:hr>
          </gpxtpx:TrackPointExtension>
        </extensions>
      </trkpt>
      <trkpt lat="28.236675872616175" lon="112.91496183271526">
        <ele>70.13035928923637</ele>
        <time>2026-09-15T22:52:12.300000Z</time>
        <extensions>
          <gpxtpx:TrackPointExtension>
            <gpxtpx:hr>174</gpxtpx:hr>
          </gpxtpx:TrackPointExtension>
        </extensions>
      </trkpt>
      <trkpt lat="28.236664197665363" lon="112.91495344764212">
        <ele>70.0187970707193</ele>
        <time>2026-09-15T22:52:13.300000Z</time>
        <extensions>
          <gpxtpx:TrackPointExtension>
            <gpxtpx:hr>175</gpxtpx:hr>
          </gpxtpx:TrackPointExtension>
        </extensions>
      </trkpt>
      <trkpt lat="28.236651980587446" lon="112.91494477002682">
        <ele>69.91150882374495</ele>
        <time>2026-09-15T22:52:14.300000Z</time>
        <extensions>
          <gpxtpx:TrackPointExtension>
            <gpxtpx:hr>175</gpxtpx:hr>
          </gpxtpx:TrackPointExtension>
        </extensions>
      </trkpt>
      <trkpt lat="28.236639683650182" lon="112.91493587724356">
        <ele>69.80937011074275</ele>
        <time>2026-09-15T22:52:15.300000Z</time>
        <extensions>
          <gpxtpx:TrackPointExtension>
            <gpxtpx:hr>175</gpxtpx:hr>
          </gpxtpx:TrackPointExtension>
        </extensions>
      </trkpt>
      <trkpt lat="28.23662771032476" lon="112.91492698025223">
        <ele>69.71263775974512</ele>
        <time>2026-09-15T22:52:16.300000Z</time>
        <extensions>
          <gpxtpx:TrackPointExtension>
            <gpxtpx:hr>175</gpxtpx:hr>
          </gpxtpx:TrackPointExtension>
        </extensions>
      </trkpt>
      <trkpt lat="28.236616057774892" lon="112.91491816512915">
        <ele>69.62217145971954</ele>
        <time>2026-09-15T22:52:17.300000Z</time>
        <extensions>
          <gpxtpx:TrackPointExtension>
            <gpxtpx:hr>175</gpxtpx:hr>
          </gpxtpx:TrackPointExtension>
        </extensions>
      </trkpt>
      <trkpt lat="28.236604606885432" lon="112.91490953525917">
        <ele>69.53863515146077</ele>
        <time>2026-09-15T22:52:18.300000Z</time>
        <extensions>
          <gpxtpx:TrackPointExtension>
            <gpxtpx:hr>177</gpxtpx:hr>
          </gpxtpx:TrackPointExtension>
        </extensions>
      </trkpt>
      <trkpt lat="28.236593221320188" lon="112.91490116088227">
        <ele>69.4624932417646</ele>
        <time>2026-09-15T22:52:19.300000Z</time>
        <extensions>
          <gpxtpx:TrackPointExtension>
            <gpxtpx:hr>177</gpxtpx:hr>
          </gpxtpx:TrackPointExtension>
        </extensions>
      </trkpt>
      <trkpt lat="28.236581806404605" lon="112.91489321359717">
        <ele>69.39395703654736</ele>
        <time>2026-09-15T22:52:20.300000Z</time>
        <extensions>
          <gpxtpx:TrackPointExtension>
            <gpxtpx:hr>177</gpxtpx:hr>
          </gpxtpx:TrackPointExtension>
        </extensions>
      </trkpt>
      <trkpt lat="28.23657041756876" lon="112.91488599601588">
        <ele>69.33266413025558</ele>
        <time>2026-09-15T22:52:21.300000Z</time>
        <extensions>
          <gpxtpx:TrackPointExtension>
            <gpxtpx:hr>177</gpxtpx:hr>
          </gpxtpx:TrackPointExtension>
        </extensions>
      </trkpt>
      <trkpt lat="28.236559352496986" lon="112.91488012966414">
        <ele>69.27846029680222</ele>
        <time>2026-09-15T22:52:22.300000Z</time>
        <extensions>
          <gpxtpx:TrackPointExtension>
            <gpxtpx:hr>177</gpxtpx:hr>
          </gpxtpx:TrackPointExtension>
        </extensions>
      </trkpt>
      <trkpt lat="28.23654894261333" lon="112.91487520883221">
        <ele>69.23096825089306</ele>
        <time>2026-09-15T22:52:23.300000Z</time>
        <extensions>
          <gpxtpx:TrackPointExtension>
            <gpxtpx:hr>177</gpxtpx:hr>
          </gpxtpx:TrackPointExtension>
        </extensions>
      </trkpt>
      <trkpt lat="28.23653912730957" lon="112.91486998742683">
        <ele>69.1897272914648</ele>
        <time>2026-09-15T22:52:24.300000Z</time>
        <extensions>
          <gpxtpx:TrackPointExtension>
            <gpxtpx:hr>177</gpxtpx:hr>
          </gpxtpx:TrackPointExtension>
        </extensions>
      </trkpt>
      <trkpt lat="28.236529455607833" lon="112.91486368978534">
        <ele>69.15379169024527</ele>
        <time>2026-09-15T22:52:25.300000Z</time>
        <extensions>
          <gpxtpx:TrackPointExtension>
            <gpxtpx:hr>177</gpxtpx:hr>
          </gpxtpx:TrackPointExtension>
        </extensions>
      </trkpt>
      <trkpt lat="28.236519549808257" lon="112.91485586568137">
        <ele>69.12192730978131</ele>
        <time>2026-09-15T22:52:26.300000Z</time>
        <extensions>
          <gpxtpx:TrackPointExtension>
            <gpxtpx:hr>177</gpxtpx:hr>
          </gpxtpx:TrackPointExtension>
        </extensions>
      </trkpt>
      <trkpt lat="28.23650928183155" lon="112.91484659169096">
        <ele>69.09235535003245</ele>
        <time>2026-09-15T22:52:27.300000Z</time>
        <extensions>
          <gpxtpx:TrackPointExtension>
            <gpxtpx:hr>177</gpxtpx:hr>
          </gpxtpx:TrackPointExtension>
        </extensions>
      </trkpt>
      <trkpt lat="28.23649886424135" lon="112.91483630996436">
        <ele>69.0634036725387</ele>
        <time>2026-09-15T22:52:28.300000Z</time>
        <extensions>
          <gpxtpx:TrackPointExtension>
            <gpxtpx:hr>177</gpxtpx:hr>
          </gpxtpx:TrackPointExtension>
        </extensions>
      </trkpt>
      <trkpt lat="28.236488380362125" lon="112.91482557257206">
        <ele>69.03317174036056</ele>
        <time>2026-09-15T22:52:29.300000Z</time>
        <extensions>
          <gpxtpx:TrackPointExtension>
            <gpxtpx:hr>178</gpxtpx:hr>
          </gpxtpx:TrackPointExtension>
        </extensions>
      </trkpt>
      <trkpt lat="28.23647748132361" lon="112.91481477463016">
        <ele>68.9999034050852</ele>
        <time>2026-09-15T22:52:30.300000Z</time>
        <extensions>
          <gpxtpx:TrackPointExtension>
            <gpxtpx:hr>178</gpxtpx:hr>
          </gpxtpx:TrackPointExtension>
        </extensions>
      </trkpt>
      <trkpt lat="28.236465902942136" lon="112.91480476467311">
        <ele>68.96190340723842</ele>
        <time>2026-09-15T22:52:31.300000Z</time>
        <extensions>
          <gpxtpx:TrackPointExtension>
            <gpxtpx:hr>178</gpxtpx:hr>
          </gpxtpx:TrackPointExtension>
        </extensions>
      </trkpt>
      <trkpt lat="28.23645330074234" lon="112.91479691479516">
        <ele>68.91907903645188</ele>
        <time>2026-09-15T22:52:32.300000Z</time>
        <extensions>
          <gpxtpx:TrackPointExtension>
            <gpxtpx:hr>178</gpxtpx:hr>
          </gpxtpx:TrackPointExtension>
        </extensions>
      </trkpt>
      <trkpt lat="28.236439651154253" lon="112.91479115442728">
        <ele>68.87111497484148</ele>
        <time>2026-09-15T22:52:33.300000Z</time>
        <extensions>
          <gpxtpx:TrackPointExtension>
            <gpxtpx:hr>178</gpxtpx:hr>
          </gpxtpx:TrackPointExtension>
        </extensions>
      </trkpt>
      <trkpt lat="28.236425475809188" lon="112.91478623538718">
        <ele>68.81782010383904</ele>
        <time>2026-09-15T22:52:34.300000Z</time>
        <extensions>
          <gpxtpx:TrackPointExtension>
            <gpxtpx:hr>178</gpxtpx:hr>
          </gpxtpx:TrackPointExtension>
        </extensions>
      </trkpt>
      <trkpt lat="28.23641109072357" lon="112.91478126600772">
        <ele>68.75895436666906</ele>
        <time>2026-09-15T22:52:35.300000Z</time>
        <extensions>
          <gpxtpx:TrackPointExtension>
            <gpxtpx:hr>178</gpxtpx:hr>
          </gpxtpx:TrackPointExtension>
        </extensions>
      </trkpt>
      <trkpt lat="28.236396640587305" lon="112.91477609186592">
        <ele>68.69420674163848</ele>
        <time>2026-09-15T22:52:36.300000Z</time>
        <extensions>
          <gpxtpx:TrackPointExtension>
            <gpxtpx:hr>178</gpxtpx:hr>
          </gpxtpx:TrackPointExtension>
        </extensions>
      </trkpt>
      <trkpt lat="28.23638201807294" lon="112.91477089033775">
        <ele>68.62297223787755</ele>
        <time>2026-09-15T22:52:37.300000Z</time>
        <extensions>
          <gpxtpx:TrackPointExtension>
            <gpxtpx:hr>178</gpxtpx:hr>
          </gpxtpx:TrackPointExtension>
        </extensions>
      </trkpt>
      <trkpt lat="28.236367013330728" lon="112.91476571517386">
        <ele>68.54441178776324</ele>
        <time>2026-09-15T22:52:38.300000Z</time>
        <extensions>
          <gpxtpx:TrackPointExtension>
            <gpxtpx:hr>178</gpxtpx:hr>
          </gpxtpx:TrackPointExtension>
        </extensions>
      </trkpt>
      <trkpt lat="28.23635164240927" lon="112.91476085849335">
        <ele>68.45759534835815</ele>
        <time>2026-09-15T22:52:39.300000Z</time>
        <extensions>
          <gpxtpx:TrackPointExtension>
            <gpxtpx:hr>178</gpxtpx:hr>
          </gpxtpx:TrackPointExtension>
        </extensions>
      </trkpt>
      <trkpt lat="28.236335925141468" lon="112.91475643502606">
        <ele>68.36164116021246</ele>
        <time>2026-09-15T22:52:40.300000Z</time>
        <extensions>
          <gpxtpx:TrackPointExtension>
            <gpxtpx:hr>179</gpxtpx:hr>
          </gpxtpx:TrackPointExtension>
        </extensions>
      </trkpt>
      <trkpt lat="28.23631999648995" lon="112.91475221392317">
        <ele>68.25550981517881</ele>
        <time>2026-09-15T22:52:41.200000Z</time>
        <extensions>
          <gpxtpx:TrackPointExtension>
            <gpxtpx:hr>179</gpxtpx:hr>
          </gpxtpx:TrackPointExtension>
        </extensions>
      </trkpt>
      <trkpt lat="28.236304175830238" lon="112.91474763256093">
        <ele>68.13850330654532</ele>
        <time>2026-09-15T22:52:42.200000Z</time>
        <extensions>
          <gpxtpx:TrackPointExtension>
            <gpxtpx:hr>179</gpxtpx:hr>
          </gpxtpx:TrackPointExtension>
        </extensions>
      </trkpt>
      <trkpt lat="28.236288497942617" lon="112.91474262718341">
        <ele>68.00962376128882</ele>
        <time>2026-09-15T22:52:43.200000Z</time>
        <extensions>
          <gpxtpx:TrackPointExtension>
            <gpxtpx:hr>179</gpxtpx:hr>
          </gpxtpx:TrackPointExtension>
        </extensions>
      </trkpt>
      <trkpt lat="28.236272728020314" lon="112.91473779292839">
        <ele>67.86771432776004</ele>
        <time>2026-09-15T22:52:44.200000Z</time>
        <extensions>
          <gpxtpx:TrackPointExtension>
            <gpxtpx:hr>179</gpxtpx:hr>
          </gpxtpx:TrackPointExtension>
        </extensions>
      </trkpt>
      <trkpt lat="28.236256691965032" lon="112.91473365736611">
        <ele>67.71155105251819</ele>
        <time>2026-09-15T22:52:45.200000Z</time>
        <extensions>
          <gpxtpx:TrackPointExtension>
            <gpxtpx:hr>179</gpxtpx:hr>
          </gpxtpx:TrackPointExtension>
        </extensions>
      </trkpt>
      <trkpt lat="28.236240188182443" lon="112.91473009815911">
        <ele>67.53987752553076</ele>
        <time>2026-09-15T22:52:46.200000Z</time>
        <extensions>
          <gpxtpx:TrackPointExtension>
            <gpxtpx:hr>179</gpxtpx:hr>
          </gpxtpx:TrackPointExtension>
        </extensions>
      </trkpt>
      <trkpt lat="28.236223115074672" lon="112.91472654901972">
        <ele>67.35150471702218</ele>
        <time>2026-09-15T22:52:47.200000Z</time>
        <extensions>
          <gpxtpx:TrackPointExtension>
            <gpxtpx:hr>179</gpxtpx:hr>
          </gpxtpx:TrackPointExtension>
        </extensions>
      </trkpt>
      <trkpt lat="28.236205497163578" lon="112.91472274307027">
        <ele>67.14542211033404</ele>
        <time>2026-09-15T22:52:48.200000Z</time>
        <extensions>
          <gpxtpx:TrackPointExtension>
            <gpxtpx:hr>179</gpxtpx:hr>
          </gpxtpx:TrackPointExtension>
        </extensions>
      </trkpt>
      <trkpt lat="28.236187161088406" lon="112.91471832771602">
        <ele>66.92082018777728</ele>
        <time>2026-09-15T22:52:49.200000Z</time>
        <extensions>
          <gpxtpx:TrackPointExtension>
            <gpxtpx:hr>179</gpxtpx:hr>
          </gpxtpx:TrackPointExtension>
        </extensions>
      </trkpt>
      <trkpt lat="28.236167956726295" lon="112.91471345808893">
        <ele>66.67713612876832</ele>
        <time>2026-09-15T22:52:50.200000Z</time>
        <extensions>
          <gpxtpx:TrackPointExtension>
            <gpxtpx:hr>179</gpxtpx:hr>
          </gpxtpx:TrackPointExtension>
        </extensions>
      </trkpt>
      <trkpt lat="28.236148454243846" lon="112.91470832951674">
        <ele>66.41406652703881</ele>
        <time>2026-09-15T22:52:51.200000Z</time>
        <extensions>
          <gpxtpx:TrackPointExtension>
            <gpxtpx:hr>181</gpxtpx:hr>
          </gpxtpx:TrackPointExtension>
        </extensions>
      </trkpt>
      <trkpt lat="28.23612904150999" lon="112.91470293862578">
        <ele>66.13207528926432</ele>
        <time>2026-09-15T22:52:52.200000Z</time>
        <extensions>
          <gpxtpx:TrackPointExtension>
            <gpxtpx:hr>181</gpxtpx:hr>
          </gpxtpx:TrackPointExtension>
        </extensions>
      </trkpt>
      <trkpt lat="28.236109614981768" lon="112.91469749253447">
        <ele>65.83190412446856</ele>
        <time>2026-09-15T22:52:53.200000Z</time>
        <extensions>
          <gpxtpx:TrackPointExtension>
            <gpxtpx:hr>181</gpxtpx:hr>
          </gpxtpx:TrackPointExtension>
        </extensions>
      </trkpt>
      <trkpt lat="28.236090156562383" lon="112.91469199070455">
        <ele>65.51495879422873</ele>
        <time>2026-09-15T22:52:54.200000Z</time>
        <extensions>
          <gpxtpx:TrackPointExtension>
            <gpxtpx:hr>181</gpxtpx:hr>
          </gpxtpx:TrackPointExtension>
        </extensions>
      </trkpt>
      <trkpt lat="28.23607047455938" lon="112.91468634568575">
        <ele>65.18355208728462</ele>
        <time>2026-09-15T22:52:55.200000Z</time>
        <extensions>
          <gpxtpx:TrackPointExtension>
            <gpxtpx:hr>181</gpxtpx:hr>
          </gpxtpx:TrackPointExtension>
        </extensions>
      </trkpt>
      <trkpt lat="28.236050326687717" lon="112.914680547394">
        <ele>64.84103928692639</ele>
        <time>2026-09-15T22:52:56.200000Z</time>
        <extensions>
          <gpxtpx:TrackPointExtension>
            <gpxtpx:hr>183</gpxtpx:hr>
          </gpxtpx:TrackPointExtension>
        </extensions>
      </trkpt>
      <trkpt lat="28.236029282591623" lon="112.91467466929461">
        <ele>64.49120746552944</ele>
        <time>2026-09-15T22:52:57.200000Z</time>
        <extensions>
          <gpxtpx:TrackPointExtension>
            <gpxtpx:hr>183</gpxtpx:hr>
          </gpxtpx:TrackPointExtension>
        </extensions>
      </trkpt>
      <trkpt lat="28.236006598719243" lon="112.91466839970818">
        <ele>64.13821269758046</ele>
        <time>2026-09-15T22:52:58.200000Z</time>
        <extensions>
          <gpxtpx:TrackPointExtension>
            <gpxtpx:hr>183</gpxtpx:hr>
          </gpxtpx:TrackPointExtension>
        </extensions>
      </trkpt>
      <trkpt lat="28.235980664898527" lon="112.91466102191534">
        <ele>63.78575385734439</ele>
        <time>2026-09-15T22:52:59.200000Z</time>
        <extensions>
          <gpxtpx:TrackPointExtension>
            <gpxtpx:hr>183</gpxtpx:hr>
          </gpxtpx:TrackPointExtension>
        </extensions>
      </trkpt>
      <trkpt lat="28.23595084052677" lon="112.91465233881696">
        <ele>63.43729889765382</ele>
        <time>2026-09-15T22:53:00.200000Z</time>
        <extensions>
          <gpxtpx:TrackPointExtension>
            <gpxtpx:hr>183</gpxtpx:hr>
          </gpxtpx:TrackPointExtension>
        </extensions>
      </trkpt>
      <trkpt lat="28.235918178546243" lon="112.91464280215342">
        <ele>63.09602741803974</ele>
        <time>2026-09-15T22:53:01.200000Z</time>
        <extensions>
          <gpxtpx:TrackPointExtension>
            <gpxtpx:hr>183</gpxtpx:hr>
          </gpxtpx:TrackPointExtension>
        </extensions>
      </trkpt>
      <trkpt lat="28.235883794373336" lon="112.91463283012686">
        <ele>62.76453659962863</ele>
        <time>2026-09-15T22:53:02.200000Z</time>
        <extensions>
          <gpxtpx:TrackPointExtension>
            <gpxtpx:hr>183</gpxtpx:hr>
          </gpxtpx:TrackPointExtension>
        </extensions>
      </trkpt>
      <trkpt lat="28.23584865414679" lon="112.91462270869943">
        <ele>62.44498362764716</ele>
        <time>2026-09-15T22:53:03.200000Z</time>
        <extensions>
          <gpxtpx:TrackPointExtension>
            <gpxtpx:hr>183</gpxtpx:hr>
          </gpxtpx:TrackPointExtension>
        </extensions>
      </trkpt>
      <trkpt lat="28.23581356918975" lon="112.91461265492329">
        <ele>62.13865632843226</ele>
        <time>2026-09-15T22:53:04.200000Z</time>
        <extensions>
          <gpxtpx:TrackPointExtension>
            <gpxtpx:hr>179</gpxtpx:hr>
          </gpxtpx:TrackPointExtension>
        </extensions>
      </trkpt>
      <trkpt lat="28.235779012960194" lon="112.914602955968">
        <ele>61.8458715248853</ele>
        <time>2026-09-15T22:53:05.200000Z</time>
        <extensions>
          <gpxtpx:TrackPointExtension>
            <gpxtpx:hr>179</gpxtpx:hr>
          </gpxtpx:TrackPointExtension>
        </extensions>
      </trkpt>
      <trkpt lat="28.235744943551982" lon="112.91459381105527">
        <ele>61.566613379865885</ele>
        <time>2026-09-15T22:53:06.200000Z</time>
        <extensions>
          <gpxtpx:TrackPointExtension>
            <gpxtpx:hr>179</gpxtpx:hr>
          </gpxtpx:TrackPointExtension>
        </extensions>
      </trkpt>
      <trkpt lat="28.23571103684982" lon="112.91458538148082">
        <ele>61.30089528579265</ele>
        <time>2026-09-15T22:53:07.200000Z</time>
        <extensions>
          <gpxtpx:TrackPointExtension>
            <gpxtpx:hr>179</gpxtpx:hr>
          </gpxtpx:TrackPointExtension>
        </extensions>
      </trkpt>
      <trkpt lat="28.23567719627039" lon="112.91457784815756">
        <ele>61.04855136573315</ele>
        <time>2026-09-15T22:53:08.200000Z</time>
        <extensions>
          <gpxtpx:TrackPointExtension>
            <gpxtpx:hr>178</gpxtpx:hr>
          </gpxtpx:TrackPointExtension>
        </extensions>
      </trkpt>
      <trkpt lat="28.23564371666482" lon="112.91457135101192">
        <ele>60.80915987212211</ele>
        <time>2026-09-15T22:53:09.200000Z</time>
        <extensions>
          <gpxtpx:TrackPointExtension>
            <gpxtpx:hr>178</gpxtpx:hr>
          </gpxtpx:TrackPointExtension>
        </extensions>
      </trkpt>
      <trkpt lat="28.23561063134474" lon="112.91456582941241">
        <ele>60.582186199724674</ele>
        <time>2026-09-15T22:53:10.200000Z</time>
        <extensions>
          <gpxtpx:TrackPointExtension>
            <gpxtpx:hr>178</gpxtpx:hr>
          </gpxtpx:TrackPointExtension>
        </extensions>
      </trkpt>
      <trkpt lat="28.235577737086594" lon="112.91456090780427">
        <ele>60.367229140363634</ele>
        <time>2026-09-15T22:53:11.200000Z</time>
        <extensions>
          <gpxtpx:TrackPointExtension>
            <gpxtpx:hr>178</gpxtpx:hr>
          </gpxtpx:TrackPointExtension>
        </extensions>
      </trkpt>
      <trkpt lat="28.235544859543122" lon="112.91455620682602">
        <ele>60.16430220659822</ele>
        <time>2026-09-15T22:53:12.200000Z</time>
        <extensions>
          <gpxtpx:TrackPointExtension>
            <gpxtpx:hr>178</gpxtpx:hr>
          </gpxtpx:TrackPointExtension>
        </extensions>
      </trkpt>
      <trkpt lat="28.235511957558423" lon="112.9145514200536">
        <ele>59.973691885359585</ele>
        <time>2026-09-15T22:53:13.200000Z</time>
        <extensions>
          <gpxtpx:TrackPointExtension>
            <gpxtpx:hr>178</gpxtpx:hr>
          </gpxtpx:TrackPointExtension>
        </extensions>
      </trkpt>
      <trkpt lat="28.235479076816407" lon="112.9145463801928">
        <ele>59.79587700869888</ele>
        <time>2026-09-15T22:53:14.200000Z</time>
        <extensions>
          <gpxtpx:TrackPointExtension>
            <gpxtpx:hr>169</gpxtpx:hr>
          </gpxtpx:TrackPointExtension>
        </extensions>
      </trkpt>
      <trkpt lat="28.235446363242577" lon="112.91454091346114">
        <ele>59.63139705825597</ele>
        <time>2026-09-15T22:53:15.200000Z</time>
        <extensions>
          <gpxtpx:TrackPointExtension>
            <gpxtpx:hr>169</gpxtpx:hr>
          </gpxtpx:TrackPointExtension>
        </extensions>
      </trkpt>
      <trkpt lat="28.235414048418903" lon="112.91453504425667">
        <ele>59.4808263508603</ele>
        <time>2026-09-15T22:53:16.200000Z</time>
        <extensions>
          <gpxtpx:TrackPointExtension>
            <gpxtpx:hr>169</gpxtpx:hr>
          </gpxtpx:TrackPointExtension>
        </extensions>
      </trkpt>
      <trkpt lat="28.23538206127463" lon="112.9145288813416">
        <ele>59.34456690121442</ele>
        <time>2026-09-15T22:53:17.200000Z</time>
        <extensions>
          <gpxtpx:TrackPointExtension>
            <gpxtpx:hr>169</gpxtpx:hr>
          </gpxtpx:TrackPointExtension>
        </extensions>
      </trkpt>
      <trkpt lat="28.235350222939505" lon="112.91452240947626">
        <ele>59.22268530912697</ele>
        <time>2026-09-15T22:53:18.200000Z</time>
        <extensions>
          <gpxtpx:TrackPointExtension>
            <gpxtpx:hr>169</gpxtpx:hr>
          </gpxtpx:TrackPointExtension>
        </extensions>
      </trkpt>
      <trkpt lat="28.235318392638675" lon="112.91451563669222">
        <ele>59.114982379600406</ele>
        <time>2026-09-15T22:53:19.200000Z</time>
        <extensions>
          <gpxtpx:TrackPointExtension>
            <gpxtpx:hr>169</gpxtpx:hr>
          </gpxtpx:TrackPointExtension>
        </extensions>
      </trkpt>
      <trkpt lat="28.235286602987532" lon="112.91450822385934">
        <ele>59.0212884163484</ele>
        <time>2026-09-15T22:53:20.200000Z</time>
        <extensions>
          <gpxtpx:TrackPointExtension>
            <gpxtpx:hr>167</gpxtpx:hr>
          </gpxtpx:TrackPointExtension>
        </extensions>
      </trkpt>
      <trkpt lat="28.235255020729316" lon="112.91449956832972">
        <ele>58.9411225290969</ele>
        <time>2026-09-15T22:53:21.200000Z</time>
        <extensions>
          <gpxtpx:TrackPointExtension>
            <gpxtpx:hr>167</gpxtpx:hr>
          </gpxtpx:TrackPointExtension>
        </extensions>
      </trkpt>
      <trkpt lat="28.235223807835343" lon="112.9144897151842">
        <ele>58.87407876364887</ele>
        <time>2026-09-15T22:53:22.200000Z</time>
        <extensions>
          <gpxtpx:TrackPointExtension>
            <gpxtpx:hr>167</gpxtpx:hr>
          </gpxtpx:TrackPointExtension>
        </extensions>
      </trkpt>
      <trkpt lat="28.235193017071687" lon="112.9144792606385">
        <ele>58.819053585641086</ele>
        <time>2026-09-15T22:53:23.200000Z</time>
        <extensions>
          <gpxtpx:TrackPointExtension>
            <gpxtpx:hr>167</gpxtpx:hr>
          </gpxtpx:TrackPointExtension>
        </extensions>
      </trkpt>
      <trkpt lat="28.23516273617408" lon="112.91446830997147">
        <ele>58.774525857530534</ele>
        <time>2026-09-15T22:53:24.200000Z</time>
        <extensions>
          <gpxtpx:TrackPointExtension>
            <gpxtpx:hr>167</gpxtpx:hr>
          </gpxtpx:TrackPointExtension>
        </extensions>
      </trkpt>
      <trkpt lat="28.23513323562638" lon="112.91445652773268">
        <ele>58.739121369086206</ele>
        <time>2026-09-15T22:53:25.200000Z</time>
        <extensions>
          <gpxtpx:TrackPointExtension>
            <gpxtpx:hr>165</gpxtpx:hr>
          </gpxtpx:TrackPointExtension>
        </extensions>
      </trkpt>
      <trkpt lat="28.23510461856801" lon="112.91444372665104">
        <ele>58.71092863660306</ele>
        <time>2026-09-15T22:53:26.200000Z</time>
        <extensions>
          <gpxtpx:TrackPointExtension>
            <gpxtpx:hr>165</gpxtpx:hr>
          </gpxtpx:TrackPointExtension>
        </extensions>
      </trkpt>
      <trkpt lat="28.23507650836776" lon="112.91443055406323">
        <ele>58.687505800276995</ele>
        <time>2026-09-15T22:53:27.200000Z</time>
        <extensions>
          <gpxtpx:TrackPointExtension>
            <gpxtpx:hr>165</gpxtpx:hr>
          </gpxtpx:TrackPointExtension>
        </extensions>
      </trkpt>
      <trkpt lat="28.23504814169843" lon="112.91441787158934">
        <ele>58.66684751585126</ele>
        <time>2026-09-15T22:53:28.200000Z</time>
        <extensions>
          <gpxtpx:TrackPointExtension>
            <gpxtpx:hr>165</gpxtpx:hr>
          </gpxtpx:TrackPointExtension>
        </extensions>
      </trkpt>
      <trkpt lat="28.235019146748698" lon="112.91440598392319">
        <ele>58.64668744429946</ele>
        <time>2026-09-15T22:53:29.200000Z</time>
        <extensions>
          <gpxtpx:TrackPointExtension>
            <gpxtpx:hr>164</gpxtpx:hr>
          </gpxtpx:TrackPointExtension>
        </extensions>
      </trkpt>
      <trkpt lat="28.234989692107156" lon="112.91439491914545">
        <ele>58.62559735495597</ele>
        <time>2026-09-15T22:53:30.200000Z</time>
        <extensions>
          <gpxtpx:TrackPointExtension>
            <gpxtpx:hr>164</gpxtpx:hr>
          </gpxtpx:TrackPointExtension>
        </extensions>
      </trkpt>
      <trkpt lat="28.234960078149573" lon="112.9143847744414">
        <ele>58.60336412116885</ele>
        <time>2026-09-15T22:53:31.200000Z</time>
        <extensions>
          <gpxtpx:TrackPointExtension>
            <gpxtpx:hr>164</gpxtpx:hr>
          </gpxtpx:TrackPointExtension>
        </extensions>
      </trkpt>
      <trkpt lat="28.23493030907338" lon="112.9143757365428">
        <ele>58.58010603394359</ele>
        <time>2026-09-15T22:53:32.200000Z</time>
        <extensions>
          <gpxtpx:TrackPointExtension>
            <gpxtpx:hr>164</gpxtpx:hr>
          </gpxtpx:TrackPointExtension>
        </extensions>
      </trkpt>
      <trkpt lat="28.234900191489047" lon="112.91436772969706">
        <ele>58.55593858938664</ele>
        <time>2026-09-15T22:53:33.200000Z</time>
        <extensions>
          <gpxtpx:TrackPointExtension>
            <gpxtpx:hr>161</gpxtpx:hr>
          </gpxtpx:TrackPointExtension>
        </extensions>
      </trkpt>
      <trkpt lat="28.234869559118966" lon="112.91436069205794">
        <ele>58.53102963697165</ele>
        <time>2026-09-15T22:53:34.100000Z</time>
        <extensions>
          <gpxtpx:TrackPointExtension>
            <gpxtpx:hr>161</gpxtpx:hr>
          </gpxtpx:TrackPointExtension>
        </extensions>
      </trkpt>
      <trkpt lat="28.234838267838526" lon="112.91435433789263">
        <ele>58.50546499527991</ele>
        <time>2026-09-15T22:53:35.100000Z</time>
        <extensions>
          <gpxtpx:TrackPointExtension>
            <gpxtpx:hr>161</gpxtpx:hr>
          </gpxtpx:TrackPointExtension>
        </extensions>
      </trkpt>
      <trkpt lat="28.234806286286815" lon="112.9143485410684">
        <ele>58.47942822612822</ele>
        <time>2026-09-15T22:53:36.100000Z</time>
        <extensions>
          <gpxtpx:TrackPointExtension>
            <gpxtpx:hr>161</gpxtpx:hr>
          </gpxtpx:TrackPointExtension>
        </extensions>
      </trkpt>
      <trkpt lat="28.234773824244744" lon="112.91434359715745">
        <ele>58.45375530514866</ele>
        <time>2026-09-15T22:53:37.100000Z</time>
        <extensions>
          <gpxtpx:TrackPointExtension>
            <gpxtpx:hr>161</gpxtpx:hr>
          </gpxtpx:TrackPointExtension>
        </extensions>
      </trkpt>
      <trkpt lat="28.234741247364063" lon="112.91433962820193">
        <ele>58.429699934087694</ele>
        <time>2026-09-15T22:53:38.100000Z</time>
        <extensions>
          <gpxtpx:TrackPointExtension>
            <gpxtpx:hr>161</gpxtpx:hr>
          </gpxtpx:TrackPointExtension>
        </extensions>
      </trkpt>
      <trkpt lat="28.23470883593653" lon="112.91433632608464">
        <ele>58.409028549678624</ele>
        <time>2026-09-15T22:53:39.100000Z</time>
        <extensions>
          <gpxtpx:TrackPointExtension>
            <gpxtpx:hr>158</gpxtpx:hr>
          </gpxtpx:TrackPointExtension>
        </extensions>
      </trkpt>
      <trkpt lat="28.23467696391385" lon="112.9143331272746">
        <ele>58.39395130891353</ele>
        <time>2026-09-15T22:53:40.100000Z</time>
        <extensions>
          <gpxtpx:TrackPointExtension>
            <gpxtpx:hr>158</gpxtpx:hr>
          </gpxtpx:TrackPointExtension>
        </extensions>
      </trkpt>
      <trkpt lat="28.234646024097778" lon="112.91432945330877">
        <ele>58.3874054569751</ele>
        <time>2026-09-15T22:53:41.100000Z</time>
        <extensions>
          <gpxtpx:TrackPointExtension>
            <gpxtpx:hr>158</gpxtpx:hr>
          </gpxtpx:TrackPointExtension>
        </extensions>
      </trkpt>
      <trkpt lat="28.234615894478633" lon="112.9143250713858">
        <ele>58.392606692388654</ele>
        <time>2026-09-15T22:53:42.100000Z</time>
        <extensions>
          <gpxtpx:TrackPointExtension>
            <gpxtpx:hr>158</gpxtpx:hr>
          </gpxtpx:TrackPointExtension>
        </extensions>
      </trkpt>
      <trkpt lat="28.23458591103003" lon="112.91432001753455">
        <ele>58.411882266402245</ele>
        <time>2026-09-15T22:53:43.100000Z</time>
        <extensions>
          <gpxtpx:TrackPointExtension>
            <gpxtpx:hr>158</gpxtpx:hr>
          </gpxtpx:TrackPointExtension>
        </extensions>
      </trkpt>
      <trkpt lat="28.234555774562757" lon="112.9143139071221">
        <ele>58.447316573001444</ele>
        <time>2026-09-15T22:53:44.100000Z</time>
        <extensions>
          <gpxtpx:TrackPointExtension>
            <gpxtpx:hr>157</gpxtpx:hr>
          </gpxtpx:TrackPointExtension>
        </extensions>
      </trkpt>
      <trkpt lat="28.23452577668166" lon="112.91430652395742">
        <ele>58.50168251153082</ele>
        <time>2026-09-15T22:53:45.100000Z</time>
        <extensions>
          <gpxtpx:TrackPointExtension>
            <gpxtpx:hr>157</gpxtpx:hr>
          </gpxtpx:TrackPointExtension>
        </extensions>
      </trkpt>
      <trkpt lat="28.234496346145697" lon="112.91429796227948">
        <ele>58.576729212887585</ele>
        <time>2026-09-15T22:53:46.100000Z</time>
        <extensions>
          <gpxtpx:TrackPointExtension>
            <gpxtpx:hr>157</gpxtpx:hr>
          </gpxtpx:TrackPointExtension>
        </extensions>
      </trkpt>
      <trkpt lat="28.234467633737523" lon="112.91428828671815">
        <ele>58.67336622811854</ele>
        <time>2026-09-15T22:53:47.100000Z</time>
        <extensions>
          <gpxtpx:TrackPointExtension>
            <gpxtpx:hr>157</gpxtpx:hr>
          </gpxtpx:TrackPointExtension>
        </extensions>
      </trkpt>
      <trkpt lat="28.234439892261054" lon="112.91427767069501">
        <ele>58.79086942411959</ele>
        <time>2026-09-15T22:53:48.100000Z</time>
        <extensions>
          <gpxtpx:TrackPointExtension>
            <gpxtpx:hr>157</gpxtpx:hr>
          </gpxtpx:TrackPointExtension>
        </extensions>
      </trkpt>
      <trkpt lat="28.234413595607094" lon="112.9142666449595">
        <ele>58.92847976833582</ele>
        <time>2026-09-15T22:53:49.100000Z</time>
        <extensions>
          <gpxtpx:TrackPointExtension>
            <gpxtpx:hr>157</gpxtpx:hr>
          </gpxtpx:TrackPointExtension>
        </extensions>
      </trkpt>
      <trkpt lat="28.234389308549655" lon="112.91425637385343">
        <ele>59.08469286747277</ele>
        <time>2026-09-15T22:53:50.100000Z</time>
        <extensions>
          <gpxtpx:TrackPointExtension>
            <gpxtpx:hr>157</gpxtpx:hr>
          </gpxtpx:TrackPointExtension>
        </extensions>
      </trkpt>
      <trkpt lat="28.234367910463636" lon="112.91424814809689">
        <ele>59.25816501211375</ele>
        <time>2026-09-15T22:53:51.100000Z</time>
        <extensions>
          <gpxtpx:TrackPointExtension>
            <gpxtpx:hr>157</gpxtpx:hr>
          </gpxtpx:TrackPointExtension>
        </extensions>
      </trkpt>
      <trkpt lat="28.234350659828625" lon="112.91424305560525">
        <ele>59.445466715842485</ele>
        <time>2026-09-15T22:53:52.100000Z</time>
        <extensions>
          <gpxtpx:TrackPointExtension>
            <gpxtpx:hr>157</gpxtpx:hr>
          </gpxtpx:TrackPointExtension>
        </extensions>
      </trkpt>
      <trkpt lat="28.23433935466441" lon="112.91424176720139">
        <ele>59.643748880364</ele>
        <time>2026-09-15T22:53:53.100000Z</time>
        <extensions>
          <gpxtpx:TrackPointExtension>
            <gpxtpx:hr>157</gpxtpx:hr>
          </gpxtpx:TrackPointExtension>
        </extensions>
      </trkpt>
      <trkpt lat="28.234331702652682" lon="112.91424290701386">
        <ele>59.84895059093833</ele>
        <time>2026-09-15T22:53:54.100000Z</time>
        <extensions>
          <gpxtpx:TrackPointExtension>
            <gpxtpx:hr>150</gpxtpx:hr>
          </gpxtpx:TrackPointExtension>
        </extensions>
      </trkpt>
      <trkpt lat="28.234323428836937" lon="112.91424274084626">
        <ele>60.05796782113612</ele>
        <time>2026-09-15T22:53:55.100000Z</time>
        <extensions>
          <gpxtpx:TrackPointExtension>
            <gpxtpx:hr>150</gpxtpx:hr>
          </gpxtpx:TrackPointExtension>
        </extensions>
      </trkpt>
      <trkpt lat="28.23431484763522" lon="112.91423817276743">
        <ele>60.267862947657704</ele>
        <time>2026-09-15T22:53:56.100000Z</time>
        <extensions>
          <gpxtpx:TrackPointExtension>
            <gpxtpx:hr>150</gpxtpx:hr>
          </gpxtpx:TrackPointExtension>
        </extensions>
      </trkpt>
      <trkpt lat="28.23430649377566" lon="112.91423045227705">
        <ele>60.475949636660516</ele>
        <time>2026-09-15T22:53:57.100000Z</time>
        <extensions>
          <gpxtpx:TrackPointExtension>
            <gpxtpx:hr>150</gpxtpx:hr>
          </gpxtpx:TrackPointExtension>
        </extensions>
      </trkpt>
      <trkpt lat="28.23429703997352" lon="112.91422323084909">
        <ele>60.68072037026286</ele>
        <time>2026-09-15T22:53:58.100000Z</time>
        <extensions>
          <gpxtpx:TrackPointExtension>
            <gpxtpx:hr>150</gpxtpx:hr>
          </gpxtpx:TrackPointExtension>
        </extensions>
      </trkpt>
      <trkpt lat="28.234286674791353" lon="112.91421629955065">
        <ele>60.880016922950745</ele>
        <time>2026-09-15T22:53:59.100000Z</time>
        <extensions>
          <gpxtpx:TrackPointExtension>
            <gpxtpx:hr>150</gpxtpx:hr>
          </gpxtpx:TrackPointExtension>
        </extensions>
      </trkpt>
      <trkpt lat="28.234277320755663" lon="112.9142074796467">
        <ele>61.07210803683847</ele>
        <time>2026-09-15T22:54:00.100000Z</time>
        <extensions>
          <gpxtpx:TrackPointExtension>
            <gpxtpx:hr>149</gpxtpx:hr>
          </gpxtpx:TrackPointExtension>
        </extensions>
      </trkpt>
      <trkpt lat="28.234271506383564" lon="112.91419583335863">
        <ele>61.25594934076071</ele>
        <time>2026-09-15T22:54:01.100000Z</time>
        <extensions>
          <gpxtpx:TrackPointExtension>
            <gpxtpx:hr>149</gpxtpx:hr>
          </gpxtpx:TrackPointExtension>
        </extensions>
      </trkpt>
      <trkpt lat="28.23426885936784" lon="112.91418182217468">
        <ele>61.43120917584747</ele>
        <time>2026-09-15T22:54:02.100000Z</time>
        <extensions>
          <gpxtpx:TrackPointExtension>
            <gpxtpx:hr>149</gpxtpx:hr>
          </gpxtpx:TrackPointExtension>
        </extensions>
      </trkpt>
      <trkpt lat="28.23426630223232" lon="112.91416679454775">
        <ele>61.59696398675442</ele>
        <time>2026-09-15T22:54:03.100000Z</time>
        <extensions>
          <gpxtpx:TrackPointExtension>
            <gpxtpx:hr>149</gpxtpx:hr>
          </gpxtpx:TrackPointExtension>
        </extensions>
      </trkpt>
      <trkpt lat="28.23426097384062" lon="112.91415140676838">
        <ele>61.75260510016233</ele>
        <time>2026-09-15T22:54:04.100000Z</time>
        <extensions>
          <gpxtpx:TrackPointExtension>
            <gpxtpx:hr>149</gpxtpx:hr>
          </gpxtpx:TrackPointExtension>
        </extensions>
      </trkpt>
      <trkpt lat="28.234252129606496" lon="112.91413594463896">
        <ele>61.8979528369382</ele>
        <time>2026-09-15T22:54:05.100000Z</time>
        <extensions>
          <gpxtpx:TrackPointExtension>
            <gpxtpx:hr>147</gpxtpx:hr>
          </gpxtpx:TrackPointExtension>
        </extensions>
      </trkpt>
      <trkpt lat="28.234241858723536" lon="112.9141201593445">
        <ele>62.03264841809869</ele>
        <time>2026-09-15T22:54:06.100000Z</time>
        <extensions>
          <gpxtpx:TrackPointExtension>
            <gpxtpx:hr>147</gpxtpx:hr>
          </gpxtpx:TrackPointExtension>
        </extensions>
      </trkpt>
      <trkpt lat="28.23423171105246" lon="112.91410379878727">
        <ele>62.15565945580602</ele>
        <time>2026-09-15T22:54:07.100000Z</time>
        <extensions>
          <gpxtpx:TrackPointExtension>
            <gpxtpx:hr>147</gpxtpx:hr>
          </gpxtpx:TrackPointExtension>
        </extensions>
      </trkpt>
      <trkpt lat="28.23422283162989" lon="112.91408668448331">
        <ele>62.26661753188819</ele>
        <time>2026-09-15T22:54:08.100000Z</time>
        <extensions>
          <gpxtpx:TrackPointExtension>
            <gpxtpx:hr>147</gpxtpx:hr>
          </gpxtpx:TrackPointExtension>
        </extensions>
      </trkpt>
      <trkpt lat="28.234216113265912" lon="112.91406917755378">
        <ele>62.365699655376375</ele>
        <time>2026-09-15T22:54:09.100000Z</time>
        <extensions>
          <gpxtpx:TrackPointExtension>
            <gpxtpx:hr>147</gpxtpx:hr>
          </gpxtpx:TrackPointExtension>
        </extensions>
      </trkpt>
      <trkpt lat="28.23421139146121" lon="112.91405229741935">
        <ele>62.45233349874616</ele>
        <time>2026-09-15T22:54:10.100000Z</time>
        <extensions>
          <gpxtpx:TrackPointExtension>
            <gpxtpx:hr>147</gpxtpx:hr>
          </gpxtpx:TrackPointExtension>
        </extensions>
      </trkpt>
      <trkpt lat="28.234208425182885" lon="112.91403671162442">
        <ele>62.52648244891316</ele>
        <time>2026-09-15T22:54:11.100000Z</time>
        <extensions>
          <gpxtpx:TrackPointExtension>
            <gpxtpx:hr>147</gpxtpx:hr>
          </gpxtpx:TrackPointExtension>
        </extensions>
      </trkpt>
      <trkpt lat="28.234207041653196" lon="112.91402234032357">
        <ele>62.589376361109316</ele>
        <time>2026-09-15T22:54:12.100000Z</time>
        <extensions>
          <gpxtpx:TrackPointExtension>
            <gpxtpx:hr>147</gpxtpx:hr>
          </gpxtpx:TrackPointExtension>
        </extensions>
      </trkpt>
      <trkpt lat="28.234205896314567" lon="112.91400838412376">
        <ele>62.64162805955857</ele>
        <time>2026-09-15T22:54:13.100000Z</time>
        <extensions>
          <gpxtpx:TrackPointExtension>
            <gpxtpx:hr>145</gpxtpx:hr>
          </gpxtpx:TrackPointExtension>
        </extensions>
      </trkpt>
      <trkpt lat="28.234202753567224" lon="112.91399442882341">
        <ele>62.68374271970242</ele>
        <time>2026-09-15T22:54:14.100000Z</time>
        <extensions>
          <gpxtpx:TrackPointExtension>
            <gpxtpx:hr>145</gpxtpx:hr>
          </gpxtpx:TrackPointExtension>
        </extensions>
      </trkpt>
      <trkpt lat="28.23419747152513" lon="112.91398049880569">
        <ele>62.715968273580074</ele>
        <time>2026-09-15T22:54:15.100000Z</time>
        <extensions>
          <gpxtpx:TrackPointExtension>
            <gpxtpx:hr>145</gpxtpx:hr>
          </gpxtpx:TrackPointExtension>
        </extensions>
      </trkpt>
      <trkpt lat="28.23419209947496" lon="112.91396573501191">
        <ele>62.73880084883422</ele>
        <time>2026-09-15T22:54:16.100000Z</time>
        <extensions>
          <gpxtpx:TrackPointExtension>
            <gpxtpx:hr>145</gpxtpx:hr>
          </gpxtpx:TrackPointExtension>
        </extensions>
      </trkpt>
      <trkpt lat="28.234187064490655" lon="112.9139499479099">
        <ele>62.75324162840843</ele>
        <time>2026-09-15T22:54:17.100000Z</time>
        <extensions>
          <gpxtpx:TrackPointExtension>
            <gpxtpx:hr>145</gpxtpx:hr>
          </gpxtpx:TrackPointExtension>
        </extensions>
      </trkpt>
      <trkpt lat="28.234181560107118" lon="112.91393395484155">
        <ele>62.75991720613092</ele>
        <time>2026-09-15T22:54:18.100000Z</time>
        <extensions>
          <gpxtpx:TrackPointExtension>
            <gpxtpx:hr>145</gpxtpx:hr>
          </gpxtpx:TrackPointExtension>
        </extensions>
      </trkpt>
      <trkpt lat="28.234175855163695" lon="112.91391824200079">
        <ele>62.75827479735017</ele>
        <time>2026-09-15T22:54:19.100000Z</time>
        <extensions>
          <gpxtpx:TrackPointExtension>
            <gpxtpx:hr>144</gpxtpx:hr>
          </gpxtpx:TrackPointExtension>
        </extensions>
      </trkpt>
      <trkpt lat="28.234170205656635" lon="112.91390314732166">
        <ele>62.74922722671181</ele>
        <time>2026-09-15T22:54:20.100000Z</time>
        <extensions>
          <gpxtpx:TrackPointExtension>
            <gpxtpx:hr>144</gpxtpx:hr>
          </gpxtpx:TrackPointExtension>
        </extensions>
      </trkpt>
      <trkpt lat="28.23416448214146" lon="112.91388879931864">
        <ele>62.73277461435646</ele>
        <time>2026-09-15T22:54:21.100000Z</time>
        <extensions>
          <gpxtpx:TrackPointExtension>
            <gpxtpx:hr>144</gpxtpx:hr>
          </gpxtpx:TrackPointExtension>
        </extensions>
      </trkpt>
      <trkpt lat="28.234158793195682" lon="112.9138750828359">
        <ele>62.7090119831264</ele>
        <time>2026-09-15T22:54:22.100000Z</time>
        <extensions>
          <gpxtpx:TrackPointExtension>
            <gpxtpx:hr>144</gpxtpx:hr>
          </gpxtpx:TrackPointExtension>
        </extensions>
      </trkpt>
      <trkpt lat="28.234153383631206" lon="112.91386211600705">
        <ele>62.67755087837577</ele>
        <time>2026-09-15T22:54:23.100000Z</time>
        <extensions>
          <gpxtpx:TrackPointExtension>
            <gpxtpx:hr>144</gpxtpx:hr>
          </gpxtpx:TrackPointExtension>
        </extensions>
      </trkpt>
      <trkpt lat="28.234148501730864" lon="112.9138505221139">
        <ele>62.63846107199788</ele>
        <time>2026-09-15T22:54:24.100000Z</time>
        <extensions>
          <gpxtpx:TrackPointExtension>
            <gpxtpx:hr>144</gpxtpx:hr>
          </gpxtpx:TrackPointExtension>
        </extensions>
      </trkpt>
      <trkpt lat="28.234144212897313" lon="112.9138384707459">
        <ele>62.592243775725365</ele>
        <time>2026-09-15T22:54:25.100000Z</time>
        <extensions>
          <gpxtpx:TrackPointExtension>
            <gpxtpx:hr>144</gpxtpx:hr>
          </gpxtpx:TrackPointExtension>
        </extensions>
      </trkpt>
      <trkpt lat="28.2341406533139" lon="112.91382428340181">
        <ele>62.538913561962545</ele>
        <time>2026-09-15T22:54:26Z</time>
        <extensions>
          <gpxtpx:TrackPointExtension>
            <gpxtpx:hr>144</gpxtpx:hr>
          </gpxtpx:TrackPointExtension>
        </extensions>
      </trkpt>
      <trkpt lat="28.23413795683276" lon="112.9138089372113">
        <ele>62.479040848091245</ele>
        <time>2026-09-15T22:54:27Z</time>
        <extensions>
          <gpxtpx:TrackPointExtension>
            <gpxtpx:hr>144</gpxtpx:hr>
          </gpxtpx:TrackPointExtension>
        </extensions>
      </trkpt>
      <trkpt lat="28.234135908353757" lon="112.91379286340705">
        <ele>62.41285644099116</ele>
        <time>2026-09-15T22:54:28Z</time>
        <extensions>
          <gpxtpx:TrackPointExtension>
            <gpxtpx:hr>144</gpxtpx:hr>
          </gpxtpx:TrackPointExtension>
        </extensions>
      </trkpt>
      <trkpt lat="28.234134238097333" lon="112.91377571499025">
        <ele>62.340634040534496</ele>
        <time>2026-09-15T22:54:29Z</time>
        <extensions>
          <gpxtpx:TrackPointExtension>
            <gpxtpx:hr>143</gpxtpx:hr>
          </gpxtpx:TrackPointExtension>
        </extensions>
      </trkpt>
      <trkpt lat="28.234132767042283" lon="112.91375735407387">
        <ele>62.26301228906959</ele>
        <time>2026-09-15T22:54:30Z</time>
        <extensions>
          <gpxtpx:TrackPointExtension>
            <gpxtpx:hr>143</gpxtpx:hr>
          </gpxtpx:TrackPointExtension>
        </extensions>
      </trkpt>
      <trkpt lat="28.234131719510703" lon="112.91373818330993">
        <ele>62.18090500775725</ele>
        <time>2026-09-15T22:54:31Z</time>
        <extensions>
          <gpxtpx:TrackPointExtension>
            <gpxtpx:hr>143</gpxtpx:hr>
          </gpxtpx:TrackPointExtension>
        </extensions>
      </trkpt>
      <trkpt lat="28.234131115437275" lon="112.9137185028404">
        <ele>62.0952753899619</ele>
        <time>2026-09-15T22:54:32Z</time>
        <extensions>
          <gpxtpx:TrackPointExtension>
            <gpxtpx:hr>143</gpxtpx:hr>
          </gpxtpx:TrackPointExtension>
        </extensions>
      </trkpt>
      <trkpt lat="28.234130656766524" lon="112.91369864113084">
        <ele>62.007171721197665</ele>
        <time>2026-09-15T22:54:33Z</time>
        <extensions>
          <gpxtpx:TrackPointExtension>
            <gpxtpx:hr>143</gpxtpx:hr>
          </gpxtpx:TrackPointExtension>
        </extensions>
      </trkpt>
      <trkpt lat="28.234130242273704" lon="112.91367904278216">
        <ele>61.917627048678696</ele>
        <time>2026-09-15T22:54:34Z</time>
        <extensions>
          <gpxtpx:TrackPointExtension>
            <gpxtpx:hr>143</gpxtpx:hr>
          </gpxtpx:TrackPointExtension>
        </extensions>
      </trkpt>
      <trkpt lat="28.234129947211063" lon="112.91365979665724">
        <ele>61.82754687126726</ele>
        <time>2026-09-15T22:54:35Z</time>
        <extensions>
          <gpxtpx:TrackPointExtension>
            <gpxtpx:hr>143</gpxtpx:hr>
          </gpxtpx:TrackPointExtension>
        </extensions>
      </trkpt>
      <trkpt lat="28.234129722001768" lon="112.9136407912791">
        <ele>61.73773961979896</ele>
        <time>2026-09-15T22:54:36Z</time>
        <extensions>
          <gpxtpx:TrackPointExtension>
            <gpxtpx:hr>143</gpxtpx:hr>
          </gpxtpx:TrackPointExtension>
        </extensions>
      </trkpt>
      <trkpt lat="28.234129362706046" lon="112.91362207747743">
        <ele>61.649099852889776</ele>
        <time>2026-09-15T22:54:37Z</time>
        <extensions>
          <gpxtpx:TrackPointExtension>
            <gpxtpx:hr>143</gpxtpx:hr>
          </gpxtpx:TrackPointExtension>
        </extensions>
      </trkpt>
      <trkpt lat="28.23412884515561" lon="112.9136036719212">
        <ele>61.56252106744796</ele>
        <time>2026-09-15T22:54:38Z</time>
        <extensions>
          <gpxtpx:TrackPointExtension>
            <gpxtpx:hr>143</gpxtpx:hr>
          </gpxtpx:TrackPointExtension>
        </extensions>
      </trkpt>
      <trkpt lat="28.234128251449306" lon="112.91358544747087">
        <ele>61.4791775373742</ele>
        <time>2026-09-15T22:54:39Z</time>
        <extensions>
          <gpxtpx:TrackPointExtension>
            <gpxtpx:hr>144</gpxtpx:hr>
          </gpxtpx:TrackPointExtension>
        </extensions>
      </trkpt>
      <trkpt lat="28.23412773516809" lon="112.91356735111725">
        <ele>61.40023079048842</ele>
        <time>2026-09-15T22:54:40Z</time>
        <extensions>
          <gpxtpx:TrackPointExtension>
            <gpxtpx:hr>144</gpxtpx:hr>
          </gpxtpx:TrackPointExtension>
        </extensions>
      </trkpt>
      <trkpt lat="28.234127506960167" lon="112.91354960056175">
        <ele>61.32680610846728</ele>
        <time>2026-09-15T22:54:41Z</time>
        <extensions>
          <gpxtpx:TrackPointExtension>
            <gpxtpx:hr>144</gpxtpx:hr>
          </gpxtpx:TrackPointExtension>
        </extensions>
      </trkpt>
      <trkpt lat="28.234127715010555" lon="112.91353237353864">
        <ele>61.26031473558396</ele>
        <time>2026-09-15T22:54:42Z</time>
        <extensions>
          <gpxtpx:TrackPointExtension>
            <gpxtpx:hr>144</gpxtpx:hr>
          </gpxtpx:TrackPointExtension>
        </extensions>
      </trkpt>
      <trkpt lat="28.23412832663304" lon="112.91351580953105">
        <ele>61.201888209208846</ele>
        <time>2026-09-15T22:54:43Z</time>
        <extensions>
          <gpxtpx:TrackPointExtension>
            <gpxtpx:hr>144</gpxtpx:hr>
          </gpxtpx:TrackPointExtension>
        </extensions>
      </trkpt>
      <trkpt lat="28.234129102617665" lon="112.91349995801785">
        <ele>61.152982452884316</ele>
        <time>2026-09-15T22:54:44Z</time>
        <extensions>
          <gpxtpx:TrackPointExtension>
            <gpxtpx:hr>144</gpxtpx:hr>
          </gpxtpx:TrackPointExtension>
        </extensions>
      </trkpt>
      <trkpt lat="28.23412975191787" lon="112.91348450587927">
        <ele>61.11483278218657</ele>
        <time>2026-09-15T22:54:45Z</time>
        <extensions>
          <gpxtpx:TrackPointExtension>
            <gpxtpx:hr>144</gpxtpx:hr>
          </gpxtpx:TrackPointExtension>
        </extensions>
      </trkpt>
      <trkpt lat="28.23413010484604" lon="112.91346912842614">
        <ele>61.08836945798248</ele>
        <time>2026-09-15T22:54:46Z</time>
        <extensions>
          <gpxtpx:TrackPointExtension>
            <gpxtpx:hr>144</gpxtpx:hr>
          </gpxtpx:TrackPointExtension>
        </extensions>
      </trkpt>
      <trkpt lat="28.234130088086367" lon="112.91345375744731">
        <ele>61.074255626648664</ele>
        <time>2026-09-15T22:54:47Z</time>
        <extensions>
          <gpxtpx:TrackPointExtension>
            <gpxtpx:hr>144</gpxtpx:hr>
          </gpxtpx:TrackPointExtension>
        </extensions>
      </trkpt>
      <trkpt lat="28.23412970633089" lon="112.91343796837451">
        <ele>61.072660001926124</ele>
        <time>2026-09-15T22:54:48Z</time>
        <extensions>
          <gpxtpx:TrackPointExtension>
            <gpxtpx:hr>144</gpxtpx:hr>
          </gpxtpx:TrackPointExtension>
        </extensions>
      </trkpt>
      <trkpt lat="28.23412905481712" lon="112.91342140566427">
        <ele>61.08364793844521</ele>
        <time>2026-09-15T22:54:49Z</time>
        <extensions>
          <gpxtpx:TrackPointExtension>
            <gpxtpx:hr>143</gpxtpx:hr>
          </gpxtpx:TrackPointExtension>
        </extensions>
      </trkpt>
      <trkpt lat="28.23412828466639" lon="112.91340423276289">
        <ele>61.106896008364856</ele>
        <time>2026-09-15T22:54:50Z</time>
        <extensions>
          <gpxtpx:TrackPointExtension>
            <gpxtpx:hr>143</gpxtpx:hr>
          </gpxtpx:TrackPointExtension>
        </extensions>
      </trkpt>
      <trkpt lat="28.234127606316594" lon="112.91338677934102">
        <ele>61.142154200933874</ele>
        <time>2026-09-15T22:54:51Z</time>
        <extensions>
          <gpxtpx:TrackPointExtension>
            <gpxtpx:hr>143</gpxtpx:hr>
          </gpxtpx:TrackPointExtension>
        </extensions>
      </trkpt>
      <trkpt lat="28.234127170327586" lon="112.91336953772091">
        <ele>61.18900274951011</ele>
        <time>2026-09-15T22:54:52Z</time>
        <extensions>
          <gpxtpx:TrackPointExtension>
            <gpxtpx:hr>143</gpxtpx:hr>
          </gpxtpx:TrackPointExtension>
        </extensions>
      </trkpt>
      <trkpt lat="28.234126982433306" lon="112.91335300408694">
        <ele>61.24675337318331</ele>
        <time>2026-09-15T22:54:53Z</time>
        <extensions>
          <gpxtpx:TrackPointExtension>
            <gpxtpx:hr>143</gpxtpx:hr>
          </gpxtpx:TrackPointExtension>
        </extensions>
      </trkpt>
      <trkpt lat="28.234127047827673" lon="112.91333758493067">
        <ele>61.31459597777575</ele>
        <time>2026-09-15T22:54:54Z</time>
        <extensions>
          <gpxtpx:TrackPointExtension>
            <gpxtpx:hr>142</gpxtpx:hr>
          </gpxtpx:TrackPointExtension>
        </extensions>
      </trkpt>
      <trkpt lat="28.234127290306805" lon="112.91332260210909">
        <ele>61.39148174505681</ele>
        <time>2026-09-15T22:54:55Z</time>
        <extensions>
          <gpxtpx:TrackPointExtension>
            <gpxtpx:hr>142</gpxtpx:hr>
          </gpxtpx:TrackPointExtension>
        </extensions>
      </trkpt>
      <trkpt lat="28.234127618872527" lon="112.91330752367755">
        <ele>61.475944506935775</ele>
        <time>2026-09-15T22:54:56Z</time>
        <extensions>
          <gpxtpx:TrackPointExtension>
            <gpxtpx:hr>142</gpxtpx:hr>
          </gpxtpx:TrackPointExtension>
        </extensions>
      </trkpt>
      <trkpt lat="28.234128019858275" lon="112.9132927008444">
        <ele>61.566578227095306</ele>
        <time>2026-09-15T22:54:57Z</time>
        <extensions>
          <gpxtpx:TrackPointExtension>
            <gpxtpx:hr>140</gpxtpx:hr>
          </gpxtpx:TrackPointExtension>
        </extensions>
      </trkpt>
      <trkpt lat="28.234128357562053" lon="112.91327816445698">
        <ele>61.66196344234049</ele>
        <time>2026-09-15T22:54:58Z</time>
        <extensions>
          <gpxtpx:TrackPointExtension>
            <gpxtpx:hr>140</gpxtpx:hr>
          </gpxtpx:TrackPointExtension>
        </extensions>
      </trkpt>
      <trkpt lat="28.234128548700223" lon="112.91326368615836">
        <ele>61.76100356131792</ele>
        <time>2026-09-15T22:54:59Z</time>
        <extensions>
          <gpxtpx:TrackPointExtension>
            <gpxtpx:hr>140</gpxtpx:hr>
          </gpxtpx:TrackPointExtension>
        </extensions>
      </trkpt>
      <trkpt lat="28.234128701421536" lon="112.91324859258003">
        <ele>61.86272017098963</ele>
        <time>2026-09-15T22:55:00Z</time>
        <extensions>
          <gpxtpx:TrackPointExtension>
            <gpxtpx:hr>140</gpxtpx:hr>
          </gpxtpx:TrackPointExtension>
        </extensions>
      </trkpt>
      <trkpt lat="28.234128918600703" lon="112.91323290023128">
        <ele>61.966702909208834</ele>
        <time>2026-09-15T22:55:01Z</time>
        <extensions>
          <gpxtpx:TrackPointExtension>
            <gpxtpx:hr>140</gpxtpx:hr>
          </gpxtpx:TrackPointExtension>
        </extensions>
      </trkpt>
      <trkpt lat="28.23412926253414" lon="112.91321723010662">
        <ele>62.072519299574196</ele>
        <time>2026-09-15T22:55:02Z</time>
        <extensions>
          <gpxtpx:TrackPointExtension>
            <gpxtpx:hr>140</gpxtpx:hr>
          </gpxtpx:TrackPointExtension>
        </extensions>
      </trkpt>
      <trkpt lat="28.23412981924845" lon="112.91320132450612">
        <ele>62.17953320965171</ele>
        <time>2026-09-15T22:55:03Z</time>
        <extensions>
          <gpxtpx:TrackPointExtension>
            <gpxtpx:hr>140</gpxtpx:hr>
          </gpxtpx:TrackPointExtension>
        </extensions>
      </trkpt>
      <trkpt lat="28.234130746287022" lon="112.9131847024076">
        <ele>62.286865467205644</ele>
        <time>2026-09-15T22:55:04Z</time>
        <extensions>
          <gpxtpx:TrackPointExtension>
            <gpxtpx:hr>137</gpxtpx:hr>
          </gpxtpx:TrackPointExtension>
        </extensions>
      </trkpt>
      <trkpt lat="28.234132017010072" lon="112.91316758667058">
        <ele>62.39384721685201</ele>
        <time>2026-09-15T22:55:05Z</time>
        <extensions>
          <gpxtpx:TrackPointExtension>
            <gpxtpx:hr>137</gpxtpx:hr>
          </gpxtpx:TrackPointExtension>
        </extensions>
      </trkpt>
      <trkpt lat="28.234133257367127" lon="112.91315037534119">
        <ele>62.5003171749413</ele>
        <time>2026-09-15T22:55:06Z</time>
        <extensions>
          <gpxtpx:TrackPointExtension>
            <gpxtpx:hr>137</gpxtpx:hr>
          </gpxtpx:TrackPointExtension>
        </extensions>
      </trkpt>
      <trkpt lat="28.23413409454483" lon="112.9131331351789">
        <ele>62.6063491627574</ele>
        <time>2026-09-15T22:55:07Z</time>
        <extensions>
          <gpxtpx:TrackPointExtension>
            <gpxtpx:hr>137</gpxtpx:hr>
          </gpxtpx:TrackPointExtension>
        </extensions>
      </trkpt>
      <trkpt lat="28.234134573996283" lon="112.91311609841387">
        <ele>62.71185950562358</ele>
        <time>2026-09-15T22:55:08Z</time>
        <extensions>
          <gpxtpx:TrackPointExtension>
            <gpxtpx:hr>137</gpxtpx:hr>
          </gpxtpx:TrackPointExtension>
        </extensions>
      </trkpt>
      <trkpt lat="28.234134936333025" lon="112.91309918229163">
        <ele>62.816556034609675</ele>
        <time>2026-09-15T22:55:09Z</time>
        <extensions>
          <gpxtpx:TrackPointExtension>
            <gpxtpx:hr>137</gpxtpx:hr>
          </gpxtpx:TrackPointExtension>
        </extensions>
      </trkpt>
      <trkpt lat="28.234135199011078" lon="112.91308183933717">
        <ele>62.92036246601492</ele>
        <time>2026-09-15T22:55:10Z</time>
        <extensions>
          <gpxtpx:TrackPointExtension>
            <gpxtpx:hr>137</gpxtpx:hr>
          </gpxtpx:TrackPointExtension>
        </extensions>
      </trkpt>
      <trkpt lat="28.234135318569056" lon="112.91306392792258">
        <ele>63.02284933440387</ele>
        <time>2026-09-15T22:55:11Z</time>
        <extensions>
          <gpxtpx:TrackPointExtension>
            <gpxtpx:hr>137</gpxtpx:hr>
          </gpxtpx:TrackPointExtension>
        </extensions>
      </trkpt>
      <trkpt lat="28.234135362072568" lon="112.91304576589745">
        <ele>63.1237775394693</ele>
        <time>2026-09-15T22:55:12Z</time>
        <extensions>
          <gpxtpx:TrackPointExtension>
            <gpxtpx:hr>137</gpxtpx:hr>
          </gpxtpx:TrackPointExtension>
        </extensions>
      </trkpt>
      <trkpt lat="28.23413540940428" lon="112.9130277599133">
        <ele>63.22292074281722</ele>
        <time>2026-09-15T22:55:13Z</time>
        <extensions>
          <gpxtpx:TrackPointExtension>
            <gpxtpx:hr>138</gpxtpx:hr>
          </gpxtpx:TrackPointExtension>
        </extensions>
      </trkpt>
      <trkpt lat="28.234135502754597" lon="112.9130100789308">
        <ele>63.32006969116628</ele>
        <time>2026-09-15T22:55:14Z</time>
        <extensions>
          <gpxtpx:TrackPointExtension>
            <gpxtpx:hr>138</gpxtpx:hr>
          </gpxtpx:TrackPointExtension>
        </extensions>
      </trkpt>
      <trkpt lat="28.234135709659075" lon="112.91299286778006">
        <ele>63.41557078436017</ele>
        <time>2026-09-15T22:55:15Z</time>
        <extensions>
          <gpxtpx:TrackPointExtension>
            <gpxtpx:hr>138</gpxtpx:hr>
          </gpxtpx:TrackPointExtension>
        </extensions>
      </trkpt>
      <trkpt lat="28.23413611233877" lon="112.91297625566374">
        <ele>63.509801879525185</ele>
        <time>2026-09-15T22:55:16Z</time>
        <extensions>
          <gpxtpx:TrackPointExtension>
            <gpxtpx:hr>138</gpxtpx:hr>
          </gpxtpx:TrackPointExtension>
        </extensions>
      </trkpt>
      <trkpt lat="28.234136799520314" lon="112.91296028567322">
        <ele>63.60288552381098</ele>
        <time>2026-09-15T22:55:17Z</time>
        <extensions>
          <gpxtpx:TrackPointExtension>
            <gpxtpx:hr>138</gpxtpx:hr>
          </gpxtpx:TrackPointExtension>
        </extensions>
      </trkpt>
      <trkpt lat="28.23413764813901" lon="112.91294495863032">
        <ele>63.69525352586061</ele>
        <time>2026-09-15T22:55:18Z</time>
        <extensions>
          <gpxtpx:TrackPointExtension>
            <gpxtpx:hr>138</gpxtpx:hr>
          </gpxtpx:TrackPointExtension>
        </extensions>
      </trkpt>
      <trkpt lat="28.234138395620977" lon="112.91293010966366">
        <ele>63.78723376337439</ele>
        <time>2026-09-15T22:55:18.900000Z</time>
        <extensions>
          <gpxtpx:TrackPointExtension>
            <gpxtpx:hr>138</gpxtpx:hr>
          </gpxtpx:TrackPointExtension>
        </extensions>
      </trkpt>
      <trkpt lat="28.234138776993262" lon="112.91291521366513">
        <ele>63.878711611032486</ele>
        <time>2026-09-15T22:55:19.900000Z</time>
        <extensions>
          <gpxtpx:TrackPointExtension>
            <gpxtpx:hr>138</gpxtpx:hr>
          </gpxtpx:TrackPointExtension>
        </extensions>
      </trkpt>
      <trkpt lat="28.23413865790049" lon="112.91289971539545">
        <ele>63.97002073191106</ele>
        <time>2026-09-15T22:55:20.900000Z</time>
        <extensions>
          <gpxtpx:TrackPointExtension>
            <gpxtpx:hr>138</gpxtpx:hr>
          </gpxtpx:TrackPointExtension>
        </extensions>
      </trkpt>
      <trkpt lat="28.234138106365616" lon="112.9128835288005">
        <ele>64.06152368336916</ele>
        <time>2026-09-15T22:55:21.900000Z</time>
        <extensions>
          <gpxtpx:TrackPointExtension>
            <gpxtpx:hr>138</gpxtpx:hr>
          </gpxtpx:TrackPointExtension>
        </extensions>
      </trkpt>
      <trkpt lat="28.23413719801337" lon="112.91286707698816">
        <ele>64.15343588870019</ele>
        <time>2026-09-15T22:55:22.900000Z</time>
        <extensions>
          <gpxtpx:TrackPointExtension>
            <gpxtpx:hr>138</gpxtpx:hr>
          </gpxtpx:TrackPointExtension>
        </extensions>
      </trkpt>
      <trkpt lat="28.23413614861469" lon="112.91285075060786">
        <ele>64.24558863136917</ele>
        <time>2026-09-15T22:55:23.900000Z</time>
        <extensions>
          <gpxtpx:TrackPointExtension>
            <gpxtpx:hr>139</gpxtpx:hr>
          </gpxtpx:TrackPointExtension>
        </extensions>
      </trkpt>
      <trkpt lat="28.234135208563718" lon="112.91283474950903">
        <ele>64.33728166203946</ele>
        <time>2026-09-15T22:55:24.900000Z</time>
        <extensions>
          <gpxtpx:TrackPointExtension>
            <gpxtpx:hr>139</gpxtpx:hr>
          </gpxtpx:TrackPointExtension>
        </extensions>
      </trkpt>
      <trkpt lat="28.234134401450685" lon="112.91281911828771">
        <ele>64.42775696795434</ele>
        <time>2026-09-15T22:55:25.900000Z</time>
        <extensions>
          <gpxtpx:TrackPointExtension>
            <gpxtpx:hr>139</gpxtpx:hr>
          </gpxtpx:TrackPointExtension>
        </extensions>
      </trkpt>
      <trkpt lat="28.23413343498544" lon="112.91280362077416">
        <ele>64.51606409158558</ele>
        <time>2026-09-15T22:55:26.900000Z</time>
        <extensions>
          <gpxtpx:TrackPointExtension>
            <gpxtpx:hr>139</gpxtpx:hr>
          </gpxtpx:TrackPointExtension>
        </extensions>
      </trkpt>
      <trkpt lat="28.234131888209482" lon="112.91278800508942">
        <ele>64.6012356216088</ele>
        <time>2026-09-15T22:55:27.900000Z</time>
        <extensions>
          <gpxtpx:TrackPointExtension>
            <gpxtpx:hr>144</gpxtpx:hr>
          </gpxtpx:TrackPointExtension>
        </extensions>
      </trkpt>
      <trkpt lat="28.234129647016662" lon="112.91277223138178">
        <ele>64.68197602406144</ele>
        <time>2026-09-15T22:55:28.900000Z</time>
        <extensions>
          <gpxtpx:TrackPointExtension>
            <gpxtpx:hr>144</gpxtpx:hr>
          </gpxtpx:TrackPointExtension>
        </extensions>
      </trkpt>
      <trkpt lat="28.234127081501416" lon="112.91275650082923">
        <ele>64.75717666838318</ele>
        <time>2026-09-15T22:55:29.900000Z</time>
        <extensions>
          <gpxtpx:TrackPointExtension>
            <gpxtpx:hr>144</gpxtpx:hr>
          </gpxtpx:TrackPointExtension>
        </extensions>
      </trkpt>
      <trkpt lat="28.234124367939682" lon="112.9127413129113">
        <ele>64.82625602651387</ele>
        <time>2026-09-15T22:55:30.900000Z</time>
        <extensions>
          <gpxtpx:TrackPointExtension>
            <gpxtpx:hr>144</gpxtpx:hr>
          </gpxtpx:TrackPointExtension>
        </extensions>
      </trkpt>
      <trkpt lat="28.234121323266383" lon="112.91272712798117">
        <ele>64.88830034900457</ele>
        <time>2026-09-15T22:55:31.900000Z</time>
        <extensions>
          <gpxtpx:TrackPointExtension>
            <gpxtpx:hr>144</gpxtpx:hr>
          </gpxtpx:TrackPointExtension>
        </extensions>
      </trkpt>
      <trkpt lat="28.23411827023851" lon="112.91271374744595">
        <ele>64.94286437612027</ele>
        <time>2026-09-15T22:55:32.900000Z</time>
        <extensions>
          <gpxtpx:TrackPointExtension>
            <gpxtpx:hr>144</gpxtpx:hr>
          </gpxtpx:TrackPointExtension>
        </extensions>
      </trkpt>
      <trkpt lat="28.23411574831884" lon="112.91270072368268">
        <ele>64.98942165635526</ele>
        <time>2026-09-15T22:55:33.900000Z</time>
        <extensions>
          <gpxtpx:TrackPointExtension>
            <gpxtpx:hr>144</gpxtpx:hr>
          </gpxtpx:TrackPointExtension>
        </extensions>
      </trkpt>
      <trkpt lat="28.234113800771333" lon="112.91268750418402">
        <ele>65.02778331469744</ele>
        <time>2026-09-15T22:55:34.900000Z</time>
        <extensions>
          <gpxtpx:TrackPointExtension>
            <gpxtpx:hr>147</gpxtpx:hr>
          </gpxtpx:TrackPointExtension>
        </extensions>
      </trkpt>
      <trkpt lat="28.234112186227637" lon="112.91267352898491">
        <ele>65.05766160227358</ele>
        <time>2026-09-15T22:55:35.900000Z</time>
        <extensions>
          <gpxtpx:TrackPointExtension>
            <gpxtpx:hr>147</gpxtpx:hr>
          </gpxtpx:TrackPointExtension>
        </extensions>
      </trkpt>
      <trkpt lat="28.234110839786677" lon="112.91265901277868">
        <ele>65.07889750041068</ele>
        <time>2026-09-15T22:55:36.900000Z</time>
        <extensions>
          <gpxtpx:TrackPointExtension>
            <gpxtpx:hr>147</gpxtpx:hr>
          </gpxtpx:TrackPointExtension>
        </extensions>
      </trkpt>
      <trkpt lat="28.234109776134204" lon="112.91264448903752">
        <ele>65.09095826745033</ele>
        <time>2026-09-15T22:55:37.900000Z</time>
        <extensions>
          <gpxtpx:TrackPointExtension>
            <gpxtpx:hr>147</gpxtpx:hr>
          </gpxtpx:TrackPointExtension>
        </extensions>
      </trkpt>
      <trkpt lat="28.234108793188607" lon="112.9126300061848">
        <ele>65.09406863711774</ele>
        <time>2026-09-15T22:55:38.900000Z</time>
        <extensions>
          <gpxtpx:TrackPointExtension>
            <gpxtpx:hr>147</gpxtpx:hr>
          </gpxtpx:TrackPointExtension>
        </extensions>
      </trkpt>
      <trkpt lat="28.23410767151587" lon="112.912615519659">
        <ele>65.08833292964846</ele>
        <time>2026-09-15T22:55:39.900000Z</time>
        <extensions>
          <gpxtpx:TrackPointExtension>
            <gpxtpx:hr>148</gpxtpx:hr>
          </gpxtpx:TrackPointExtension>
        </extensions>
      </trkpt>
      <trkpt lat="28.234106222083906" lon="112.91260104851119">
        <ele>65.07398892939091</ele>
        <time>2026-09-15T22:55:40.900000Z</time>
        <extensions>
          <gpxtpx:TrackPointExtension>
            <gpxtpx:hr>148</gpxtpx:hr>
          </gpxtpx:TrackPointExtension>
        </extensions>
      </trkpt>
      <trkpt lat="28.234104203979093" lon="112.91258654362443">
        <ele>65.05119346268475</ele>
        <time>2026-09-15T22:55:41.900000Z</time>
        <extensions>
          <gpxtpx:TrackPointExtension>
            <gpxtpx:hr>148</gpxtpx:hr>
          </gpxtpx:TrackPointExtension>
        </extensions>
      </trkpt>
      <trkpt lat="28.234101798479855" lon="112.9125720760571">
        <ele>65.01933895237744</ele>
        <time>2026-09-15T22:55:42.900000Z</time>
        <extensions>
          <gpxtpx:TrackPointExtension>
            <gpxtpx:hr>148</gpxtpx:hr>
          </gpxtpx:TrackPointExtension>
        </extensions>
      </trkpt>
      <trkpt lat="28.234099617118662" lon="112.91255785357406">
        <ele>64.98115525674075</ele>
        <time>2026-09-15T22:55:43.900000Z</time>
        <extensions>
          <gpxtpx:TrackPointExtension>
            <gpxtpx:hr>151</gpxtpx:hr>
          </gpxtpx:TrackPointExtension>
        </extensions>
      </trkpt>
      <trkpt lat="28.234097882931856" lon="112.91254408221668">
        <ele>64.93619163241237</ele>
        <time>2026-09-15T22:55:44.900000Z</time>
        <extensions>
          <gpxtpx:TrackPointExtension>
            <gpxtpx:hr>151</gpxtpx:hr>
          </gpxtpx:TrackPointExtension>
        </extensions>
      </trkpt>
      <trkpt lat="28.234096681107356" lon="112.91253103225856">
        <ele>64.88507027272135</ele>
        <time>2026-09-15T22:55:45.900000Z</time>
        <extensions>
          <gpxtpx:TrackPointExtension>
            <gpxtpx:hr>151</gpxtpx:hr>
          </gpxtpx:TrackPointExtension>
        </extensions>
      </trkpt>
      <trkpt lat="28.234095775168104" lon="112.91251841868534">
        <ele>64.82857683766633</ele>
        <time>2026-09-15T22:55:46.900000Z</time>
        <extensions>
          <gpxtpx:TrackPointExtension>
            <gpxtpx:hr>151</gpxtpx:hr>
          </gpxtpx:TrackPointExtension>
        </extensions>
      </trkpt>
      <trkpt lat="28.234094787310685" lon="112.91250593111837">
        <ele>64.76756758987904</ele>
        <time>2026-09-15T22:55:47.900000Z</time>
        <extensions>
          <gpxtpx:TrackPointExtension>
            <gpxtpx:hr>151</gpxtpx:hr>
          </gpxtpx:TrackPointExtension>
        </extensions>
      </trkpt>
      <trkpt lat="28.234093669549438" lon="112.91249351635233">
        <ele>64.70294641051441</ele>
        <time>2026-09-15T22:55:48.900000Z</time>
        <extensions>
          <gpxtpx:TrackPointExtension>
            <gpxtpx:hr>151</gpxtpx:hr>
          </gpxtpx:TrackPointExtension>
        </extensions>
      </trkpt>
      <trkpt lat="28.234092490252795" lon="112.91248123923248">
        <ele>64.63574185967445</ele>
        <time>2026-09-15T22:55:49.900000Z</time>
        <extensions>
          <gpxtpx:TrackPointExtension>
            <gpxtpx:hr>153</gpxtpx:hr>
          </gpxtpx:TrackPointExtension>
        </extensions>
      </trkpt>
      <trkpt lat="28.2340912157053" lon="112.91246892053802">
        <ele>64.56712368130684</ele>
        <time>2026-09-15T22:55:50.900000Z</time>
        <extensions>
          <gpxtpx:TrackPointExtension>
            <gpxtpx:hr>153</gpxtpx:hr>
          </gpxtpx:TrackPointExtension>
        </extensions>
      </trkpt>
      <trkpt lat="28.23408978356962" lon="112.91245601573938">
        <ele>64.49827780481428</ele>
        <time>2026-09-15T22:55:51.900000Z</time>
        <extensions>
          <gpxtpx:TrackPointExtension>
            <gpxtpx:hr>153</gpxtpx:hr>
          </gpxtpx:TrackPointExtension>
        </extensions>
      </trkpt>
      <trkpt lat="28.234088163402365" lon="112.91244229457335">
        <ele>64.43030609562993</ele>
        <time>2026-09-15T22:55:52.900000Z</time>
        <extensions>
          <gpxtpx:TrackPointExtension>
            <gpxtpx:hr>153</gpxtpx:hr>
          </gpxtpx:TrackPointExtension>
        </extensions>
      </trkpt>
      <trkpt lat="28.234086398494505" lon="112.91242790463173">
        <ele>64.36427649669349</ele>
        <time>2026-09-15T22:55:53.900000Z</time>
        <extensions>
          <gpxtpx:TrackPointExtension>
            <gpxtpx:hr>155</gpxtpx:hr>
          </gpxtpx:TrackPointExtension>
        </extensions>
      </trkpt>
      <trkpt lat="28.23408462389946" lon="112.91241305277183">
        <ele>64.30122444219887</ele>
        <time>2026-09-15T22:55:54.900000Z</time>
        <extensions>
          <gpxtpx:TrackPointExtension>
            <gpxtpx:hr>155</gpxtpx:hr>
          </gpxtpx:TrackPointExtension>
        </extensions>
      </trkpt>
      <trkpt lat="28.234083037360538" lon="112.91239777931281">
        <ele>64.24198441300541</ele>
        <time>2026-09-15T22:55:55.900000Z</time>
        <extensions>
          <gpxtpx:TrackPointExtension>
            <gpxtpx:hr>155</gpxtpx:hr>
          </gpxtpx:TrackPointExtension>
        </extensions>
      </trkpt>
      <trkpt lat="28.234081721788794" lon="112.91238234866354">
        <ele>64.187156829983</ele>
        <time>2026-09-15T22:55:56.900000Z</time>
        <extensions>
          <gpxtpx:TrackPointExtension>
            <gpxtpx:hr>155</gpxtpx:hr>
          </gpxtpx:TrackPointExtension>
        </extensions>
      </trkpt>
      <trkpt lat="28.234080702287862" lon="112.9123669138603">
        <ele>64.13685220759362</ele>
        <time>2026-09-15T22:55:57.900000Z</time>
        <extensions>
          <gpxtpx:TrackPointExtension>
            <gpxtpx:hr>158</gpxtpx:hr>
          </gpxtpx:TrackPointExtension>
        </extensions>
      </trkpt>
      <trkpt lat="28.23407990543707" lon="112.91235158098031">
        <ele>64.09155867714435</ele>
        <time>2026-09-15T22:55:58.900000Z</time>
        <extensions>
          <gpxtpx:TrackPointExtension>
            <gpxtpx:hr>158</gpxtpx:hr>
          </gpxtpx:TrackPointExtension>
        </extensions>
      </trkpt>
      <trkpt lat="28.23407921691" lon="112.91233685066884">
        <ele>64.05145950708538</ele>
        <time>2026-09-15T22:55:59.900000Z</time>
        <extensions>
          <gpxtpx:TrackPointExtension>
            <gpxtpx:hr>158</gpxtpx:hr>
          </gpxtpx:TrackPointExtension>
        </extensions>
      </trkpt>
      <trkpt lat="28.23407861801956" lon="112.91232307794598">
        <ele>64.01677620317787</ele>
        <time>2026-09-15T22:56:00.900000Z</time>
        <extensions>
          <gpxtpx:TrackPointExtension>
            <gpxtpx:hr>158</gpxtpx:hr>
          </gpxtpx:TrackPointExtension>
        </extensions>
      </trkpt>
      <trkpt lat="28.234078089002622" lon="112.912310114889">
        <ele>63.98778338171542</ele>
        <time>2026-09-15T22:56:01.900000Z</time>
        <extensions>
          <gpxtpx:TrackPointExtension>
            <gpxtpx:hr>158</gpxtpx:hr>
          </gpxtpx:TrackPointExtension>
        </extensions>
      </trkpt>
      <trkpt lat="28.23407766074518" lon="112.91229750428232">
        <ele>63.96478648111224</ele>
        <time>2026-09-15T22:56:02.900000Z</time>
        <extensions>
          <gpxtpx:TrackPointExtension>
            <gpxtpx:hr>158</gpxtpx:hr>
          </gpxtpx:TrackPointExtension>
        </extensions>
      </trkpt>
      <trkpt lat="28.234077387947444" lon="112.91228502752612">
        <ele>63.947926194407046</ele>
        <time>2026-09-15T22:56:03.900000Z</time>
        <extensions>
          <gpxtpx:TrackPointExtension>
            <gpxtpx:hr>161</gpxtpx:hr>
          </gpxtpx:TrackPointExtension>
        </extensions>
      </trkpt>
      <trkpt lat="28.23407739646122" lon="112.91227277929056">
        <ele>63.937250076793134</ele>
        <time>2026-09-15T22:56:04.900000Z</time>
        <extensions>
          <gpxtpx:TrackPointExtension>
            <gpxtpx:hr>161</gpxtpx:hr>
          </gpxtpx:TrackPointExtension>
        </extensions>
      </trkpt>
      <trkpt lat="28.234077879851995" lon="112.91226104809569">
        <ele>63.93475829716772</ele>
        <time>2026-09-15T22:56:05.900000Z</time>
        <extensions>
          <gpxtpx:TrackPointExtension>
            <gpxtpx:hr>161</gpxtpx:hr>
          </gpxtpx:TrackPointExtension>
        </extensions>
      </trkpt>
      <trkpt lat="28.234078942965745" lon="112.9122500302005">
        <ele>63.93572735413909</ele>
        <time>2026-09-15T22:56:06.900000Z</time>
        <extensions>
          <gpxtpx:TrackPointExtension>
            <gpxtpx:hr>161</gpxtpx:hr>
          </gpxtpx:TrackPointExtension>
        </extensions>
      </trkpt>
      <trkpt lat="28.234080696105938" lon="112.91223993423289">
        <ele>63.9412431307137</ele>
        <time>2026-09-15T22:56:07.900000Z</time>
        <extensions>
          <gpxtpx:TrackPointExtension>
            <gpxtpx:hr>161</gpxtpx:hr>
          </gpxtpx:TrackPointExtension>
        </extensions>
      </trkpt>
      <trkpt lat="28.234083687040343" lon="112.91223092969925">
        <ele>63.9507144195959</ele>
        <time>2026-09-15T22:56:08.900000Z</time>
        <extensions>
          <gpxtpx:TrackPointExtension>
            <gpxtpx:hr>162</gpxtpx:hr>
          </gpxtpx:TrackPointExtension>
        </extensions>
      </trkpt>
      <trkpt lat="28.234088180960114" lon="112.91222267846857">
        <ele>63.963946158997715</ele>
        <time>2026-09-15T22:56:09.900000Z</time>
        <extensions>
          <gpxtpx:TrackPointExtension>
            <gpxtpx:hr>162</gpxtpx:hr>
          </gpxtpx:TrackPointExtension>
        </extensions>
      </trkpt>
      <trkpt lat="28.234093477738217" lon="112.91221438710983">
        <ele>63.981180432252586</ele>
        <time>2026-09-15T22:56:10.900000Z</time>
        <extensions>
          <gpxtpx:TrackPointExtension>
            <gpxtpx:hr>162</gpxtpx:hr>
          </gpxtpx:TrackPointExtension>
        </extensions>
      </trkpt>
      <trkpt lat="28.234098481712685" lon="112.91220429729599">
        <ele>64.00266455486417</ele>
        <time>2026-09-15T22:56:11.800000Z</time>
        <extensions>
          <gpxtpx:TrackPointExtension>
            <gpxtpx:hr>162</gpxtpx:hr>
          </gpxtpx:TrackPointExtension>
        </extensions>
      </trkpt>
      <trkpt lat="28.234102717923694" lon="112.91219166720528">
        <ele>64.02811223920435</ele>
        <time>2026-09-15T22:56:12.800000Z</time>
        <extensions>
          <gpxtpx:TrackPointExtension>
            <gpxtpx:hr>164</gpxtpx:hr>
          </gpxtpx:TrackPointExtension>
        </extensions>
      </trkpt>
      <trkpt lat="28.234106337011355" lon="112.91217760388356">
        <ele>64.05661808978766</ele>
        <time>2026-09-15T22:56:13.800000Z</time>
        <extensions>
          <gpxtpx:TrackPointExtension>
            <gpxtpx:hr>164</gpxtpx:hr>
          </gpxtpx:TrackPointExtension>
        </extensions>
      </trkpt>
      <trkpt lat="28.234109233839472" lon="112.91216311218508">
        <ele>64.08690052572638</ele>
        <time>2026-09-15T22:56:14.800000Z</time>
        <extensions>
          <gpxtpx:TrackPointExtension>
            <gpxtpx:hr>164</gpxtpx:hr>
          </gpxtpx:TrackPointExtension>
        </extensions>
      </trkpt>
      <trkpt lat="28.23411093511841" lon="112.91214868609495">
        <ele>64.11762723326683</ele>
        <time>2026-09-15T22:56:15.800000Z</time>
        <extensions>
          <gpxtpx:TrackPointExtension>
            <gpxtpx:hr>164</gpxtpx:hr>
          </gpxtpx:TrackPointExtension>
        </extensions>
      </trkpt>
      <trkpt lat="28.234111582051643" lon="112.91213459000592">
        <ele>64.14755084738135</ele>
        <time>2026-09-15T22:56:16.800000Z</time>
        <extensions>
          <gpxtpx:TrackPointExtension>
            <gpxtpx:hr>164</gpxtpx:hr>
          </gpxtpx:TrackPointExtension>
        </extensions>
      </trkpt>
      <trkpt lat="28.23411172183255" lon="112.91212108980805">
        <ele>64.17551069147885</ele>
        <time>2026-09-15T22:56:17.800000Z</time>
        <extensions>
          <gpxtpx:TrackPointExtension>
            <gpxtpx:hr>164</gpxtpx:hr>
          </gpxtpx:TrackPointExtension>
        </extensions>
      </trkpt>
      <trkpt lat="28.234111508735474" lon="112.91210817331161">
        <ele>64.20045922324061</ele>
        <time>2026-09-15T22:56:18.800000Z</time>
        <extensions>
          <gpxtpx:TrackPointExtension>
            <gpxtpx:hr>164</gpxtpx:hr>
          </gpxtpx:TrackPointExtension>
        </extensions>
      </trkpt>
      <trkpt lat="28.234111057260456" lon="112.91209550885249">
        <ele>64.22153463680297</ele>
        <time>2026-09-15T22:56:19.800000Z</time>
        <extensions>
          <gpxtpx:TrackPointExtension>
            <gpxtpx:hr>169</gpxtpx:hr>
          </gpxtpx:TrackPointExtension>
        </extensions>
      </trkpt>
      <trkpt lat="28.234110428813572" lon="112.91208280355823">
        <ele>64.23796486482024</ele>
        <time>2026-09-15T22:56:20.800000Z</time>
        <extensions>
          <gpxtpx:TrackPointExtension>
            <gpxtpx:hr>169</gpxtpx:hr>
          </gpxtpx:TrackPointExtension>
        </extensions>
      </trkpt>
      <trkpt lat="28.234109636685474" lon="112.91206995935887">
        <ele>64.24896842613816</ele>
        <time>2026-09-15T22:56:21.800000Z</time>
        <extensions>
          <gpxtpx:TrackPointExtension>
            <gpxtpx:hr>169</gpxtpx:hr>
          </gpxtpx:TrackPointExtension>
        </extensions>
      </trkpt>
      <trkpt lat="28.234108703503253" lon="112.91205693591047">
        <ele>64.25390237942338</ele>
        <time>2026-09-15T22:56:22.800000Z</time>
        <extensions>
          <gpxtpx:TrackPointExtension>
            <gpxtpx:hr>169</gpxtpx:hr>
          </gpxtpx:TrackPointExtension>
        </extensions>
      </trkpt>
      <trkpt lat="28.23410767457892" lon="112.91204374978898">
        <ele>64.25233790371567</ele>
        <time>2026-09-15T22:56:23.800000Z</time>
        <extensions>
          <gpxtpx:TrackPointExtension>
            <gpxtpx:hr>169</gpxtpx:hr>
          </gpxtpx:TrackPointExtension>
        </extensions>
      </trkpt>
      <trkpt lat="28.234106564704575" lon="112.9120304644155">
        <ele>64.2441126499325</ele>
        <time>2026-09-15T22:56:24.800000Z</time>
        <extensions>
          <gpxtpx:TrackPointExtension>
            <gpxtpx:hr>169</gpxtpx:hr>
          </gpxtpx:TrackPointExtension>
        </extensions>
      </trkpt>
      <trkpt lat="28.234105435463185" lon="112.91201702469269">
        <ele>64.22944274265319</ele>
        <time>2026-09-15T22:56:25.800000Z</time>
        <extensions>
          <gpxtpx:TrackPointExtension>
            <gpxtpx:hr>168</gpxtpx:hr>
          </gpxtpx:TrackPointExtension>
        </extensions>
      </trkpt>
      <trkpt lat="28.23410435493587" lon="112.91200332004496">
        <ele>64.20897763594985</ele>
        <time>2026-09-15T22:56:26.800000Z</time>
        <extensions>
          <gpxtpx:TrackPointExtension>
            <gpxtpx:hr>168</gpxtpx:hr>
          </gpxtpx:TrackPointExtension>
        </extensions>
      </trkpt>
      <trkpt lat="28.234103365444792" lon="112.91198936090505">
        <ele>64.18397307675332</ele>
        <time>2026-09-15T22:56:27.800000Z</time>
        <extensions>
          <gpxtpx:TrackPointExtension>
            <gpxtpx:hr>168</gpxtpx:hr>
          </gpxtpx:TrackPointExtension>
        </extensions>
      </trkpt>
      <trkpt lat="28.23410250103176" lon="112.91197524370322">
        <ele>64.1562190009281</ele>
        <time>2026-09-15T22:56:28.800000Z</time>
        <extensions>
          <gpxtpx:TrackPointExtension>
            <gpxtpx:hr>168</gpxtpx:hr>
          </gpxtpx:TrackPointExtension>
        </extensions>
      </trkpt>
      <trkpt lat="28.234101831586855" lon="112.91196105998715">
        <ele>64.12776079587638</ele>
        <time>2026-09-15T22:56:29.800000Z</time>
        <extensions>
          <gpxtpx:TrackPointExtension>
            <gpxtpx:hr>167</gpxtpx:hr>
          </gpxtpx:TrackPointExtension>
        </extensions>
      </trkpt>
      <trkpt lat="28.234101517362056" lon="112.91194700710794">
        <ele>64.10063176695257</ele>
        <time>2026-09-15T22:56:30.800000Z</time>
        <extensions>
          <gpxtpx:TrackPointExtension>
            <gpxtpx:hr>167</gpxtpx:hr>
          </gpxtpx:TrackPointExtension>
        </extensions>
      </trkpt>
      <trkpt lat="28.234101796519173" lon="112.91193358700863">
        <ele>64.07678704150021</ele>
        <time>2026-09-15T22:56:31.800000Z</time>
        <extensions>
          <gpxtpx:TrackPointExtension>
            <gpxtpx:hr>167</gpxtpx:hr>
          </gpxtpx:TrackPointExtension>
        </extensions>
      </trkpt>
      <trkpt lat="28.234103014112257" lon="112.91192148688387">
        <ele>64.05862200353295</ele>
        <time>2026-09-15T22:56:32.800000Z</time>
        <extensions>
          <gpxtpx:TrackPointExtension>
            <gpxtpx:hr>166</gpxtpx:hr>
          </gpxtpx:TrackPointExtension>
        </extensions>
      </trkpt>
      <trkpt lat="28.234104287982145" lon="112.91190837050746">
        <ele>64.04629351850599</ele>
        <time>2026-09-15T22:56:33.800000Z</time>
        <extensions>
          <gpxtpx:TrackPointExtension>
            <gpxtpx:hr>166</gpxtpx:hr>
          </gpxtpx:TrackPointExtension>
        </extensions>
      </trkpt>
      <trkpt lat="28.23410448227399" lon="112.91189410316106">
        <ele>64.04299594927579</ele>
        <time>2026-09-15T22:56:34.800000Z</time>
        <extensions>
          <gpxtpx:TrackPointExtension>
            <gpxtpx:hr>166</gpxtpx:hr>
          </gpxtpx:TrackPointExtension>
        </extensions>
      </trkpt>
      <trkpt lat="28.234104283400807" lon="112.91187912597277">
        <ele>64.05084106791764</ele>
        <time>2026-09-15T22:56:35.800000Z</time>
        <extensions>
          <gpxtpx:TrackPointExtension>
            <gpxtpx:hr>166</gpxtpx:hr>
          </gpxtpx:TrackPointExtension>
        </extensions>
      </trkpt>
      <trkpt lat="28.23410414045013" lon="112.91186388887621">
        <ele>64.07138989586383</ele>
        <time>2026-09-15T22:56:36.800000Z</time>
        <extensions>
          <gpxtpx:TrackPointExtension>
            <gpxtpx:hr>166</gpxtpx:hr>
          </gpxtpx:TrackPointExtension>
        </extensions>
      </trkpt>
      <trkpt lat="28.234103974267615" lon="112.91184910827015">
        <ele>64.10504727531224</ele>
        <time>2026-09-15T22:56:37.800000Z</time>
        <extensions>
          <gpxtpx:TrackPointExtension>
            <gpxtpx:hr>166</gpxtpx:hr>
          </gpxtpx:TrackPointExtension>
        </extensions>
      </trkpt>
      <trkpt lat="28.234103800164846" lon="112.91183483334666">
        <ele>64.15203707758337</ele>
        <time>2026-09-15T22:56:38.800000Z</time>
        <extensions>
          <gpxtpx:TrackPointExtension>
            <gpxtpx:hr>161</gpxtpx:hr>
          </gpxtpx:TrackPointExtension>
        </extensions>
      </trkpt>
      <trkpt lat="28.23410358130842" lon="112.91182141984594">
        <ele>64.20602805167437</ele>
        <time>2026-09-15T22:56:39.800000Z</time>
        <extensions>
          <gpxtpx:TrackPointExtension>
            <gpxtpx:hr>161</gpxtpx:hr>
          </gpxtpx:TrackPointExtension>
        </extensions>
      </trkpt>
      <trkpt lat="28.23410314551242" lon="112.91180806178947">
        <ele>64.2648391854018</ele>
        <time>2026-09-15T22:56:40.800000Z</time>
        <extensions>
          <gpxtpx:TrackPointExtension>
            <gpxtpx:hr>161</gpxtpx:hr>
          </gpxtpx:TrackPointExtension>
        </extensions>
      </trkpt>
      <trkpt lat="28.23410227243323" lon="112.91179477957597">
        <ele>64.32582832593471</ele>
        <time>2026-09-15T22:56:41.800000Z</time>
        <extensions>
          <gpxtpx:TrackPointExtension>
            <gpxtpx:hr>161</gpxtpx:hr>
          </gpxtpx:TrackPointExtension>
        </extensions>
      </trkpt>
      <trkpt lat="28.234101047826535" lon="112.91178137318316">
        <ele>64.38706691097468</ele>
        <time>2026-09-15T22:56:42.800000Z</time>
        <extensions>
          <gpxtpx:TrackPointExtension>
            <gpxtpx:hr>161</gpxtpx:hr>
          </gpxtpx:TrackPointExtension>
        </extensions>
      </trkpt>
      <trkpt lat="28.234099706779503" lon="112.91176812729199">
        <ele>64.44692574255168</ele>
        <time>2026-09-15T22:56:43.800000Z</time>
        <extensions>
          <gpxtpx:TrackPointExtension>
            <gpxtpx:hr>159</gpxtpx:hr>
          </gpxtpx:TrackPointExtension>
        </extensions>
      </trkpt>
      <trkpt lat="28.2340982726853" lon="112.91175518423515">
        <ele>64.50406186841428</ele>
        <time>2026-09-15T22:56:44.800000Z</time>
        <extensions>
          <gpxtpx:TrackPointExtension>
            <gpxtpx:hr>159</gpxtpx:hr>
          </gpxtpx:TrackPointExtension>
        </extensions>
      </trkpt>
      <trkpt lat="28.23409688301406" lon="112.91174285067758">
        <ele>64.55750299151987</ele>
        <time>2026-09-15T22:56:45.800000Z</time>
        <extensions>
          <gpxtpx:TrackPointExtension>
            <gpxtpx:hr>159</gpxtpx:hr>
          </gpxtpx:TrackPointExtension>
        </extensions>
      </trkpt>
      <trkpt lat="28.234095949859864" lon="112.91173152855718">
        <ele>64.60646794456989</ele>
        <time>2026-09-15T22:56:46.800000Z</time>
        <extensions>
          <gpxtpx:TrackPointExtension>
            <gpxtpx:hr>159</gpxtpx:hr>
          </gpxtpx:TrackPointExtension>
        </extensions>
      </trkpt>
      <trkpt lat="28.234095981166302" lon="112.9117213783501">
        <ele>64.65062899887562</ele>
        <time>2026-09-15T22:56:47.800000Z</time>
        <extensions>
          <gpxtpx:TrackPointExtension>
            <gpxtpx:hr>159</gpxtpx:hr>
          </gpxtpx:TrackPointExtension>
        </extensions>
      </trkpt>
      <trkpt lat="28.234097646819098" lon="112.91171268271599">
        <ele>64.68983278982341</ele>
        <time>2026-09-15T22:56:48.800000Z</time>
        <extensions>
          <gpxtpx:TrackPointExtension>
            <gpxtpx:hr>156</gpxtpx:hr>
          </gpxtpx:TrackPointExtension>
        </extensions>
      </trkpt>
      <trkpt lat="28.234100740980157" lon="112.91170544286815">
        <ele>64.72472849395126</ele>
        <time>2026-09-15T22:56:49.800000Z</time>
        <extensions>
          <gpxtpx:TrackPointExtension>
            <gpxtpx:hr>156</gpxtpx:hr>
          </gpxtpx:TrackPointExtension>
        </extensions>
      </trkpt>
      <trkpt lat="28.234104182889595" lon="112.91169921852523">
        <ele>64.75629178155214</ele>
        <time>2026-09-15T22:56:50.800000Z</time>
        <extensions>
          <gpxtpx:TrackPointExtension>
            <gpxtpx:hr>156</gpxtpx:hr>
          </gpxtpx:TrackPointExtension>
        </extensions>
      </trkpt>
      <trkpt lat="28.234107244244665" lon="112.91169361759702">
        <ele>64.78640399966389</ele>
        <time>2026-09-15T22:56:51.800000Z</time>
        <extensions>
          <gpxtpx:TrackPointExtension>
            <gpxtpx:hr>156</gpxtpx:hr>
          </gpxtpx:TrackPointExtension>
        </extensions>
      </trkpt>
      <trkpt lat="28.23410927268786" lon="112.91168897164081">
        <ele>64.81753219570965</ele>
        <time>2026-09-15T22:56:52.800000Z</time>
        <extensions>
          <gpxtpx:TrackPointExtension>
            <gpxtpx:hr>156</gpxtpx:hr>
          </gpxtpx:TrackPointExtension>
        </extensions>
      </trkpt>
      <trkpt lat="28.23411163426422" lon="112.91168484449061">
        <ele>64.85314084868878</ele>
        <time>2026-09-15T22:56:53.800000Z</time>
        <extensions>
          <gpxtpx:TrackPointExtension>
            <gpxtpx:hr>155</gpxtpx:hr>
          </gpxtpx:TrackPointExtension>
        </extensions>
      </trkpt>
      <trkpt lat="28.234115551127108" lon="112.9116803849333">
        <ele>64.89824462495744</ele>
        <time>2026-09-15T22:56:54.800000Z</time>
        <extensions>
          <gpxtpx:TrackPointExtension>
            <gpxtpx:hr>155</gpxtpx:hr>
          </gpxtpx:TrackPointExtension>
        </extensions>
      </trkpt>
      <trkpt lat="28.23412016894762" lon="112.9116756624367">
        <ele>64.95935926772654</ele>
        <time>2026-09-15T22:56:55.800000Z</time>
        <extensions>
          <gpxtpx:TrackPointExtension>
            <gpxtpx:hr>155</gpxtpx:hr>
          </gpxtpx:TrackPointExtension>
        </extensions>
      </trkpt>
      <trkpt lat="28.234124568876986" lon="112.91167062432288">
        <ele>65.04046965483576</ele>
        <time>2026-09-15T22:56:56.800000Z</time>
        <extensions>
          <gpxtpx:TrackPointExtension>
            <gpxtpx:hr>153</gpxtpx:hr>
          </gpxtpx:TrackPointExtension>
        </extensions>
      </trkpt>
      <trkpt lat="28.23412784800752" lon="112.9116650692134">
        <ele>65.13789167162031</ele>
        <time>2026-09-15T22:56:57.800000Z</time>
        <extensions>
          <gpxtpx:TrackPointExtension>
            <gpxtpx:hr>153</gpxtpx:hr>
          </gpxtpx:TrackPointExtension>
        </extensions>
      </trkpt>
      <trkpt lat="28.23412965507602" lon="112.91165872442015">
        <ele>65.24541094899178</ele>
        <time>2026-09-15T22:56:58.800000Z</time>
        <extensions>
          <gpxtpx:TrackPointExtension>
            <gpxtpx:hr>153</gpxtpx:hr>
          </gpxtpx:TrackPointExtension>
        </extensions>
      </trkpt>
      <trkpt lat="28.23412886544583" lon="112.91165110905338">
        <ele>65.3586152298376</ele>
        <time>2026-09-15T22:56:59.800000Z</time>
        <extensions>
          <gpxtpx:TrackPointExtension>
            <gpxtpx:hr>153</gpxtpx:hr>
          </gpxtpx:TrackPointExtension>
        </extensions>
      </trkpt>
      <trkpt lat="28.234125818078383" lon="112.91164162198736">
        <ele>65.47354416549206</ele>
        <time>2026-09-15T22:57:00.800000Z</time>
        <extensions>
          <gpxtpx:TrackPointExtension>
            <gpxtpx:hr>153</gpxtpx:hr>
          </gpxtpx:TrackPointExtension>
        </extensions>
      </trkpt>
      <trkpt lat="28.234122671310597" lon="112.91163020034604">
        <ele>65.58719917666167</ele>
        <time>2026-09-15T22:57:01.800000Z</time>
        <extensions>
          <gpxtpx:TrackPointExtension>
            <gpxtpx:hr>153</gpxtpx:hr>
          </gpxtpx:TrackPointExtension>
        </extensions>
      </trkpt>
      <trkpt lat="28.23411996878379" lon="112.91161739690489">
        <ele>65.69668329320848</ele>
        <time>2026-09-15T22:57:02.800000Z</time>
        <extensions>
          <gpxtpx:TrackPointExtension>
            <gpxtpx:hr>147</gpxtpx:hr>
          </gpxtpx:TrackPointExtension>
        </extensions>
      </trkpt>
      <trkpt lat="28.23411762888207" lon="112.91160358754594">
        <ele>65.7999729057774</ele>
        <time>2026-09-15T22:57:03.700000Z</time>
        <extensions>
          <gpxtpx:TrackPointExtension>
            <gpxtpx:hr>147</gpxtpx:hr>
          </gpxtpx:TrackPointExtension>
        </extensions>
      </trkpt>
      <trkpt lat="28.234115435188848" lon="112.91158898268436">
        <ele>65.89586062077433</ele>
        <time>2026-09-15T22:57:04.700000Z</time>
        <extensions>
          <gpxtpx:TrackPointExtension>
            <gpxtpx:hr>147</gpxtpx:hr>
          </gpxtpx:TrackPointExtension>
        </extensions>
      </trkpt>
      <trkpt lat="28.23411321483042" lon="112.91157403157925">
        <ele>65.98253903910518</ele>
        <time>2026-09-15T22:57:05.700000Z</time>
        <extensions>
          <gpxtpx:TrackPointExtension>
            <gpxtpx:hr>147</gpxtpx:hr>
          </gpxtpx:TrackPointExtension>
        </extensions>
      </trkpt>
      <trkpt lat="28.234111098597708" lon="112.9115594918034">
        <ele>66.05882228165865</ele>
        <time>2026-09-15T22:57:06.700000Z</time>
        <extensions>
          <gpxtpx:TrackPointExtension>
            <gpxtpx:hr>147</gpxtpx:hr>
          </gpxtpx:TrackPointExtension>
        </extensions>
      </trkpt>
      <trkpt lat="28.234109112347994" lon="112.9115456196015">
        <ele>66.1246805889532</ele>
        <time>2026-09-15T22:57:07.700000Z</time>
        <extensions>
          <gpxtpx:TrackPointExtension>
            <gpxtpx:hr>147</gpxtpx:hr>
          </gpxtpx:TrackPointExtension>
        </extensions>
      </trkpt>
      <trkpt lat="28.234107484906797" lon="112.91153225085252">
        <ele>66.17995131202042</ele>
        <time>2026-09-15T22:57:08.700000Z</time>
        <extensions>
          <gpxtpx:TrackPointExtension>
            <gpxtpx:hr>140</gpxtpx:hr>
          </gpxtpx:TrackPointExtension>
        </extensions>
      </trkpt>
      <trkpt lat="28.23410610078867" lon="112.91151956511311">
        <ele>66.22361518163234</ele>
        <time>2026-09-15T22:57:09.700000Z</time>
        <extensions>
          <gpxtpx:TrackPointExtension>
            <gpxtpx:hr>140</gpxtpx:hr>
          </gpxtpx:TrackPointExtension>
        </extensions>
      </trkpt>
      <trkpt lat="28.23410475332507" lon="112.91150754399483">
        <ele>66.25562038365752</ele>
        <time>2026-09-15T22:57:10.700000Z</time>
        <extensions>
          <gpxtpx:TrackPointExtension>
            <gpxtpx:hr>140</gpxtpx:hr>
          </gpxtpx:TrackPointExtension>
        </extensions>
      </trkpt>
      <trkpt lat="28.234103563848826" lon="112.91149579602556">
        <ele>66.27508676890284</ele>
        <time>2026-09-15T22:57:11.700000Z</time>
        <extensions>
          <gpxtpx:TrackPointExtension>
            <gpxtpx:hr>140</gpxtpx:hr>
          </gpxtpx:TrackPointExtension>
        </extensions>
      </trkpt>
      <trkpt lat="28.23410275604958" lon="112.91148409034751">
        <ele>66.2828937228769</ele>
        <time>2026-09-15T22:57:12.700000Z</time>
        <extensions>
          <gpxtpx:TrackPointExtension>
            <gpxtpx:hr>140</gpxtpx:hr>
          </gpxtpx:TrackPointExtension>
        </extensions>
      </trkpt>
      <trkpt lat="28.234102760456363" lon="112.91147268988266">
        <ele>66.27998207230121</ele>
        <time>2026-09-15T22:57:13.700000Z</time>
        <extensions>
          <gpxtpx:TrackPointExtension>
            <gpxtpx:hr>140</gpxtpx:hr>
          </gpxtpx:TrackPointExtension>
        </extensions>
      </trkpt>
      <trkpt lat="28.234104160767423" lon="112.9114624335884">
        <ele>66.26606468576938</ele>
        <time>2026-09-15T22:57:14.700000Z</time>
        <extensions>
          <gpxtpx:TrackPointExtension>
            <gpxtpx:hr>138</gpxtpx:hr>
          </gpxtpx:TrackPointExtension>
        </extensions>
      </trkpt>
      <trkpt lat="28.234107062014164" lon="112.91145382978918">
        <ele>66.24228544067591</ele>
        <time>2026-09-15T22:57:15.700000Z</time>
        <extensions>
          <gpxtpx:TrackPointExtension>
            <gpxtpx:hr>138</gpxtpx:hr>
          </gpxtpx:TrackPointExtension>
        </extensions>
      </trkpt>
      <trkpt lat="28.23411090750064" lon="112.91144658377438">
        <ele>66.209557171911</ele>
        <time>2026-09-15T22:57:16.700000Z</time>
        <extensions>
          <gpxtpx:TrackPointExtension>
            <gpxtpx:hr>138</gpxtpx:hr>
          </gpxtpx:TrackPointExtension>
        </extensions>
      </trkpt>
      <trkpt lat="28.23411520987773" lon="112.91144013651078">
        <ele>66.16918955836445</ele>
        <time>2026-09-15T22:57:17.700000Z</time>
        <extensions>
          <gpxtpx:TrackPointExtension>
            <gpxtpx:hr>138</gpxtpx:hr>
          </gpxtpx:TrackPointExtension>
        </extensions>
      </trkpt>
      <trkpt lat="28.234119435036536" lon="112.91143329358708">
        <ele>66.12253087572753</ele>
        <time>2026-09-15T22:57:18.700000Z</time>
        <extensions>
          <gpxtpx:TrackPointExtension>
            <gpxtpx:hr>138</gpxtpx:hr>
          </gpxtpx:TrackPointExtension>
        </extensions>
      </trkpt>
      <trkpt lat="28.234122078784313" lon="112.91142469159459">
        <ele>66.0713051436469</ele>
        <time>2026-09-15T22:57:19.700000Z</time>
        <extensions>
          <gpxtpx:TrackPointExtension>
            <gpxtpx:hr>138</gpxtpx:hr>
          </gpxtpx:TrackPointExtension>
        </extensions>
      </trkpt>
      <trkpt lat="28.23412263981984" lon="112.91141451236138">
        <ele>66.01672578975558</ele>
        <time>2026-09-15T22:57:20.700000Z</time>
        <extensions>
          <gpxtpx:TrackPointExtension>
            <gpxtpx:hr>138</gpxtpx:hr>
          </gpxtpx:TrackPointExtension>
        </extensions>
      </trkpt>
      <trkpt lat="28.23412203910042" lon="112.91140380000022">
        <ele>65.96022713650018</ele>
        <time>2026-09-15T22:57:21.700000Z</time>
        <extensions>
          <gpxtpx:TrackPointExtension>
            <gpxtpx:hr>138</gpxtpx:hr>
          </gpxtpx:TrackPointExtension>
        </extensions>
      </trkpt>
      <trkpt lat="28.23412079177106" lon="112.91139272205272">
        <ele>65.9036442823708</ele>
        <time>2026-09-15T22:57:22.700000Z</time>
        <extensions>
          <gpxtpx:TrackPointExtension>
            <gpxtpx:hr>138</gpxtpx:hr>
          </gpxtpx:TrackPointExtension>
        </extensions>
      </trkpt>
      <trkpt lat="28.234119370646482" lon="112.91138114094339">
        <ele>65.83722070325166</ele>
        <time>2026-09-15T22:57:23.700000Z</time>
        <extensions>
          <gpxtpx:TrackPointExtension>
            <gpxtpx:hr>140</gpxtpx:hr>
          </gpxtpx:TrackPointExtension>
        </extensions>
      </trkpt>
      <trkpt lat="28.234118241118416" lon="112.91136930381839">
        <ele>65.7789977779612</ele>
        <time>2026-09-15T22:57:24.700000Z</time>
        <extensions>
          <gpxtpx:TrackPointExtension>
            <gpxtpx:hr>140</gpxtpx:hr>
          </gpxtpx:TrackPointExtension>
        </extensions>
      </trkpt>
      <trkpt lat="28.23411768645273" lon="112.91135726502613">
        <ele>65.72310171183199</ele>
        <time>2026-09-15T22:57:25.700000Z</time>
        <extensions>
          <gpxtpx:TrackPointExtension>
            <gpxtpx:hr>140</gpxtpx:hr>
          </gpxtpx:TrackPointExtension>
        </extensions>
      </trkpt>
      <trkpt lat="28.23411796958606" lon="112.91134532871132">
        <ele>65.66948970314115</ele>
        <time>2026-09-15T22:57:26.700000Z</time>
        <extensions>
          <gpxtpx:TrackPointExtension>
            <gpxtpx:hr>140</gpxtpx:hr>
          </gpxtpx:TrackPointExtension>
        </extensions>
      </trkpt>
      <trkpt lat="28.234119782607497" lon="112.91133466651517">
        <ele>65.61813510023057</ele>
        <time>2026-09-15T22:57:27.700000Z</time>
        <extensions>
          <gpxtpx:TrackPointExtension>
            <gpxtpx:hr>140</gpxtpx:hr>
          </gpxtpx:TrackPointExtension>
        </extensions>
      </trkpt>
      <trkpt lat="28.234122627503414" lon="112.91132541534024">
        <ele>65.56889192387462</ele>
        <time>2026-09-15T22:57:28.700000Z</time>
        <extensions>
          <gpxtpx:TrackPointExtension>
            <gpxtpx:hr>140</gpxtpx:hr>
          </gpxtpx:TrackPointExtension>
        </extensions>
      </trkpt>
      <trkpt lat="28.234124906372738" lon="112.9113162457264">
        <ele>65.52152052894235</ele>
        <time>2026-09-15T22:57:29.700000Z</time>
        <extensions>
          <gpxtpx:TrackPointExtension>
            <gpxtpx:hr>140</gpxtpx:hr>
          </gpxtpx:TrackPointExtension>
        </extensions>
      </trkpt>
      <trkpt lat="28.234125769865162" lon="112.91130627442885">
        <ele>65.47563185356557</ele>
        <time>2026-09-15T22:57:30.700000Z</time>
        <extensions>
          <gpxtpx:TrackPointExtension>
            <gpxtpx:hr>138</gpxtpx:hr>
          </gpxtpx:TrackPointExtension>
        </extensions>
      </trkpt>
      <trkpt lat="28.234125479519662" lon="112.91129541716823">
        <ele>65.4311387334019</ele>
        <time>2026-09-15T22:57:31.700000Z</time>
        <extensions>
          <gpxtpx:TrackPointExtension>
            <gpxtpx:hr>138</gpxtpx:hr>
          </gpxtpx:TrackPointExtension>
        </extensions>
      </trkpt>
      <trkpt lat="28.23412461866623" lon="112.91128386411457">
        <ele>65.38805957324803</ele>
        <time>2026-09-15T22:57:32.700000Z</time>
        <extensions>
          <gpxtpx:TrackPointExtension>
            <gpxtpx:hr>138</gpxtpx:hr>
          </gpxtpx:TrackPointExtension>
        </extensions>
      </trkpt>
      <trkpt lat="28.234123457497233" lon="112.911271754009">
        <ele>65.34648859873414</ele>
        <time>2026-09-15T22:57:33.700000Z</time>
        <extensions>
          <gpxtpx:TrackPointExtension>
            <gpxtpx:hr>136</gpxtpx:hr>
          </gpxtpx:TrackPointExtension>
        </extensions>
      </trkpt>
      <trkpt lat="28.234122193698536" lon="112.91125926191526">
        <ele>65.30655216984451</ele>
        <time>2026-09-15T22:57:34.700000Z</time>
        <extensions>
          <gpxtpx:TrackPointExtension>
            <gpxtpx:hr>136</gpxtpx:hr>
          </gpxtpx:TrackPointExtension>
        </extensions>
      </trkpt>
      <trkpt lat="28.234120885349487" lon="112.91124665376313">
        <ele>65.2684510294348</ele>
        <time>2026-09-15T22:57:35.700000Z</time>
        <extensions>
          <gpxtpx:TrackPointExtension>
            <gpxtpx:hr>136</gpxtpx:hr>
          </gpxtpx:TrackPointExtension>
        </extensions>
      </trkpt>
      <trkpt lat="28.23411951505988" lon="112.91123414320461">
        <ele>65.23239449225366</ele>
        <time>2026-09-15T22:57:36.700000Z</time>
        <extensions>
          <gpxtpx:TrackPointExtension>
            <gpxtpx:hr>136</gpxtpx:hr>
          </gpxtpx:TrackPointExtension>
        </extensions>
      </trkpt>
      <trkpt lat="28.234118078542572" lon="112.91122175150927">
        <ele>65.1984584396705</ele>
        <time>2026-09-15T22:57:37.700000Z</time>
        <extensions>
          <gpxtpx:TrackPointExtension>
            <gpxtpx:hr>136</gpxtpx:hr>
          </gpxtpx:TrackPointExtension>
        </extensions>
      </trkpt>
      <trkpt lat="28.23411677662499" lon="112.91120955025882">
        <ele>65.16668417491019</ele>
        <time>2026-09-15T22:57:38.700000Z</time>
        <extensions>
          <gpxtpx:TrackPointExtension>
            <gpxtpx:hr>136</gpxtpx:hr>
          </gpxtpx:TrackPointExtension>
        </extensions>
      </trkpt>
      <trkpt lat="28.234115683132426" lon="112.911197752635">
        <ele>65.13723096065223</ele>
        <time>2026-09-15T22:57:39.700000Z</time>
        <extensions>
          <gpxtpx:TrackPointExtension>
            <gpxtpx:hr>134</gpxtpx:hr>
          </gpxtpx:TrackPointExtension>
        </extensions>
      </trkpt>
      <trkpt lat="28.234114737409964" lon="112.91118652889533">
        <ele>65.11021186970174</ele>
        <time>2026-09-15T22:57:40.700000Z</time>
        <extensions>
          <gpxtpx:TrackPointExtension>
            <gpxtpx:hr>134</gpxtpx:hr>
          </gpxtpx:TrackPointExtension>
        </extensions>
      </trkpt>
      <trkpt lat="28.23411419526961" lon="112.91117586879055">
        <ele>65.08570647239685</ele>
        <time>2026-09-15T22:57:41.700000Z</time>
        <extensions>
          <gpxtpx:TrackPointExtension>
            <gpxtpx:hr>134</gpxtpx:hr>
          </gpxtpx:TrackPointExtension>
        </extensions>
      </trkpt>
      <trkpt lat="28.234114304165036" lon="112.91116553556452">
        <ele>65.06405266746879</ele>
        <time>2026-09-15T22:57:42.700000Z</time>
        <extensions>
          <gpxtpx:TrackPointExtension>
            <gpxtpx:hr>134</gpxtpx:hr>
          </gpxtpx:TrackPointExtension>
        </extensions>
      </trkpt>
      <trkpt lat="28.234115128528284" lon="112.91115552134107">
        <ele>65.04554571397603</ele>
        <time>2026-09-15T22:57:43.700000Z</time>
        <extensions>
          <gpxtpx:TrackPointExtension>
            <gpxtpx:hr>134</gpxtpx:hr>
          </gpxtpx:TrackPointExtension>
        </extensions>
      </trkpt>
      <trkpt lat="28.234116405985127" lon="112.9111457367503">
        <ele>65.03007953613997</ele>
        <time>2026-09-15T22:57:44.700000Z</time>
        <extensions>
          <gpxtpx:TrackPointExtension>
            <gpxtpx:hr>134</gpxtpx:hr>
          </gpxtpx:TrackPointExtension>
        </extensions>
      </trkpt>
      <trkpt lat="28.23411710504868" lon="112.91113530391735">
        <ele>65.02036103513092</ele>
        <time>2026-09-15T22:57:45.700000Z</time>
        <extensions>
          <gpxtpx:TrackPointExtension>
            <gpxtpx:hr>133</gpxtpx:hr>
          </gpxtpx:TrackPointExtension>
        </extensions>
      </trkpt>
      <trkpt lat="28.234116848119314" lon="112.91112379377209">
        <ele>65.0119519950822</ele>
        <time>2026-09-15T22:57:46.700000Z</time>
        <extensions>
          <gpxtpx:TrackPointExtension>
            <gpxtpx:hr>133</gpxtpx:hr>
          </gpxtpx:TrackPointExtension>
        </extensions>
      </trkpt>
      <trkpt lat="28.234116365751895" lon="112.91111133027876">
        <ele>65.0069988090545</ele>
        <time>2026-09-15T22:57:47.700000Z</time>
        <extensions>
          <gpxtpx:TrackPointExtension>
            <gpxtpx:hr>133</gpxtpx:hr>
          </gpxtpx:TrackPointExtension>
        </extensions>
      </trkpt>
      <trkpt lat="28.234116056731104" lon="112.91109795582814">
        <ele>65.00587383564562</ele>
        <time>2026-09-15T22:57:48.700000Z</time>
        <extensions>
          <gpxtpx:TrackPointExtension>
            <gpxtpx:hr>133</gpxtpx:hr>
          </gpxtpx:TrackPointExtension>
        </extensions>
      </trkpt>
      <trkpt lat="28.234115828549616" lon="112.91108396641931">
        <ele>65.00869379751384</ele>
        <time>2026-09-15T22:57:49.700000Z</time>
        <extensions>
          <gpxtpx:TrackPointExtension>
            <gpxtpx:hr>133</gpxtpx:hr>
          </gpxtpx:TrackPointExtension>
        </extensions>
      </trkpt>
      <trkpt lat="28.234115490223967" lon="112.91106971802212">
        <ele>65.01534945331514</ele>
        <time>2026-09-15T22:57:50.700000Z</time>
        <extensions>
          <gpxtpx:TrackPointExtension>
            <gpxtpx:hr>132</gpxtpx:hr>
          </gpxtpx:TrackPointExtension>
        </extensions>
      </trkpt>
      <trkpt lat="28.23411502852636" lon="112.91105563629519">
        <ele>65.02567491680384</ele>
        <time>2026-09-15T22:57:51.700000Z</time>
        <extensions>
          <gpxtpx:TrackPointExtension>
            <gpxtpx:hr>132</gpxtpx:hr>
          </gpxtpx:TrackPointExtension>
        </extensions>
      </trkpt>
      <trkpt lat="28.234114417128826" lon="112.91104169199893">
        <ele>65.03959913179278</ele>
        <time>2026-09-15T22:57:52.700000Z</time>
        <extensions>
          <gpxtpx:TrackPointExtension>
            <gpxtpx:hr>132</gpxtpx:hr>
          </gpxtpx:TrackPointExtension>
        </extensions>
      </trkpt>
      <trkpt lat="28.234113721128168" lon="112.91102757467293">
        <ele>65.05716864112765</ele>
        <time>2026-09-15T22:57:53.700000Z</time>
        <extensions>
          <gpxtpx:TrackPointExtension>
            <gpxtpx:hr>132</gpxtpx:hr>
          </gpxtpx:TrackPointExtension>
        </extensions>
      </trkpt>
      <trkpt lat="28.234113101058583" lon="112.91101325812171">
        <ele>65.07843375299126</ele>
        <time>2026-09-15T22:57:54.700000Z</time>
        <extensions>
          <gpxtpx:TrackPointExtension>
            <gpxtpx:hr>132</gpxtpx:hr>
          </gpxtpx:TrackPointExtension>
        </extensions>
      </trkpt>
      <trkpt lat="28.234112625469535" lon="112.91099892546771">
        <ele>65.10333449859172</ele>
        <time>2026-09-15T22:57:55.700000Z</time>
        <extensions>
          <gpxtpx:TrackPointExtension>
            <gpxtpx:hr>132</gpxtpx:hr>
          </gpxtpx:TrackPointExtension>
        </extensions>
      </trkpt>
      <trkpt lat="28.23411222432269" lon="112.9109846915281">
        <ele>65.13165871798992</ele>
        <time>2026-09-15T22:57:56.600000Z</time>
        <extensions>
          <gpxtpx:TrackPointExtension>
            <gpxtpx:hr>132</gpxtpx:hr>
          </gpxtpx:TrackPointExtension>
        </extensions>
      </trkpt>
      <trkpt lat="28.234111792754003" lon="112.91097035518187">
        <ele>65.1629103673622</ele>
        <time>2026-09-15T22:57:57.600000Z</time>
        <extensions>
          <gpxtpx:TrackPointExtension>
            <gpxtpx:hr>132</gpxtpx:hr>
          </gpxtpx:TrackPointExtension>
        </extensions>
      </trkpt>
      <trkpt lat="28.23411132835907" lon="112.91095587272184">
        <ele>65.19623286742717</ele>
        <time>2026-09-15T22:57:58.600000Z</time>
        <extensions>
          <gpxtpx:TrackPointExtension>
            <gpxtpx:hr>132</gpxtpx:hr>
          </gpxtpx:TrackPointExtension>
        </extensions>
      </trkpt>
      <trkpt lat="28.23411124046405" lon="112.91094144579422">
        <ele>65.23049938026816</ele>
        <time>2026-09-15T22:57:59.600000Z</time>
        <extensions>
          <gpxtpx:TrackPointExtension>
            <gpxtpx:hr>132</gpxtpx:hr>
          </gpxtpx:TrackPointExtension>
        </extensions>
      </trkpt>
      <trkpt lat="28.234111514908783" lon="112.91092751437552">
        <ele>65.26459211204201</ele>
        <time>2026-09-15T22:58:00.600000Z</time>
        <extensions>
          <gpxtpx:TrackPointExtension>
            <gpxtpx:hr>132</gpxtpx:hr>
          </gpxtpx:TrackPointExtension>
        </extensions>
      </trkpt>
      <trkpt lat="28.234111638669255" lon="112.91091434813649">
        <ele>65.2975761545822</ele>
        <time>2026-09-15T22:58:01.600000Z</time>
        <extensions>
          <gpxtpx:TrackPointExtension>
            <gpxtpx:hr>132</gpxtpx:hr>
          </gpxtpx:TrackPointExtension>
        </extensions>
      </trkpt>
      <trkpt lat="28.234111811913728" lon="112.91090189751881">
        <ele>65.32857965491712</ele>
        <time>2026-09-15T22:58:02.600000Z</time>
        <extensions>
          <gpxtpx:TrackPointExtension>
            <gpxtpx:hr>133</gpxtpx:hr>
          </gpxtpx:TrackPointExtension>
        </extensions>
      </trkpt>
      <trkpt lat="28.234112465459923" lon="112.91089024019134">
        <ele>65.35686744377017</ele>
        <time>2026-09-15T22:58:03.600000Z</time>
        <extensions>
          <gpxtpx:TrackPointExtension>
            <gpxtpx:hr>133</gpxtpx:hr>
          </gpxtpx:TrackPointExtension>
        </extensions>
      </trkpt>
      <trkpt lat="28.234113986986337" lon="112.91087958569253">
        <ele>65.38152882643044</ele>
        <time>2026-09-15T22:58:04.600000Z</time>
        <extensions>
          <gpxtpx:TrackPointExtension>
            <gpxtpx:hr>133</gpxtpx:hr>
          </gpxtpx:TrackPointExtension>
        </extensions>
      </trkpt>
      <trkpt lat="28.234115804706427" lon="112.91086952496323">
        <ele>65.4018240692094</ele>
        <time>2026-09-15T22:58:05.600000Z</time>
        <extensions>
          <gpxtpx:TrackPointExtension>
            <gpxtpx:hr>133</gpxtpx:hr>
          </gpxtpx:TrackPointExtension>
        </extensions>
      </trkpt>
      <trkpt lat="28.234116826662692" lon="112.91085950330556">
        <ele>65.41721677500755</ele>
        <time>2026-09-15T22:58:06.600000Z</time>
        <extensions>
          <gpxtpx:TrackPointExtension>
            <gpxtpx:hr>133</gpxtpx:hr>
          </gpxtpx:TrackPointExtension>
        </extensions>
      </trkpt>
      <trkpt lat="28.234117129518573" lon="112.91084972511511">
        <ele>65.42740192264318</ele>
        <time>2026-09-15T22:58:07.600000Z</time>
        <extensions>
          <gpxtpx:TrackPointExtension>
            <gpxtpx:hr>134</gpxtpx:hr>
          </gpxtpx:TrackPointExtension>
        </extensions>
      </trkpt>
      <trkpt lat="28.234117318104385" lon="112.91084034616985">
        <ele>65.43234085477889</ele>
        <time>2026-09-15T22:58:08.600000Z</time>
        <extensions>
          <gpxtpx:TrackPointExtension>
            <gpxtpx:hr>134</gpxtpx:hr>
          </gpxtpx:TrackPointExtension>
        </extensions>
      </trkpt>
      <trkpt lat="28.234117879432922" lon="112.91083130108431">
        <ele>65.43227556813508</ele>
        <time>2026-09-15T22:58:09.600000Z</time>
        <extensions>
          <gpxtpx:TrackPointExtension>
            <gpxtpx:hr>134</gpxtpx:hr>
          </gpxtpx:TrackPointExtension>
        </extensions>
      </trkpt>
      <trkpt lat="28.234118681530063" lon="112.91082216923733">
        <ele>65.427768278867</ele>
        <time>2026-09-15T22:58:10.600000Z</time>
        <extensions>
          <gpxtpx:TrackPointExtension>
            <gpxtpx:hr>134</gpxtpx:hr>
          </gpxtpx:TrackPointExtension>
        </extensions>
      </trkpt>
      <trkpt lat="28.234119138638636" lon="112.91081257855485">
        <ele>65.41978855337948</ele>
        <time>2026-09-15T22:58:11.600000Z</time>
        <extensions>
          <gpxtpx:TrackPointExtension>
            <gpxtpx:hr>134</gpxtpx:hr>
          </gpxtpx:TrackPointExtension>
        </extensions>
      </trkpt>
      <trkpt lat="28.23411925016244" lon="112.9108026147066">
        <ele>65.40983029920608</ele>
        <time>2026-09-15T22:58:12.600000Z</time>
        <extensions>
          <gpxtpx:TrackPointExtension>
            <gpxtpx:hr>133</gpxtpx:hr>
          </gpxtpx:TrackPointExtension>
        </extensions>
      </trkpt>
      <trkpt lat="28.234119527009444" lon="112.91079063934801">
        <ele>65.39918163977563</ele>
        <time>2026-09-15T22:58:13.800000Z</time>
        <extensions>
          <gpxtpx:TrackPointExtension>
            <gpxtpx:hr>133</gpxtpx:hr>
          </gpxtpx:TrackPointExtension>
        </extensions>
      </trkpt>
      <trkpt lat="28.234120113629775" lon="112.9107798145876">
        <ele>65.39349775761366</ele>
        <time>2026-09-15T22:58:14.800000Z</time>
        <extensions>
          <gpxtpx:TrackPointExtension>
            <gpxtpx:hr>133</gpxtpx:hr>
          </gpxtpx:TrackPointExtension>
        </extensions>
      </trkpt>
      <trkpt lat="28.234120928516667" lon="112.9107692012604">
        <ele>65.39338387083262</ele>
        <time>2026-09-15T22:58:15.800000Z</time>
        <extensions>
          <gpxtpx:TrackPointExtension>
            <gpxtpx:hr>133</gpxtpx:hr>
          </gpxtpx:TrackPointExtension>
        </extensions>
      </trkpt>
      <trkpt lat="28.23412180948067" lon="112.9107591013132">
        <ele>65.40018396545202</ele>
        <time>2026-09-15T22:58:16.800000Z</time>
        <extensions>
          <gpxtpx:TrackPointExtension>
            <gpxtpx:hr>132</gpxtpx:hr>
          </gpxtpx:TrackPointExtension>
        </extensions>
      </trkpt>
      <trkpt lat="28.234122616990593" lon="112.91074953942817">
        <ele>65.41466782800853</ele>
        <time>2026-09-15T22:58:17.800000Z</time>
        <extensions>
          <gpxtpx:TrackPointExtension>
            <gpxtpx:hr>132</gpxtpx:hr>
          </gpxtpx:TrackPointExtension>
        </extensions>
      </trkpt>
      <trkpt lat="28.23412324258962" lon="112.91074059379369">
        <ele>65.43692633602768</ele>
        <time>2026-09-15T22:58:18.800000Z</time>
        <extensions>
          <gpxtpx:TrackPointExtension>
            <gpxtpx:hr>132</gpxtpx:hr>
          </gpxtpx:TrackPointExtension>
        </extensions>
      </trkpt>
      <trkpt lat="28.234123576214962" lon="112.91073269231738">
        <ele>65.46609371434897</ele>
        <time>2026-09-15T22:58:19.800000Z</time>
        <extensions>
          <gpxtpx:TrackPointExtension>
            <gpxtpx:hr>132</gpxtpx:hr>
          </gpxtpx:TrackPointExtension>
        </extensions>
      </trkpt>
      <trkpt lat="28.23412356223238" lon="112.91072717426104">
        <ele>65.49421227350831</ele>
        <time>2026-09-15T22:58:20.600000Z</time>
        <extensions>
          <gpxtpx:TrackPointExtension>
            <gpxtpx:hr>132</gpxtpx:hr>
          </gpxtpx:TrackPointExtension>
        </extensions>
      </trkpt>
      <trkpt lat="28.23412233892092" lon="112.91072167312865">
        <ele>65.52916412241757</ele>
        <time>2026-09-15T22:58:21.600000Z</time>
        <extensions>
          <gpxtpx:TrackPointExtension>
            <gpxtpx:hr>132</gpxtpx:hr>
          </gpxtpx:TrackPointExtension>
        </extensions>
      </trkpt>
      <trkpt lat="28.234119310560594" lon="112.91071686466327">
        <ele>65.56330642662942</ele>
        <time>2026-09-15T22:58:22.600000Z</time>
        <extensions>
          <gpxtpx:TrackPointExtension>
            <gpxtpx:hr>132</gpxtpx:hr>
          </gpxtpx:TrackPointExtension>
        </extensions>
      </trkpt>
      <trkpt lat="28.234115197708668" lon="112.91071217894019">
        <ele>65.59448241163045</ele>
        <time>2026-09-15T22:58:23.600000Z</time>
        <extensions>
          <gpxtpx:TrackPointExtension>
            <gpxtpx:hr>130</gpxtpx:hr>
          </gpxtpx:TrackPointExtension>
        </extensions>
      </trkpt>
      <trkpt lat="28.234111020446694" lon="112.91070695148416">
        <ele>65.62118658423424</ele>
        <time>2026-09-15T22:58:24.600000Z</time>
        <extensions>
          <gpxtpx:TrackPointExtension>
            <gpxtpx:hr>130</gpxtpx:hr>
          </gpxtpx:TrackPointExtension>
        </extensions>
      </trkpt>
      <trkpt lat="28.234107739900242" lon="112.91070045089444">
        <ele>65.64232608303428</ele>
        <time>2026-09-15T22:58:25.600000Z</time>
        <extensions>
          <gpxtpx:TrackPointExtension>
            <gpxtpx:hr>130</gpxtpx:hr>
          </gpxtpx:TrackPointExtension>
        </extensions>
      </trkpt>
      <trkpt lat="28.234105772900413" lon="112.91069232551018">
        <ele>65.65709870029241</ele>
        <time>2026-09-15T22:58:26.600000Z</time>
        <extensions>
          <gpxtpx:TrackPointExtension>
            <gpxtpx:hr>130</gpxtpx:hr>
          </gpxtpx:TrackPointExtension>
        </extensions>
      </trkpt>
      <trkpt lat="28.234104745990773" lon="112.91068288750266">
        <ele>65.6649269014597</ele>
        <time>2026-09-15T22:58:27.600000Z</time>
        <extensions>
          <gpxtpx:TrackPointExtension>
            <gpxtpx:hr>130</gpxtpx:hr>
          </gpxtpx:TrackPointExtension>
        </extensions>
      </trkpt>
      <trkpt lat="28.234104175739624" lon="112.91067254731519">
        <ele>65.66540367342532</ele>
        <time>2026-09-15T22:58:28.600000Z</time>
        <extensions>
          <gpxtpx:TrackPointExtension>
            <gpxtpx:hr>130</gpxtpx:hr>
          </gpxtpx:TrackPointExtension>
        </extensions>
      </trkpt>
      <trkpt lat="28.23410391579261" lon="112.91066150016262">
        <ele>65.65831653308123</ele>
        <time>2026-09-15T22:58:29.600000Z</time>
        <extensions>
          <gpxtpx:TrackPointExtension>
            <gpxtpx:hr>130</gpxtpx:hr>
          </gpxtpx:TrackPointExtension>
        </extensions>
      </trkpt>
      <trkpt lat="28.234103820763128" lon="112.91064990312891">
        <ele>65.64372880291194</ele>
        <time>2026-09-15T22:58:30.600000Z</time>
        <extensions>
          <gpxtpx:TrackPointExtension>
            <gpxtpx:hr>129</gpxtpx:hr>
          </gpxtpx:TrackPointExtension>
        </extensions>
      </trkpt>
      <trkpt lat="28.234103719821874" lon="112.91063800065677">
        <ele>65.62206349149346</ele>
        <time>2026-09-15T22:58:31.600000Z</time>
        <extensions>
          <gpxtpx:TrackPointExtension>
            <gpxtpx:hr>129</gpxtpx:hr>
          </gpxtpx:TrackPointExtension>
        </extensions>
      </trkpt>
      <trkpt lat="28.234103529251914" lon="112.91062609617235">
        <ele>65.59429907426238</ele>
        <time>2026-09-15T22:58:32.600000Z</time>
        <extensions>
          <gpxtpx:TrackPointExtension>
            <gpxtpx:hr>129</gpxtpx:hr>
          </gpxtpx:TrackPointExtension>
        </extensions>
      </trkpt>
      <trkpt lat="28.234103461557805" lon="112.91061454065255">
        <ele>65.56221188791096</ele>
        <time>2026-09-15T22:58:33.600000Z</time>
        <extensions>
          <gpxtpx:TrackPointExtension>
            <gpxtpx:hr>129</gpxtpx:hr>
          </gpxtpx:TrackPointExtension>
        </extensions>
      </trkpt>
      <trkpt lat="28.234103648518452" lon="112.91060354291919">
        <ele>65.52834800630808</ele>
        <time>2026-09-15T22:58:34.600000Z</time>
        <extensions>
          <gpxtpx:TrackPointExtension>
            <gpxtpx:hr>129</gpxtpx:hr>
          </gpxtpx:TrackPointExtension>
        </extensions>
      </trkpt>
      <trkpt lat="28.23410330800574" lon="112.91059062753989">
        <ele>65.49084100592881</ele>
        <time>2026-09-15T22:58:35.800000Z</time>
        <extensions>
          <gpxtpx:TrackPointExtension>
            <gpxtpx:hr>129</gpxtpx:hr>
          </gpxtpx:TrackPointExtension>
        </extensions>
      </trkpt>
      <trkpt lat="28.23410227933127" lon="112.91057968340029">
        <ele>65.46522711310536</ele>
        <time>2026-09-15T22:58:36.800000Z</time>
        <extensions>
          <gpxtpx:TrackPointExtension>
            <gpxtpx:hr>129</gpxtpx:hr>
          </gpxtpx:TrackPointExtension>
        </extensions>
      </trkpt>
      <trkpt lat="28.234100995912627" lon="112.91056902313319">
        <ele>65.44706447422504</ele>
        <time>2026-09-15T22:58:37.800000Z</time>
        <extensions>
          <gpxtpx:TrackPointExtension>
            <gpxtpx:hr>129</gpxtpx:hr>
          </gpxtpx:TrackPointExtension>
        </extensions>
      </trkpt>
      <trkpt lat="28.234099669192386" lon="112.91055885582864">
        <ele>65.43691468797624</ele>
        <time>2026-09-15T22:58:38.800000Z</time>
        <extensions>
          <gpxtpx:TrackPointExtension>
            <gpxtpx:hr>129</gpxtpx:hr>
          </gpxtpx:TrackPointExtension>
        </extensions>
      </trkpt>
      <trkpt lat="28.234098415060338" lon="112.91054910962099">
        <ele>65.43440435826778</ele>
        <time>2026-09-15T22:58:39.800000Z</time>
        <extensions>
          <gpxtpx:TrackPointExtension>
            <gpxtpx:hr>129</gpxtpx:hr>
          </gpxtpx:TrackPointExtension>
        </extensions>
      </trkpt>
      <trkpt lat="28.234097230807624" lon="112.91053942022606">
        <ele>65.43861087132245</ele>
        <time>2026-09-15T22:58:40.800000Z</time>
        <extensions>
          <gpxtpx:TrackPointExtension>
            <gpxtpx:hr>129</gpxtpx:hr>
          </gpxtpx:TrackPointExtension>
        </extensions>
      </trkpt>
      <trkpt lat="28.234096135398886" lon="112.91052941037223">
        <ele>65.44834065344185</ele>
        <time>2026-09-15T22:58:41.800000Z</time>
        <extensions>
          <gpxtpx:TrackPointExtension>
            <gpxtpx:hr>129</gpxtpx:hr>
          </gpxtpx:TrackPointExtension>
        </extensions>
      </trkpt>
      <trkpt lat="28.23409520238111" lon="112.91051909735478">
        <ele>65.462261849083</ele>
        <time>2026-09-15T22:58:42.800000Z</time>
        <extensions>
          <gpxtpx:TrackPointExtension>
            <gpxtpx:hr>129</gpxtpx:hr>
          </gpxtpx:TrackPointExtension>
        </extensions>
      </trkpt>
      <trkpt lat="28.234094462981943" lon="112.91050867255737">
        <ele>65.47892847191542</ele>
        <time>2026-09-15T22:58:43.800000Z</time>
        <extensions>
          <gpxtpx:TrackPointExtension>
            <gpxtpx:hr>129</gpxtpx:hr>
          </gpxtpx:TrackPointExtension>
        </extensions>
      </trkpt>
      <trkpt lat="28.234094010438028" lon="112.91050033219742">
        <ele>65.49306900799274</ele>
        <time>2026-09-15T22:58:44.600000Z</time>
        <extensions>
          <gpxtpx:TrackPointExtension>
            <gpxtpx:hr>131</gpxtpx:hr>
          </gpxtpx:TrackPointExtension>
        </extensions>
      </trkpt>
      <trkpt lat="28.234093686957962" lon="112.91048987886597">
        <ele>65.51057792454958</ele>
        <time>2026-09-15T22:58:45.600000Z</time>
        <extensions>
          <gpxtpx:TrackPointExtension>
            <gpxtpx:hr>131</gpxtpx:hr>
          </gpxtpx:TrackPointExtension>
        </extensions>
      </trkpt>
      <trkpt lat="28.23409371257668" lon="112.91047963889352">
        <ele>65.526582473889</ele>
        <time>2026-09-15T22:58:46.600000Z</time>
        <extensions>
          <gpxtpx:TrackPointExtension>
            <gpxtpx:hr>131</gpxtpx:hr>
          </gpxtpx:TrackPointExtension>
        </extensions>
      </trkpt>
      <trkpt lat="28.23409409461809" lon="112.91046996778186">
        <ele>65.54008213616908</ele>
        <time>2026-09-15T22:58:47.600000Z</time>
        <extensions>
          <gpxtpx:TrackPointExtension>
            <gpxtpx:hr>131</gpxtpx:hr>
          </gpxtpx:TrackPointExtension>
        </extensions>
      </trkpt>
      <trkpt lat="28.234095038076585" lon="112.91046116774496">
        <ele>65.55048837792128</ele>
        <time>2026-09-15T22:58:48.600000Z</time>
        <extensions>
          <gpxtpx:TrackPointExtension>
            <gpxtpx:hr>131</gpxtpx:hr>
          </gpxtpx:TrackPointExtension>
        </extensions>
      </trkpt>
      <trkpt lat="28.23409699803937" lon="112.9104532361228">
        <ele>65.5576165150851</ele>
        <time>2026-09-15T22:58:49.500000Z</time>
        <extensions>
          <gpxtpx:TrackPointExtension>
            <gpxtpx:hr>131</gpxtpx:hr>
          </gpxtpx:TrackPointExtension>
        </extensions>
      </trkpt>
      <trkpt lat="28.234100088964478" lon="112.91044595927438">
        <ele>65.56181742157787</ele>
        <time>2026-09-15T22:58:50.500000Z</time>
        <extensions>
          <gpxtpx:TrackPointExtension>
            <gpxtpx:hr>131</gpxtpx:hr>
          </gpxtpx:TrackPointExtension>
        </extensions>
      </trkpt>
      <trkpt lat="28.234104069926573" lon="112.91043903554912">
        <ele>65.56399801094085</ele>
        <time>2026-09-15T22:58:51.500000Z</time>
        <extensions>
          <gpxtpx:TrackPointExtension>
            <gpxtpx:hr>131</gpxtpx:hr>
          </gpxtpx:TrackPointExtension>
        </extensions>
      </trkpt>
      <trkpt lat="28.234108520737763" lon="112.91043025499299">
        <ele>65.565807627514</ele>
        <time>2026-09-15T22:58:52.800000Z</time>
        <extensions>
          <gpxtpx:TrackPointExtension>
            <gpxtpx:hr>131</gpxtpx:hr>
          </gpxtpx:TrackPointExtension>
        </extensions>
      </trkpt>
      <trkpt lat="28.234111238596945" lon="112.91042283216296">
        <ele>65.56772109307349</ele>
        <time>2026-09-15T22:58:53.800000Z</time>
        <extensions>
          <gpxtpx:TrackPointExtension>
            <gpxtpx:hr>131</gpxtpx:hr>
          </gpxtpx:TrackPointExtension>
        </extensions>
      </trkpt>
      <trkpt lat="28.23411325345172" lon="112.91041730048929">
        <ele>65.56959285400808</ele>
        <time>2026-09-15T22:58:54.500000Z</time>
        <extensions>
          <gpxtpx:TrackPointExtension>
            <gpxtpx:hr>131</gpxtpx:hr>
          </gpxtpx:TrackPointExtension>
        </extensions>
      </trkpt>
      <trkpt lat="28.23411633792282" lon="112.91041044014999">
        <ele>65.57189026940614</ele>
        <time>2026-09-15T22:58:55.500000Z</time>
        <extensions>
          <gpxtpx:TrackPointExtension>
            <gpxtpx:hr>131</gpxtpx:hr>
          </gpxtpx:TrackPointExtension>
        </extensions>
      </trkpt>
      <trkpt lat="28.234121013468183" lon="112.9104027670443">
        <ele>65.5737245567143</ele>
        <time>2026-09-15T22:58:56.800000Z</time>
        <extensions>
          <gpxtpx:TrackPointExtension>
            <gpxtpx:hr>131</gpxtpx:hr>
          </gpxtpx:TrackPointExtension>
        </extensions>
      </trkpt>
      <trkpt lat="28.234125330750356" lon="112.91039748591831">
        <ele>65.57418344914913</ele>
        <time>2026-09-15T22:58:57.800000Z</time>
        <extensions>
          <gpxtpx:TrackPointExtension>
            <gpxtpx:hr>131</gpxtpx:hr>
          </gpxtpx:TrackPointExtension>
        </extensions>
      </trkpt>
      <trkpt lat="28.234130145799828" lon="112.91039325126442">
        <ele>65.57374159805477</ele>
        <time>2026-09-15T22:58:58.800000Z</time>
        <extensions>
          <gpxtpx:TrackPointExtension>
            <gpxtpx:hr>131</gpxtpx:hr>
          </gpxtpx:TrackPointExtension>
        </extensions>
      </trkpt>
      <trkpt lat="28.23413412296733" lon="112.91039061304484">
        <ele>65.57282854244113</ele>
        <time>2026-09-15T22:58:59.500000Z</time>
        <extensions>
          <gpxtpx:TrackPointExtension>
            <gpxtpx:hr>128</gpxtpx:hr>
          </gpxtpx:TrackPointExtension>
        </extensions>
      </trkpt>
      <trkpt lat="28.23413953932401" lon="112.91038765166434">
        <ele>65.57081916183233</ele>
        <time>2026-09-15T22:59:00.500000Z</time>
        <extensions>
          <gpxtpx:TrackPointExtension>
            <gpxtpx:hr>128</gpxtpx:hr>
          </gpxtpx:TrackPointExtension>
        </extensions>
      </trkpt>
      <trkpt lat="28.2341462451069" lon="112.91038418973571">
        <ele>65.56651125010103</ele>
        <time>2026-09-15T22:59:01.800000Z</time>
        <extensions>
          <gpxtpx:TrackPointExtension>
            <gpxtpx:hr>128</gpxtpx:hr>
          </gpxtpx:TrackPointExtension>
        </extensions>
      </trkpt>
      <trkpt lat="28.23415161978131" lon="112.91038134387753">
        <ele>65.56122993770987</ele>
        <time>2026-09-15T22:59:02.800000Z</time>
        <extensions>
          <gpxtpx:TrackPointExtension>
            <gpxtpx:hr>128</gpxtpx:hr>
          </gpxtpx:TrackPointExtension>
        </extensions>
      </trkpt>
      <trkpt lat="28.234157213355882" lon="112.91037861978174">
        <ele>65.5539437578991</ele>
        <time>2026-09-15T22:59:03.800000Z</time>
        <extensions>
          <gpxtpx:TrackPointExtension>
            <gpxtpx:hr>128</gpxtpx:hr>
          </gpxtpx:TrackPointExtension>
        </extensions>
      </trkpt>
      <trkpt lat="28.234162963730032" lon="112.91037615127313">
        <ele>65.54414802789688</ele>
        <time>2026-09-15T22:59:04.800000Z</time>
        <extensions>
          <gpxtpx:TrackPointExtension>
            <gpxtpx:hr>128</gpxtpx:hr>
          </gpxtpx:TrackPointExtension>
        </extensions>
      </trkpt>
      <trkpt lat="28.23416869897101" lon="112.91037395413937">
        <ele>65.531519042328</ele>
        <time>2026-09-15T22:59:05.800000Z</time>
        <extensions>
          <gpxtpx:TrackPointExtension>
            <gpxtpx:hr>129</gpxtpx:hr>
          </gpxtpx:TrackPointExtension>
        </extensions>
      </trkpt>
      <trkpt lat="28.23417430029022" lon="112.91037189578972">
        <ele>65.51594008412212</ele>
        <time>2026-09-15T22:59:06.800000Z</time>
        <extensions>
          <gpxtpx:TrackPointExtension>
            <gpxtpx:hr>129</gpxtpx:hr>
          </gpxtpx:TrackPointExtension>
        </extensions>
      </trkpt>
      <trkpt lat="28.23417966472775" lon="112.91036975810414">
        <ele>65.49745622090995</ele>
        <time>2026-09-15T22:59:07.800000Z</time>
        <extensions>
          <gpxtpx:TrackPointExtension>
            <gpxtpx:hr>129</gpxtpx:hr>
          </gpxtpx:TrackPointExtension>
        </extensions>
      </trkpt>
      <trkpt lat="28.23418458260003" lon="112.91036738947403">
        <ele>65.47614639531821</ele>
        <time>2026-09-15T22:59:08.800000Z</time>
        <extensions>
          <gpxtpx:TrackPointExtension>
            <gpxtpx:hr>129</gpxtpx:hr>
          </gpxtpx:TrackPointExtension>
        </extensions>
      </trkpt>
      <trkpt lat="28.234188755472232" lon="112.91036484796453">
        <ele>65.45197391137481</ele>
        <time>2026-09-15T22:59:09.800000Z</time>
        <extensions>
          <gpxtpx:TrackPointExtension>
            <gpxtpx:hr>129</gpxtpx:hr>
          </gpxtpx:TrackPointExtension>
        </extensions>
      </trkpt>
      <trkpt lat="28.234191930221485" lon="112.91036235421399">
        <ele>65.42472373135388</ele>
        <time>2026-09-15T22:59:10.800000Z</time>
        <extensions>
          <gpxtpx:TrackPointExtension>
            <gpxtpx:hr>129</gpxtpx:hr>
          </gpxtpx:TrackPointExtension>
        </extensions>
      </trkpt>
      <trkpt lat="28.23419401923856" lon="112.91036015005061">
        <ele>65.39405045937747</ele>
        <time>2026-09-15T22:59:11.800000Z</time>
        <extensions>
          <gpxtpx:TrackPointExtension>
            <gpxtpx:hr>129</gpxtpx:hr>
          </gpxtpx:TrackPointExtension>
        </extensions>
      </trkpt>
      <trkpt lat="28.234195186640186" lon="112.91035835212276">
        <ele>65.35963480174541</ele>
        <time>2026-09-15T22:59:12.800000Z</time>
        <extensions>
          <gpxtpx:TrackPointExtension>
            <gpxtpx:hr>129</gpxtpx:hr>
          </gpxtpx:TrackPointExtension>
        </extensions>
      </trkpt>
      <trkpt lat="28.23419572533834" lon="112.91035688819231">
        <ele>65.32147653121501</ele>
        <time>2026-09-15T22:59:13.800000Z</time>
        <extensions>
          <gpxtpx:TrackPointExtension>
            <gpxtpx:hr>129</gpxtpx:hr>
          </gpxtpx:TrackPointExtension>
        </extensions>
      </trkpt>
      <trkpt lat="28.234195855761385" lon="112.91035561832423">
        <ele>65.28028123918921</ele>
        <time>2026-09-15T22:59:14.800000Z</time>
        <extensions>
          <gpxtpx:TrackPointExtension>
            <gpxtpx:hr>129</gpxtpx:hr>
          </gpxtpx:TrackPointExtension>
        </extensions>
      </trkpt>
      <trkpt lat="28.234195739545434" lon="112.91035449390058">
        <ele>65.2376393135637</ele>
        <time>2026-09-15T22:59:15.800000Z</time>
        <extensions>
          <gpxtpx:TrackPointExtension>
            <gpxtpx:hr>129</gpxtpx:hr>
          </gpxtpx:TrackPointExtension>
        </extensions>
      </trkpt>
      <trkpt lat="28.234195488447174" lon="112.9103535026213">
        <ele>65.19579243194312</ele>
        <time>2026-09-15T22:59:16.800000Z</time>
        <extensions>
          <gpxtpx:TrackPointExtension>
            <gpxtpx:hr>129</gpxtpx:hr>
          </gpxtpx:TrackPointExtension>
        </extensions>
      </trkpt>
      <trkpt lat="28.234195171037044" lon="112.91035260495973">
        <ele>65.15722254943103</ele>
        <time>2026-09-15T22:59:17.800000Z</time>
        <extensions>
          <gpxtpx:TrackPointExtension>
            <gpxtpx:hr>128</gpxtpx:hr>
          </gpxtpx:TrackPointExtension>
        </extensions>
      </trkpt>
      <trkpt lat="28.234194828684004" lon="112.91035177925639">
        <ele>65.12420977372676</ele>
        <time>2026-09-15T22:59:18.800000Z</time>
        <extensions>
          <gpxtpx:TrackPointExtension>
            <gpxtpx:hr>128</gpxtpx:hr>
          </gpxtpx:TrackPointExtension>
        </extensions>
      </trkpt>
      <trkpt lat="28.23419448502815" lon="112.91035101640415">
        <ele>65.0983023867011</ele>
        <time>2026-09-15T22:59:19.800000Z</time>
        <extensions>
          <gpxtpx:TrackPointExtension>
            <gpxtpx:hr>128</gpxtpx:hr>
          </gpxtpx:TrackPointExtension>
        </extensions>
      </trkpt>
      <trkpt lat="28.234194138243268" lon="112.91035028604719">
        <ele>65.08000015933067</ele>
        <time>2026-09-15T22:59:20.800000Z</time>
        <extensions>
          <gpxtpx:TrackPointExtension>
            <gpxtpx:hr>128</gpxtpx:hr>
          </gpxtpx:TrackPointExtension>
        </extensions>
      </trkpt>
      <trkpt lat="28.234193773179545" lon="112.91034954895159">
        <ele>65.0689258640632</ele>
        <time>2026-09-15T22:59:21.800000Z</time>
        <extensions>
          <gpxtpx:TrackPointExtension>
            <gpxtpx:hr>128</gpxtpx:hr>
          </gpxtpx:TrackPointExtension>
        </extensions>
      </trkpt>
      <trkpt lat="28.234193405025454" lon="112.91034886293727">
        <ele>65.06414992362261</ele>
        <time>2026-09-15T22:59:22.800000Z</time>
        <extensions>
          <gpxtpx:TrackPointExtension>
            <gpxtpx:hr>128</gpxtpx:hr>
          </gpxtpx:TrackPointExtension>
        </extensions>
      </trkpt>
      <trkpt lat="28.23419305871803" lon="112.91034830302353">
        <ele>65.0644187964499</ele>
        <time>2026-09-15T22:59:23.800000Z</time>
        <extensions>
          <gpxtpx:TrackPointExtension>
            <gpxtpx:hr>128</gpxtpx:hr>
          </gpxtpx:TrackPointExtension>
        </extensions>
      </trkpt>
      <trkpt lat="28.234192744885746" lon="112.91034788083374">
        <ele>65.06832307484001</ele>
        <time>2026-09-15T22:59:24.800000Z</time>
        <extensions>
          <gpxtpx:TrackPointExtension>
            <gpxtpx:hr>128</gpxtpx:hr>
          </gpxtpx:TrackPointExtension>
        </extensions>
      </trkpt>
      <trkpt lat="28.234192471683155" lon="112.91034759672864">
        <ele>65.07441817317158</ele>
        <time>2026-09-15T22:59:25.800000Z</time>
        <extensions>
          <gpxtpx:TrackPointExtension>
            <gpxtpx:hr>128</gpxtpx:hr>
          </gpxtpx:TrackPointExtension>
        </extensions>
      </trkpt>
      <trkpt lat="28.234192239308843" lon="112.9103474383307">
        <ele>65.08135139197111</ele>
        <time>2026-09-15T22:59:26.800000Z</time>
        <extensions>
          <gpxtpx:TrackPointExtension>
            <gpxtpx:hr>128</gpxtpx:hr>
          </gpxtpx:TrackPointExtension>
        </extensions>
      </trkpt>
      <trkpt lat="28.234192037014896" lon="112.91034738790721">
        <ele>65.08798335120082</ele>
        <time>2026-09-15T22:59:27.800000Z</time>
        <extensions>
          <gpxtpx:TrackPointExtension>
            <gpxtpx:hr>127</gpxtpx:hr>
          </gpxtpx:TrackPointExtension>
        </extensions>
      </trkpt>
      <trkpt lat="28.234191855922557" lon="112.91034743859946">
        <ele>65.09346441086382</ele>
        <time>2026-09-15T22:59:28.800000Z</time>
        <extensions>
          <gpxtpx:TrackPointExtension>
            <gpxtpx:hr>127</gpxtpx:hr>
          </gpxtpx:TrackPointExtension>
        </extensions>
      </trkpt>
      <trkpt lat="28.234191713025933" lon="112.91034755859185">
        <ele>65.0972940986976</ele>
        <time>2026-09-15T22:59:29.800000Z</time>
        <extensions>
          <gpxtpx:TrackPointExtension>
            <gpxtpx:hr>127</gpxtpx:hr>
          </gpxtpx:TrackPointExtension>
        </extensions>
      </trkpt>
      <trkpt lat="28.234191636286198" lon="112.91034761693629">
        <ele>65.09934096224606</ele>
        <time>2026-09-15T22:59:30.800000Z</time>
        <extensions>
          <gpxtpx:TrackPointExtension>
            <gpxtpx:hr>127</gpxtpx:hr>
          </gpxtpx:TrackPointExtension>
        </extensions>
      </trkpt>
      <trkpt lat="28.234191587729896" lon="112.9103474323116">
        <ele>65.09980236832052</ele>
        <time>2026-09-15T22:59:31.800000Z</time>
        <extensions>
          <gpxtpx:TrackPointExtension>
            <gpxtpx:hr>127</gpxtpx:hr>
          </gpxtpx:TrackPointExtension>
        </extensions>
      </trkpt>
      <trkpt lat="28.23419152996863" lon="112.91034696192386">
        <ele>65.09910518303514</ele>
        <time>2026-09-15T22:59:32.800000Z</time>
        <extensions>
          <gpxtpx:TrackPointExtension>
            <gpxtpx:hr>127</gpxtpx:hr>
          </gpxtpx:TrackPointExtension>
        </extensions>
      </trkpt>
      <trkpt lat="28.234191476743796" lon="112.91034638801133">
        <ele>65.09778622165322</ele>
        <time>2026-09-15T22:59:33.800000Z</time>
        <extensions>
          <gpxtpx:TrackPointExtension>
            <gpxtpx:hr>127</gpxtpx:hr>
          </gpxtpx:TrackPointExtension>
        </extensions>
      </trkpt>
      <trkpt lat="28.234191441627882" lon="112.91034589339816">
        <ele>65.09631701372564</ele>
        <time>2026-09-15T22:59:34.800000Z</time>
        <extensions>
          <gpxtpx:TrackPointExtension>
            <gpxtpx:hr>127</gpxtpx:hr>
          </gpxtpx:TrackPointExtension>
        </extensions>
      </trkpt>
      <trkpt lat="28.23419143896462" lon="112.91034550719385">
        <ele>65.09493363648653</ele>
        <time>2026-09-15T22:59:35.800000Z</time>
        <extensions>
          <gpxtpx:TrackPointExtension>
            <gpxtpx:hr>127</gpxtpx:hr>
          </gpxtpx:TrackPointExtension>
        </extensions>
      </trkpt>
      <trkpt lat="28.23419147784349" lon="112.9103452086853">
        <ele>65.09359085187316</ele>
        <time>2026-09-15T22:59:36.800000Z</time>
        <extensions>
          <gpxtpx:TrackPointExtension>
            <gpxtpx:hr>127</gpxtpx:hr>
          </gpxtpx:TrackPointExtension>
        </extensions>
      </trkpt>
      <trkpt lat="28.234191570631392" lon="112.91034498325823">
        <ele>65.09198966156691</ele>
        <time>2026-09-15T22:59:37.800000Z</time>
        <extensions>
          <gpxtpx:TrackPointExtension>
            <gpxtpx:hr>127</gpxtpx:hr>
          </gpxtpx:TrackPointExtension>
        </extensions>
      </trkpt>
      <trkpt lat="28.234191736104687" lon="112.91034481986358">
        <ele>65.08964896667749</ele>
        <time>2026-09-15T22:59:38.800000Z</time>
        <extensions>
          <gpxtpx:TrackPointExtension>
            <gpxtpx:hr>127</gpxtpx:hr>
          </gpxtpx:TrackPointExtension>
        </extensions>
      </trkpt>
      <trkpt lat="28.23419200187453" lon="112.91034470929515">
        <ele>65.08613433595747</ele>
        <time>2026-09-15T22:59:39.800000Z</time>
        <extensions>
          <gpxtpx:TrackPointExtension>
            <gpxtpx:hr>127</gpxtpx:hr>
          </gpxtpx:TrackPointExtension>
        </extensions>
      </trkpt>
      <trkpt lat="28.23419240730388" lon="112.91034464273416">
        <ele>65.08131112344563</ele>
        <time>2026-09-15T22:59:40.800000Z</time>
        <extensions>
          <gpxtpx:TrackPointExtension>
            <gpxtpx:hr>127</gpxtpx:hr>
          </gpxtpx:TrackPointExtension>
        </extensions>
      </trkpt>
      <trkpt lat="28.23419300952391" lon="112.91034461228509">
        <ele>65.07549386285245</ele>
        <time>2026-09-15T22:59:41.800000Z</time>
        <extensions>
          <gpxtpx:TrackPointExtension>
            <gpxtpx:hr>127</gpxtpx:hr>
          </gpxtpx:TrackPointExtension>
        </extensions>
      </trkpt>
      <trkpt lat="28.234193880364927" lon="112.91034460760811">
        <ele>65.06963621079922</ele>
        <time>2026-09-15T22:59:42.800000Z</time>
        <extensions>
          <gpxtpx:TrackPointExtension>
            <gpxtpx:hr>128</gpxtpx:hr>
          </gpxtpx:TrackPointExtension>
        </extensions>
      </trkpt>
      <trkpt lat="28.23419512911683" lon="112.9103446211726">
        <ele>65.06538424640894</ele>
        <time>2026-09-15T22:59:43.800000Z</time>
        <extensions>
          <gpxtpx:TrackPointExtension>
            <gpxtpx:hr>128</gpxtpx:hr>
          </gpxtpx:TrackPointExtension>
        </extensions>
      </trkpt>
      <trkpt lat="28.234196906072295" lon="112.9103446460682">
        <ele>65.06502385530621</ele>
        <time>2026-09-15T22:59:44.800000Z</time>
        <extensions>
          <gpxtpx:TrackPointExtension>
            <gpxtpx:hr>128</gpxtpx:hr>
          </gpxtpx:TrackPointExtension>
        </extensions>
      </trkpt>
      <trkpt lat="28.234199415630844" lon="112.9103446795863">
        <ele>65.07123220711946</ele>
        <time>2026-09-15T22:59:45.800000Z</time>
        <extensions>
          <gpxtpx:TrackPointExtension>
            <gpxtpx:hr>128</gpxtpx:hr>
          </gpxtpx:TrackPointExtension>
        </extensions>
      </trkpt>
      <trkpt lat="28.234202984602902" lon="112.91034472886686">
        <ele>65.08684716373682</ele>
        <time>2026-09-15T22:59:46.800000Z</time>
        <extensions>
          <gpxtpx:TrackPointExtension>
            <gpxtpx:hr>128</gpxtpx:hr>
          </gpxtpx:TrackPointExtension>
        </extensions>
      </trkpt>
      <trkpt lat="28.23420801739098" lon="112.91034482032453">
        <ele>65.11447920557112</ele>
        <time>2026-09-15T22:59:47.800000Z</time>
        <extensions>
          <gpxtpx:TrackPointExtension>
            <gpxtpx:hr>128</gpxtpx:hr>
          </gpxtpx:TrackPointExtension>
        </extensions>
      </trkpt>
      <trkpt lat="28.23421505531458" lon="112.910345013397">
        <ele>65.15599287487566</ele>
        <time>2026-09-15T22:59:48.800000Z</time>
        <extensions>
          <gpxtpx:TrackPointExtension>
            <gpxtpx:hr>128</gpxtpx:hr>
          </gpxtpx:TrackPointExtension>
        </extensions>
      </trkpt>
      <trkpt lat="28.234223985625494" lon="112.91034556329811">
        <ele>65.21202015690506</ele>
        <time>2026-09-15T22:59:49.800000Z</time>
        <extensions>
          <gpxtpx:TrackPointExtension>
            <gpxtpx:hr>128</gpxtpx:hr>
          </gpxtpx:TrackPointExtension>
        </extensions>
      </trkpt>
      <trkpt lat="28.234233919138422" lon="112.91034686511058">
        <ele>65.28093203157187</ele>
        <time>2026-09-15T22:59:50.800000Z</time>
        <extensions>
          <gpxtpx:TrackPointExtension>
            <gpxtpx:hr>128</gpxtpx:hr>
          </gpxtpx:TrackPointExtension>
        </extensions>
      </trkpt>
      <trkpt lat="28.234244008944305" lon="112.91034903027689">
        <ele>65.35926543734968</ele>
        <time>2026-09-15T22:59:51.800000Z</time>
        <extensions>
          <gpxtpx:TrackPointExtension>
            <gpxtpx:hr>128</gpxtpx:hr>
          </gpxtpx:TrackPointExtension>
        </extensions>
      </trkpt>
      <trkpt lat="28.23425059661922" lon="112.91035078223283">
        <ele>65.41436282359064</ele>
        <time>2026-09-15T22:59:52.400000Z</time>
        <extensions>
          <gpxtpx:TrackPointExtension>
            <gpxtpx:hr>128</gpxtpx:hr>
          </gpxtpx:TrackPointExtension>
        </extensions>
      </trkpt>
      <trkpt lat="28.23426054794211" lon="112.91035356064229">
        <ele>65.49900584667921</ele>
        <time>2026-09-15T22:59:53.400000Z</time>
        <extensions>
          <gpxtpx:TrackPointExtension>
            <gpxtpx:hr>128</gpxtpx:hr>
          </gpxtpx:TrackPointExtension>
        </extensions>
      </trkpt>
      <trkpt lat="28.234271123912656" lon="112.91035655014402">
        <ele>65.58416061103344</ele>
        <time>2026-09-15T22:59:54.400000Z</time>
        <extensions>
          <gpxtpx:TrackPointExtension>
            <gpxtpx:hr>128</gpxtpx:hr>
          </gpxtpx:TrackPointExtension>
        </extensions>
      </trkpt>
      <trkpt lat="28.23428259161923" lon="112.91035983616777">
        <ele>65.6674943678081</ele>
        <time>2026-09-15T22:59:55.400000Z</time>
        <extensions>
          <gpxtpx:TrackPointExtension>
            <gpxtpx:hr>126</gpxtpx:hr>
          </gpxtpx:TrackPointExtension>
        </extensions>
      </trkpt>
      <trkpt lat="28.234294501888904" lon="112.91036353385134">
        <ele>65.7475238405168</ele>
        <time>2026-09-15T22:59:56.400000Z</time>
        <extensions>
          <gpxtpx:TrackPointExtension>
            <gpxtpx:hr>126</gpxtpx:hr>
          </gpxtpx:TrackPointExtension>
        </extensions>
      </trkpt>
      <trkpt lat="28.234306384911584" lon="112.91036754146687">
        <ele>65.8233438655734</ele>
        <time>2026-09-15T22:59:57.400000Z</time>
        <extensions>
          <gpxtpx:TrackPointExtension>
            <gpxtpx:hr>126</gpxtpx:hr>
          </gpxtpx:TrackPointExtension>
        </extensions>
      </trkpt>
      <trkpt lat="28.234318037068515" lon="112.91037167676666">
        <ele>65.89437100477517</ele>
        <time>2026-09-15T22:59:58.400000Z</time>
        <extensions>
          <gpxtpx:TrackPointExtension>
            <gpxtpx:hr>126</gpxtpx:hr>
          </gpxtpx:TrackPointExtension>
        </extensions>
      </trkpt>
      <trkpt lat="28.234329380521192" lon="112.91037574242257">
        <ele>65.96024951059371</ele>
        <time>2026-09-15T22:59:59.400000Z</time>
        <extensions>
          <gpxtpx:TrackPointExtension>
            <gpxtpx:hr>126</gpxtpx:hr>
          </gpxtpx:TrackPointExtension>
        </extensions>
      </trkpt>
      <trkpt lat="28.23434015036268" lon="112.9103794784236">
        <ele>66.02087614312768</ele>
        <time>2026-09-15T23:00:00.400000Z</time>
        <extensions>
          <gpxtpx:TrackPointExtension>
            <gpxtpx:hr>125</gpxtpx:hr>
          </gpxtpx:TrackPointExtension>
        </extensions>
      </trkpt>
      <trkpt lat="28.234349490678156" lon="112.91038276108057">
        <ele>66.07647006772459</ele>
        <time>2026-09-15T23:00:01.400000Z</time>
        <extensions>
          <gpxtpx:TrackPointExtension>
            <gpxtpx:hr>125</gpxtpx:hr>
          </gpxtpx:TrackPointExtension>
        </extensions>
      </trkpt>
      <trkpt lat="28.234356448897078" lon="112.91038547975761">
        <ele>66.12771060783416</ele>
        <time>2026-09-15T23:00:02.400000Z</time>
        <extensions>
          <gpxtpx:TrackPointExtension>
            <gpxtpx:hr>125</gpxtpx:hr>
          </gpxtpx:TrackPointExtension>
        </extensions>
      </trkpt>
      <trkpt lat="28.234362960392634" lon="112.91038816076353">
        <ele>66.17580737732351</ele>
        <time>2026-09-15T23:00:03.400000Z</time>
        <extensions>
          <gpxtpx:TrackPointExtension>
            <gpxtpx:hr>125</gpxtpx:hr>
          </gpxtpx:TrackPointExtension>
        </extensions>
      </trkpt>
      <trkpt lat="28.234370896740916" lon="112.91039133430627">
        <ele>66.22233970090747</ele>
        <time>2026-09-15T23:00:04.400000Z</time>
        <extensions>
          <gpxtpx:TrackPointExtension>
            <gpxtpx:hr>125</gpxtpx:hr>
          </gpxtpx:TrackPointExtension>
        </extensions>
      </trkpt>
      <trkpt lat="28.2343796349755" lon="112.91039494942943">
        <ele>66.2690131207928</ele>
        <time>2026-09-15T23:00:05.400000Z</time>
        <extensions>
          <gpxtpx:TrackPointExtension>
            <gpxtpx:hr>125</gpxtpx:hr>
          </gpxtpx:TrackPointExtension>
        </extensions>
      </trkpt>
      <trkpt lat="28.234388804885977" lon="112.91039901705531">
        <ele>66.31742933019996</ele>
        <time>2026-09-15T23:00:06.400000Z</time>
        <extensions>
          <gpxtpx:TrackPointExtension>
            <gpxtpx:hr>124</gpxtpx:hr>
          </gpxtpx:TrackPointExtension>
        </extensions>
      </trkpt>
      <trkpt lat="28.23439828718672" lon="112.91040348679086">
        <ele>66.36892526131123</ele>
        <time>2026-09-15T23:00:07.400000Z</time>
        <extensions>
          <gpxtpx:TrackPointExtension>
            <gpxtpx:hr>124</gpxtpx:hr>
          </gpxtpx:TrackPointExtension>
        </extensions>
      </trkpt>
      <trkpt lat="28.23440804450272" lon="112.91040804300592">
        <ele>66.424630086869</ele>
        <time>2026-09-15T23:00:08.400000Z</time>
        <extensions>
          <gpxtpx:TrackPointExtension>
            <gpxtpx:hr>124</gpxtpx:hr>
          </gpxtpx:TrackPointExtension>
        </extensions>
      </trkpt>
      <trkpt lat="28.23441769232014" lon="112.91041233042206">
        <ele>66.48557063471526</ele>
        <time>2026-09-15T23:00:09.400000Z</time>
        <extensions>
          <gpxtpx:TrackPointExtension>
            <gpxtpx:hr>124</gpxtpx:hr>
          </gpxtpx:TrackPointExtension>
        </extensions>
      </trkpt>
      <trkpt lat="28.2344266729741" lon="112.91041665324467">
        <ele>66.55274661909789</ele>
        <time>2026-09-15T23:00:10.400000Z</time>
        <extensions>
          <gpxtpx:TrackPointExtension>
            <gpxtpx:hr>123</gpxtpx:hr>
          </gpxtpx:TrackPointExtension>
        </extensions>
      </trkpt>
      <trkpt lat="28.234434483973637" lon="112.91042175338953">
        <ele>66.62706274352968</ele>
        <time>2026-09-15T23:00:11.400000Z</time>
        <extensions>
          <gpxtpx:TrackPointExtension>
            <gpxtpx:hr>123</gpxtpx:hr>
          </gpxtpx:TrackPointExtension>
        </extensions>
      </trkpt>
      <trkpt lat="28.2344412794939" lon="112.91042756413023">
        <ele>66.7091590212658</ele>
        <time>2026-09-15T23:00:12.400000Z</time>
        <extensions>
          <gpxtpx:TrackPointExtension>
            <gpxtpx:hr>123</gpxtpx:hr>
          </gpxtpx:TrackPointExtension>
        </extensions>
      </trkpt>
      <trkpt lat="28.234447451516502" lon="112.91043356304507">
        <ele>66.7994086984545</ele>
        <time>2026-09-15T23:00:13.400000Z</time>
        <extensions>
          <gpxtpx:TrackPointExtension>
            <gpxtpx:hr>123</gpxtpx:hr>
          </gpxtpx:TrackPointExtension>
        </extensions>
      </trkpt>
      <trkpt lat="28.23445311015956" lon="112.91043982344813">
        <ele>66.89780717622489</ele>
        <time>2026-09-15T23:00:14.400000Z</time>
        <extensions>
          <gpxtpx:TrackPointExtension>
            <gpxtpx:hr>123</gpxtpx:hr>
          </gpxtpx:TrackPointExtension>
        </extensions>
      </trkpt>
      <trkpt lat="28.234458525713876" lon="112.9104465958523">
        <ele>67.00377872772515</ele>
        <time>2026-09-15T23:00:15.400000Z</time>
        <extensions>
          <gpxtpx:TrackPointExtension>
            <gpxtpx:hr>123</gpxtpx:hr>
          </gpxtpx:TrackPointExtension>
        </extensions>
      </trkpt>
      <trkpt lat="28.23446388395741" lon="112.91045390300052">
        <ele>67.11620546132326</ele>
        <time>2026-09-15T23:00:16.400000Z</time>
        <extensions>
          <gpxtpx:TrackPointExtension>
            <gpxtpx:hr>123</gpxtpx:hr>
          </gpxtpx:TrackPointExtension>
        </extensions>
      </trkpt>
      <trkpt lat="28.234469279034688" lon="112.91046162035866">
        <ele>67.23350155353546</ele>
        <time>2026-09-15T23:00:17.400000Z</time>
        <extensions>
          <gpxtpx:TrackPointExtension>
            <gpxtpx:hr>123</gpxtpx:hr>
          </gpxtpx:TrackPointExtension>
        </extensions>
      </trkpt>
      <trkpt lat="28.234474810767267" lon="112.91046962713273">
        <ele>67.3536895122379</ele>
        <time>2026-09-15T23:00:18.400000Z</time>
        <extensions>
          <gpxtpx:TrackPointExtension>
            <gpxtpx:hr>123</gpxtpx:hr>
          </gpxtpx:TrackPointExtension>
        </extensions>
      </trkpt>
      <trkpt lat="28.234480611341137" lon="112.91047786432695">
        <ele>67.47455994505435</ele>
        <time>2026-09-15T23:00:19.400000Z</time>
        <extensions>
          <gpxtpx:TrackPointExtension>
            <gpxtpx:hr>122</gpxtpx:hr>
          </gpxtpx:TrackPointExtension>
        </extensions>
      </trkpt>
      <trkpt lat="28.234486842073917" lon="112.91048630129131">
        <ele>67.59384725335985</ele>
        <time>2026-09-15T23:00:20.400000Z</time>
        <extensions>
          <gpxtpx:TrackPointExtension>
            <gpxtpx:hr>122</gpxtpx:hr>
          </gpxtpx:TrackPointExtension>
        </extensions>
      </trkpt>
      <trkpt lat="28.234493555787786" lon="112.91049468066605">
        <ele>67.70923608727753</ele>
        <time>2026-09-15T23:00:21.400000Z</time>
        <extensions>
          <gpxtpx:TrackPointExtension>
            <gpxtpx:hr>122</gpxtpx:hr>
          </gpxtpx:TrackPointExtension>
        </extensions>
      </trkpt>
      <trkpt lat="28.23450078605725" lon="112.91050263406792">
        <ele>67.81823005061597</ele>
        <time>2026-09-15T23:00:22.400000Z</time>
        <extensions>
          <gpxtpx:TrackPointExtension>
            <gpxtpx:hr>122</gpxtpx:hr>
          </gpxtpx:TrackPointExtension>
        </extensions>
      </trkpt>
      <trkpt lat="28.23450849572827" lon="112.91050980991746">
        <ele>67.91839062515646</ele>
        <time>2026-09-15T23:00:23.400000Z</time>
        <extensions>
          <gpxtpx:TrackPointExtension>
            <gpxtpx:hr>122</gpxtpx:hr>
          </gpxtpx:TrackPointExtension>
        </extensions>
      </trkpt>
      <trkpt lat="28.23451622962515" lon="112.91051598112422">
        <ele>68.00763499457389</ele>
        <time>2026-09-15T23:00:24.400000Z</time>
        <extensions>
          <gpxtpx:TrackPointExtension>
            <gpxtpx:hr>122</gpxtpx:hr>
          </gpxtpx:TrackPointExtension>
        </extensions>
      </trkpt>
      <trkpt lat="28.23452328928889" lon="112.91052131777552">
        <ele>68.0840811599046</ele>
        <time>2026-09-15T23:00:25.400000Z</time>
        <extensions>
          <gpxtpx:TrackPointExtension>
            <gpxtpx:hr>122</gpxtpx:hr>
          </gpxtpx:TrackPointExtension>
        </extensions>
      </trkpt>
      <trkpt lat="28.234529383366176" lon="112.91052604233553">
        <ele>68.14614638499916</ele>
        <time>2026-09-15T23:00:26.400000Z</time>
        <extensions>
          <gpxtpx:TrackPointExtension>
            <gpxtpx:hr>123</gpxtpx:hr>
          </gpxtpx:TrackPointExtension>
        </extensions>
      </trkpt>
      <trkpt lat="28.234534932472783" lon="112.91053027973086">
        <ele>68.19306472502649</ele>
        <time>2026-09-15T23:00:27.400000Z</time>
        <extensions>
          <gpxtpx:TrackPointExtension>
            <gpxtpx:hr>123</gpxtpx:hr>
          </gpxtpx:TrackPointExtension>
        </extensions>
      </trkpt>
      <trkpt lat="28.234540271373973" lon="112.91053408000023">
        <ele>68.22478740103543</ele>
        <time>2026-09-15T23:00:28.400000Z</time>
        <extensions>
          <gpxtpx:TrackPointExtension>
            <gpxtpx:hr>123</gpxtpx:hr>
          </gpxtpx:TrackPointExtension>
        </extensions>
      </trkpt>
      <trkpt lat="28.234545257388604" lon="112.91053741783573">
        <ele>68.24125900212675</ele>
        <time>2026-09-15T23:00:29.400000Z</time>
        <extensions>
          <gpxtpx:TrackPointExtension>
            <gpxtpx:hr>123</gpxtpx:hr>
          </gpxtpx:TrackPointExtension>
        </extensions>
      </trkpt>
      <trkpt lat="28.234549719764797" lon="112.91054028839947">
        <ele>68.2420306224376</ele>
        <time>2026-09-15T23:00:30.400000Z</time>
        <extensions>
          <gpxtpx:TrackPointExtension>
            <gpxtpx:hr>123</gpxtpx:hr>
          </gpxtpx:TrackPointExtension>
        </extensions>
      </trkpt>
      <trkpt lat="28.23455354608914" lon="112.9105427241853">
        <ele>68.22595952730626</ele>
        <time>2026-09-15T23:00:31.400000Z</time>
        <extensions>
          <gpxtpx:TrackPointExtension>
            <gpxtpx:hr>123</gpxtpx:hr>
          </gpxtpx:TrackPointExtension>
        </extensions>
      </trkpt>
      <trkpt lat="28.23455709994413" lon="112.91054494790266">
        <ele>68.1907550925389</ele>
        <time>2026-09-15T23:00:32.400000Z</time>
        <extensions>
          <gpxtpx:TrackPointExtension>
            <gpxtpx:hr>124</gpxtpx:hr>
          </gpxtpx:TrackPointExtension>
        </extensions>
      </trkpt>
      <trkpt lat="28.23456074714026" lon="112.91054716559782">
        <ele>68.13304113410413</ele>
        <time>2026-09-15T23:00:33.400000Z</time>
        <extensions>
          <gpxtpx:TrackPointExtension>
            <gpxtpx:hr>124</gpxtpx:hr>
          </gpxtpx:TrackPointExtension>
        </extensions>
      </trkpt>
      <trkpt lat="28.234564371602627" lon="112.91054938696529">
        <ele>68.04942478891462</ele>
        <time>2026-09-15T23:00:34.400000Z</time>
        <extensions>
          <gpxtpx:TrackPointExtension>
            <gpxtpx:hr>124</gpxtpx:hr>
          </gpxtpx:TrackPointExtension>
        </extensions>
      </trkpt>
      <trkpt lat="28.234567922781064" lon="112.91055164982524">
        <ele>67.93815967720002</ele>
        <time>2026-09-15T23:00:35.300000Z</time>
        <extensions>
          <gpxtpx:TrackPointExtension>
            <gpxtpx:hr>124</gpxtpx:hr>
          </gpxtpx:TrackPointExtension>
        </extensions>
      </trkpt>
      <trkpt lat="28.23457142769907" lon="112.91055402514594">
        <ele>67.80025055911392</ele>
        <time>2026-09-15T23:00:36.300000Z</time>
        <extensions>
          <gpxtpx:TrackPointExtension>
            <gpxtpx:hr>124</gpxtpx:hr>
          </gpxtpx:TrackPointExtension>
        </extensions>
      </trkpt>
      <trkpt lat="28.234574986537833" lon="112.91055661604393">
        <ele>67.63991263974458</ele>
        <time>2026-09-15T23:00:37.300000Z</time>
        <extensions>
          <gpxtpx:TrackPointExtension>
            <gpxtpx:hr>125</gpxtpx:hr>
          </gpxtpx:TrackPointExtension>
        </extensions>
      </trkpt>
      <trkpt lat="28.23457865315929" lon="112.91055959861689">
        <ele>67.4645526483655</ele>
        <time>2026-09-15T23:00:38.300000Z</time>
        <extensions>
          <gpxtpx:TrackPointExtension>
            <gpxtpx:hr>125</gpxtpx:hr>
          </gpxtpx:TrackPointExtension>
        </extensions>
      </trkpt>
      <trkpt lat="28.23458418457583" lon="112.91056530634464">
        <ele>67.21985682565719</ele>
        <time>2026-09-15T23:00:39.800000Z</time>
        <extensions>
          <gpxtpx:TrackPointExtension>
            <gpxtpx:hr>125</gpxtpx:hr>
          </gpxtpx:TrackPointExtension>
        </extensions>
      </trkpt>
      <trkpt lat="28.23458849345753" lon="112.91057034014034">
        <ele>67.07006146106869</ele>
        <time>2026-09-15T23:00:40.800000Z</time>
        <extensions>
          <gpxtpx:TrackPointExtension>
            <gpxtpx:hr>125</gpxtpx:hr>
          </gpxtpx:TrackPointExtension>
        </extensions>
      </trkpt>
      <trkpt lat="28.234593424928626" lon="112.91057582132855">
        <ele>66.94855778105557</ele>
        <time>2026-09-15T23:00:41.800000Z</time>
        <extensions>
          <gpxtpx:TrackPointExtension>
            <gpxtpx:hr>125</gpxtpx:hr>
          </gpxtpx:TrackPointExtension>
        </extensions>
      </trkpt>
      <trkpt lat="28.234599191347012" lon="112.91058170798544">
        <ele>66.85616020206362</ele>
        <time>2026-09-15T23:00:42.800000Z</time>
        <extensions>
          <gpxtpx:TrackPointExtension>
            <gpxtpx:hr>125</gpxtpx:hr>
          </gpxtpx:TrackPointExtension>
        </extensions>
      </trkpt>
      <trkpt lat="28.23460589773576" lon="112.910588034581">
        <ele>66.79004019033164</ele>
        <time>2026-09-15T23:00:43.800000Z</time>
        <extensions>
          <gpxtpx:TrackPointExtension>
            <gpxtpx:hr>125</gpxtpx:hr>
          </gpxtpx:TrackPointExtension>
        </extensions>
      </trkpt>
      <trkpt lat="28.234613570475844" lon="112.91059485532004">
        <ele>66.74569425359368</ele>
        <time>2026-09-15T23:00:44.800000Z</time>
        <extensions>
          <gpxtpx:TrackPointExtension>
            <gpxtpx:hr>125</gpxtpx:hr>
          </gpxtpx:TrackPointExtension>
        </extensions>
      </trkpt>
      <trkpt lat="28.23462214137069" lon="112.91060215677301">
        <ele>66.71822076383978</ele>
        <time>2026-09-15T23:00:45.800000Z</time>
        <extensions>
          <gpxtpx:TrackPointExtension>
            <gpxtpx:hr>125</gpxtpx:hr>
          </gpxtpx:TrackPointExtension>
        </extensions>
      </trkpt>
      <trkpt lat="28.23463141312578" lon="112.91060977805301">
        <ele>66.70308579225093</ele>
        <time>2026-09-15T23:00:46.800000Z</time>
        <extensions>
          <gpxtpx:TrackPointExtension>
            <gpxtpx:hr>125</gpxtpx:hr>
          </gpxtpx:TrackPointExtension>
        </extensions>
      </trkpt>
      <trkpt lat="28.234641172403524" lon="112.91061746113061">
        <ele>66.69650470744818</ele>
        <time>2026-09-15T23:00:47.800000Z</time>
        <extensions>
          <gpxtpx:TrackPointExtension>
            <gpxtpx:hr>125</gpxtpx:hr>
          </gpxtpx:TrackPointExtension>
        </extensions>
      </trkpt>
      <trkpt lat="28.234651223644164" lon="112.91062490599306">
        <ele>66.69553721137345</ele>
        <time>2026-09-15T23:00:48.800000Z</time>
        <extensions>
          <gpxtpx:TrackPointExtension>
            <gpxtpx:hr>125</gpxtpx:hr>
          </gpxtpx:TrackPointExtension>
        </extensions>
      </trkpt>
      <trkpt lat="28.234661328882847" lon="112.91063181245168">
        <ele>66.69802164845169</ele>
        <time>2026-09-15T23:00:49.800000Z</time>
        <extensions>
          <gpxtpx:TrackPointExtension>
            <gpxtpx:hr>124</gpxtpx:hr>
          </gpxtpx:TrackPointExtension>
        </extensions>
      </trkpt>
      <trkpt lat="28.234671163470125" lon="112.91063792574693">
        <ele>66.70244314614683</ele>
        <time>2026-09-15T23:00:50.800000Z</time>
        <extensions>
          <gpxtpx:TrackPointExtension>
            <gpxtpx:hr>124</gpxtpx:hr>
          </gpxtpx:TrackPointExtension>
        </extensions>
      </trkpt>
      <trkpt lat="28.234680445122137" lon="112.9106431333288">
        <ele>66.70777546707541</ele>
        <time>2026-09-15T23:00:51.800000Z</time>
        <extensions>
          <gpxtpx:TrackPointExtension>
            <gpxtpx:hr>124</gpxtpx:hr>
          </gpxtpx:TrackPointExtension>
        </extensions>
      </trkpt>
      <trkpt lat="28.234689032491435" lon="112.91064750148233">
        <ele>66.71333830803633</ele>
        <time>2026-09-15T23:00:52.800000Z</time>
        <extensions>
          <gpxtpx:TrackPointExtension>
            <gpxtpx:hr>124</gpxtpx:hr>
          </gpxtpx:TrackPointExtension>
        </extensions>
      </trkpt>
      <trkpt lat="28.23469689849041" lon="112.91065121880992">
        <ele>66.71870594099164</ele>
        <time>2026-09-15T23:00:53.800000Z</time>
        <extensions>
          <gpxtpx:TrackPointExtension>
            <gpxtpx:hr>124</gpxtpx:hr>
          </gpxtpx:TrackPointExtension>
        </extensions>
      </trkpt>
      <trkpt lat="28.234704099642183" lon="112.9106545432726">
        <ele>66.72365252301097</ele>
        <time>2026-09-15T23:00:54.800000Z</time>
        <extensions>
          <gpxtpx:TrackPointExtension>
            <gpxtpx:hr>124</gpxtpx:hr>
          </gpxtpx:TrackPointExtension>
        </extensions>
      </trkpt>
      <trkpt lat="28.234710654983544" lon="112.91065771433945">
        <ele>66.72811307851225</ele>
        <time>2026-09-15T23:00:55.800000Z</time>
        <extensions>
          <gpxtpx:TrackPointExtension>
            <gpxtpx:hr>124</gpxtpx:hr>
          </gpxtpx:TrackPointExtension>
        </extensions>
      </trkpt>
      <trkpt lat="28.234716511329935" lon="112.91066089708352">
        <ele>66.73216173797846</ele>
        <time>2026-09-15T23:00:56.800000Z</time>
        <extensions>
          <gpxtpx:TrackPointExtension>
            <gpxtpx:hr>124</gpxtpx:hr>
          </gpxtpx:TrackPointExtension>
        </extensions>
      </trkpt>
      <trkpt lat="28.234721627929535" lon="112.91066419127297">
        <ele>66.7359867375344</ele>
        <time>2026-09-15T23:00:57.800000Z</time>
        <extensions>
          <gpxtpx:TrackPointExtension>
            <gpxtpx:hr>124</gpxtpx:hr>
          </gpxtpx:TrackPointExtension>
        </extensions>
      </trkpt>
      <trkpt lat="28.234726038039902" lon="112.9106676481436">
        <ele>66.73983391933143</ele>
        <time>2026-09-15T23:00:58.800000Z</time>
        <extensions>
          <gpxtpx:TrackPointExtension>
            <gpxtpx:hr>124</gpxtpx:hr>
          </gpxtpx:TrackPointExtension>
        </extensions>
      </trkpt>
      <trkpt lat="28.23472984203385" lon="112.91067128535592">
        <ele>66.74391765519977</ele>
        <time>2026-09-15T23:00:59.800000Z</time>
        <extensions>
          <gpxtpx:TrackPointExtension>
            <gpxtpx:hr>121</gpxtpx:hr>
          </gpxtpx:TrackPointExtension>
        </extensions>
      </trkpt>
      <trkpt lat="28.234733133631885" lon="112.91067509003223">
        <ele>66.74827481247485</ele>
        <time>2026-09-15T23:01:00.800000Z</time>
        <extensions>
          <gpxtpx:TrackPointExtension>
            <gpxtpx:hr>121</gpxtpx:hr>
          </gpxtpx:TrackPointExtension>
        </extensions>
      </trkpt>
      <trkpt lat="28.234735932060545" lon="112.91067897466998">
        <ele>66.75253520254046</ele>
        <time>2026-09-15T23:01:01.800000Z</time>
        <extensions>
          <gpxtpx:TrackPointExtension>
            <gpxtpx:hr>121</gpxtpx:hr>
          </gpxtpx:TrackPointExtension>
        </extensions>
      </trkpt>
      <trkpt lat="28.234738182390522" lon="112.91068277685919">
        <ele>66.7557936673984</ele>
        <time>2026-09-15T23:01:02.800000Z</time>
        <extensions>
          <gpxtpx:TrackPointExtension>
            <gpxtpx:hr>121</gpxtpx:hr>
          </gpxtpx:TrackPointExtension>
        </extensions>
      </trkpt>
      <trkpt lat="28.234739808740084" lon="112.91068631161649">
        <ele>66.75683218147606</ele>
        <time>2026-09-15T23:01:03.800000Z</time>
        <extensions>
          <gpxtpx:TrackPointExtension>
            <gpxtpx:hr>121</gpxtpx:hr>
          </gpxtpx:TrackPointExtension>
        </extensions>
      </trkpt>
      <trkpt lat="28.234740741601655" lon="112.91068938745849">
        <ele>66.7545876391232</ele>
        <time>2026-09-15T23:01:04.800000Z</time>
        <extensions>
          <gpxtpx:TrackPointExtension>
            <gpxtpx:hr>121</gpxtpx:hr>
          </gpxtpx:TrackPointExtension>
        </extensions>
      </trkpt>
      <trkpt lat="28.23474089885578" lon="112.91069175443559">
        <ele>66.74849939718843</ele>
        <time>2026-09-15T23:01:05.800000Z</time>
        <extensions>
          <gpxtpx:TrackPointExtension>
            <gpxtpx:hr>121</gpxtpx:hr>
          </gpxtpx:TrackPointExtension>
        </extensions>
      </trkpt>
      <trkpt lat="28.234740285168595" lon="112.91069351995091">
        <ele>66.73859331477433</ele>
        <time>2026-09-15T23:01:06.800000Z</time>
        <extensions>
          <gpxtpx:TrackPointExtension>
            <gpxtpx:hr>122</gpxtpx:hr>
          </gpxtpx:TrackPointExtension>
        </extensions>
      </trkpt>
      <trkpt lat="28.23473900899414" lon="112.91069498521082">
        <ele>66.72541880328208</ele>
        <time>2026-09-15T23:01:07.800000Z</time>
        <extensions>
          <gpxtpx:TrackPointExtension>
            <gpxtpx:hr>122</gpxtpx:hr>
          </gpxtpx:TrackPointExtension>
        </extensions>
      </trkpt>
      <trkpt lat="28.234737169913362" lon="112.91069622682333">
        <ele>66.70983175374568</ele>
        <time>2026-09-15T23:01:08.800000Z</time>
        <extensions>
          <gpxtpx:TrackPointExtension>
            <gpxtpx:hr>122</gpxtpx:hr>
          </gpxtpx:TrackPointExtension>
        </extensions>
      </trkpt>
      <trkpt lat="28.234734841259503" lon="112.91069730091083">
        <ele>66.69264094810933</ele>
        <time>2026-09-15T23:01:09.800000Z</time>
        <extensions>
          <gpxtpx:TrackPointExtension>
            <gpxtpx:hr>122</gpxtpx:hr>
          </gpxtpx:TrackPointExtension>
        </extensions>
      </trkpt>
      <trkpt lat="28.23473204402543" lon="112.91069826996353">
        <ele>66.67432800587267</ele>
        <time>2026-09-15T23:01:10.800000Z</time>
        <extensions>
          <gpxtpx:TrackPointExtension>
            <gpxtpx:hr>122</gpxtpx:hr>
          </gpxtpx:TrackPointExtension>
        </extensions>
      </trkpt>
      <trkpt lat="28.23472874231001" lon="112.91069921595873">
        <ele>66.65494036488235</ele>
        <time>2026-09-15T23:01:11.800000Z</time>
        <extensions>
          <gpxtpx:TrackPointExtension>
            <gpxtpx:hr>122</gpxtpx:hr>
          </gpxtpx:TrackPointExtension>
        </extensions>
      </trkpt>
      <trkpt lat="28.234724847652707" lon="112.9107002330898">
        <ele>66.63408085238189</ele>
        <time>2026-09-15T23:01:12.800000Z</time>
        <extensions>
          <gpxtpx:TrackPointExtension>
            <gpxtpx:hr>122</gpxtpx:hr>
          </gpxtpx:TrackPointExtension>
        </extensions>
      </trkpt>
      <trkpt lat="28.234720326910804" lon="112.91070140080414">
        <ele>66.61095577385277</ele>
        <time>2026-09-15T23:01:13.800000Z</time>
        <extensions>
          <gpxtpx:TrackPointExtension>
            <gpxtpx:hr>122</gpxtpx:hr>
          </gpxtpx:TrackPointExtension>
        </extensions>
      </trkpt>
      <trkpt lat="28.234715279522778" lon="112.91070275619082">
        <ele>66.58449431974441</ele>
        <time>2026-09-15T23:01:14.800000Z</time>
        <extensions>
          <gpxtpx:TrackPointExtension>
            <gpxtpx:hr>122</gpxtpx:hr>
          </gpxtpx:TrackPointExtension>
        </extensions>
      </trkpt>
      <trkpt lat="28.234709876318036" lon="112.91070429504093">
        <ele>66.55357005726546</ele>
        <time>2026-09-15T23:01:15.800000Z</time>
        <extensions>
          <gpxtpx:TrackPointExtension>
            <gpxtpx:hr>122</gpxtpx:hr>
          </gpxtpx:TrackPointExtension>
        </extensions>
      </trkpt>
      <trkpt lat="28.234704262159877" lon="112.91070596720611">
        <ele>66.5173920141533</ele>
        <time>2026-09-15T23:01:16.800000Z</time>
        <extensions>
          <gpxtpx:TrackPointExtension>
            <gpxtpx:hr>122</gpxtpx:hr>
          </gpxtpx:TrackPointExtension>
        </extensions>
      </trkpt>
      <trkpt lat="28.234698492043176" lon="112.91070766752632">
        <ele>66.47595922276378</ele>
        <time>2026-09-15T23:01:17.800000Z</time>
        <extensions>
          <gpxtpx:TrackPointExtension>
            <gpxtpx:hr>122</gpxtpx:hr>
          </gpxtpx:TrackPointExtension>
        </extensions>
      </trkpt>
      <trkpt lat="28.234692544847572" lon="112.91070923085212">
        <ele>66.4302833341062</ele>
        <time>2026-09-15T23:01:18.800000Z</time>
        <extensions>
          <gpxtpx:TrackPointExtension>
            <gpxtpx:hr>122</gpxtpx:hr>
          </gpxtpx:TrackPointExtension>
        </extensions>
      </trkpt>
      <trkpt lat="28.23468629534576" lon="112.91071045322296">
        <ele>66.38232151046395</ele>
        <time>2026-09-15T23:01:19.800000Z</time>
        <extensions>
          <gpxtpx:TrackPointExtension>
            <gpxtpx:hr>122</gpxtpx:hr>
          </gpxtpx:TrackPointExtension>
        </extensions>
      </trkpt>
      <trkpt lat="28.23467954417326" lon="112.91071107103075">
        <ele>66.33470967970788</ele>
        <time>2026-09-15T23:01:20.800000Z</time>
        <extensions>
          <gpxtpx:TrackPointExtension>
            <gpxtpx:hr>122</gpxtpx:hr>
          </gpxtpx:TrackPointExtension>
        </extensions>
      </trkpt>
      <trkpt lat="28.234672091536364" lon="112.91071069127013">
        <ele>66.29019695799798</ele>
        <time>2026-09-15T23:01:21.800000Z</time>
        <extensions>
          <gpxtpx:TrackPointExtension>
            <gpxtpx:hr>122</gpxtpx:hr>
          </gpxtpx:TrackPointExtension>
        </extensions>
      </trkpt>
      <trkpt lat="28.23466387101866" lon="112.9107089015743">
        <ele>66.25092122983187</ele>
        <time>2026-09-15T23:01:22.800000Z</time>
        <extensions>
          <gpxtpx:TrackPointExtension>
            <gpxtpx:hr>122</gpxtpx:hr>
          </gpxtpx:TrackPointExtension>
        </extensions>
      </trkpt>
      <trkpt lat="28.234655032262967" lon="112.91070545313654">
        <ele>66.21799078956246</ele>
        <time>2026-09-15T23:01:23.800000Z</time>
        <extensions>
          <gpxtpx:TrackPointExtension>
            <gpxtpx:hr>122</gpxtpx:hr>
          </gpxtpx:TrackPointExtension>
        </extensions>
      </trkpt>
      <trkpt lat="28.234645339781245" lon="112.91070007716465">
        <ele>66.19149607606232</ele>
        <time>2026-09-15T23:01:24.800000Z</time>
        <extensions>
          <gpxtpx:TrackPointExtension>
            <gpxtpx:hr>122</gpxtpx:hr>
          </gpxtpx:TrackPointExtension>
        </extensions>
      </trkpt>
      <trkpt lat="28.234634276767423" lon="112.91069245101623">
        <ele>66.17069536354393</ele>
        <time>2026-09-15T23:01:25.800000Z</time>
        <extensions>
          <gpxtpx:TrackPointExtension>
            <gpxtpx:hr>122</gpxtpx:hr>
          </gpxtpx:TrackPointExtension>
        </extensions>
      </trkpt>
      <trkpt lat="28.234621626217926" lon="112.9106823767436">
        <ele>66.15429041720927</ele>
        <time>2026-09-15T23:01:26.800000Z</time>
        <extensions>
          <gpxtpx:TrackPointExtension>
            <gpxtpx:hr>122</gpxtpx:hr>
          </gpxtpx:TrackPointExtension>
        </extensions>
      </trkpt>
      <trkpt lat="28.23460748947512" lon="112.91066985788899">
        <ele>66.14077065978199</ele>
        <time>2026-09-15T23:01:27.800000Z</time>
        <extensions>
          <gpxtpx:TrackPointExtension>
            <gpxtpx:hr>122</gpxtpx:hr>
          </gpxtpx:TrackPointExtension>
        </extensions>
      </trkpt>
      <trkpt lat="28.234592296710588" lon="112.91065519287675">
        <ele>66.12879015039653</ele>
        <time>2026-09-15T23:01:28.800000Z</time>
        <extensions>
          <gpxtpx:TrackPointExtension>
            <gpxtpx:hr>122</gpxtpx:hr>
          </gpxtpx:TrackPointExtension>
        </extensions>
      </trkpt>
      <trkpt lat="28.234576612319955" lon="112.91063891034118">
        <ele>66.11764647159725</ele>
        <time>2026-09-15T23:01:29.800000Z</time>
        <extensions>
          <gpxtpx:TrackPointExtension>
            <gpxtpx:hr>122</gpxtpx:hr>
          </gpxtpx:TrackPointExtension>
        </extensions>
      </trkpt>
      <trkpt lat="28.23456107925182" lon="112.91062170429275">
        <ele>66.107632140629</ele>
        <time>2026-09-15T23:01:30.800000Z</time>
        <extensions>
          <gpxtpx:TrackPointExtension>
            <gpxtpx:hr>123</gpxtpx:hr>
          </gpxtpx:TrackPointExtension>
        </extensions>
      </trkpt>
      <trkpt lat="28.2345463887058" lon="112.91060438346805">
        <ele>66.09987523872405</ele>
        <time>2026-09-15T23:01:31.800000Z</time>
        <extensions>
          <gpxtpx:TrackPointExtension>
            <gpxtpx:hr>123</gpxtpx:hr>
          </gpxtpx:TrackPointExtension>
        </extensions>
      </trkpt>
      <trkpt lat="28.234533197577967" lon="112.91058779576633">
        <ele>66.09572218637913</ele>
        <time>2026-09-15T23:01:32.800000Z</time>
        <extensions>
          <gpxtpx:TrackPointExtension>
            <gpxtpx:hr>123</gpxtpx:hr>
          </gpxtpx:TrackPointExtension>
        </extensions>
      </trkpt>
      <trkpt lat="28.234521799748425" lon="112.91057236883385">
        <ele>66.0960891218856</ele>
        <time>2026-09-15T23:01:33.800000Z</time>
        <extensions>
          <gpxtpx:TrackPointExtension>
            <gpxtpx:hr>123</gpxtpx:hr>
          </gpxtpx:TrackPointExtension>
        </extensions>
      </trkpt>
      <trkpt lat="28.23451163517415" lon="112.91055733276644">
        <ele>66.10098425857723</ele>
        <time>2026-09-15T23:01:34.800000Z</time>
        <extensions>
          <gpxtpx:TrackPointExtension>
            <gpxtpx:hr>123</gpxtpx:hr>
          </gpxtpx:TrackPointExtension>
        </extensions>
      </trkpt>
      <trkpt lat="28.23450226407148" lon="112.91054208498153">
        <ele>66.1091999989003</ele>
        <time>2026-09-15T23:01:35.800000Z</time>
        <extensions>
          <gpxtpx:TrackPointExtension>
            <gpxtpx:hr>123</gpxtpx:hr>
          </gpxtpx:TrackPointExtension>
        </extensions>
      </trkpt>
      <trkpt lat="28.23449373093593" lon="112.91052671943002">
        <ele>66.11842374503613</ele>
        <time>2026-09-15T23:01:36.800000Z</time>
        <extensions>
          <gpxtpx:TrackPointExtension>
            <gpxtpx:hr>123</gpxtpx:hr>
          </gpxtpx:TrackPointExtension>
        </extensions>
      </trkpt>
      <trkpt lat="28.23448598243956" lon="112.91051120830173">
        <ele>66.12582185771316</ele>
        <time>2026-09-15T23:01:37.800000Z</time>
        <extensions>
          <gpxtpx:TrackPointExtension>
            <gpxtpx:hr>122</gpxtpx:hr>
          </gpxtpx:TrackPointExtension>
        </extensions>
      </trkpt>
      <trkpt lat="28.234478983392403" lon="112.91049574089145">
        <ele>66.12869743071496</ele>
        <time>2026-09-15T23:01:38.800000Z</time>
        <extensions>
          <gpxtpx:TrackPointExtension>
            <gpxtpx:hr>122</gpxtpx:hr>
          </gpxtpx:TrackPointExtension>
        </extensions>
      </trkpt>
      <trkpt lat="28.23447246537814" lon="112.9104805718688">
        <ele>66.12502663116902</ele>
        <time>2026-09-15T23:01:39.800000Z</time>
        <extensions>
          <gpxtpx:TrackPointExtension>
            <gpxtpx:hr>122</gpxtpx:hr>
          </gpxtpx:TrackPointExtension>
        </extensions>
      </trkpt>
      <trkpt lat="28.234466040496855" lon="112.9104656922421">
        <ele>66.11390355695039</ele>
        <time>2026-09-15T23:01:40.800000Z</time>
        <extensions>
          <gpxtpx:TrackPointExtension>
            <gpxtpx:hr>122</gpxtpx:hr>
          </gpxtpx:TrackPointExtension>
        </extensions>
      </trkpt>
      <trkpt lat="28.2344594565368" lon="112.91045095500122">
        <ele>66.09566587768495</ele>
        <time>2026-09-15T23:01:41.800000Z</time>
        <extensions>
          <gpxtpx:TrackPointExtension>
            <gpxtpx:hr>122</gpxtpx:hr>
          </gpxtpx:TrackPointExtension>
        </extensions>
      </trkpt>
      <trkpt lat="28.234452612101794" lon="112.91043655039084">
        <ele>66.07162656728178</ele>
        <time>2026-09-15T23:01:42.800000Z</time>
        <extensions>
          <gpxtpx:TrackPointExtension>
            <gpxtpx:hr>123</gpxtpx:hr>
          </gpxtpx:TrackPointExtension>
        </extensions>
      </trkpt>
      <trkpt lat="28.234445614968582" lon="112.91042275491985">
        <ele>66.0436920216307</ele>
        <time>2026-09-15T23:01:43.800000Z</time>
        <extensions>
          <gpxtpx:TrackPointExtension>
            <gpxtpx:hr>123</gpxtpx:hr>
          </gpxtpx:TrackPointExtension>
        </extensions>
      </trkpt>
      <trkpt lat="28.234438697508846" lon="112.9104095639755">
        <ele>66.0139543209225</ele>
        <time>2026-09-15T23:01:44.800000Z</time>
        <extensions>
          <gpxtpx:TrackPointExtension>
            <gpxtpx:hr>123</gpxtpx:hr>
          </gpxtpx:TrackPointExtension>
        </extensions>
      </trkpt>
      <trkpt lat="28.234432028627978" lon="112.91039680949129">
        <ele>65.98428623564541</ele>
        <time>2026-09-15T23:01:45.800000Z</time>
        <extensions>
          <gpxtpx:TrackPointExtension>
            <gpxtpx:hr>123</gpxtpx:hr>
          </gpxtpx:TrackPointExtension>
        </extensions>
      </trkpt>
      <trkpt lat="28.234425684015267" lon="112.91038427777778">
        <ele>65.95610335376114</ele>
        <time>2026-09-15T23:01:46.800000Z</time>
        <extensions>
          <gpxtpx:TrackPointExtension>
            <gpxtpx:hr>123</gpxtpx:hr>
          </gpxtpx:TrackPointExtension>
        </extensions>
      </trkpt>
      <trkpt lat="28.23441966800924" lon="112.91037187124398">
        <ele>65.93032561987638</ele>
        <time>2026-09-15T23:01:47.800000Z</time>
        <extensions>
          <gpxtpx:TrackPointExtension>
            <gpxtpx:hr>123</gpxtpx:hr>
          </gpxtpx:TrackPointExtension>
        </extensions>
      </trkpt>
      <trkpt lat="28.234413931251105" lon="112.9103597918467">
        <ele>65.90741570107639</ele>
        <time>2026-09-15T23:01:48.800000Z</time>
        <extensions>
          <gpxtpx:TrackPointExtension>
            <gpxtpx:hr>114</gpxtpx:hr>
          </gpxtpx:TrackPointExtension>
        </extensions>
      </trkpt>
      <trkpt lat="28.23440835829552" lon="112.91034831774273">
        <ele>65.88743956107646</ele>
        <time>2026-09-15T23:01:49.800000Z</time>
        <extensions>
          <gpxtpx:TrackPointExtension>
            <gpxtpx:hr>114</gpxtpx:hr>
          </gpxtpx:TrackPointExtension>
        </extensions>
      </trkpt>
      <trkpt lat="28.234402760892234" lon="112.91033753856658">
        <ele>65.87012845557183</ele>
        <time>2026-09-15T23:01:50.800000Z</time>
        <extensions>
          <gpxtpx:TrackPointExtension>
            <gpxtpx:hr>114</gpxtpx:hr>
          </gpxtpx:TrackPointExtension>
        </extensions>
      </trkpt>
      <trkpt lat="28.234396847219642" lon="112.910327102162">
        <ele>65.85494715161622</ele>
        <time>2026-09-15T23:01:51.800000Z</time>
        <extensions>
          <gpxtpx:TrackPointExtension>
            <gpxtpx:hr>114</gpxtpx:hr>
          </gpxtpx:TrackPointExtension>
        </extensions>
      </trkpt>
      <trkpt lat="28.234390322198895" lon="112.91031649405865">
        <ele>65.84120849706233</ele>
        <time>2026-09-15T23:01:52.800000Z</time>
        <extensions>
          <gpxtpx:TrackPointExtension>
            <gpxtpx:hr>114</gpxtpx:hr>
          </gpxtpx:TrackPointExtension>
        </extensions>
      </trkpt>
      <trkpt lat="28.23438309797555" lon="112.9103055848713">
        <ele>65.8282025968656</ele>
        <time>2026-09-15T23:01:53.800000Z</time>
        <extensions>
          <gpxtpx:TrackPointExtension>
            <gpxtpx:hr>114</gpxtpx:hr>
          </gpxtpx:TrackPointExtension>
        </extensions>
      </trkpt>
      <trkpt lat="28.23437525672032" lon="112.91029450896032">
        <ele>65.81533233541995</ele>
        <time>2026-09-15T23:01:54.800000Z</time>
        <extensions>
          <gpxtpx:TrackPointExtension>
            <gpxtpx:hr>114</gpxtpx:hr>
          </gpxtpx:TrackPointExtension>
        </extensions>
      </trkpt>
      <trkpt lat="28.23436702692213" lon="112.91028358995845">
        <ele>65.80227560084313</ele>
        <time>2026-09-15T23:01:55.800000Z</time>
        <extensions>
          <gpxtpx:TrackPointExtension>
            <gpxtpx:hr>113</gpxtpx:hr>
          </gpxtpx:TrackPointExtension>
        </extensions>
      </trkpt>
      <trkpt lat="28.234358510811383" lon="112.9102730179635">
        <ele>65.78903479967266</ele>
        <time>2026-09-15T23:01:56.800000Z</time>
        <extensions>
          <gpxtpx:TrackPointExtension>
            <gpxtpx:hr>113</gpxtpx:hr>
          </gpxtpx:TrackPointExtension>
        </extensions>
      </trkpt>
      <trkpt lat="28.234349597017037" lon="112.91026262806767">
        <ele>65.77573757059872</ele>
        <time>2026-09-15T23:01:57.800000Z</time>
        <extensions>
          <gpxtpx:TrackPointExtension>
            <gpxtpx:hr>113</gpxtpx:hr>
          </gpxtpx:TrackPointExtension>
        </extensions>
      </trkpt>
      <trkpt lat="28.23434026963083" lon="112.9102522536642">
        <ele>65.76237635500729</ele>
        <time>2026-09-15T23:01:58.800000Z</time>
        <extensions>
          <gpxtpx:TrackPointExtension>
            <gpxtpx:hr>113</gpxtpx:hr>
          </gpxtpx:TrackPointExtension>
        </extensions>
      </trkpt>
      <trkpt lat="28.234330758697944" lon="112.91024174131985">
        <ele>65.74874345585704</ele>
        <time>2026-09-15T23:01:59.800000Z</time>
        <extensions>
          <gpxtpx:TrackPointExtension>
            <gpxtpx:hr>113</gpxtpx:hr>
          </gpxtpx:TrackPointExtension>
        </extensions>
      </trkpt>
      <trkpt lat="28.234321186846344" lon="112.91023112976156">
        <ele>65.73457160778344</ele>
        <time>2026-09-15T23:02:00.800000Z</time>
        <extensions>
          <gpxtpx:TrackPointExtension>
            <gpxtpx:hr>113</gpxtpx:hr>
          </gpxtpx:TrackPointExtension>
        </extensions>
      </trkpt>
      <trkpt lat="28.234311466151105" lon="112.91022062452281">
        <ele>65.71966886054724</ele>
        <time>2026-09-15T23:02:01.800000Z</time>
        <extensions>
          <gpxtpx:TrackPointExtension>
            <gpxtpx:hr>113</gpxtpx:hr>
          </gpxtpx:TrackPointExtension>
        </extensions>
      </trkpt>
      <trkpt lat="28.234301722264387" lon="112.91021029520168">
        <ele>65.70389026217163</ele>
        <time>2026-09-15T23:02:02.800000Z</time>
        <extensions>
          <gpxtpx:TrackPointExtension>
            <gpxtpx:hr>113</gpxtpx:hr>
          </gpxtpx:TrackPointExtension>
        </extensions>
      </trkpt>
      <trkpt lat="28.234292261582706" lon="112.91020020902943">
        <ele>65.68705461360514</ele>
        <time>2026-09-15T23:02:03.800000Z</time>
        <extensions>
          <gpxtpx:TrackPointExtension>
            <gpxtpx:hr>113</gpxtpx:hr>
          </gpxtpx:TrackPointExtension>
        </extensions>
      </trkpt>
      <trkpt lat="28.23428316388943" lon="112.91019046142662">
        <ele>65.66899324208498</ele>
        <time>2026-09-15T23:02:04.800000Z</time>
        <extensions>
          <gpxtpx:TrackPointExtension>
            <gpxtpx:hr>113</gpxtpx:hr>
          </gpxtpx:TrackPointExtension>
        </extensions>
      </trkpt>
      <trkpt lat="28.234274319342656" lon="112.9101809995827">
        <ele>65.64977945387363</ele>
        <time>2026-09-15T23:02:05.800000Z</time>
        <extensions>
          <gpxtpx:TrackPointExtension>
            <gpxtpx:hr>113</gpxtpx:hr>
          </gpxtpx:TrackPointExtension>
        </extensions>
      </trkpt>
      <trkpt lat="28.234265618349056" lon="112.9101716641936">
        <ele>65.62991970032454</ele>
        <time>2026-09-15T23:02:06.800000Z</time>
        <extensions>
          <gpxtpx:TrackPointExtension>
            <gpxtpx:hr>113</gpxtpx:hr>
          </gpxtpx:TrackPointExtension>
        </extensions>
      </trkpt>
      <trkpt lat="28.234256823612935" lon="112.9101623452931">
        <ele>65.61026845406741</ele>
        <time>2026-09-15T23:02:07.800000Z</time>
        <extensions>
          <gpxtpx:TrackPointExtension>
            <gpxtpx:hr>113</gpxtpx:hr>
          </gpxtpx:TrackPointExtension>
        </extensions>
      </trkpt>
      <trkpt lat="28.234247736286854" lon="112.91015282989204">
        <ele>65.59177293162793</ele>
        <time>2026-09-15T23:02:08.800000Z</time>
        <extensions>
          <gpxtpx:TrackPointExtension>
            <gpxtpx:hr>113</gpxtpx:hr>
          </gpxtpx:TrackPointExtension>
        </extensions>
      </trkpt>
      <trkpt lat="28.234238597208602" lon="112.9101432164045">
        <ele>65.57527902163565</ele>
        <time>2026-09-15T23:02:09.800000Z</time>
        <extensions>
          <gpxtpx:TrackPointExtension>
            <gpxtpx:hr>111</gpxtpx:hr>
          </gpxtpx:TrackPointExtension>
        </extensions>
      </trkpt>
      <trkpt lat="28.234230242392513" lon="112.91013313145474">
        <ele>65.56145040132105</ele>
        <time>2026-09-15T23:02:10.800000Z</time>
        <extensions>
          <gpxtpx:TrackPointExtension>
            <gpxtpx:hr>111</gpxtpx:hr>
          </gpxtpx:TrackPointExtension>
        </extensions>
      </trkpt>
      <trkpt lat="28.23422324817077" lon="112.91012230677826">
        <ele>65.55074191093445</ele>
        <time>2026-09-15T23:02:11.800000Z</time>
        <extensions>
          <gpxtpx:TrackPointExtension>
            <gpxtpx:hr>111</gpxtpx:hr>
          </gpxtpx:TrackPointExtension>
        </extensions>
      </trkpt>
      <trkpt lat="28.23421729483308" lon="112.91011147674348">
        <ele>65.54341309610754</ele>
        <time>2026-09-15T23:02:12.800000Z</time>
        <extensions>
          <gpxtpx:TrackPointExtension>
            <gpxtpx:hr>111</gpxtpx:hr>
          </gpxtpx:TrackPointExtension>
        </extensions>
      </trkpt>
      <trkpt lat="28.23421183996469" lon="112.91010088419087">
        <ele>65.53956849779934</ele>
        <time>2026-09-15T23:02:13.800000Z</time>
        <extensions>
          <gpxtpx:TrackPointExtension>
            <gpxtpx:hr>111</gpxtpx:hr>
          </gpxtpx:TrackPointExtension>
        </extensions>
      </trkpt>
      <trkpt lat="28.23420641618454" lon="112.91009005751025">
        <ele>65.539166117087</ele>
        <time>2026-09-15T23:02:14.800000Z</time>
        <extensions>
          <gpxtpx:TrackPointExtension>
            <gpxtpx:hr>109</gpxtpx:hr>
          </gpxtpx:TrackPointExtension>
        </extensions>
      </trkpt>
      <trkpt lat="28.234200639388025" lon="112.9100787558002">
        <ele>65.54206337686628</ele>
        <time>2026-09-15T23:02:15.800000Z</time>
        <extensions>
          <gpxtpx:TrackPointExtension>
            <gpxtpx:hr>109</gpxtpx:hr>
          </gpxtpx:TrackPointExtension>
        </extensions>
      </trkpt>
      <trkpt lat="28.234194399842117" lon="112.91006723363023">
        <ele>65.54802840482444</ele>
        <time>2026-09-15T23:02:16.800000Z</time>
        <extensions>
          <gpxtpx:TrackPointExtension>
            <gpxtpx:hr>109</gpxtpx:hr>
          </gpxtpx:TrackPointExtension>
        </extensions>
      </trkpt>
      <trkpt lat="28.234187732673583" lon="112.91005563713128">
        <ele>65.55671675130725</ele>
        <time>2026-09-15T23:02:17.800000Z</time>
        <extensions>
          <gpxtpx:TrackPointExtension>
            <gpxtpx:hr>109</gpxtpx:hr>
          </gpxtpx:TrackPointExtension>
        </extensions>
      </trkpt>
      <trkpt lat="28.23418069146515" lon="112.91004394667631">
        <ele>65.56761285569519</ele>
        <time>2026-09-15T23:02:18.800000Z</time>
        <extensions>
          <gpxtpx:TrackPointExtension>
            <gpxtpx:hr>108</gpxtpx:hr>
          </gpxtpx:TrackPointExtension>
        </extensions>
      </trkpt>
      <trkpt lat="28.23417326112633" lon="112.91003222688116">
        <ele>65.57999206054956</ele>
        <time>2026-09-15T23:02:19.800000Z</time>
        <extensions>
          <gpxtpx:TrackPointExtension>
            <gpxtpx:hr>108</gpxtpx:hr>
          </gpxtpx:TrackPointExtension>
        </extensions>
      </trkpt>
      <trkpt lat="28.234165587802952" lon="112.91002029272407">
        <ele>65.59298191219568</ele>
        <time>2026-09-15T23:02:20.800000Z</time>
        <extensions>
          <gpxtpx:TrackPointExtension>
            <gpxtpx:hr>108</gpxtpx:hr>
          </gpxtpx:TrackPointExtension>
        </extensions>
      </trkpt>
      <trkpt lat="28.234157973416185" lon="112.9100076720803">
        <ele>65.60566277336329</ele>
        <time>2026-09-15T23:02:21.800000Z</time>
        <extensions>
          <gpxtpx:TrackPointExtension>
            <gpxtpx:hr>113</gpxtpx:hr>
          </gpxtpx:TrackPointExtension>
        </extensions>
      </trkpt>
      <trkpt lat="28.234151007247807" lon="112.90999419880492">
        <ele>65.61715237703174</ele>
        <time>2026-09-15T23:02:22.800000Z</time>
        <extensions>
          <gpxtpx:TrackPointExtension>
            <gpxtpx:hr>113</gpxtpx:hr>
          </gpxtpx:TrackPointExtension>
        </extensions>
      </trkpt>
      <trkpt lat="28.23414547428628" lon="112.90997992914814">
        <ele>65.62669961620122</ele>
        <time>2026-09-15T23:02:23.800000Z</time>
        <extensions>
          <gpxtpx:TrackPointExtension>
            <gpxtpx:hr>113</gpxtpx:hr>
          </gpxtpx:TrackPointExtension>
        </extensions>
      </trkpt>
      <trkpt lat="28.234141412089667" lon="112.90996496449127">
        <ele>65.63379328977317</ele>
        <time>2026-09-15T23:02:24.800000Z</time>
        <extensions>
          <gpxtpx:TrackPointExtension>
            <gpxtpx:hr>113</gpxtpx:hr>
          </gpxtpx:TrackPointExtension>
        </extensions>
      </trkpt>
      <trkpt lat="28.234138402436766" lon="112.9099497043794">
        <ele>65.63828538823873</ele>
        <time>2026-09-15T23:02:25.800000Z</time>
        <extensions>
          <gpxtpx:TrackPointExtension>
            <gpxtpx:hr>113</gpxtpx:hr>
          </gpxtpx:TrackPointExtension>
        </extensions>
      </trkpt>
      <trkpt lat="28.234136369754154" lon="112.90993450108874">
        <ele>65.64052608888596</ele>
        <time>2026-09-15T23:02:26.800000Z</time>
        <extensions>
          <gpxtpx:TrackPointExtension>
            <gpxtpx:hr>113</gpxtpx:hr>
          </gpxtpx:TrackPointExtension>
        </extensions>
      </trkpt>
      <trkpt lat="28.23413514321372" lon="112.90991944011647">
        <ele>65.64141967892647</ele>
        <time>2026-09-15T23:02:27.800000Z</time>
        <extensions>
          <gpxtpx:TrackPointExtension>
            <gpxtpx:hr>113</gpxtpx:hr>
          </gpxtpx:TrackPointExtension>
        </extensions>
      </trkpt>
      <trkpt lat="28.234134381509993" lon="112.90990457637437">
        <ele>65.6423522438854</ele>
        <time>2026-09-15T23:02:28.800000Z</time>
        <extensions>
          <gpxtpx:TrackPointExtension>
            <gpxtpx:hr>120</gpxtpx:hr>
          </gpxtpx:TrackPointExtension>
        </extensions>
      </trkpt>
      <trkpt lat="28.234133900066762" lon="112.90988979750551">
        <ele>65.6450240528211</ele>
        <time>2026-09-15T23:02:29.800000Z</time>
        <extensions>
          <gpxtpx:TrackPointExtension>
            <gpxtpx:hr>120</gpxtpx:hr>
          </gpxtpx:TrackPointExtension>
        </extensions>
      </trkpt>
      <trkpt lat="28.234133524849216" lon="112.90987497128441">
        <ele>65.65113877039403</ele>
        <time>2026-09-15T23:02:30.800000Z</time>
        <extensions>
          <gpxtpx:TrackPointExtension>
            <gpxtpx:hr>120</gpxtpx:hr>
          </gpxtpx:TrackPointExtension>
        </extensions>
      </trkpt>
      <trkpt lat="28.234133099769654" lon="112.90986007060651">
        <ele>65.66197768133134</ele>
        <time>2026-09-15T23:02:31.800000Z</time>
        <extensions>
          <gpxtpx:TrackPointExtension>
            <gpxtpx:hr>120</gpxtpx:hr>
          </gpxtpx:TrackPointExtension>
        </extensions>
      </trkpt>
      <trkpt lat="28.234132470987902" lon="112.90984506559847">
        <ele>65.67809043545276</ele>
        <time>2026-09-15T23:02:32.800000Z</time>
        <extensions>
          <gpxtpx:TrackPointExtension>
            <gpxtpx:hr>120</gpxtpx:hr>
          </gpxtpx:TrackPointExtension>
        </extensions>
      </trkpt>
      <trkpt lat="28.234130617891083" lon="112.90982452980161">
        <ele>65.70886118058115</ele>
        <time>2026-09-15T23:02:34.100000Z</time>
        <extensions>
          <gpxtpx:TrackPointExtension>
            <gpxtpx:hr>120</gpxtpx:hr>
          </gpxtpx:TrackPointExtension>
        </extensions>
      </trkpt>
      <trkpt lat="28.234128657619078" lon="112.90980933049515">
        <ele>65.73673371318728</ele>
        <time>2026-09-15T23:02:35.100000Z</time>
        <extensions>
          <gpxtpx:TrackPointExtension>
            <gpxtpx:hr>121</gpxtpx:hr>
          </gpxtpx:TrackPointExtension>
        </extensions>
      </trkpt>
      <trkpt lat="28.23412690377263" lon="112.90979392854612">
        <ele>65.76723406556994</ele>
        <time>2026-09-15T23:02:36.100000Z</time>
        <extensions>
          <gpxtpx:TrackPointExtension>
            <gpxtpx:hr>121</gpxtpx:hr>
          </gpxtpx:TrackPointExtension>
        </extensions>
      </trkpt>
      <trkpt lat="28.23412569612525" lon="112.90977821702683">
        <ele>65.79981164541095</ele>
        <time>2026-09-15T23:02:37.100000Z</time>
        <extensions>
          <gpxtpx:TrackPointExtension>
            <gpxtpx:hr>121</gpxtpx:hr>
          </gpxtpx:TrackPointExtension>
        </extensions>
      </trkpt>
      <trkpt lat="28.23412496979145" lon="112.90976221516418">
        <ele>65.83406247477978</ele>
        <time>2026-09-15T23:02:38.100000Z</time>
        <extensions>
          <gpxtpx:TrackPointExtension>
            <gpxtpx:hr>121</gpxtpx:hr>
          </gpxtpx:TrackPointExtension>
        </extensions>
      </trkpt>
      <trkpt lat="28.23412439935061" lon="112.90974619797005">
        <ele>65.86954017076641</ele>
        <time>2026-09-15T23:02:39.100000Z</time>
        <extensions>
          <gpxtpx:TrackPointExtension>
            <gpxtpx:hr>121</gpxtpx:hr>
          </gpxtpx:TrackPointExtension>
        </extensions>
      </trkpt>
      <trkpt lat="28.234123690223647" lon="112.90973034564004">
        <ele>65.90573564078659</ele>
        <time>2026-09-15T23:02:40.100000Z</time>
        <extensions>
          <gpxtpx:TrackPointExtension>
            <gpxtpx:hr>122</gpxtpx:hr>
          </gpxtpx:TrackPointExtension>
        </extensions>
      </trkpt>
      <trkpt lat="28.234122602539802" lon="112.90971465846302">
        <ele>65.94204525463283</ele>
        <time>2026-09-15T23:02:41.100000Z</time>
        <extensions>
          <gpxtpx:TrackPointExtension>
            <gpxtpx:hr>122</gpxtpx:hr>
          </gpxtpx:TrackPointExtension>
        </extensions>
      </trkpt>
      <trkpt lat="28.234121052909366" lon="112.90969920115265">
        <ele>65.97782185487449</ele>
        <time>2026-09-15T23:02:42.100000Z</time>
        <extensions>
          <gpxtpx:TrackPointExtension>
            <gpxtpx:hr>122</gpxtpx:hr>
          </gpxtpx:TrackPointExtension>
        </extensions>
      </trkpt>
      <trkpt lat="28.234119233524815" lon="112.90968405776972">
        <ele>66.01252106204629</ele>
        <time>2026-09-15T23:02:43.100000Z</time>
        <extensions>
          <gpxtpx:TrackPointExtension>
            <gpxtpx:hr>122</gpxtpx:hr>
          </gpxtpx:TrackPointExtension>
        </extensions>
      </trkpt>
      <trkpt lat="28.234117222138153" lon="112.90966931573345">
        <ele>66.04578759428114</ele>
        <time>2026-09-15T23:02:44.100000Z</time>
        <extensions>
          <gpxtpx:TrackPointExtension>
            <gpxtpx:hr>122</gpxtpx:hr>
          </gpxtpx:TrackPointExtension>
        </extensions>
      </trkpt>
      <trkpt lat="28.234115491959944" lon="112.90965500110343">
        <ele>66.07745344098657</ele>
        <time>2026-09-15T23:02:45.100000Z</time>
        <extensions>
          <gpxtpx:TrackPointExtension>
            <gpxtpx:hr>122</gpxtpx:hr>
          </gpxtpx:TrackPointExtension>
        </extensions>
      </trkpt>
      <trkpt lat="28.234114695319047" lon="112.9096411324143">
        <ele>66.10743917431682</ele>
        <time>2026-09-15T23:02:46.100000Z</time>
        <extensions>
          <gpxtpx:TrackPointExtension>
            <gpxtpx:hr>122</gpxtpx:hr>
          </gpxtpx:TrackPointExtension>
        </extensions>
      </trkpt>
      <trkpt lat="28.234114649549785" lon="112.90962781755803">
        <ele>66.13563970569521</ele>
        <time>2026-09-15T23:02:47.100000Z</time>
        <extensions>
          <gpxtpx:TrackPointExtension>
            <gpxtpx:hr>122</gpxtpx:hr>
          </gpxtpx:TrackPointExtension>
        </extensions>
      </trkpt>
      <trkpt lat="28.234115031039536" lon="112.90961501565431">
        <ele>66.16188191622496</ele>
        <time>2026-09-15T23:02:48.100000Z</time>
        <extensions>
          <gpxtpx:TrackPointExtension>
            <gpxtpx:hr>122</gpxtpx:hr>
          </gpxtpx:TrackPointExtension>
        </extensions>
      </trkpt>
      <trkpt lat="28.23411568278735" lon="112.90960263810484">
        <ele>66.18593900743872</ele>
        <time>2026-09-15T23:02:49.100000Z</time>
        <extensions>
          <gpxtpx:TrackPointExtension>
            <gpxtpx:hr>123</gpxtpx:hr>
          </gpxtpx:TrackPointExtension>
        </extensions>
      </trkpt>
      <trkpt lat="28.234116426045873" lon="112.90959080437425">
        <ele>66.20756100304425</ele>
        <time>2026-09-15T23:02:50.100000Z</time>
        <extensions>
          <gpxtpx:TrackPointExtension>
            <gpxtpx:hr>123</gpxtpx:hr>
          </gpxtpx:TrackPointExtension>
        </extensions>
      </trkpt>
      <trkpt lat="28.234116925391756" lon="112.90957964395733">
        <ele>66.22649844363332</ele>
        <time>2026-09-15T23:02:51.100000Z</time>
        <extensions>
          <gpxtpx:TrackPointExtension>
            <gpxtpx:hr>123</gpxtpx:hr>
          </gpxtpx:TrackPointExtension>
        </extensions>
      </trkpt>
      <trkpt lat="28.23411685805344" lon="112.90956931276517">
        <ele>66.24250952154398</ele>
        <time>2026-09-15T23:02:52.100000Z</time>
        <extensions>
          <gpxtpx:TrackPointExtension>
            <gpxtpx:hr>123</gpxtpx:hr>
          </gpxtpx:TrackPointExtension>
        </extensions>
      </trkpt>
      <trkpt lat="28.234115944733556" lon="112.90955934822384">
        <ele>66.25540730170906</ele>
        <time>2026-09-15T23:02:53.100000Z</time>
        <extensions>
          <gpxtpx:TrackPointExtension>
            <gpxtpx:hr>123</gpxtpx:hr>
          </gpxtpx:TrackPointExtension>
        </extensions>
      </trkpt>
      <trkpt lat="28.2341138734237" lon="112.90954890158862">
        <ele>66.2651281747967</ele>
        <time>2026-09-15T23:02:54.100000Z</time>
        <extensions>
          <gpxtpx:TrackPointExtension>
            <gpxtpx:hr>123</gpxtpx:hr>
          </gpxtpx:TrackPointExtension>
        </extensions>
      </trkpt>
      <trkpt lat="28.234111116965778" lon="112.90953741423307">
        <ele>66.27179245278239</ele>
        <time>2026-09-15T23:02:55.100000Z</time>
        <extensions>
          <gpxtpx:TrackPointExtension>
            <gpxtpx:hr>123</gpxtpx:hr>
          </gpxtpx:TrackPointExtension>
        </extensions>
      </trkpt>
      <trkpt lat="28.234108366203127" lon="112.90952489816236">
        <ele>66.27570066414773</ele>
        <time>2026-09-15T23:02:56.100000Z</time>
        <extensions>
          <gpxtpx:TrackPointExtension>
            <gpxtpx:hr>123</gpxtpx:hr>
          </gpxtpx:TrackPointExtension>
        </extensions>
      </trkpt>
      <trkpt lat="28.234105668872598" lon="112.90951212249699">
        <ele>66.27727016992867</ele>
        <time>2026-09-15T23:02:57.100000Z</time>
        <extensions>
          <gpxtpx:TrackPointExtension>
            <gpxtpx:hr>123</gpxtpx:hr>
          </gpxtpx:TrackPointExtension>
        </extensions>
      </trkpt>
      <trkpt lat="28.2341026976774" lon="112.90949966139604">
        <ele>66.27700400725007</ele>
        <time>2026-09-15T23:02:58.100000Z</time>
        <extensions>
          <gpxtpx:TrackPointExtension>
            <gpxtpx:hr>121</gpxtpx:hr>
          </gpxtpx:TrackPointExtension>
        </extensions>
      </trkpt>
      <trkpt lat="28.23409947109152" lon="112.90948748718232">
        <ele>66.27550397347659</ele>
        <time>2026-09-15T23:02:59.100000Z</time>
        <extensions>
          <gpxtpx:TrackPointExtension>
            <gpxtpx:hr>121</gpxtpx:hr>
          </gpxtpx:TrackPointExtension>
        </extensions>
      </trkpt>
      <trkpt lat="28.234096469474256" lon="112.9094751550966">
        <ele>66.27343695424497</ele>
        <time>2026-09-15T23:03:00.100000Z</time>
        <extensions>
          <gpxtpx:TrackPointExtension>
            <gpxtpx:hr>121</gpxtpx:hr>
          </gpxtpx:TrackPointExtension>
        </extensions>
      </trkpt>
      <trkpt lat="28.234094171006497" lon="112.90946244488265">
        <ele>66.27148874755949</ele>
        <time>2026-09-15T23:03:01.100000Z</time>
        <extensions>
          <gpxtpx:TrackPointExtension>
            <gpxtpx:hr>121</gpxtpx:hr>
          </gpxtpx:TrackPointExtension>
        </extensions>
      </trkpt>
      <trkpt lat="28.234092581437196" lon="112.9094497284359">
        <ele>66.27039289288223</ele>
        <time>2026-09-15T23:03:02.100000Z</time>
        <extensions>
          <gpxtpx:TrackPointExtension>
            <gpxtpx:hr>121</gpxtpx:hr>
          </gpxtpx:TrackPointExtension>
        </extensions>
      </trkpt>
      <trkpt lat="28.23409169024489" lon="112.90944123640911">
        <ele>66.27039846871048</ele>
        <time>2026-09-15T23:03:02.800000Z</time>
        <extensions>
          <gpxtpx:TrackPointExtension>
            <gpxtpx:hr>121</gpxtpx:hr>
          </gpxtpx:TrackPointExtension>
        </extensions>
      </trkpt>
      <trkpt lat="28.234090535912184" lon="112.90942963521864">
        <ele>66.27210216224194</ele>
        <time>2026-09-15T23:03:03.800000Z</time>
        <extensions>
          <gpxtpx:TrackPointExtension>
            <gpxtpx:hr>121</gpxtpx:hr>
          </gpxtpx:TrackPointExtension>
        </extensions>
      </trkpt>
      <trkpt lat="28.23408953901548" lon="112.9094187455443">
        <ele>66.27624790277332</ele>
        <time>2026-09-15T23:03:04.800000Z</time>
        <extensions>
          <gpxtpx:TrackPointExtension>
            <gpxtpx:hr>121</gpxtpx:hr>
          </gpxtpx:TrackPointExtension>
        </extensions>
      </trkpt>
      <trkpt lat="28.234088778584354" lon="112.90940835373794">
        <ele>66.2826932258904</ele>
        <time>2026-09-15T23:03:05.800000Z</time>
        <extensions>
          <gpxtpx:TrackPointExtension>
            <gpxtpx:hr>121</gpxtpx:hr>
          </gpxtpx:TrackPointExtension>
        </extensions>
      </trkpt>
      <trkpt lat="28.234088352158473" lon="112.90939844482942">
        <ele>66.29103111941367</ele>
        <time>2026-09-15T23:03:06.800000Z</time>
        <extensions>
          <gpxtpx:TrackPointExtension>
            <gpxtpx:hr>121</gpxtpx:hr>
          </gpxtpx:TrackPointExtension>
        </extensions>
      </trkpt>
      <trkpt lat="28.234088321587627" lon="112.90938886332818">
        <ele>66.30070093180984</ele>
        <time>2026-09-15T23:03:07.800000Z</time>
        <extensions>
          <gpxtpx:TrackPointExtension>
            <gpxtpx:hr>121</gpxtpx:hr>
          </gpxtpx:TrackPointExtension>
        </extensions>
      </trkpt>
      <trkpt lat="28.234088680262932" lon="112.90937924476512">
        <ele>66.3110752152279</ele>
        <time>2026-09-15T23:03:08.800000Z</time>
        <extensions>
          <gpxtpx:TrackPointExtension>
            <gpxtpx:hr>121</gpxtpx:hr>
          </gpxtpx:TrackPointExtension>
        </extensions>
      </trkpt>
      <trkpt lat="28.234089357154815" lon="112.90936958774999">
        <ele>66.32153481710702</ele>
        <time>2026-09-15T23:03:09.800000Z</time>
        <extensions>
          <gpxtpx:TrackPointExtension>
            <gpxtpx:hr>121</gpxtpx:hr>
          </gpxtpx:TrackPointExtension>
        </extensions>
      </trkpt>
      <trkpt lat="28.234090195458606" lon="112.90935998477764">
        <ele>66.33150674309582</ele>
        <time>2026-09-15T23:03:10.800000Z</time>
        <extensions>
          <gpxtpx:TrackPointExtension>
            <gpxtpx:hr>121</gpxtpx:hr>
          </gpxtpx:TrackPointExtension>
        </extensions>
      </trkpt>
      <trkpt lat="28.23409097961415" lon="112.90935034334244">
        <ele>66.3404290638864</ele>
        <time>2026-09-15T23:03:11.800000Z</time>
        <extensions>
          <gpxtpx:TrackPointExtension>
            <gpxtpx:hr>121</gpxtpx:hr>
          </gpxtpx:TrackPointExtension>
        </extensions>
      </trkpt>
      <trkpt lat="28.23409148561028" lon="112.90934063953894">
        <ele>66.34765762742609</ele>
        <time>2026-09-15T23:03:12.800000Z</time>
        <extensions>
          <gpxtpx:TrackPointExtension>
            <gpxtpx:hr>121</gpxtpx:hr>
          </gpxtpx:TrackPointExtension>
        </extensions>
      </trkpt>
      <trkpt lat="28.23409155829785" lon="112.90933079610284">
        <ele>66.3524164557457</ele>
        <time>2026-09-15T23:03:13.800000Z</time>
        <extensions>
          <gpxtpx:TrackPointExtension>
            <gpxtpx:hr>119</gpxtpx:hr>
          </gpxtpx:TrackPointExtension>
        </extensions>
      </trkpt>
      <trkpt lat="28.234091175714216" lon="112.9093205677499">
        <ele>66.35383251402527</ele>
        <time>2026-09-15T23:03:14.800000Z</time>
        <extensions>
          <gpxtpx:TrackPointExtension>
            <gpxtpx:hr>119</gpxtpx:hr>
          </gpxtpx:TrackPointExtension>
        </extensions>
      </trkpt>
      <trkpt lat="28.23409040680283" lon="112.90930971994469">
        <ele>66.35102634504437</ele>
        <time>2026-09-15T23:03:15.800000Z</time>
        <extensions>
          <gpxtpx:TrackPointExtension>
            <gpxtpx:hr>119</gpxtpx:hr>
          </gpxtpx:TrackPointExtension>
        </extensions>
      </trkpt>
      <trkpt lat="28.234089319276393" lon="112.90929804420078">
        <ele>66.34321816079319</ele>
        <time>2026-09-15T23:03:16.800000Z</time>
        <extensions>
          <gpxtpx:TrackPointExtension>
            <gpxtpx:hr>119</gpxtpx:hr>
          </gpxtpx:TrackPointExtension>
        </extensions>
      </trkpt>
      <trkpt lat="28.234087969375402" lon="112.90928571496215">
        <ele>66.32993276789784</ele>
        <time>2026-09-15T23:03:17.800000Z</time>
        <extensions>
          <gpxtpx:TrackPointExtension>
            <gpxtpx:hr>119</gpxtpx:hr>
          </gpxtpx:TrackPointExtension>
        </extensions>
      </trkpt>
      <trkpt lat="28.234085794844002" lon="112.90926986118905">
        <ele>66.3047500513494</ele>
        <time>2026-09-15T23:03:19Z</time>
        <extensions>
          <gpxtpx:TrackPointExtension>
            <gpxtpx:hr>119</gpxtpx:hr>
          </gpxtpx:TrackPointExtension>
        </extensions>
      </trkpt>
      <trkpt lat="28.234083939592935" lon="112.90925786284652">
        <ele>66.27971886657178</ele>
        <time>2026-09-15T23:03:20Z</time>
        <extensions>
          <gpxtpx:TrackPointExtension>
            <gpxtpx:hr>120</gpxtpx:hr>
          </gpxtpx:TrackPointExtension>
        </extensions>
      </trkpt>
      <trkpt lat="28.234082224564364" lon="112.90924646662889">
        <ele>66.25150842126459</ele>
        <time>2026-09-15T23:03:21Z</time>
        <extensions>
          <gpxtpx:TrackPointExtension>
            <gpxtpx:hr>120</gpxtpx:hr>
          </gpxtpx:TrackPointExtension>
        </extensions>
      </trkpt>
      <trkpt lat="28.234080670735842" lon="112.9092354316274">
        <ele>66.21993037685752</ele>
        <time>2026-09-15T23:03:22Z</time>
        <extensions>
          <gpxtpx:TrackPointExtension>
            <gpxtpx:hr>120</gpxtpx:hr>
          </gpxtpx:TrackPointExtension>
        </extensions>
      </trkpt>
      <trkpt lat="28.234078623248774" lon="112.90922412514136">
        <ele>66.18442795798182</ele>
        <time>2026-09-15T23:03:23Z</time>
        <extensions>
          <gpxtpx:TrackPointExtension>
            <gpxtpx:hr>120</gpxtpx:hr>
          </gpxtpx:TrackPointExtension>
        </extensions>
      </trkpt>
      <trkpt lat="28.23407649342667" lon="112.9092113646191">
        <ele>66.14387433603406</ele>
        <time>2026-09-15T23:03:24Z</time>
        <extensions>
          <gpxtpx:TrackPointExtension>
            <gpxtpx:hr>119</gpxtpx:hr>
          </gpxtpx:TrackPointExtension>
        </extensions>
      </trkpt>
      <trkpt lat="28.234074983529755" lon="112.90919680820878">
        <ele>66.09619192127138</ele>
        <time>2026-09-15T23:03:25Z</time>
        <extensions>
          <gpxtpx:TrackPointExtension>
            <gpxtpx:hr>119</gpxtpx:hr>
          </gpxtpx:TrackPointExtension>
        </extensions>
      </trkpt>
      <trkpt lat="28.234073989827714" lon="112.90918535708335">
        <ele>66.05569371581078</ele>
        <time>2026-09-15T23:03:25.800000Z</time>
        <extensions>
          <gpxtpx:TrackPointExtension>
            <gpxtpx:hr>119</gpxtpx:hr>
          </gpxtpx:TrackPointExtension>
        </extensions>
      </trkpt>
      <trkpt lat="28.23407234695761" lon="112.90916487808708">
        <ele>65.97176615986973</ele>
        <time>2026-09-15T23:03:27Z</time>
        <extensions>
          <gpxtpx:TrackPointExtension>
            <gpxtpx:hr>119</gpxtpx:hr>
          </gpxtpx:TrackPointExtension>
        </extensions>
      </trkpt>
      <trkpt lat="28.234071407418696" lon="112.90914834772485">
        <ele>65.89458414167166</ele>
        <time>2026-09-15T23:03:28Z</time>
        <extensions>
          <gpxtpx:TrackPointExtension>
            <gpxtpx:hr>118</gpxtpx:hr>
          </gpxtpx:TrackPointExtension>
        </extensions>
      </trkpt>
      <trkpt lat="28.2340702733951" lon="112.90913210071722">
        <ele>65.81366280280054</ele>
        <time>2026-09-15T23:03:29Z</time>
        <extensions>
          <gpxtpx:TrackPointExtension>
            <gpxtpx:hr>118</gpxtpx:hr>
          </gpxtpx:TrackPointExtension>
        </extensions>
      </trkpt>
      <trkpt lat="28.2340683103005" lon="112.90911626380189">
        <ele>65.73988407105207</ele>
        <time>2026-09-15T23:03:30Z</time>
        <extensions>
          <gpxtpx:TrackPointExtension>
            <gpxtpx:hr>118</gpxtpx:hr>
          </gpxtpx:TrackPointExtension>
        </extensions>
      </trkpt>
      <trkpt lat="28.234066086990556" lon="112.90910072206682">
        <ele>65.66044237837195</ele>
        <time>2026-09-15T23:03:31Z</time>
        <extensions>
          <gpxtpx:TrackPointExtension>
            <gpxtpx:hr>118</gpxtpx:hr>
          </gpxtpx:TrackPointExtension>
        </extensions>
      </trkpt>
      <trkpt lat="28.2340641487866" lon="112.90908481298779">
        <ele>65.58253413252532</ele>
        <time>2026-09-15T23:03:32Z</time>
        <extensions>
          <gpxtpx:TrackPointExtension>
            <gpxtpx:hr>118</gpxtpx:hr>
          </gpxtpx:TrackPointExtension>
        </extensions>
      </trkpt>
      <trkpt lat="28.234062658039665" lon="112.90906819858218">
        <ele>65.50782154034823</ele>
        <time>2026-09-15T23:03:33Z</time>
        <extensions>
          <gpxtpx:TrackPointExtension>
            <gpxtpx:hr>118</gpxtpx:hr>
          </gpxtpx:TrackPointExtension>
        </extensions>
      </trkpt>
      <trkpt lat="28.234061929361236" lon="112.90905110391175">
        <ele>65.4374934239313</ele>
        <time>2026-09-15T23:03:34Z</time>
        <extensions>
          <gpxtpx:TrackPointExtension>
            <gpxtpx:hr>118</gpxtpx:hr>
          </gpxtpx:TrackPointExtension>
        </extensions>
      </trkpt>
      <trkpt lat="28.23406227323778" lon="112.90903397446337">
        <ele>65.37249052338302</ele>
        <time>2026-09-15T23:03:35Z</time>
        <extensions>
          <gpxtpx:TrackPointExtension>
            <gpxtpx:hr>118</gpxtpx:hr>
          </gpxtpx:TrackPointExtension>
        </extensions>
      </trkpt>
      <trkpt lat="28.234063165818387" lon="112.90901728230587">
        <ele>65.31339629366994</ele>
        <time>2026-09-15T23:03:36Z</time>
        <extensions>
          <gpxtpx:TrackPointExtension>
            <gpxtpx:hr>118</gpxtpx:hr>
          </gpxtpx:TrackPointExtension>
        </extensions>
      </trkpt>
      <trkpt lat="28.23406363222866" lon="112.90900101736997">
        <ele>65.26031494513154</ele>
        <time>2026-09-15T23:03:37Z</time>
        <extensions>
          <gpxtpx:TrackPointExtension>
            <gpxtpx:hr>118</gpxtpx:hr>
          </gpxtpx:TrackPointExtension>
        </extensions>
      </trkpt>
      <trkpt lat="28.234063472198073" lon="112.90898507235354">
        <ele>65.21306495089084</ele>
        <time>2026-09-15T23:03:38Z</time>
        <extensions>
          <gpxtpx:TrackPointExtension>
            <gpxtpx:hr>118</gpxtpx:hr>
          </gpxtpx:TrackPointExtension>
        </extensions>
      </trkpt>
      <trkpt lat="28.234063193915222" lon="112.9089695682171">
        <ele>65.17149435728788</ele>
        <time>2026-09-15T23:03:39Z</time>
        <extensions>
          <gpxtpx:TrackPointExtension>
            <gpxtpx:hr>118</gpxtpx:hr>
          </gpxtpx:TrackPointExtension>
        </extensions>
      </trkpt>
      <trkpt lat="28.234062798978776" lon="112.90895493885861">
        <ele>65.13567438535392</ele>
        <time>2026-09-15T23:03:40Z</time>
        <extensions>
          <gpxtpx:TrackPointExtension>
            <gpxtpx:hr>116</gpxtpx:hr>
          </gpxtpx:TrackPointExtension>
        </extensions>
      </trkpt>
      <trkpt lat="28.234061912200435" lon="112.90894190497217">
        <ele>65.10579635947943</ele>
        <time>2026-09-15T23:03:41Z</time>
        <extensions>
          <gpxtpx:TrackPointExtension>
            <gpxtpx:hr>116</gpxtpx:hr>
          </gpxtpx:TrackPointExtension>
        </extensions>
      </trkpt>
      <trkpt lat="28.23406102362349" lon="112.90892994244814">
        <ele>65.08200815878808</ele>
        <time>2026-09-15T23:03:42Z</time>
        <extensions>
          <gpxtpx:TrackPointExtension>
            <gpxtpx:hr>116</gpxtpx:hr>
          </gpxtpx:TrackPointExtension>
        </extensions>
      </trkpt>
      <trkpt lat="28.23406137623609" lon="112.90891746072897">
        <ele>65.06446304358542</ele>
        <time>2026-09-15T23:03:43Z</time>
        <extensions>
          <gpxtpx:TrackPointExtension>
            <gpxtpx:hr>116</gpxtpx:hr>
          </gpxtpx:TrackPointExtension>
        </extensions>
      </trkpt>
      <trkpt lat="28.23406310341155" lon="112.90890386511684">
        <ele>65.05330984853208</ele>
        <time>2026-09-15T23:03:44Z</time>
        <extensions>
          <gpxtpx:TrackPointExtension>
            <gpxtpx:hr>116</gpxtpx:hr>
          </gpxtpx:TrackPointExtension>
        </extensions>
      </trkpt>
      <trkpt lat="28.234065408459013" lon="112.90888960566676">
        <ele>65.0485976273194</ele>
        <time>2026-09-15T23:03:45Z</time>
        <extensions>
          <gpxtpx:TrackPointExtension>
            <gpxtpx:hr>114</gpxtpx:hr>
          </gpxtpx:TrackPointExtension>
        </extensions>
      </trkpt>
      <trkpt lat="28.234067836709034" lon="112.90887519223043">
        <ele>65.05026989150792</ele>
        <time>2026-09-15T23:03:46Z</time>
        <extensions>
          <gpxtpx:TrackPointExtension>
            <gpxtpx:hr>114</gpxtpx:hr>
          </gpxtpx:TrackPointExtension>
        </extensions>
      </trkpt>
      <trkpt lat="28.23406985923734" lon="112.90886102305156">
        <ele>65.05823459289968</ele>
        <time>2026-09-15T23:03:47Z</time>
        <extensions>
          <gpxtpx:TrackPointExtension>
            <gpxtpx:hr>114</gpxtpx:hr>
          </gpxtpx:TrackPointExtension>
        </extensions>
      </trkpt>
      <trkpt lat="28.234070871614595" lon="112.90884756195337">
        <ele>65.07240073475987</ele>
        <time>2026-09-15T23:03:48Z</time>
        <extensions>
          <gpxtpx:TrackPointExtension>
            <gpxtpx:hr>114</gpxtpx:hr>
          </gpxtpx:TrackPointExtension>
        </extensions>
      </trkpt>
      <trkpt lat="28.23407024603142" lon="112.90883555870789">
        <ele>65.09266030509025</ele>
        <time>2026-09-15T23:03:49Z</time>
        <extensions>
          <gpxtpx:TrackPointExtension>
            <gpxtpx:hr>114</gpxtpx:hr>
          </gpxtpx:TrackPointExtension>
        </extensions>
      </trkpt>
      <trkpt lat="28.23406818420298" lon="112.90882509330649">
        <ele>65.1188332401216</ele>
        <time>2026-09-15T23:03:50Z</time>
        <extensions>
          <gpxtpx:TrackPointExtension>
            <gpxtpx:hr>114</gpxtpx:hr>
          </gpxtpx:TrackPointExtension>
        </extensions>
      </trkpt>
      <trkpt lat="28.23406576987459" lon="112.90881538797262">
        <ele>65.15062312874943</ele>
        <time>2026-09-15T23:03:51Z</time>
        <extensions>
          <gpxtpx:TrackPointExtension>
            <gpxtpx:hr>114</gpxtpx:hr>
          </gpxtpx:TrackPointExtension>
        </extensions>
      </trkpt>
      <trkpt lat="28.23406408929448" lon="112.90880545429178">
        <ele>65.18762929737568</ele>
        <time>2026-09-15T23:03:52Z</time>
        <extensions>
          <gpxtpx:TrackPointExtension>
            <gpxtpx:hr>114</gpxtpx:hr>
          </gpxtpx:TrackPointExtension>
        </extensions>
      </trkpt>
      <trkpt lat="28.23406431475158" lon="112.90879410870048">
        <ele>65.2293589618057</ele>
        <time>2026-09-15T23:03:53Z</time>
        <extensions>
          <gpxtpx:TrackPointExtension>
            <gpxtpx:hr>115</gpxtpx:hr>
          </gpxtpx:TrackPointExtension>
        </extensions>
      </trkpt>
      <trkpt lat="28.234066201929892" lon="112.90878108850667">
        <ele>65.2752352450043</ele>
        <time>2026-09-15T23:03:54Z</time>
        <extensions>
          <gpxtpx:TrackPointExtension>
            <gpxtpx:hr>115</gpxtpx:hr>
          </gpxtpx:TrackPointExtension>
        </extensions>
      </trkpt>
      <trkpt lat="28.234068667646966" lon="112.90876701266772">
        <ele>65.32465154398233</ele>
        <time>2026-09-15T23:03:55Z</time>
        <extensions>
          <gpxtpx:TrackPointExtension>
            <gpxtpx:hr>115</gpxtpx:hr>
          </gpxtpx:TrackPointExtension>
        </extensions>
      </trkpt>
      <trkpt lat="28.234071411355224" lon="112.90875244967401">
        <ele>65.37700382620096</ele>
        <time>2026-09-15T23:03:56Z</time>
        <extensions>
          <gpxtpx:TrackPointExtension>
            <gpxtpx:hr>115</gpxtpx:hr>
          </gpxtpx:TrackPointExtension>
        </extensions>
      </trkpt>
      <trkpt lat="28.234074195802393" lon="112.90873792669974">
        <ele>65.43168292101473</ele>
        <time>2026-09-15T23:03:57Z</time>
        <extensions>
          <gpxtpx:TrackPointExtension>
            <gpxtpx:hr>115</gpxtpx:hr>
          </gpxtpx:TrackPointExtension>
        </extensions>
      </trkpt>
      <trkpt lat="28.2340765017276" lon="112.90872412573">
        <ele>65.48808484431356</ele>
        <time>2026-09-15T23:03:58Z</time>
        <extensions>
          <gpxtpx:TrackPointExtension>
            <gpxtpx:hr>113</gpxtpx:hr>
          </gpxtpx:TrackPointExtension>
        </extensions>
      </trkpt>
      <trkpt lat="28.23407750987567" lon="112.90871172627776">
        <ele>65.54566163849086</ele>
        <time>2026-09-15T23:03:59Z</time>
        <extensions>
          <gpxtpx:TrackPointExtension>
            <gpxtpx:hr>113</gpxtpx:hr>
          </gpxtpx:TrackPointExtension>
        </extensions>
      </trkpt>
      <trkpt lat="28.23407599397369" lon="112.90870153528527">
        <ele>65.60394867509604</ele>
        <time>2026-09-15T23:04:00Z</time>
        <extensions>
          <gpxtpx:TrackPointExtension>
            <gpxtpx:hr>113</gpxtpx:hr>
          </gpxtpx:TrackPointExtension>
        </extensions>
      </trkpt>
      <trkpt lat="28.234072415096378" lon="112.90869317527844">
        <ele>65.66254026908427</ele>
        <time>2026-09-15T23:04:01Z</time>
        <extensions>
          <gpxtpx:TrackPointExtension>
            <gpxtpx:hr>113</gpxtpx:hr>
          </gpxtpx:TrackPointExtension>
        </extensions>
      </trkpt>
      <trkpt lat="28.23406845375658" lon="112.90868539099655">
        <ele>65.7211561575532</ele>
        <time>2026-09-15T23:04:02Z</time>
        <extensions>
          <gpxtpx:TrackPointExtension>
            <gpxtpx:hr>113</gpxtpx:hr>
          </gpxtpx:TrackPointExtension>
        </extensions>
      </trkpt>
      <trkpt lat="28.23406494798255" lon="112.90867747122046">
        <ele>65.77981522120535</ele>
        <time>2026-09-15T23:04:03Z</time>
        <extensions>
          <gpxtpx:TrackPointExtension>
            <gpxtpx:hr>113</gpxtpx:hr>
          </gpxtpx:TrackPointExtension>
        </extensions>
      </trkpt>
      <trkpt lat="28.234062366197772" lon="112.90866867080707">
        <ele>65.83886404614896</ele>
        <time>2026-09-15T23:04:04Z</time>
        <extensions>
          <gpxtpx:TrackPointExtension>
            <gpxtpx:hr>113</gpxtpx:hr>
          </gpxtpx:TrackPointExtension>
        </extensions>
      </trkpt>
      <trkpt lat="28.234061716847915" lon="112.90865766377647">
        <ele>65.89880117122084</ele>
        <time>2026-09-15T23:04:05Z</time>
        <extensions>
          <gpxtpx:TrackPointExtension>
            <gpxtpx:hr>113</gpxtpx:hr>
          </gpxtpx:TrackPointExtension>
        </extensions>
      </trkpt>
      <trkpt lat="28.234062410062712" lon="112.90864423493392">
        <ele>65.96013466734439</ele>
        <time>2026-09-15T23:04:06Z</time>
        <extensions>
          <gpxtpx:TrackPointExtension>
            <gpxtpx:hr>113</gpxtpx:hr>
          </gpxtpx:TrackPointExtension>
        </extensions>
      </trkpt>
      <trkpt lat="28.234062264543667" lon="112.90862988659575">
        <ele>66.02338728774339</ele>
        <time>2026-09-15T23:04:06.900000Z</time>
        <extensions>
          <gpxtpx:TrackPointExtension>
            <gpxtpx:hr>113</gpxtpx:hr>
          </gpxtpx:TrackPointExtension>
        </extensions>
      </trkpt>
      <trkpt lat="28.234059585381434" lon="112.9086167414244">
        <ele>66.08909626957029</ele>
        <time>2026-09-15T23:04:07.900000Z</time>
        <extensions>
          <gpxtpx:TrackPointExtension>
            <gpxtpx:hr>113</gpxtpx:hr>
          </gpxtpx:TrackPointExtension>
        </extensions>
      </trkpt>
      <trkpt lat="28.234054731814716" lon="112.90860583241779">
        <ele>66.15779162663966</ele>
        <time>2026-09-15T23:04:08.900000Z</time>
        <extensions>
          <gpxtpx:TrackPointExtension>
            <gpxtpx:hr>118</gpxtpx:hr>
          </gpxtpx:TrackPointExtension>
        </extensions>
      </trkpt>
      <trkpt lat="28.234050154691495" lon="112.9085956241227">
        <ele>66.2300119465217</ele>
        <time>2026-09-15T23:04:09.900000Z</time>
        <extensions>
          <gpxtpx:TrackPointExtension>
            <gpxtpx:hr>118</gpxtpx:hr>
          </gpxtpx:TrackPointExtension>
        </extensions>
      </trkpt>
      <trkpt lat="28.234047098205572" lon="112.90858445726946">
        <ele>66.30632243212312</ele>
        <time>2026-09-15T23:04:10.900000Z</time>
        <extensions>
          <gpxtpx:TrackPointExtension>
            <gpxtpx:hr>118</gpxtpx:hr>
          </gpxtpx:TrackPointExtension>
        </extensions>
      </trkpt>
      <trkpt lat="28.23404647735411" lon="112.90857119952126">
        <ele>66.387295643799</ele>
        <time>2026-09-15T23:04:11.900000Z</time>
        <extensions>
          <gpxtpx:TrackPointExtension>
            <gpxtpx:hr>118</gpxtpx:hr>
          </gpxtpx:TrackPointExtension>
        </extensions>
      </trkpt>
      <trkpt lat="28.23404839887979" lon="112.90855559994789">
        <ele>66.47337076161057</ele>
        <time>2026-09-15T23:04:12.900000Z</time>
        <extensions>
          <gpxtpx:TrackPointExtension>
            <gpxtpx:hr>118</gpxtpx:hr>
          </gpxtpx:TrackPointExtension>
        </extensions>
      </trkpt>
      <trkpt lat="28.234051746900178" lon="112.90853808248201">
        <ele>66.56453062128276</ele>
        <time>2026-09-15T23:04:13.900000Z</time>
        <extensions>
          <gpxtpx:TrackPointExtension>
            <gpxtpx:hr>118</gpxtpx:hr>
          </gpxtpx:TrackPointExtension>
        </extensions>
      </trkpt>
      <trkpt lat="28.234055775525217" lon="112.90851877035176">
        <ele>66.66008482407779</ele>
        <time>2026-09-15T23:04:14.900000Z</time>
        <extensions>
          <gpxtpx:TrackPointExtension>
            <gpxtpx:hr>118</gpxtpx:hr>
          </gpxtpx:TrackPointExtension>
        </extensions>
      </trkpt>
      <trkpt lat="28.234059937798207" lon="112.90849835031864">
        <ele>66.75868949480355</ele>
        <time>2026-09-15T23:04:15.900000Z</time>
        <extensions>
          <gpxtpx:TrackPointExtension>
            <gpxtpx:hr>118</gpxtpx:hr>
          </gpxtpx:TrackPointExtension>
        </extensions>
      </trkpt>
      <trkpt lat="28.234063897412558" lon="112.90847812802879">
        <ele>66.85838045645505</ele>
        <time>2026-09-15T23:04:16.900000Z</time>
        <extensions>
          <gpxtpx:TrackPointExtension>
            <gpxtpx:hr>118</gpxtpx:hr>
          </gpxtpx:TrackPointExtension>
        </extensions>
      </trkpt>
      <trkpt lat="28.234067754085423" lon="112.90845844148906">
        <ele>66.95646361913532</ele>
        <time>2026-09-15T23:04:17.900000Z</time>
        <extensions>
          <gpxtpx:TrackPointExtension>
            <gpxtpx:hr>118</gpxtpx:hr>
          </gpxtpx:TrackPointExtension>
        </extensions>
      </trkpt>
      <trkpt lat="28.234071643961173" lon="112.90843879144968">
        <ele>67.04939935170114</ele>
        <time>2026-09-15T23:04:18.900000Z</time>
        <extensions>
          <gpxtpx:TrackPointExtension>
            <gpxtpx:hr>118</gpxtpx:hr>
          </gpxtpx:TrackPointExtension>
        </extensions>
      </trkpt>
      <trkpt lat="28.234074896215233" lon="112.90842229067664">
        <ele>67.12120022531599</ele>
        <time>2026-09-15T23:04:19.800000Z</time>
        <extensions>
          <gpxtpx:TrackPointExtension>
            <gpxtpx:hr>119</gpxtpx:hr>
          </gpxtpx:TrackPointExtension>
        </extensions>
      </trkpt>
      <trkpt lat="28.234078710246074" lon="112.90840291464716">
        <ele>67.19603824988008</ele>
        <time>2026-09-15T23:04:20.800000Z</time>
        <extensions>
          <gpxtpx:TrackPointExtension>
            <gpxtpx:hr>119</gpxtpx:hr>
          </gpxtpx:TrackPointExtension>
        </extensions>
      </trkpt>
      <trkpt lat="28.23408242792133" lon="112.90838405026835">
        <ele>67.2571772299707</ele>
        <time>2026-09-15T23:04:21.800000Z</time>
        <extensions>
          <gpxtpx:TrackPointExtension>
            <gpxtpx:hr>119</gpxtpx:hr>
          </gpxtpx:TrackPointExtension>
        </extensions>
      </trkpt>
      <trkpt lat="28.23408614837863" lon="112.90836555627615">
        <ele>67.30536502413452</ele>
        <time>2026-09-15T23:04:22.800000Z</time>
        <extensions>
          <gpxtpx:TrackPointExtension>
            <gpxtpx:hr>119</gpxtpx:hr>
          </gpxtpx:TrackPointExtension>
        </extensions>
      </trkpt>
      <trkpt lat="28.234089872580334" lon="112.90834763621231">
        <ele>67.34270003437996</ele>
        <time>2026-09-15T23:04:23.800000Z</time>
        <extensions>
          <gpxtpx:TrackPointExtension>
            <gpxtpx:hr>119</gpxtpx:hr>
          </gpxtpx:TrackPointExtension>
        </extensions>
      </trkpt>
      <trkpt lat="28.234093597738067" lon="112.90833030199128">
        <ele>67.37183848861605</ele>
        <time>2026-09-15T23:04:24.800000Z</time>
        <extensions>
          <gpxtpx:TrackPointExtension>
            <gpxtpx:hr>120</gpxtpx:hr>
          </gpxtpx:TrackPointExtension>
        </extensions>
      </trkpt>
      <trkpt lat="28.234097368726246" lon="112.90831360663088">
        <ele>67.39549408387393</ele>
        <time>2026-09-15T23:04:25.800000Z</time>
        <extensions>
          <gpxtpx:TrackPointExtension>
            <gpxtpx:hr>120</gpxtpx:hr>
          </gpxtpx:TrackPointExtension>
        </extensions>
      </trkpt>
      <trkpt lat="28.234101093014488" lon="112.9082974494851">
        <ele>67.4161382317543</ele>
        <time>2026-09-15T23:04:26.800000Z</time>
        <extensions>
          <gpxtpx:TrackPointExtension>
            <gpxtpx:hr>120</gpxtpx:hr>
          </gpxtpx:TrackPointExtension>
        </extensions>
      </trkpt>
      <trkpt lat="28.23410469142633" lon="112.90828132132494">
        <ele>67.43583587184548</ele>
        <time>2026-09-15T23:04:27.800000Z</time>
        <extensions>
          <gpxtpx:TrackPointExtension>
            <gpxtpx:hr>120</gpxtpx:hr>
          </gpxtpx:TrackPointExtension>
        </extensions>
      </trkpt>
      <trkpt lat="28.234107843720405" lon="112.90826541850599">
        <ele>67.45616751909256</ele>
        <time>2026-09-15T23:04:28.800000Z</time>
        <extensions>
          <gpxtpx:TrackPointExtension>
            <gpxtpx:hr>120</gpxtpx:hr>
          </gpxtpx:TrackPointExtension>
        </extensions>
      </trkpt>
      <trkpt lat="28.234110332888356" lon="112.90824969940446">
        <ele>67.4781963499263</ele>
        <time>2026-09-15T23:04:29.800000Z</time>
        <extensions>
          <gpxtpx:TrackPointExtension>
            <gpxtpx:hr>120</gpxtpx:hr>
          </gpxtpx:TrackPointExtension>
        </extensions>
      </trkpt>
      <trkpt lat="28.23411203183062" lon="112.90823409557528">
        <ele>67.50248477887362</ele>
        <time>2026-09-15T23:04:30.800000Z</time>
        <extensions>
          <gpxtpx:TrackPointExtension>
            <gpxtpx:hr>120</gpxtpx:hr>
          </gpxtpx:TrackPointExtension>
        </extensions>
      </trkpt>
      <trkpt lat="28.23411239081348" lon="112.9082190797909">
        <ele>67.52913543116301</ele>
        <time>2026-09-15T23:04:31.800000Z</time>
        <extensions>
          <gpxtpx:TrackPointExtension>
            <gpxtpx:hr>120</gpxtpx:hr>
          </gpxtpx:TrackPointExtension>
        </extensions>
      </trkpt>
      <trkpt lat="28.2341120940823" lon="112.90820457532669">
        <ele>67.55784125998616</ele>
        <time>2026-09-15T23:04:32.800000Z</time>
        <extensions>
          <gpxtpx:TrackPointExtension>
            <gpxtpx:hr>120</gpxtpx:hr>
          </gpxtpx:TrackPointExtension>
        </extensions>
      </trkpt>
      <trkpt lat="28.234112314600864" lon="112.90819025845686">
        <ele>67.58797828387469</ele>
        <time>2026-09-15T23:04:33.800000Z</time>
        <extensions>
          <gpxtpx:TrackPointExtension>
            <gpxtpx:hr>123</gpxtpx:hr>
          </gpxtpx:TrackPointExtension>
        </extensions>
      </trkpt>
      <trkpt lat="28.234113115784364" lon="112.90817601038196">
        <ele>67.61871633771807</ele>
        <time>2026-09-15T23:04:34.800000Z</time>
        <extensions>
          <gpxtpx:TrackPointExtension>
            <gpxtpx:hr>123</gpxtpx:hr>
          </gpxtpx:TrackPointExtension>
        </extensions>
      </trkpt>
      <trkpt lat="28.23411430465508" lon="112.9081617248802">
        <ele>67.64916069898754</ele>
        <time>2026-09-15T23:04:35.800000Z</time>
        <extensions>
          <gpxtpx:TrackPointExtension>
            <gpxtpx:hr>123</gpxtpx:hr>
          </gpxtpx:TrackPointExtension>
        </extensions>
      </trkpt>
      <trkpt lat="28.23411561597933" lon="112.9081475884466">
        <ele>67.6785587547347</ele>
        <time>2026-09-15T23:04:36.800000Z</time>
        <extensions>
          <gpxtpx:TrackPointExtension>
            <gpxtpx:hr>123</gpxtpx:hr>
          </gpxtpx:TrackPointExtension>
        </extensions>
      </trkpt>
      <trkpt lat="28.234116865269456" lon="112.90813364104022">
        <ele>67.70647351630032</ele>
        <time>2026-09-15T23:04:37.800000Z</time>
        <extensions>
          <gpxtpx:TrackPointExtension>
            <gpxtpx:hr>123</gpxtpx:hr>
          </gpxtpx:TrackPointExtension>
        </extensions>
      </trkpt>
      <trkpt lat="28.234118047705795" lon="112.90811945709723">
        <ele>67.73282460775226</ele>
        <time>2026-09-15T23:04:38.800000Z</time>
        <extensions>
          <gpxtpx:TrackPointExtension>
            <gpxtpx:hr>123</gpxtpx:hr>
          </gpxtpx:TrackPointExtension>
        </extensions>
      </trkpt>
      <trkpt lat="28.234119529457406" lon="112.90810454817114">
        <ele>67.75784574449062</ele>
        <time>2026-09-15T23:04:39.800000Z</time>
        <extensions>
          <gpxtpx:TrackPointExtension>
            <gpxtpx:hr>123</gpxtpx:hr>
          </gpxtpx:TrackPointExtension>
        </extensions>
      </trkpt>
      <trkpt lat="28.234121442771347" lon="112.9080888755381">
        <ele>67.78194985166192</ele>
        <time>2026-09-15T23:04:40.800000Z</time>
        <extensions>
          <gpxtpx:TrackPointExtension>
            <gpxtpx:hr>123</gpxtpx:hr>
          </gpxtpx:TrackPointExtension>
        </extensions>
      </trkpt>
      <trkpt lat="28.234123582474577" lon="112.90807268374905">
        <ele>67.80545815918595</ele>
        <time>2026-09-15T23:04:41.800000Z</time>
        <extensions>
          <gpxtpx:TrackPointExtension>
            <gpxtpx:hr>123</gpxtpx:hr>
          </gpxtpx:TrackPointExtension>
        </extensions>
      </trkpt>
      <trkpt lat="28.23412588265603" lon="112.90805686231278">
        <ele>67.82835863437504</ele>
        <time>2026-09-15T23:04:42.800000Z</time>
        <extensions>
          <gpxtpx:TrackPointExtension>
            <gpxtpx:hr>123</gpxtpx:hr>
          </gpxtpx:TrackPointExtension>
        </extensions>
      </trkpt>
      <trkpt lat="28.23412852258282" lon="112.90804118097611">
        <ele>67.85026657115668</ele>
        <time>2026-09-15T23:04:43.800000Z</time>
        <extensions>
          <gpxtpx:TrackPointExtension>
            <gpxtpx:hr>123</gpxtpx:hr>
          </gpxtpx:TrackPointExtension>
        </extensions>
      </trkpt>
      <trkpt lat="28.23413164337596" lon="112.90802479067378">
        <ele>67.87054157722741</ele>
        <time>2026-09-15T23:04:44.800000Z</time>
        <extensions>
          <gpxtpx:TrackPointExtension>
            <gpxtpx:hr>123</gpxtpx:hr>
          </gpxtpx:TrackPointExtension>
        </extensions>
      </trkpt>
      <trkpt lat="28.234135110551016" lon="112.90800786279523">
        <ele>67.8885301835835</ele>
        <time>2026-09-15T23:04:45.800000Z</time>
        <extensions>
          <gpxtpx:TrackPointExtension>
            <gpxtpx:hr>123</gpxtpx:hr>
          </gpxtpx:TrackPointExtension>
        </extensions>
      </trkpt>
      <trkpt lat="28.23413877465301" lon="112.9079905207108">
        <ele>67.90398185234517</ele>
        <time>2026-09-15T23:04:46.800000Z</time>
        <extensions>
          <gpxtpx:TrackPointExtension>
            <gpxtpx:hr>123</gpxtpx:hr>
          </gpxtpx:TrackPointExtension>
        </extensions>
      </trkpt>
      <trkpt lat="28.2341428289478" lon="112.9079713525614">
        <ele>67.91897278558463</ele>
        <time>2026-09-15T23:04:47.900000Z</time>
        <extensions>
          <gpxtpx:TrackPointExtension>
            <gpxtpx:hr>123</gpxtpx:hr>
          </gpxtpx:TrackPointExtension>
        </extensions>
      </trkpt>
      <trkpt lat="28.234146404034757" lon="112.90795441777053">
        <ele>67.9322387194261</ele>
        <time>2026-09-15T23:04:48.900000Z</time>
        <extensions>
          <gpxtpx:TrackPointExtension>
            <gpxtpx:hr>123</gpxtpx:hr>
          </gpxtpx:TrackPointExtension>
        </extensions>
      </trkpt>
      <trkpt lat="28.234149752227825" lon="112.90793799156339">
        <ele>67.94685897789896</ele>
        <time>2026-09-15T23:04:49.900000Z</time>
        <extensions>
          <gpxtpx:TrackPointExtension>
            <gpxtpx:hr>123</gpxtpx:hr>
          </gpxtpx:TrackPointExtension>
        </extensions>
      </trkpt>
      <trkpt lat="28.234152406683876" lon="112.90792253157616">
        <ele>67.96365884039551</ele>
        <time>2026-09-15T23:04:50.900000Z</time>
        <extensions>
          <gpxtpx:TrackPointExtension>
            <gpxtpx:hr>123</gpxtpx:hr>
          </gpxtpx:TrackPointExtension>
        </extensions>
      </trkpt>
      <trkpt lat="28.234153575324026" lon="112.90790889312996">
        <ele>67.98289337567985</ele>
        <time>2026-09-15T23:04:51.900000Z</time>
        <extensions>
          <gpxtpx:TrackPointExtension>
            <gpxtpx:hr>123</gpxtpx:hr>
          </gpxtpx:TrackPointExtension>
        </extensions>
      </trkpt>
      <trkpt lat="28.234151802352265" lon="112.90789831424716">
        <ele>68.00432815309614</ele>
        <time>2026-09-15T23:04:52.900000Z</time>
        <extensions>
          <gpxtpx:TrackPointExtension>
            <gpxtpx:hr>123</gpxtpx:hr>
          </gpxtpx:TrackPointExtension>
        </extensions>
      </trkpt>
      <trkpt lat="28.234147158777105" lon="112.90789068940073">
        <ele>68.02728064265102</ele>
        <time>2026-09-15T23:04:53.900000Z</time>
        <extensions>
          <gpxtpx:TrackPointExtension>
            <gpxtpx:hr>125</gpxtpx:hr>
          </gpxtpx:TrackPointExtension>
        </extensions>
      </trkpt>
      <trkpt lat="28.23414170290575" lon="112.90788417781721">
        <ele>68.05064911674708</ele>
        <time>2026-09-15T23:04:54.900000Z</time>
        <extensions>
          <gpxtpx:TrackPointExtension>
            <gpxtpx:hr>125</gpxtpx:hr>
          </gpxtpx:TrackPointExtension>
        </extensions>
      </trkpt>
      <trkpt lat="28.23413703875752" lon="112.90787715340939">
        <ele>68.07298684865236</ele>
        <time>2026-09-15T23:04:55.900000Z</time>
        <extensions>
          <gpxtpx:TrackPointExtension>
            <gpxtpx:hr>125</gpxtpx:hr>
          </gpxtpx:TrackPointExtension>
        </extensions>
      </trkpt>
      <trkpt lat="28.23413532110873" lon="112.90786855215033">
        <ele>68.09250760264695</ele>
        <time>2026-09-15T23:04:56.900000Z</time>
        <extensions>
          <gpxtpx:TrackPointExtension>
            <gpxtpx:hr>125</gpxtpx:hr>
          </gpxtpx:TrackPointExtension>
        </extensions>
      </trkpt>
      <trkpt lat="28.23413622927532" lon="112.90785900751543">
        <ele>68.10622998233885</ele>
        <time>2026-09-15T23:04:57.800000Z</time>
        <extensions>
          <gpxtpx:TrackPointExtension>
            <gpxtpx:hr>125</gpxtpx:hr>
          </gpxtpx:TrackPointExtension>
        </extensions>
      </trkpt>
      <trkpt lat="28.234137544116603" lon="112.90784705362151">
        <ele>68.11492506787181</ele>
        <time>2026-09-15T23:04:58.800000Z</time>
        <extensions>
          <gpxtpx:TrackPointExtension>
            <gpxtpx:hr>125</gpxtpx:hr>
          </gpxtpx:TrackPointExtension>
        </extensions>
      </trkpt>
      <trkpt lat="28.234138544467623" lon="112.90783424402797">
        <ele>68.11665520537645</ele>
        <time>2026-09-15T23:04:59.800000Z</time>
        <extensions>
          <gpxtpx:TrackPointExtension>
            <gpxtpx:hr>126</gpxtpx:hr>
          </gpxtpx:TrackPointExtension>
        </extensions>
      </trkpt>
      <trkpt lat="28.234139244409718" lon="112.90782135163205">
        <ele>68.1132619092241</ele>
        <time>2026-09-15T23:05:00.800000Z</time>
        <extensions>
          <gpxtpx:TrackPointExtension>
            <gpxtpx:hr>126</gpxtpx:hr>
          </gpxtpx:TrackPointExtension>
        </extensions>
      </trkpt>
      <trkpt lat="28.234139853376593" lon="112.90780892269463">
        <ele>68.1068784352392</ele>
        <time>2026-09-15T23:05:01.800000Z</time>
        <extensions>
          <gpxtpx:TrackPointExtension>
            <gpxtpx:hr>126</gpxtpx:hr>
          </gpxtpx:TrackPointExtension>
        </extensions>
      </trkpt>
      <trkpt lat="28.234140600137543" lon="112.9077966829296">
        <ele>68.09908253047615</ele>
        <time>2026-09-15T23:05:02.800000Z</time>
        <extensions>
          <gpxtpx:TrackPointExtension>
            <gpxtpx:hr>126</gpxtpx:hr>
          </gpxtpx:TrackPointExtension>
        </extensions>
      </trkpt>
      <trkpt lat="28.23414152821316" lon="112.90778403694496">
        <ele>68.0909355552867</ele>
        <time>2026-09-15T23:05:03.800000Z</time>
        <extensions>
          <gpxtpx:TrackPointExtension>
            <gpxtpx:hr>126</gpxtpx:hr>
          </gpxtpx:TrackPointExtension>
        </extensions>
      </trkpt>
      <trkpt lat="28.234142578446615" lon="112.90777098374453">
        <ele>68.08302178420126</ele>
        <time>2026-09-15T23:05:04.800000Z</time>
        <extensions>
          <gpxtpx:TrackPointExtension>
            <gpxtpx:hr>126</gpxtpx:hr>
          </gpxtpx:TrackPointExtension>
        </extensions>
      </trkpt>
      <trkpt lat="28.234143672376394" lon="112.90775775887771">
        <ele>68.07550752256066</ele>
        <time>2026-09-15T23:05:05.800000Z</time>
        <extensions>
          <gpxtpx:TrackPointExtension>
            <gpxtpx:hr>126</gpxtpx:hr>
          </gpxtpx:TrackPointExtension>
        </extensions>
      </trkpt>
    </trkseg>
  </trk>
</gpx>