<?xml version="1.0" encoding="UTF-8"?>
<gpx xmlns="http://www.topografix.com/GPX/1/1" xmlns:gpxtpx="http://www.garmin.com/xmlschemas/TrackPointExtension/v1" xmlns:xsi="http://www.w3.org/2001/XMLSchema-instance" xsi:schemaLocation="http://www.topografix.com/GPX/1/1 http://www.topografix.com/GPX/1/1/gpx.xsd" version="1.1" creator="gpx.py -- https://github.com/tkrajina/gpxpy">
  <trk>
    <name>gpx from keep</name>
    <type>Run</type>
    <trkseg>
      <trkpt lat="28.231711771195954" lon="112.90316617993638">
        <ele>60.05632564984262</ele>
        <time>2026-09-17T13:21:41.111000Z</time>
      </trkpt>
      <trkpt lat="28.231714322362137" lon="112.90316321299252">
        <ele>60.052534041926265</ele>
        <time>2026-09-17T12:59:07Z</time>
        <extensions>
          <gpxtpx:TrackPointExtension>
            <gpxtpx:hr>89</gpxtpx:hr>
          </gpxtpx:TrackPointExtension>
        </extensions>
      </trkpt>
      <trkpt lat="28.231715855073585" lon="112.90316143370735">
        <ele>60.04254467505962</ele>
        <time>2026-09-17T12:59:07.500000Z</time>
        <extensions>
          <gpxtpx:TrackPointExtension>
            <gpxtpx:hr>89</gpxtpx:hr>
          </gpxtpx:TrackPointExtension>
        </extensions>
      </trkpt>
      <trkpt lat="28.231719196086125" lon="112.90315752423724">
        <ele>60.03763420507312</ele>
        <time>2026-09-17T12:59:08.500000Z</time>
        <extensions>
          <gpxtpx:TrackPointExtension>
            <gpxtpx:hr>89</gpxtpx:hr>
          </gpxtpx:TrackPointExtension>
        </extensions>
      </trkpt>
      <trkpt lat="28.231723736764007" lon="112.90315215048223">
        <ele>60.021747317165136</ele>
        <time>2026-09-17T12:59:09.500000Z</time>
        <extensions>
          <gpxtpx:TrackPointExtension>
            <gpxtpx:hr>89</gpxtpx:hr>
          </gpxtpx:TrackPointExtension>
        </extensions>
      </trkpt>
      <trkpt lat="28.23173014325351" lon="112.90314447422651">
        <ele>60.01792395208031</ele>
        <time>2026-09-17T12:59:10.500000Z</time>
        <extensions>
          <gpxtpx:TrackPointExtension>
            <gpxtpx:hr>89</gpxtpx:hr>
          </gpxtpx:TrackPointExtension>
        </extensions>
      </trkpt>
      <trkpt lat="28.231738859635062" lon="112.90313440715907">
        <ele>60.007677709683776</ele>
        <time>2026-09-17T12:59:11.500000Z</time>
        <extensions>
          <gpxtpx:TrackPointExtension>
            <gpxtpx:hr>89</gpxtpx:hr>
          </gpxtpx:TrackPointExtension>
        </extensions>
      </trkpt>
      <trkpt lat="28.231749916571676" lon="112.90312265596786">
        <ele>59.997004442848265</ele>
        <time>2026-09-17T12:59:12.500000Z</time>
        <extensions>
          <gpxtpx:TrackPointExtension>
            <gpxtpx:hr>89</gpxtpx:hr>
          </gpxtpx:TrackPointExtension>
        </extensions>
      </trkpt>
      <trkpt lat="28.231763205647177" lon="112.90310959489344">
        <ele>59.98989696614444</ele>
        <time>2026-09-17T12:59:13.500000Z</time>
        <extensions>
          <gpxtpx:TrackPointExtension>
            <gpxtpx:hr>89</gpxtpx:hr>
          </gpxtpx:TrackPointExtension>
        </extensions>
      </trkpt>
      <trkpt lat="28.231778249949354" lon="112.90309558063831">
        <ele>59.98014871403575</ele>
        <time>2026-09-17T12:59:14.500000Z</time>
        <extensions>
          <gpxtpx:TrackPointExtension>
            <gpxtpx:hr>89</gpxtpx:hr>
          </gpxtpx:TrackPointExtension>
        </extensions>
      </trkpt>
      <trkpt lat="28.23179428184351" lon="112.90308111533099">
        <ele>59.97641879785806</ele>
        <time>2026-09-17T12:59:15.500000Z</time>
        <extensions>
          <gpxtpx:TrackPointExtension>
            <gpxtpx:hr>89</gpxtpx:hr>
          </gpxtpx:TrackPointExtension>
        </extensions>
      </trkpt>
      <trkpt lat="28.23181058437993" lon="112.90306676904748">
        <ele>59.97289145272225</ele>
        <time>2026-09-17T12:59:16.500000Z</time>
        <extensions>
          <gpxtpx:TrackPointExtension>
            <gpxtpx:hr>89</gpxtpx:hr>
          </gpxtpx:TrackPointExtension>
        </extensions>
      </trkpt>
      <trkpt lat="28.231826744635836" lon="112.90305278473004">
        <ele>59.96294699702412</ele>
        <time>2026-09-17T12:59:17.500000Z</time>
        <extensions>
          <gpxtpx:TrackPointExtension>
            <gpxtpx:hr>90</gpxtpx:hr>
          </gpxtpx:TrackPointExtension>
        </extensions>
      </trkpt>
      <trkpt lat="28.231842948011792" lon="112.90303901265897">
        <ele>59.955081932246685</ele>
        <time>2026-09-17T12:59:18.500000Z</time>
        <extensions>
          <gpxtpx:TrackPointExtension>
            <gpxtpx:hr>90</gpxtpx:hr>
          </gpxtpx:TrackPointExtension>
        </extensions>
      </trkpt>
      <trkpt lat="28.231859825306813" lon="112.90302551729789">
        <ele>59.94312042277306</ele>
        <time>2026-09-17T12:59:19.500000Z</time>
        <extensions>
          <gpxtpx:TrackPointExtension>
            <gpxtpx:hr>90</gpxtpx:hr>
          </gpxtpx:TrackPointExtension>
        </extensions>
      </trkpt>
      <trkpt lat="28.23187755678546" lon="112.90301245284056">
        <ele>59.92750602774322</ele>
        <time>2026-09-17T12:59:20.500000Z</time>
        <extensions>
          <gpxtpx:TrackPointExtension>
            <gpxtpx:hr>90</gpxtpx:hr>
          </gpxtpx:TrackPointExtension>
        </extensions>
      </trkpt>
      <trkpt lat="28.231895749023977" lon="112.90299981419881">
        <ele>59.90942807961255</ele>
        <time>2026-09-17T12:59:21.500000Z</time>
        <extensions>
          <gpxtpx:TrackPointExtension>
            <gpxtpx:hr>90</gpxtpx:hr>
          </gpxtpx:TrackPointExtension>
        </extensions>
      </trkpt>
      <trkpt lat="28.231913993218924" lon="112.90298746528585">
        <ele>59.88999470230192</ele>
        <time>2026-09-17T12:59:22.500000Z</time>
        <extensions>
          <gpxtpx:TrackPointExtension>
            <gpxtpx:hr>86</gpxtpx:hr>
          </gpxtpx:TrackPointExtension>
        </extensions>
      </trkpt>
      <trkpt lat="28.231932192582036" lon="112.90297533244537">
        <ele>59.86995884496719</ele>
        <time>2026-09-17T12:59:23.500000Z</time>
        <extensions>
          <gpxtpx:TrackPointExtension>
            <gpxtpx:hr>86</gpxtpx:hr>
          </gpxtpx:TrackPointExtension>
        </extensions>
      </trkpt>
      <trkpt lat="28.231950526333478" lon="112.90296342469068">
        <ele>59.847273082472384</ele>
        <time>2026-09-17T12:59:24.500000Z</time>
        <extensions>
          <gpxtpx:TrackPointExtension>
            <gpxtpx:hr>86</gpxtpx:hr>
          </gpxtpx:TrackPointExtension>
        </extensions>
      </trkpt>
      <trkpt lat="28.23196912449864" lon="112.90295168160877">
        <ele>59.824524079449475</ele>
        <time>2026-09-17T12:59:25.500000Z</time>
        <extensions>
          <gpxtpx:TrackPointExtension>
            <gpxtpx:hr>86</gpxtpx:hr>
          </gpxtpx:TrackPointExtension>
        </extensions>
      </trkpt>
      <trkpt lat="28.231987972850607" lon="112.90293987472477">
        <ele>59.798938885331154</ele>
        <time>2026-09-17T12:59:26.500000Z</time>
        <extensions>
          <gpxtpx:TrackPointExtension>
            <gpxtpx:hr>86</gpxtpx:hr>
          </gpxtpx:TrackPointExtension>
        </extensions>
      </trkpt>
      <trkpt lat="28.232007028361874" lon="112.90292773881114">
        <ele>59.76823508832604</ele>
        <time>2026-09-17T12:59:27.500000Z</time>
        <extensions>
          <gpxtpx:TrackPointExtension>
            <gpxtpx:hr>86</gpxtpx:hr>
          </gpxtpx:TrackPointExtension>
        </extensions>
      </trkpt>
      <trkpt lat="28.232026242058406" lon="112.90291513878721">
        <ele>59.73723266180605</ele>
        <time>2026-09-17T12:59:28.500000Z</time>
        <extensions>
          <gpxtpx:TrackPointExtension>
            <gpxtpx:hr>86</gpxtpx:hr>
          </gpxtpx:TrackPointExtension>
        </extensions>
      </trkpt>
      <trkpt lat="28.23204549920553" lon="112.90290196222645">
        <ele>59.70375576708466</ele>
        <time>2026-09-17T12:59:29.500000Z</time>
        <extensions>
          <gpxtpx:TrackPointExtension>
            <gpxtpx:hr>86</gpxtpx:hr>
          </gpxtpx:TrackPointExtension>
        </extensions>
      </trkpt>
      <trkpt lat="28.23206468782557" lon="112.90288814467024">
        <ele>59.66936623957008</ele>
        <time>2026-09-17T12:59:30.500000Z</time>
        <extensions>
          <gpxtpx:TrackPointExtension>
            <gpxtpx:hr>86</gpxtpx:hr>
          </gpxtpx:TrackPointExtension>
        </extensions>
      </trkpt>
      <trkpt lat="28.23208380914067" lon="112.90287389745949">
        <ele>59.63203846197575</ele>
        <time>2026-09-17T12:59:31.500000Z</time>
        <extensions>
          <gpxtpx:TrackPointExtension>
            <gpxtpx:hr>86</gpxtpx:hr>
          </gpxtpx:TrackPointExtension>
        </extensions>
      </trkpt>
      <trkpt lat="28.232103015233974" lon="112.90285955954717">
        <ele>59.59290546644479</ele>
        <time>2026-09-17T12:59:32.500000Z</time>
        <extensions>
          <gpxtpx:TrackPointExtension>
            <gpxtpx:hr>81</gpxtpx:hr>
          </gpxtpx:TrackPointExtension>
        </extensions>
      </trkpt>
      <trkpt lat="28.232122569989237" lon="112.9028453116208">
        <ele>59.55095865577459</ele>
        <time>2026-09-17T12:59:33.500000Z</time>
        <extensions>
          <gpxtpx:TrackPointExtension>
            <gpxtpx:hr>81</gpxtpx:hr>
          </gpxtpx:TrackPointExtension>
        </extensions>
      </trkpt>
      <trkpt lat="28.23214292102434" lon="112.9028311849571">
        <ele>59.50712035410106</ele>
        <time>2026-09-17T12:59:34.400000Z</time>
        <extensions>
          <gpxtpx:TrackPointExtension>
            <gpxtpx:hr>81</gpxtpx:hr>
          </gpxtpx:TrackPointExtension>
        </extensions>
      </trkpt>
      <trkpt lat="28.232164527967008" lon="112.90281703146547">
        <ele>59.46162167750299</ele>
        <time>2026-09-17T12:59:35.400000Z</time>
        <extensions>
          <gpxtpx:TrackPointExtension>
            <gpxtpx:hr>81</gpxtpx:hr>
          </gpxtpx:TrackPointExtension>
        </extensions>
      </trkpt>
      <trkpt lat="28.232187260331248" lon="112.902802657913">
        <ele>59.413834823295474</ele>
        <time>2026-09-17T12:59:36.400000Z</time>
        <extensions>
          <gpxtpx:TrackPointExtension>
            <gpxtpx:hr>81</gpxtpx:hr>
          </gpxtpx:TrackPointExtension>
        </extensions>
      </trkpt>
      <trkpt lat="28.232210567445765" lon="112.90278808145838">
        <ele>59.36404556129128</ele>
        <time>2026-09-17T12:59:37.400000Z</time>
        <extensions>
          <gpxtpx:TrackPointExtension>
            <gpxtpx:hr>80</gpxtpx:hr>
          </gpxtpx:TrackPointExtension>
        </extensions>
      </trkpt>
      <trkpt lat="28.232234028433275" lon="112.9027734512413">
        <ele>59.31231991201639</ele>
        <time>2026-09-17T12:59:38.400000Z</time>
        <extensions>
          <gpxtpx:TrackPointExtension>
            <gpxtpx:hr>80</gpxtpx:hr>
          </gpxtpx:TrackPointExtension>
        </extensions>
      </trkpt>
      <trkpt lat="28.232257576193145" lon="112.90275881426622">
        <ele>59.25847003702074</ele>
        <time>2026-09-17T12:59:39.400000Z</time>
        <extensions>
          <gpxtpx:TrackPointExtension>
            <gpxtpx:hr>80</gpxtpx:hr>
          </gpxtpx:TrackPointExtension>
        </extensions>
      </trkpt>
      <trkpt lat="28.232281132842736" lon="112.90274414206812">
        <ele>59.20204676501453</ele>
        <time>2026-09-17T12:59:40.400000Z</time>
        <extensions>
          <gpxtpx:TrackPointExtension>
            <gpxtpx:hr>81</gpxtpx:hr>
          </gpxtpx:TrackPointExtension>
        </extensions>
      </trkpt>
      <trkpt lat="28.232304454247846" lon="112.90272943711567">
        <ele>59.14371011592448</ele>
        <time>2026-09-17T12:59:41.400000Z</time>
        <extensions>
          <gpxtpx:TrackPointExtension>
            <gpxtpx:hr>81</gpxtpx:hr>
          </gpxtpx:TrackPointExtension>
        </extensions>
      </trkpt>
      <trkpt lat="28.23232748133622" lon="112.90271489974528">
        <ele>59.08293463848531</ele>
        <time>2026-09-17T12:59:42.400000Z</time>
        <extensions>
          <gpxtpx:TrackPointExtension>
            <gpxtpx:hr>81</gpxtpx:hr>
          </gpxtpx:TrackPointExtension>
        </extensions>
      </trkpt>
      <trkpt lat="28.232350344979523" lon="112.90270088941385">
        <ele>59.020796701312065</ele>
        <time>2026-09-17T12:59:43.400000Z</time>
        <extensions>
          <gpxtpx:TrackPointExtension>
            <gpxtpx:hr>81</gpxtpx:hr>
          </gpxtpx:TrackPointExtension>
        </extensions>
      </trkpt>
      <trkpt lat="28.23237309856763" lon="112.90268753919405">
        <ele>58.957195561379194</ele>
        <time>2026-09-17T12:59:44.400000Z</time>
        <extensions>
          <gpxtpx:TrackPointExtension>
            <gpxtpx:hr>81</gpxtpx:hr>
          </gpxtpx:TrackPointExtension>
        </extensions>
      </trkpt>
      <trkpt lat="28.23239571711954" lon="112.90267475662196">
        <ele>58.89416831918061</ele>
        <time>2026-09-17T12:59:45.400000Z</time>
        <extensions>
          <gpxtpx:TrackPointExtension>
            <gpxtpx:hr>81</gpxtpx:hr>
          </gpxtpx:TrackPointExtension>
        </extensions>
      </trkpt>
      <trkpt lat="28.232418188592604" lon="112.90266224076747">
        <ele>58.83176325727254</ele>
        <time>2026-09-17T12:59:46.400000Z</time>
        <extensions>
          <gpxtpx:TrackPointExtension>
            <gpxtpx:hr>81</gpxtpx:hr>
          </gpxtpx:TrackPointExtension>
        </extensions>
      </trkpt>
      <trkpt lat="28.232440546808203" lon="112.902649699918">
        <ele>58.770028272643685</ele>
        <time>2026-09-17T12:59:47.400000Z</time>
        <extensions>
          <gpxtpx:TrackPointExtension>
            <gpxtpx:hr>81</gpxtpx:hr>
          </gpxtpx:TrackPointExtension>
        </extensions>
      </trkpt>
      <trkpt lat="28.23246291272424" lon="112.90263704575435">
        <ele>58.71077864151448</ele>
        <time>2026-09-17T12:59:48.400000Z</time>
        <extensions>
          <gpxtpx:TrackPointExtension>
            <gpxtpx:hr>81</gpxtpx:hr>
          </gpxtpx:TrackPointExtension>
        </extensions>
      </trkpt>
      <trkpt lat="28.232485432203177" lon="112.90262429903119">
        <ele>58.65373974479735</ele>
        <time>2026-09-17T12:59:49.400000Z</time>
        <extensions>
          <gpxtpx:TrackPointExtension>
            <gpxtpx:hr>81</gpxtpx:hr>
          </gpxtpx:TrackPointExtension>
        </extensions>
      </trkpt>
      <trkpt lat="28.232508097269502" lon="112.90261159496022">
        <ele>58.60081412829459</ele>
        <time>2026-09-17T12:59:50.400000Z</time>
        <extensions>
          <gpxtpx:TrackPointExtension>
            <gpxtpx:hr>81</gpxtpx:hr>
          </gpxtpx:TrackPointExtension>
        </extensions>
      </trkpt>
      <trkpt lat="28.232530721382126" lon="112.9025991785103">
        <ele>58.55267844721675</ele>
        <time>2026-09-17T12:59:51.400000Z</time>
        <extensions>
          <gpxtpx:TrackPointExtension>
            <gpxtpx:hr>81</gpxtpx:hr>
          </gpxtpx:TrackPointExtension>
        </extensions>
      </trkpt>
      <trkpt lat="28.232553204269564" lon="112.9025873981031">
        <ele>58.509574578143656</ele>
        <time>2026-09-17T12:59:52.400000Z</time>
        <extensions>
          <gpxtpx:TrackPointExtension>
            <gpxtpx:hr>81</gpxtpx:hr>
          </gpxtpx:TrackPointExtension>
        </extensions>
      </trkpt>
      <trkpt lat="28.23257554855042" lon="112.90257634469005">
        <ele>58.47132734954357</ele>
        <time>2026-09-17T12:59:53.400000Z</time>
        <extensions>
          <gpxtpx:TrackPointExtension>
            <gpxtpx:hr>82</gpxtpx:hr>
          </gpxtpx:TrackPointExtension>
        </extensions>
      </trkpt>
      <trkpt lat="28.232597777000066" lon="112.90256576717843">
        <ele>58.43795922771096</ele>
        <time>2026-09-17T12:59:54.400000Z</time>
        <extensions>
          <gpxtpx:TrackPointExtension>
            <gpxtpx:hr>82</gpxtpx:hr>
          </gpxtpx:TrackPointExtension>
        </extensions>
      </trkpt>
      <trkpt lat="28.232620013661723" lon="112.90255540571007">
        <ele>58.40981343854219</ele>
        <time>2026-09-17T12:59:55.400000Z</time>
        <extensions>
          <gpxtpx:TrackPointExtension>
            <gpxtpx:hr>82</gpxtpx:hr>
          </gpxtpx:TrackPointExtension>
        </extensions>
      </trkpt>
      <trkpt lat="28.232642432515284" lon="112.90254496089838">
        <ele>58.38666203152388</ele>
        <time>2026-09-17T12:59:56.400000Z</time>
        <extensions>
          <gpxtpx:TrackPointExtension>
            <gpxtpx:hr>82</gpxtpx:hr>
          </gpxtpx:TrackPointExtension>
        </extensions>
      </trkpt>
      <trkpt lat="28.232665026322426" lon="112.90253408813412">
        <ele>58.36856556683779</ele>
        <time>2026-09-17T12:59:57.400000Z</time>
        <extensions>
          <gpxtpx:TrackPointExtension>
            <gpxtpx:hr>82</gpxtpx:hr>
          </gpxtpx:TrackPointExtension>
        </extensions>
      </trkpt>
      <trkpt lat="28.23268758700501" lon="112.90252279330693">
        <ele>58.355154731310904</ele>
        <time>2026-09-17T12:59:58.400000Z</time>
        <extensions>
          <gpxtpx:TrackPointExtension>
            <gpxtpx:hr>82</gpxtpx:hr>
          </gpxtpx:TrackPointExtension>
        </extensions>
      </trkpt>
      <trkpt lat="28.232709966233813" lon="112.902511391724">
        <ele>58.34624789841473</ele>
        <time>2026-09-17T12:59:59.400000Z</time>
        <extensions>
          <gpxtpx:TrackPointExtension>
            <gpxtpx:hr>82</gpxtpx:hr>
          </gpxtpx:TrackPointExtension>
        </extensions>
      </trkpt>
      <trkpt lat="28.232732131374654" lon="112.9025001858138">
        <ele>58.34235112089664</ele>
        <time>2026-09-17T13:00:00.400000Z</time>
        <extensions>
          <gpxtpx:TrackPointExtension>
            <gpxtpx:hr>82</gpxtpx:hr>
          </gpxtpx:TrackPointExtension>
        </extensions>
      </trkpt>
      <trkpt lat="28.232754088685247" lon="112.90248941712085">
        <ele>58.34334742370993</ele>
        <time>2026-09-17T13:00:01.400000Z</time>
        <extensions>
          <gpxtpx:TrackPointExtension>
            <gpxtpx:hr>80</gpxtpx:hr>
          </gpxtpx:TrackPointExtension>
        </extensions>
      </trkpt>
      <trkpt lat="28.232776048818284" lon="112.90247927598753">
        <ele>58.349273829720914</ele>
        <time>2026-09-17T13:00:02.400000Z</time>
        <extensions>
          <gpxtpx:TrackPointExtension>
            <gpxtpx:hr>80</gpxtpx:hr>
          </gpxtpx:TrackPointExtension>
        </extensions>
      </trkpt>
      <trkpt lat="28.232798242303392" lon="112.90246963567122">
        <ele>58.36011773068458</ele>
        <time>2026-09-17T13:00:03.400000Z</time>
        <extensions>
          <gpxtpx:TrackPointExtension>
            <gpxtpx:hr>80</gpxtpx:hr>
          </gpxtpx:TrackPointExtension>
        </extensions>
      </trkpt>
      <trkpt lat="28.23282082677922" lon="112.90246030921588">
        <ele>58.375534298829734</ele>
        <time>2026-09-17T13:00:04.400000Z</time>
        <extensions>
          <gpxtpx:TrackPointExtension>
            <gpxtpx:hr>80</gpxtpx:hr>
          </gpxtpx:TrackPointExtension>
        </extensions>
      </trkpt>
      <trkpt lat="28.23284378615493" lon="112.90245146814748">
        <ele>58.394546010531485</ele>
        <time>2026-09-17T13:00:05.400000Z</time>
        <extensions>
          <gpxtpx:TrackPointExtension>
            <gpxtpx:hr>80</gpxtpx:hr>
          </gpxtpx:TrackPointExtension>
        </extensions>
      </trkpt>
      <trkpt lat="28.232866831941816" lon="112.90244319545245">
        <ele>58.41701236926019</ele>
        <time>2026-09-17T13:00:06.400000Z</time>
        <extensions>
          <gpxtpx:TrackPointExtension>
            <gpxtpx:hr>80</gpxtpx:hr>
          </gpxtpx:TrackPointExtension>
        </extensions>
      </trkpt>
      <trkpt lat="28.232889718654913" lon="112.90243543741475">
        <ele>58.443022792227566</ele>
        <time>2026-09-17T13:00:07.400000Z</time>
        <extensions>
          <gpxtpx:TrackPointExtension>
            <gpxtpx:hr>80</gpxtpx:hr>
          </gpxtpx:TrackPointExtension>
        </extensions>
      </trkpt>
      <trkpt lat="28.232912428625937" lon="112.90242814509833">
        <ele>58.472830291837454</ele>
        <time>2026-09-17T13:00:08.400000Z</time>
        <extensions>
          <gpxtpx:TrackPointExtension>
            <gpxtpx:hr>80</gpxtpx:hr>
          </gpxtpx:TrackPointExtension>
        </extensions>
      </trkpt>
      <trkpt lat="28.23293524410443" lon="112.90242110641071">
        <ele>58.50534731615335</ele>
        <time>2026-09-17T13:00:09.400000Z</time>
        <extensions>
          <gpxtpx:TrackPointExtension>
            <gpxtpx:hr>80</gpxtpx:hr>
          </gpxtpx:TrackPointExtension>
        </extensions>
      </trkpt>
      <trkpt lat="28.23295833540385" lon="112.90241400829976">
        <ele>58.544288692995906</ele>
        <time>2026-09-17T13:00:10.400000Z</time>
        <extensions>
          <gpxtpx:TrackPointExtension>
            <gpxtpx:hr>80</gpxtpx:hr>
          </gpxtpx:TrackPointExtension>
        </extensions>
      </trkpt>
      <trkpt lat="28.232981514963257" lon="112.90240655965994">
        <ele>58.58697671163827</ele>
        <time>2026-09-17T13:00:11.400000Z</time>
        <extensions>
          <gpxtpx:TrackPointExtension>
            <gpxtpx:hr>77</gpxtpx:hr>
          </gpxtpx:TrackPointExtension>
        </extensions>
      </trkpt>
      <trkpt lat="28.233004798547803" lon="112.90239860089494">
        <ele>58.635897058062255</ele>
        <time>2026-09-17T13:00:12.400000Z</time>
        <extensions>
          <gpxtpx:TrackPointExtension>
            <gpxtpx:hr>77</gpxtpx:hr>
          </gpxtpx:TrackPointExtension>
        </extensions>
      </trkpt>
      <trkpt lat="28.233028267149553" lon="112.90239010677818">
        <ele>58.688017153181136</ele>
        <time>2026-09-17T13:00:13.400000Z</time>
        <extensions>
          <gpxtpx:TrackPointExtension>
            <gpxtpx:hr>77</gpxtpx:hr>
          </gpxtpx:TrackPointExtension>
        </extensions>
      </trkpt>
      <trkpt lat="28.233051786989396" lon="112.90238087081357">
        <ele>58.747595401480794</ele>
        <time>2026-09-17T13:00:14.400000Z</time>
        <extensions>
          <gpxtpx:TrackPointExtension>
            <gpxtpx:hr>77</gpxtpx:hr>
          </gpxtpx:TrackPointExtension>
        </extensions>
      </trkpt>
      <trkpt lat="28.233075099888804" lon="112.90237062824444">
        <ele>58.809995700605214</ele>
        <time>2026-09-17T13:00:15.400000Z</time>
        <extensions>
          <gpxtpx:TrackPointExtension>
            <gpxtpx:hr>77</gpxtpx:hr>
          </gpxtpx:TrackPointExtension>
        </extensions>
      </trkpt>
      <trkpt lat="28.233097860911013" lon="112.90235928002896">
        <ele>58.87669671792537</ele>
        <time>2026-09-17T13:00:16.400000Z</time>
        <extensions>
          <gpxtpx:TrackPointExtension>
            <gpxtpx:hr>77</gpxtpx:hr>
          </gpxtpx:TrackPointExtension>
        </extensions>
      </trkpt>
      <trkpt lat="28.233119533965898" lon="112.90234665313554">
        <ele>58.950658545829356</ele>
        <time>2026-09-17T13:00:17.400000Z</time>
        <extensions>
          <gpxtpx:TrackPointExtension>
            <gpxtpx:hr>77</gpxtpx:hr>
          </gpxtpx:TrackPointExtension>
        </extensions>
      </trkpt>
      <trkpt lat="28.233139874716812" lon="112.90233263543377">
        <ele>59.026279309764504</ele>
        <time>2026-09-17T13:00:18.400000Z</time>
        <extensions>
          <gpxtpx:TrackPointExtension>
            <gpxtpx:hr>77</gpxtpx:hr>
          </gpxtpx:TrackPointExtension>
        </extensions>
      </trkpt>
      <trkpt lat="28.233159023146086" lon="112.90231753803617">
        <ele>59.107207586057484</ele>
        <time>2026-09-17T13:00:19.400000Z</time>
        <extensions>
          <gpxtpx:TrackPointExtension>
            <gpxtpx:hr>77</gpxtpx:hr>
          </gpxtpx:TrackPointExtension>
        </extensions>
      </trkpt>
      <trkpt lat="28.233177251832302" lon="112.90230168637159">
        <ele>59.19045041874051</ele>
        <time>2026-09-17T13:00:20.400000Z</time>
        <extensions>
          <gpxtpx:TrackPointExtension>
            <gpxtpx:hr>76</gpxtpx:hr>
          </gpxtpx:TrackPointExtension>
        </extensions>
      </trkpt>
      <trkpt lat="28.233194541775106" lon="112.90228504479052">
        <ele>59.27733719069511</ele>
        <time>2026-09-17T13:00:21.400000Z</time>
        <extensions>
          <gpxtpx:TrackPointExtension>
            <gpxtpx:hr>76</gpxtpx:hr>
          </gpxtpx:TrackPointExtension>
        </extensions>
      </trkpt>
      <trkpt lat="28.2332111610214" lon="112.90226760348469">
        <ele>59.36656519770622</ele>
        <time>2026-09-17T13:00:22.400000Z</time>
        <extensions>
          <gpxtpx:TrackPointExtension>
            <gpxtpx:hr>76</gpxtpx:hr>
          </gpxtpx:TrackPointExtension>
        </extensions>
      </trkpt>
      <trkpt lat="28.233228418554642" lon="112.90224994175006">
        <ele>59.457111889496446</ele>
        <time>2026-09-17T13:00:23.400000Z</time>
        <extensions>
          <gpxtpx:TrackPointExtension>
            <gpxtpx:hr>76</gpxtpx:hr>
          </gpxtpx:TrackPointExtension>
        </extensions>
      </trkpt>
      <trkpt lat="28.233247302017972" lon="112.90223312315074">
        <ele>59.54851996526122</ele>
        <time>2026-09-17T13:00:24.400000Z</time>
        <extensions>
          <gpxtpx:TrackPointExtension>
            <gpxtpx:hr>76</gpxtpx:hr>
          </gpxtpx:TrackPointExtension>
        </extensions>
      </trkpt>
      <trkpt lat="28.233267460189783" lon="112.90221731624582">
        <ele>59.64001507870853</ele>
        <time>2026-09-17T13:00:25.400000Z</time>
        <extensions>
          <gpxtpx:TrackPointExtension>
            <gpxtpx:hr>75</gpxtpx:hr>
          </gpxtpx:TrackPointExtension>
        </extensions>
      </trkpt>
      <trkpt lat="28.233288240734144" lon="112.90220226155563">
        <ele>59.73048621043563</ele>
        <time>2026-09-17T13:00:26.400000Z</time>
        <extensions>
          <gpxtpx:TrackPointExtension>
            <gpxtpx:hr>75</gpxtpx:hr>
          </gpxtpx:TrackPointExtension>
        </extensions>
      </trkpt>
      <trkpt lat="28.233309367007905" lon="112.90218815379139">
        <ele>59.8196261851117</ele>
        <time>2026-09-17T13:00:27.400000Z</time>
        <extensions>
          <gpxtpx:TrackPointExtension>
            <gpxtpx:hr>75</gpxtpx:hr>
          </gpxtpx:TrackPointExtension>
        </extensions>
      </trkpt>
      <trkpt lat="28.233330652843485" lon="112.90217507421114">
        <ele>59.906592233106494</ele>
        <time>2026-09-17T13:00:28.300000Z</time>
        <extensions>
          <gpxtpx:TrackPointExtension>
            <gpxtpx:hr>75</gpxtpx:hr>
          </gpxtpx:TrackPointExtension>
        </extensions>
      </trkpt>
      <trkpt lat="28.233351985667177" lon="112.90216257664443">
        <ele>59.9902830561623</ele>
        <time>2026-09-17T13:00:29.300000Z</time>
        <extensions>
          <gpxtpx:TrackPointExtension>
            <gpxtpx:hr>77</gpxtpx:hr>
          </gpxtpx:TrackPointExtension>
        </extensions>
      </trkpt>
      <trkpt lat="28.23337341934785" lon="112.90215019172551">
        <ele>60.07009416818619</ele>
        <time>2026-09-17T13:00:30.300000Z</time>
        <extensions>
          <gpxtpx:TrackPointExtension>
            <gpxtpx:hr>77</gpxtpx:hr>
          </gpxtpx:TrackPointExtension>
        </extensions>
      </trkpt>
      <trkpt lat="28.23339491539202" lon="112.90213778162341">
        <ele>60.14524110965431</ele>
        <time>2026-09-17T13:00:31.300000Z</time>
        <extensions>
          <gpxtpx:TrackPointExtension>
            <gpxtpx:hr>77</gpxtpx:hr>
          </gpxtpx:TrackPointExtension>
        </extensions>
      </trkpt>
      <trkpt lat="28.233416638125327" lon="112.90212558006455">
        <ele>60.21400995645672</ele>
        <time>2026-09-17T13:00:32.300000Z</time>
        <extensions>
          <gpxtpx:TrackPointExtension>
            <gpxtpx:hr>77</gpxtpx:hr>
          </gpxtpx:TrackPointExtension>
        </extensions>
      </trkpt>
      <trkpt lat="28.23343887067466" lon="112.902113792156">
        <ele>60.27731426991522</ele>
        <time>2026-09-17T13:00:33.300000Z</time>
        <extensions>
          <gpxtpx:TrackPointExtension>
            <gpxtpx:hr>77</gpxtpx:hr>
          </gpxtpx:TrackPointExtension>
        </extensions>
      </trkpt>
      <trkpt lat="28.233461587079486" lon="112.90210235229888">
        <ele>60.3326869783923</ele>
        <time>2026-09-17T13:00:34.300000Z</time>
        <extensions>
          <gpxtpx:TrackPointExtension>
            <gpxtpx:hr>77</gpxtpx:hr>
          </gpxtpx:TrackPointExtension>
        </extensions>
      </trkpt>
      <trkpt lat="28.233484663513988" lon="112.90209128241015">
        <ele>60.38022328633815</ele>
        <time>2026-09-17T13:00:35.300000Z</time>
        <extensions>
          <gpxtpx:TrackPointExtension>
            <gpxtpx:hr>77</gpxtpx:hr>
          </gpxtpx:TrackPointExtension>
        </extensions>
      </trkpt>
      <trkpt lat="28.233507852408888" lon="112.90208069404616">
        <ele>60.419797043316066</ele>
        <time>2026-09-17T13:00:36.300000Z</time>
        <extensions>
          <gpxtpx:TrackPointExtension>
            <gpxtpx:hr>85</gpxtpx:hr>
          </gpxtpx:TrackPointExtension>
        </extensions>
      </trkpt>
      <trkpt lat="28.23353098110457" lon="112.90207080361567">
        <ele>60.45091962814331</ele>
        <time>2026-09-17T13:00:37.300000Z</time>
        <extensions>
          <gpxtpx:TrackPointExtension>
            <gpxtpx:hr>85</gpxtpx:hr>
          </gpxtpx:TrackPointExtension>
        </extensions>
      </trkpt>
      <trkpt lat="28.233553974843456" lon="112.90206170896859">
        <ele>60.47368823736906</ele>
        <time>2026-09-17T13:00:38.300000Z</time>
        <extensions>
          <gpxtpx:TrackPointExtension>
            <gpxtpx:hr>85</gpxtpx:hr>
          </gpxtpx:TrackPointExtension>
        </extensions>
      </trkpt>
      <trkpt lat="28.23357686475904" lon="112.90205343562182">
        <ele>60.48830162361264</ele>
        <time>2026-09-17T13:00:39.300000Z</time>
        <extensions>
          <gpxtpx:TrackPointExtension>
            <gpxtpx:hr>85</gpxtpx:hr>
          </gpxtpx:TrackPointExtension>
        </extensions>
      </trkpt>
      <trkpt lat="28.2335997318798" lon="112.90204584960658">
        <ele>60.494828183203936</ele>
        <time>2026-09-17T13:00:40.300000Z</time>
        <extensions>
          <gpxtpx:TrackPointExtension>
            <gpxtpx:hr>85</gpxtpx:hr>
          </gpxtpx:TrackPointExtension>
        </extensions>
      </trkpt>
      <trkpt lat="28.23362287790719" lon="112.90203871825493">
        <ele>60.49295756127685</ele>
        <time>2026-09-17T13:00:41.300000Z</time>
        <extensions>
          <gpxtpx:TrackPointExtension>
            <gpxtpx:hr>86</gpxtpx:hr>
          </gpxtpx:TrackPointExtension>
        </extensions>
      </trkpt>
      <trkpt lat="28.233646479986714" lon="112.90203250869727">
        <ele>60.482062437571585</ele>
        <time>2026-09-17T13:00:42.300000Z</time>
        <extensions>
          <gpxtpx:TrackPointExtension>
            <gpxtpx:hr>86</gpxtpx:hr>
          </gpxtpx:TrackPointExtension>
        </extensions>
      </trkpt>
      <trkpt lat="28.233670463231885" lon="112.90202857195312">
        <ele>60.462756463326514</ele>
        <time>2026-09-17T13:00:43.300000Z</time>
        <extensions>
          <gpxtpx:TrackPointExtension>
            <gpxtpx:hr>86</gpxtpx:hr>
          </gpxtpx:TrackPointExtension>
        </extensions>
      </trkpt>
      <trkpt lat="28.233694474669328" lon="112.9020279272992">
        <ele>60.434390019625425</ele>
        <time>2026-09-17T13:00:44.300000Z</time>
        <extensions>
          <gpxtpx:TrackPointExtension>
            <gpxtpx:hr>86</gpxtpx:hr>
          </gpxtpx:TrackPointExtension>
        </extensions>
      </trkpt>
      <trkpt lat="28.233718073227138" lon="112.90203062110075">
        <ele>60.39775972627103</ele>
        <time>2026-09-17T13:00:45.300000Z</time>
        <extensions>
          <gpxtpx:TrackPointExtension>
            <gpxtpx:hr>86</gpxtpx:hr>
          </gpxtpx:TrackPointExtension>
        </extensions>
      </trkpt>
      <trkpt lat="28.23374114431709" lon="112.90203603382106">
        <ele>60.352684861049056</ele>
        <time>2026-09-17T13:00:46.300000Z</time>
        <extensions>
          <gpxtpx:TrackPointExtension>
            <gpxtpx:hr>86</gpxtpx:hr>
          </gpxtpx:TrackPointExtension>
        </extensions>
      </trkpt>
      <trkpt lat="28.23376364415458" lon="112.90204389581143">
        <ele>60.30029093846679</ele>
        <time>2026-09-17T13:00:47.300000Z</time>
        <extensions>
          <gpxtpx:TrackPointExtension>
            <gpxtpx:hr>86</gpxtpx:hr>
          </gpxtpx:TrackPointExtension>
        </extensions>
      </trkpt>
      <trkpt lat="28.2337854402094" lon="112.90205434030578">
        <ele>60.241948380135</ele>
        <time>2026-09-17T13:00:48.300000Z</time>
        <extensions>
          <gpxtpx:TrackPointExtension>
            <gpxtpx:hr>86</gpxtpx:hr>
          </gpxtpx:TrackPointExtension>
        </extensions>
      </trkpt>
      <trkpt lat="28.233806289073485" lon="112.90206721401266">
        <ele>60.178380843251944</ele>
        <time>2026-09-17T13:00:49.300000Z</time>
        <extensions>
          <gpxtpx:TrackPointExtension>
            <gpxtpx:hr>86</gpxtpx:hr>
          </gpxtpx:TrackPointExtension>
        </extensions>
      </trkpt>
      <trkpt lat="28.233826016901528" lon="112.90208228613963">
        <ele>60.11175041925162</ele>
        <time>2026-09-17T13:00:50.300000Z</time>
        <extensions>
          <gpxtpx:TrackPointExtension>
            <gpxtpx:hr>86</gpxtpx:hr>
          </gpxtpx:TrackPointExtension>
        </extensions>
      </trkpt>
      <trkpt lat="28.233844609074392" lon="112.90209940783947">
        <ele>60.043273092247546</ele>
        <time>2026-09-17T13:00:51.300000Z</time>
        <extensions>
          <gpxtpx:TrackPointExtension>
            <gpxtpx:hr>86</gpxtpx:hr>
          </gpxtpx:TrackPointExtension>
        </extensions>
      </trkpt>
      <trkpt lat="28.23386225715944" lon="112.9021184150838">
        <ele>59.974772305227816</ele>
        <time>2026-09-17T13:00:52.300000Z</time>
        <extensions>
          <gpxtpx:TrackPointExtension>
            <gpxtpx:hr>86</gpxtpx:hr>
          </gpxtpx:TrackPointExtension>
        </extensions>
      </trkpt>
      <trkpt lat="28.233879149643897" lon="112.90213898733082">
        <ele>59.907964469864964</ele>
        <time>2026-09-17T13:00:53.300000Z</time>
        <extensions>
          <gpxtpx:TrackPointExtension>
            <gpxtpx:hr>86</gpxtpx:hr>
          </gpxtpx:TrackPointExtension>
        </extensions>
      </trkpt>
      <trkpt lat="28.233895137901797" lon="112.90216074516613">
        <ele>59.843945138156414</ele>
        <time>2026-09-17T13:00:54.300000Z</time>
        <extensions>
          <gpxtpx:TrackPointExtension>
            <gpxtpx:hr>94</gpxtpx:hr>
          </gpxtpx:TrackPointExtension>
        </extensions>
      </trkpt>
      <trkpt lat="28.233910004230204" lon="112.90218334202889">
        <ele>59.784242508001626</ele>
        <time>2026-09-17T13:00:55.300000Z</time>
        <extensions>
          <gpxtpx:TrackPointExtension>
            <gpxtpx:hr>94</gpxtpx:hr>
          </gpxtpx:TrackPointExtension>
        </extensions>
      </trkpt>
      <trkpt lat="28.23392346028532" lon="112.90220667609233">
        <ele>59.729911087080836</ele>
        <time>2026-09-17T13:00:56.300000Z</time>
        <extensions>
          <gpxtpx:TrackPointExtension>
            <gpxtpx:hr>94</gpxtpx:hr>
          </gpxtpx:TrackPointExtension>
        </extensions>
      </trkpt>
      <trkpt lat="28.233935203367153" lon="112.90223062513306">
        <ele>59.681862166151404</ele>
        <time>2026-09-17T13:00:57.300000Z</time>
        <extensions>
          <gpxtpx:TrackPointExtension>
            <gpxtpx:hr>94</gpxtpx:hr>
          </gpxtpx:TrackPointExtension>
        </extensions>
      </trkpt>
      <trkpt lat="28.233945346819713" lon="112.90225496723055">
        <ele>59.64049509912729</ele>
        <time>2026-09-17T13:00:58.300000Z</time>
        <extensions>
          <gpxtpx:TrackPointExtension>
            <gpxtpx:hr>94</gpxtpx:hr>
          </gpxtpx:TrackPointExtension>
        </extensions>
      </trkpt>
      <trkpt lat="28.233953960572872" lon="112.90227956787807">
        <ele>59.60576359182596</ele>
        <time>2026-09-17T13:00:59.300000Z</time>
        <extensions>
          <gpxtpx:TrackPointExtension>
            <gpxtpx:hr>94</gpxtpx:hr>
          </gpxtpx:TrackPointExtension>
        </extensions>
      </trkpt>
      <trkpt lat="28.233961013683793" lon="112.90230471681197">
        <ele>59.5773368710652</ele>
        <time>2026-09-17T13:01:00.300000Z</time>
        <extensions>
          <gpxtpx:TrackPointExtension>
            <gpxtpx:hr>94</gpxtpx:hr>
          </gpxtpx:TrackPointExtension>
        </extensions>
      </trkpt>
      <trkpt lat="28.233966835068017" lon="112.90233051617574">
        <ele>59.55468062963337</ele>
        <time>2026-09-17T13:01:01.300000Z</time>
        <extensions>
          <gpxtpx:TrackPointExtension>
            <gpxtpx:hr>105</gpxtpx:hr>
          </gpxtpx:TrackPointExtension>
        </extensions>
      </trkpt>
      <trkpt lat="28.23397202357954" lon="112.90235676360537">
        <ele>59.53693050891161</ele>
        <time>2026-09-17T13:01:02.300000Z</time>
        <extensions>
          <gpxtpx:TrackPointExtension>
            <gpxtpx:hr>105</gpxtpx:hr>
          </gpxtpx:TrackPointExtension>
        </extensions>
      </trkpt>
      <trkpt lat="28.233976965880366" lon="112.9023834420263">
        <ele>59.52326566632837</ele>
        <time>2026-09-17T13:01:03.300000Z</time>
        <extensions>
          <gpxtpx:TrackPointExtension>
            <gpxtpx:hr>105</gpxtpx:hr>
          </gpxtpx:TrackPointExtension>
        </extensions>
      </trkpt>
      <trkpt lat="28.233981764946627" lon="112.90241061079024">
        <ele>59.51291324943304</ele>
        <time>2026-09-17T13:01:04.300000Z</time>
        <extensions>
          <gpxtpx:TrackPointExtension>
            <gpxtpx:hr>105</gpxtpx:hr>
          </gpxtpx:TrackPointExtension>
        </extensions>
      </trkpt>
      <trkpt lat="28.233986411698474" lon="112.90243822116514">
        <ele>59.504882424138486</ele>
        <time>2026-09-17T13:01:05.300000Z</time>
        <extensions>
          <gpxtpx:TrackPointExtension>
            <gpxtpx:hr>105</gpxtpx:hr>
          </gpxtpx:TrackPointExtension>
        </extensions>
      </trkpt>
      <trkpt lat="28.23399099203974" lon="112.9024660475406">
        <ele>59.49854532536119</ele>
        <time>2026-09-17T13:01:06.300000Z</time>
        <extensions>
          <gpxtpx:TrackPointExtension>
            <gpxtpx:hr>105</gpxtpx:hr>
          </gpxtpx:TrackPointExtension>
        </extensions>
      </trkpt>
      <trkpt lat="28.23399591816214" lon="112.90249388181641">
        <ele>59.49281333666295</ele>
        <time>2026-09-17T13:01:07.300000Z</time>
        <extensions>
          <gpxtpx:TrackPointExtension>
            <gpxtpx:hr>105</gpxtpx:hr>
          </gpxtpx:TrackPointExtension>
        </extensions>
      </trkpt>
      <trkpt lat="28.23400138955627" lon="112.9025213211197">
        <ele>59.48704545851797</ele>
        <time>2026-09-17T13:01:08.300000Z</time>
        <extensions>
          <gpxtpx:TrackPointExtension>
            <gpxtpx:hr>105</gpxtpx:hr>
          </gpxtpx:TrackPointExtension>
        </extensions>
      </trkpt>
      <trkpt lat="28.234007081064778" lon="112.90254808345917">
        <ele>59.48088901489973</ele>
        <time>2026-09-17T13:01:09.300000Z</time>
        <extensions>
          <gpxtpx:TrackPointExtension>
            <gpxtpx:hr>105</gpxtpx:hr>
          </gpxtpx:TrackPointExtension>
        </extensions>
      </trkpt>
      <trkpt lat="28.23401259199266" lon="112.9025742230785">
        <ele>59.47436592262238</ele>
        <time>2026-09-17T13:01:10.300000Z</time>
        <extensions>
          <gpxtpx:TrackPointExtension>
            <gpxtpx:hr>107</gpxtpx:hr>
          </gpxtpx:TrackPointExtension>
        </extensions>
      </trkpt>
      <trkpt lat="28.234017701312244" lon="112.90259976811745">
        <ele>59.46733513567597</ele>
        <time>2026-09-17T13:01:11.300000Z</time>
        <extensions>
          <gpxtpx:TrackPointExtension>
            <gpxtpx:hr>107</gpxtpx:hr>
          </gpxtpx:TrackPointExtension>
        </extensions>
      </trkpt>
      <trkpt lat="28.234022474115214" lon="112.90262477534509">
        <ele>59.45922638941556</ele>
        <time>2026-09-17T13:01:12.300000Z</time>
        <extensions>
          <gpxtpx:TrackPointExtension>
            <gpxtpx:hr>107</gpxtpx:hr>
          </gpxtpx:TrackPointExtension>
        </extensions>
      </trkpt>
      <trkpt lat="28.234027102536594" lon="112.90264940503425">
        <ele>59.449105934239924</ele>
        <time>2026-09-17T13:01:13.300000Z</time>
        <extensions>
          <gpxtpx:TrackPointExtension>
            <gpxtpx:hr>107</gpxtpx:hr>
          </gpxtpx:TrackPointExtension>
        </extensions>
      </trkpt>
      <trkpt lat="28.234031598848407" lon="112.9026739365535">
        <ele>59.435860498808324</ele>
        <time>2026-09-17T13:01:14.300000Z</time>
        <extensions>
          <gpxtpx:TrackPointExtension>
            <gpxtpx:hr>107</gpxtpx:hr>
          </gpxtpx:TrackPointExtension>
        </extensions>
      </trkpt>
      <trkpt lat="28.234035800323408" lon="112.9026985795524">
        <ele>59.418600351549685</ele>
        <time>2026-09-17T13:01:15.300000Z</time>
        <extensions>
          <gpxtpx:TrackPointExtension>
            <gpxtpx:hr>111</gpxtpx:hr>
          </gpxtpx:TrackPointExtension>
        </extensions>
      </trkpt>
      <trkpt lat="28.234039663188977" lon="112.90272347857848">
        <ele>59.39643581490964</ele>
        <time>2026-09-17T13:01:16.300000Z</time>
        <extensions>
          <gpxtpx:TrackPointExtension>
            <gpxtpx:hr>111</gpxtpx:hr>
          </gpxtpx:TrackPointExtension>
        </extensions>
      </trkpt>
      <trkpt lat="28.23404331390494" lon="112.90274862298834">
        <ele>59.368889668025076</ele>
        <time>2026-09-17T13:01:17.300000Z</time>
        <extensions>
          <gpxtpx:TrackPointExtension>
            <gpxtpx:hr>111</gpxtpx:hr>
          </gpxtpx:TrackPointExtension>
        </extensions>
      </trkpt>
      <trkpt lat="28.234046898724333" lon="112.90277404311516">
        <ele>59.3357509970665</ele>
        <time>2026-09-17T13:01:18.300000Z</time>
        <extensions>
          <gpxtpx:TrackPointExtension>
            <gpxtpx:hr>111</gpxtpx:hr>
          </gpxtpx:TrackPointExtension>
        </extensions>
      </trkpt>
      <trkpt lat="28.23405037860236" lon="112.90279992693388">
        <ele>59.29735216498375</ele>
        <time>2026-09-17T13:01:19.300000Z</time>
        <extensions>
          <gpxtpx:TrackPointExtension>
            <gpxtpx:hr>111</gpxtpx:hr>
          </gpxtpx:TrackPointExtension>
        </extensions>
      </trkpt>
      <trkpt lat="28.234053691949278" lon="112.90282621145325">
        <ele>59.25434832368046</ele>
        <time>2026-09-17T13:01:20.300000Z</time>
        <extensions>
          <gpxtpx:TrackPointExtension>
            <gpxtpx:hr>114</gpxtpx:hr>
          </gpxtpx:TrackPointExtension>
        </extensions>
      </trkpt>
      <trkpt lat="28.234056920857658" lon="112.9028526636711">
        <ele>59.20790795516223</ele>
        <time>2026-09-17T13:01:21.200000Z</time>
        <extensions>
          <gpxtpx:TrackPointExtension>
            <gpxtpx:hr>114</gpxtpx:hr>
          </gpxtpx:TrackPointExtension>
        </extensions>
      </trkpt>
      <trkpt lat="28.2340602896989" lon="112.90287903105107">
        <ele>59.15940803382546</ele>
        <time>2026-09-17T13:01:22.200000Z</time>
        <extensions>
          <gpxtpx:TrackPointExtension>
            <gpxtpx:hr>114</gpxtpx:hr>
          </gpxtpx:TrackPointExtension>
        </extensions>
      </trkpt>
      <trkpt lat="28.234063900429298" lon="112.90290518238339">
        <ele>59.11045152973384</ele>
        <time>2026-09-17T13:01:23.200000Z</time>
        <extensions>
          <gpxtpx:TrackPointExtension>
            <gpxtpx:hr>114</gpxtpx:hr>
          </gpxtpx:TrackPointExtension>
        </extensions>
      </trkpt>
      <trkpt lat="28.234067728586524" lon="112.902931096416">
        <ele>59.06255819834769</ele>
        <time>2026-09-17T13:01:24.200000Z</time>
        <extensions>
          <gpxtpx:TrackPointExtension>
            <gpxtpx:hr>114</gpxtpx:hr>
          </gpxtpx:TrackPointExtension>
        </extensions>
      </trkpt>
      <trkpt lat="28.234071903234334" lon="112.90295701819335">
        <ele>59.017091585323215</ele>
        <time>2026-09-17T13:01:25.200000Z</time>
        <extensions>
          <gpxtpx:TrackPointExtension>
            <gpxtpx:hr>119</gpxtpx:hr>
          </gpxtpx:TrackPointExtension>
        </extensions>
      </trkpt>
      <trkpt lat="28.23407634708717" lon="112.9029831218055">
        <ele>58.97545092366636</ele>
        <time>2026-09-17T13:01:26.200000Z</time>
        <extensions>
          <gpxtpx:TrackPointExtension>
            <gpxtpx:hr>119</gpxtpx:hr>
          </gpxtpx:TrackPointExtension>
        </extensions>
      </trkpt>
      <trkpt lat="28.23408103393694" lon="112.90300929484353">
        <ele>58.93843247368932</ele>
        <time>2026-09-17T13:01:27.200000Z</time>
        <extensions>
          <gpxtpx:TrackPointExtension>
            <gpxtpx:hr>119</gpxtpx:hr>
          </gpxtpx:TrackPointExtension>
        </extensions>
      </trkpt>
      <trkpt lat="28.234085653161703" lon="112.9030353385444">
        <ele>58.90696315187961</ele>
        <time>2026-09-17T13:01:28.200000Z</time>
        <extensions>
          <gpxtpx:TrackPointExtension>
            <gpxtpx:hr>119</gpxtpx:hr>
          </gpxtpx:TrackPointExtension>
        </extensions>
      </trkpt>
      <trkpt lat="28.23408964183577" lon="112.90306108536879">
        <ele>58.88182011153549</ele>
        <time>2026-09-17T13:01:29.200000Z</time>
        <extensions>
          <gpxtpx:TrackPointExtension>
            <gpxtpx:hr>119</gpxtpx:hr>
          </gpxtpx:TrackPointExtension>
        </extensions>
      </trkpt>
      <trkpt lat="28.2340930764246" lon="112.90308659594838">
        <ele>58.863412340171635</ele>
        <time>2026-09-17T13:01:30.200000Z</time>
        <extensions>
          <gpxtpx:TrackPointExtension>
            <gpxtpx:hr>122</gpxtpx:hr>
          </gpxtpx:TrackPointExtension>
        </extensions>
      </trkpt>
      <trkpt lat="28.23409628962778" lon="112.90311222539374">
        <ele>58.85229486692697</ele>
        <time>2026-09-17T13:01:31.200000Z</time>
        <extensions>
          <gpxtpx:TrackPointExtension>
            <gpxtpx:hr>122</gpxtpx:hr>
          </gpxtpx:TrackPointExtension>
        </extensions>
      </trkpt>
      <trkpt lat="28.234099446411065" lon="112.90313825061224">
        <ele>58.84825410041958</ele>
        <time>2026-09-17T13:01:32.200000Z</time>
        <extensions>
          <gpxtpx:TrackPointExtension>
            <gpxtpx:hr>122</gpxtpx:hr>
          </gpxtpx:TrackPointExtension>
        </extensions>
      </trkpt>
      <trkpt lat="28.23410241570152" lon="112.90316476222631">
        <ele>58.851163507439196</ele>
        <time>2026-09-17T13:01:33.200000Z</time>
        <extensions>
          <gpxtpx:TrackPointExtension>
            <gpxtpx:hr>122</gpxtpx:hr>
          </gpxtpx:TrackPointExtension>
        </extensions>
      </trkpt>
      <trkpt lat="28.234104809410532" lon="112.9031917684409">
        <ele>58.86027080565691</ele>
        <time>2026-09-17T13:01:34.200000Z</time>
        <extensions>
          <gpxtpx:TrackPointExtension>
            <gpxtpx:hr>122</gpxtpx:hr>
          </gpxtpx:TrackPointExtension>
        </extensions>
      </trkpt>
      <trkpt lat="28.234106485490127" lon="112.90321902575678">
        <ele>58.87443468719721</ele>
        <time>2026-09-17T13:01:35.200000Z</time>
        <extensions>
          <gpxtpx:TrackPointExtension>
            <gpxtpx:hr>122</gpxtpx:hr>
          </gpxtpx:TrackPointExtension>
        </extensions>
      </trkpt>
      <trkpt lat="28.2341075349962" lon="112.90324621920554">
        <ele>58.892601202242076</ele>
        <time>2026-09-17T13:01:36.200000Z</time>
        <extensions>
          <gpxtpx:TrackPointExtension>
            <gpxtpx:hr>122</gpxtpx:hr>
          </gpxtpx:TrackPointExtension>
        </extensions>
      </trkpt>
      <trkpt lat="28.234108105154903" lon="112.90327316603069">
        <ele>58.91401484981179</ele>
        <time>2026-09-17T13:01:37.200000Z</time>
        <extensions>
          <gpxtpx:TrackPointExtension>
            <gpxtpx:hr>122</gpxtpx:hr>
          </gpxtpx:TrackPointExtension>
        </extensions>
      </trkpt>
      <trkpt lat="28.234108183088967" lon="112.90329985022873">
        <ele>58.93845716398209</ele>
        <time>2026-09-17T13:01:38.200000Z</time>
        <extensions>
          <gpxtpx:TrackPointExtension>
            <gpxtpx:hr>122</gpxtpx:hr>
          </gpxtpx:TrackPointExtension>
        </extensions>
      </trkpt>
      <trkpt lat="28.234107780531897" lon="112.90332635109662">
        <ele>58.96549169626087</ele>
        <time>2026-09-17T13:01:39.200000Z</time>
        <extensions>
          <gpxtpx:TrackPointExtension>
            <gpxtpx:hr>122</gpxtpx:hr>
          </gpxtpx:TrackPointExtension>
        </extensions>
      </trkpt>
      <trkpt lat="28.234107225280134" lon="112.90335260282592">
        <ele>58.99526998028159</ele>
        <time>2026-09-17T13:01:40.200000Z</time>
        <extensions>
          <gpxtpx:TrackPointExtension>
            <gpxtpx:hr>122</gpxtpx:hr>
          </gpxtpx:TrackPointExtension>
        </extensions>
      </trkpt>
      <trkpt lat="28.23410679663465" lon="112.90337831541213">
        <ele>59.02770054619759</ele>
        <time>2026-09-17T13:01:41.200000Z</time>
        <extensions>
          <gpxtpx:TrackPointExtension>
            <gpxtpx:hr>128</gpxtpx:hr>
          </gpxtpx:TrackPointExtension>
        </extensions>
      </trkpt>
      <trkpt lat="28.23410614088675" lon="112.90340331263813">
        <ele>59.06337190978229</ele>
        <time>2026-09-17T13:01:42.200000Z</time>
        <extensions>
          <gpxtpx:TrackPointExtension>
            <gpxtpx:hr>128</gpxtpx:hr>
          </gpxtpx:TrackPointExtension>
        </extensions>
      </trkpt>
      <trkpt lat="28.23410497670607" lon="112.90342727392688">
        <ele>59.102820821106434</ele>
        <time>2026-09-17T13:01:43.200000Z</time>
        <extensions>
          <gpxtpx:TrackPointExtension>
            <gpxtpx:hr>128</gpxtpx:hr>
          </gpxtpx:TrackPointExtension>
        </extensions>
      </trkpt>
      <trkpt lat="28.23410369102954" lon="112.90344988572646">
        <ele>59.14645549375564</ele>
        <time>2026-09-17T13:01:44.200000Z</time>
        <extensions>
          <gpxtpx:TrackPointExtension>
            <gpxtpx:hr>128</gpxtpx:hr>
          </gpxtpx:TrackPointExtension>
        </extensions>
      </trkpt>
      <trkpt lat="28.234102405812425" lon="112.90347127191095">
        <ele>59.19497648347169</ele>
        <time>2026-09-17T13:01:45.200000Z</time>
        <extensions>
          <gpxtpx:TrackPointExtension>
            <gpxtpx:hr>128</gpxtpx:hr>
          </gpxtpx:TrackPointExtension>
        </extensions>
      </trkpt>
      <trkpt lat="28.234101073936777" lon="112.90349151731229">
        <ele>59.2486574370414</ele>
        <time>2026-09-17T13:01:46.200000Z</time>
        <extensions>
          <gpxtpx:TrackPointExtension>
            <gpxtpx:hr>128</gpxtpx:hr>
          </gpxtpx:TrackPointExtension>
        </extensions>
      </trkpt>
      <trkpt lat="28.23409983588879" lon="112.90351115908685">
        <ele>59.30754713714123</ele>
        <time>2026-09-17T13:01:47.200000Z</time>
        <extensions>
          <gpxtpx:TrackPointExtension>
            <gpxtpx:hr>128</gpxtpx:hr>
          </gpxtpx:TrackPointExtension>
        </extensions>
      </trkpt>
      <trkpt lat="28.234098708469862" lon="112.9035311722996">
        <ele>59.37134451046586</ele>
        <time>2026-09-17T13:01:48.200000Z</time>
        <extensions>
          <gpxtpx:TrackPointExtension>
            <gpxtpx:hr>128</gpxtpx:hr>
          </gpxtpx:TrackPointExtension>
        </extensions>
      </trkpt>
      <trkpt lat="28.234097414045404" lon="112.9035520578894">
        <ele>59.43977472092956</ele>
        <time>2026-09-17T13:01:49.200000Z</time>
        <extensions>
          <gpxtpx:TrackPointExtension>
            <gpxtpx:hr>128</gpxtpx:hr>
          </gpxtpx:TrackPointExtension>
        </extensions>
      </trkpt>
      <trkpt lat="28.234095796196343" lon="112.90357384154832">
        <ele>59.51275713276118</ele>
        <time>2026-09-17T13:01:50.200000Z</time>
        <extensions>
          <gpxtpx:TrackPointExtension>
            <gpxtpx:hr>128</gpxtpx:hr>
          </gpxtpx:TrackPointExtension>
        </extensions>
      </trkpt>
      <trkpt lat="28.23409401052627" lon="112.90359633802606">
        <ele>59.58992912340909</ele>
        <time>2026-09-17T13:01:51.200000Z</time>
        <extensions>
          <gpxtpx:TrackPointExtension>
            <gpxtpx:hr>128</gpxtpx:hr>
          </gpxtpx:TrackPointExtension>
        </extensions>
      </trkpt>
      <trkpt lat="28.234092202884455" lon="112.90361946761014">
        <ele>59.67073470912874</ele>
        <time>2026-09-17T13:01:52.200000Z</time>
        <extensions>
          <gpxtpx:TrackPointExtension>
            <gpxtpx:hr>128</gpxtpx:hr>
          </gpxtpx:TrackPointExtension>
        </extensions>
      </trkpt>
      <trkpt lat="28.234090400439385" lon="112.90364309528951">
        <ele>59.754936904646456</ele>
        <time>2026-09-17T13:01:53.200000Z</time>
        <extensions>
          <gpxtpx:TrackPointExtension>
            <gpxtpx:hr>128</gpxtpx:hr>
          </gpxtpx:TrackPointExtension>
        </extensions>
      </trkpt>
      <trkpt lat="28.234088443177374" lon="112.90366721965853">
        <ele>59.842467503622174</ele>
        <time>2026-09-17T13:01:54.200000Z</time>
        <extensions>
          <gpxtpx:TrackPointExtension>
            <gpxtpx:hr>128</gpxtpx:hr>
          </gpxtpx:TrackPointExtension>
        </extensions>
      </trkpt>
      <trkpt lat="28.23408615681614" lon="112.90369164751343">
        <ele>59.93322250619531</ele>
        <time>2026-09-17T13:01:55.200000Z</time>
        <extensions>
          <gpxtpx:TrackPointExtension>
            <gpxtpx:hr>128</gpxtpx:hr>
          </gpxtpx:TrackPointExtension>
        </extensions>
      </trkpt>
      <trkpt lat="28.234083840564203" lon="112.90371620733092">
        <ele>60.02728703990579</ele>
        <time>2026-09-17T13:01:56.200000Z</time>
        <extensions>
          <gpxtpx:TrackPointExtension>
            <gpxtpx:hr>128</gpxtpx:hr>
          </gpxtpx:TrackPointExtension>
        </extensions>
      </trkpt>
      <trkpt lat="28.234081548494792" lon="112.90374097214708">
        <ele>60.12412996124476</ele>
        <time>2026-09-17T13:01:57.200000Z</time>
        <extensions>
          <gpxtpx:TrackPointExtension>
            <gpxtpx:hr>128</gpxtpx:hr>
          </gpxtpx:TrackPointExtension>
        </extensions>
      </trkpt>
      <trkpt lat="28.23407878943213" lon="112.90376580616615">
        <ele>60.22295856103301</ele>
        <time>2026-09-17T13:01:58.200000Z</time>
        <extensions>
          <gpxtpx:TrackPointExtension>
            <gpxtpx:hr>129</gpxtpx:hr>
          </gpxtpx:TrackPointExtension>
        </extensions>
      </trkpt>
      <trkpt lat="28.234075421626763" lon="112.9037904888305">
        <ele>60.3228680472821</ele>
        <time>2026-09-17T13:01:59.200000Z</time>
        <extensions>
          <gpxtpx:TrackPointExtension>
            <gpxtpx:hr>129</gpxtpx:hr>
          </gpxtpx:TrackPointExtension>
        </extensions>
      </trkpt>
      <trkpt lat="28.23407158005605" lon="112.90381466895803">
        <ele>60.42393947672099</ele>
        <time>2026-09-17T13:02:00.200000Z</time>
        <extensions>
          <gpxtpx:TrackPointExtension>
            <gpxtpx:hr>129</gpxtpx:hr>
          </gpxtpx:TrackPointExtension>
        </extensions>
      </trkpt>
      <trkpt lat="28.234067337431753" lon="112.90383801159689">
        <ele>60.525587709620595</ele>
        <time>2026-09-17T13:02:01.200000Z</time>
        <extensions>
          <gpxtpx:TrackPointExtension>
            <gpxtpx:hr>129</gpxtpx:hr>
          </gpxtpx:TrackPointExtension>
        </extensions>
      </trkpt>
      <trkpt lat="28.234063071012997" lon="112.9038605474423">
        <ele>60.627248018048704</ele>
        <time>2026-09-17T13:02:02.200000Z</time>
        <extensions>
          <gpxtpx:TrackPointExtension>
            <gpxtpx:hr>129</gpxtpx:hr>
          </gpxtpx:TrackPointExtension>
        </extensions>
      </trkpt>
      <trkpt lat="28.234059235225846" lon="112.90388253911166">
        <ele>60.72854757588357</ele>
        <time>2026-09-17T13:02:03.200000Z</time>
        <extensions>
          <gpxtpx:TrackPointExtension>
            <gpxtpx:hr>129</gpxtpx:hr>
          </gpxtpx:TrackPointExtension>
        </extensions>
      </trkpt>
      <trkpt lat="28.234056023559113" lon="112.90390396383269">
        <ele>60.82980951014906</ele>
        <time>2026-09-17T13:02:04.200000Z</time>
        <extensions>
          <gpxtpx:TrackPointExtension>
            <gpxtpx:hr>129</gpxtpx:hr>
          </gpxtpx:TrackPointExtension>
        </extensions>
      </trkpt>
      <trkpt lat="28.234053485465594" lon="112.90392415070365">
        <ele>60.93139701522887</ele>
        <time>2026-09-17T13:02:05.200000Z</time>
        <extensions>
          <gpxtpx:TrackPointExtension>
            <gpxtpx:hr>129</gpxtpx:hr>
          </gpxtpx:TrackPointExtension>
        </extensions>
      </trkpt>
      <trkpt lat="28.234051534652448" lon="112.90394286157891">
        <ele>61.033640736714005</ele>
        <time>2026-09-17T13:02:06.200000Z</time>
        <extensions>
          <gpxtpx:TrackPointExtension>
            <gpxtpx:hr>129</gpxtpx:hr>
          </gpxtpx:TrackPointExtension>
        </extensions>
      </trkpt>
      <trkpt lat="28.234049734814082" lon="112.90396070584578">
        <ele>61.13696992583573</ele>
        <time>2026-09-17T13:02:07.200000Z</time>
        <extensions>
          <gpxtpx:TrackPointExtension>
            <gpxtpx:hr>129</gpxtpx:hr>
          </gpxtpx:TrackPointExtension>
        </extensions>
      </trkpt>
      <trkpt lat="28.234047575520155" lon="112.9039781698703">
        <ele>61.24119486566633</ele>
        <time>2026-09-17T13:02:08.200000Z</time>
        <extensions>
          <gpxtpx:TrackPointExtension>
            <gpxtpx:hr>132</gpxtpx:hr>
          </gpxtpx:TrackPointExtension>
        </extensions>
      </trkpt>
      <trkpt lat="28.234044766958938" lon="112.90399576914234">
        <ele>61.34629370458424</ele>
        <time>2026-09-17T13:02:09.200000Z</time>
        <extensions>
          <gpxtpx:TrackPointExtension>
            <gpxtpx:hr>132</gpxtpx:hr>
          </gpxtpx:TrackPointExtension>
        </extensions>
      </trkpt>
      <trkpt lat="28.23404128576331" lon="112.90401440563527">
        <ele>61.45241992827505</ele>
        <time>2026-09-17T13:02:10.200000Z</time>
        <extensions>
          <gpxtpx:TrackPointExtension>
            <gpxtpx:hr>132</gpxtpx:hr>
          </gpxtpx:TrackPointExtension>
        </extensions>
      </trkpt>
      <trkpt lat="28.234037362361573" lon="112.90403462370965">
        <ele>61.55963609647006</ele>
        <time>2026-09-17T13:02:11.200000Z</time>
        <extensions>
          <gpxtpx:TrackPointExtension>
            <gpxtpx:hr>132</gpxtpx:hr>
          </gpxtpx:TrackPointExtension>
        </extensions>
      </trkpt>
      <trkpt lat="28.234033196653478" lon="112.90405594488826">
        <ele>61.66764158010483</ele>
        <time>2026-09-17T13:02:12.200000Z</time>
        <extensions>
          <gpxtpx:TrackPointExtension>
            <gpxtpx:hr>133</gpxtpx:hr>
          </gpxtpx:TrackPointExtension>
        </extensions>
      </trkpt>
      <trkpt lat="28.234029049819213" lon="112.90407769401553">
        <ele>61.776271203532815</ele>
        <time>2026-09-17T13:02:13.200000Z</time>
        <extensions>
          <gpxtpx:TrackPointExtension>
            <gpxtpx:hr>133</gpxtpx:hr>
          </gpxtpx:TrackPointExtension>
        </extensions>
      </trkpt>
      <trkpt lat="28.23402542535284" lon="112.9040992589753">
        <ele>61.88475428894162</ele>
        <time>2026-09-17T13:02:14.100000Z</time>
        <extensions>
          <gpxtpx:TrackPointExtension>
            <gpxtpx:hr>133</gpxtpx:hr>
          </gpxtpx:TrackPointExtension>
        </extensions>
      </trkpt>
      <trkpt lat="28.234022772301536" lon="112.90411997682807">
        <ele>61.99263624008745</ele>
        <time>2026-09-17T13:02:15.100000Z</time>
        <extensions>
          <gpxtpx:TrackPointExtension>
            <gpxtpx:hr>132</gpxtpx:hr>
          </gpxtpx:TrackPointExtension>
        </extensions>
      </trkpt>
      <trkpt lat="28.23402147705705" lon="112.90413922749241">
        <ele>62.098338868469</ele>
        <time>2026-09-17T13:02:16.100000Z</time>
        <extensions>
          <gpxtpx:TrackPointExtension>
            <gpxtpx:hr>132</gpxtpx:hr>
          </gpxtpx:TrackPointExtension>
        </extensions>
      </trkpt>
      <trkpt lat="28.23402242648696" lon="112.90415665421722">
        <ele>62.20118144992739</ele>
        <time>2026-09-17T13:02:17.100000Z</time>
        <extensions>
          <gpxtpx:TrackPointExtension>
            <gpxtpx:hr>132</gpxtpx:hr>
          </gpxtpx:TrackPointExtension>
        </extensions>
      </trkpt>
      <trkpt lat="28.234027252097764" lon="112.90417159842077">
        <ele>62.29982943739742</ele>
        <time>2026-09-17T13:02:18.100000Z</time>
        <extensions>
          <gpxtpx:TrackPointExtension>
            <gpxtpx:hr>132</gpxtpx:hr>
          </gpxtpx:TrackPointExtension>
        </extensions>
      </trkpt>
      <trkpt lat="28.23403526282732" lon="112.90418496483636">
        <ele>62.40073819831014</ele>
        <time>2026-09-17T13:02:19.100000Z</time>
        <extensions>
          <gpxtpx:TrackPointExtension>
            <gpxtpx:hr>132</gpxtpx:hr>
          </gpxtpx:TrackPointExtension>
        </extensions>
      </trkpt>
      <trkpt lat="28.23404353265284" lon="112.90419922595764">
        <ele>62.48808455839753</ele>
        <time>2026-09-17T13:02:20.100000Z</time>
        <extensions>
          <gpxtpx:TrackPointExtension>
            <gpxtpx:hr>132</gpxtpx:hr>
          </gpxtpx:TrackPointExtension>
        </extensions>
      </trkpt>
      <trkpt lat="28.23404940573438" lon="112.90421658840388">
        <ele>62.56691949348897</ele>
        <time>2026-09-17T13:02:21.100000Z</time>
        <extensions>
          <gpxtpx:TrackPointExtension>
            <gpxtpx:hr>132</gpxtpx:hr>
          </gpxtpx:TrackPointExtension>
        </extensions>
      </trkpt>
      <trkpt lat="28.23405232663366" lon="112.90423753571689">
        <ele>62.63675114046782</ele>
        <time>2026-09-17T13:02:22.100000Z</time>
        <extensions>
          <gpxtpx:TrackPointExtension>
            <gpxtpx:hr>134</gpxtpx:hr>
          </gpxtpx:TrackPointExtension>
        </extensions>
      </trkpt>
      <trkpt lat="28.234053621406233" lon="112.90426102326413">
        <ele>62.697013528086245</ele>
        <time>2026-09-17T13:02:23.100000Z</time>
        <extensions>
          <gpxtpx:TrackPointExtension>
            <gpxtpx:hr>134</gpxtpx:hr>
          </gpxtpx:TrackPointExtension>
        </extensions>
      </trkpt>
      <trkpt lat="28.234053830549872" lon="112.90428621068507">
        <ele>62.74725671019405</ele>
        <time>2026-09-17T13:02:24.100000Z</time>
        <extensions>
          <gpxtpx:TrackPointExtension>
            <gpxtpx:hr>134</gpxtpx:hr>
          </gpxtpx:TrackPointExtension>
        </extensions>
      </trkpt>
      <trkpt lat="28.23405295489592" lon="112.90431243108246">
        <ele>62.7871920587495</ele>
        <time>2026-09-17T13:02:25.100000Z</time>
        <extensions>
          <gpxtpx:TrackPointExtension>
            <gpxtpx:hr>134</gpxtpx:hr>
          </gpxtpx:TrackPointExtension>
        </extensions>
      </trkpt>
      <trkpt lat="28.234051070583718" lon="112.9043390390162">
        <ele>62.816848777234554</ele>
        <time>2026-09-17T13:02:26.100000Z</time>
        <extensions>
          <gpxtpx:TrackPointExtension>
            <gpxtpx:hr>134</gpxtpx:hr>
          </gpxtpx:TrackPointExtension>
        </extensions>
      </trkpt>
      <trkpt lat="28.234048706612974" lon="112.90436572935958">
        <ele>62.83667211048305</ele>
        <time>2026-09-17T13:02:27.100000Z</time>
        <extensions>
          <gpxtpx:TrackPointExtension>
            <gpxtpx:hr>134</gpxtpx:hr>
          </gpxtpx:TrackPointExtension>
        </extensions>
      </trkpt>
      <trkpt lat="28.23404631429826" lon="112.90439259594672">
        <ele>62.8473790474236</ele>
        <time>2026-09-17T13:02:28.100000Z</time>
        <extensions>
          <gpxtpx:TrackPointExtension>
            <gpxtpx:hr>134</gpxtpx:hr>
          </gpxtpx:TrackPointExtension>
        </extensions>
      </trkpt>
      <trkpt lat="28.23404419110042" lon="112.90441979118673">
        <ele>62.84977439790964</ele>
        <time>2026-09-17T13:02:29.100000Z</time>
        <extensions>
          <gpxtpx:TrackPointExtension>
            <gpxtpx:hr>138</gpxtpx:hr>
          </gpxtpx:TrackPointExtension>
        </extensions>
      </trkpt>
      <trkpt lat="28.23404250025548" lon="112.90444732231602">
        <ele>62.84473867621273</ele>
        <time>2026-09-17T13:02:30.100000Z</time>
        <extensions>
          <gpxtpx:TrackPointExtension>
            <gpxtpx:hr>138</gpxtpx:hr>
          </gpxtpx:TrackPointExtension>
        </extensions>
      </trkpt>
      <trkpt lat="28.23404153319135" lon="112.90447534150186">
        <ele>62.83334559388459</ele>
        <time>2026-09-17T13:02:31.100000Z</time>
        <extensions>
          <gpxtpx:TrackPointExtension>
            <gpxtpx:hr>138</gpxtpx:hr>
          </gpxtpx:TrackPointExtension>
        </extensions>
      </trkpt>
      <trkpt lat="28.23404164944986" lon="112.904503992707">
        <ele>62.816920747980475</ele>
        <time>2026-09-17T13:02:32.100000Z</time>
        <extensions>
          <gpxtpx:TrackPointExtension>
            <gpxtpx:hr>138</gpxtpx:hr>
          </gpxtpx:TrackPointExtension>
        </extensions>
      </trkpt>
      <trkpt lat="28.23404244374172" lon="112.90453304407282">
        <ele>62.796887387521565</ele>
        <time>2026-09-17T13:02:33.100000Z</time>
        <extensions>
          <gpxtpx:TrackPointExtension>
            <gpxtpx:hr>138</gpxtpx:hr>
          </gpxtpx:TrackPointExtension>
        </extensions>
      </trkpt>
      <trkpt lat="28.234043054242424" lon="112.90456227675253">
        <ele>62.77456490974873</ele>
        <time>2026-09-17T13:02:34.100000Z</time>
        <extensions>
          <gpxtpx:TrackPointExtension>
            <gpxtpx:hr>140</gpxtpx:hr>
          </gpxtpx:TrackPointExtension>
        </extensions>
      </trkpt>
      <trkpt lat="28.234043242434783" lon="112.90459167114389">
        <ele>62.750978810712695</ele>
        <time>2026-09-17T13:02:35.100000Z</time>
        <extensions>
          <gpxtpx:TrackPointExtension>
            <gpxtpx:hr>140</gpxtpx:hr>
          </gpxtpx:TrackPointExtension>
        </extensions>
      </trkpt>
      <trkpt lat="28.234043127002774" lon="112.90462128623791">
        <ele>62.72681525256485</ele>
        <time>2026-09-17T13:02:36.100000Z</time>
        <extensions>
          <gpxtpx:TrackPointExtension>
            <gpxtpx:hr>140</gpxtpx:hr>
          </gpxtpx:TrackPointExtension>
        </extensions>
      </trkpt>
      <trkpt lat="28.234042795678846" lon="112.90465112650841">
        <ele>62.7025731112808</ele>
        <time>2026-09-17T13:02:37.100000Z</time>
        <extensions>
          <gpxtpx:TrackPointExtension>
            <gpxtpx:hr>140</gpxtpx:hr>
          </gpxtpx:TrackPointExtension>
        </extensions>
      </trkpt>
      <trkpt lat="28.234042358186798" lon="112.90468118544297">
        <ele>62.67883197683841</ele>
        <time>2026-09-17T13:02:38.100000Z</time>
        <extensions>
          <gpxtpx:TrackPointExtension>
            <gpxtpx:hr>140</gpxtpx:hr>
          </gpxtpx:TrackPointExtension>
        </extensions>
      </trkpt>
      <trkpt lat="28.234041961641346" lon="112.90471148323083">
        <ele>62.65636064577848</ele>
        <time>2026-09-17T13:02:39.100000Z</time>
        <extensions>
          <gpxtpx:TrackPointExtension>
            <gpxtpx:hr>140</gpxtpx:hr>
          </gpxtpx:TrackPointExtension>
        </extensions>
      </trkpt>
      <trkpt lat="28.23404172063203" lon="112.90474207363891">
        <ele>62.63611246179789</ele>
        <time>2026-09-17T13:02:40.100000Z</time>
        <extensions>
          <gpxtpx:TrackPointExtension>
            <gpxtpx:hr>140</gpxtpx:hr>
          </gpxtpx:TrackPointExtension>
        </extensions>
      </trkpt>
      <trkpt lat="28.23404150256593" lon="112.90477286207953">
        <ele>62.61914645228535</ele>
        <time>2026-09-17T13:02:41.100000Z</time>
        <extensions>
          <gpxtpx:TrackPointExtension>
            <gpxtpx:hr>141</gpxtpx:hr>
          </gpxtpx:TrackPointExtension>
        </extensions>
      </trkpt>
      <trkpt lat="28.23404112195131" lon="112.9048035288323">
        <ele>62.60646417923272</ele>
        <time>2026-09-17T13:02:42.100000Z</time>
        <extensions>
          <gpxtpx:TrackPointExtension>
            <gpxtpx:hr>141</gpxtpx:hr>
          </gpxtpx:TrackPointExtension>
        </extensions>
      </trkpt>
      <trkpt lat="28.234040476746554" lon="112.90483387129744">
        <ele>62.59901502728462</ele>
        <time>2026-09-17T13:02:43.100000Z</time>
        <extensions>
          <gpxtpx:TrackPointExtension>
            <gpxtpx:hr>141</gpxtpx:hr>
          </gpxtpx:TrackPointExtension>
        </extensions>
      </trkpt>
      <trkpt lat="28.234039594026935" lon="112.90486388158679">
        <ele>62.59757622331381</ele>
        <time>2026-09-17T13:02:44.100000Z</time>
        <extensions>
          <gpxtpx:TrackPointExtension>
            <gpxtpx:hr>141</gpxtpx:hr>
          </gpxtpx:TrackPointExtension>
        </extensions>
      </trkpt>
      <trkpt lat="28.2340387913276" lon="112.90489356412152">
        <ele>62.60264770872891</ele>
        <time>2026-09-17T13:02:45.100000Z</time>
        <extensions>
          <gpxtpx:TrackPointExtension>
            <gpxtpx:hr>141</gpxtpx:hr>
          </gpxtpx:TrackPointExtension>
        </extensions>
      </trkpt>
      <trkpt lat="28.234038446930118" lon="112.90492297473479">
        <ele>62.614632461220026</ele>
        <time>2026-09-17T13:02:46.100000Z</time>
        <extensions>
          <gpxtpx:TrackPointExtension>
            <gpxtpx:hr>141</gpxtpx:hr>
          </gpxtpx:TrackPointExtension>
        </extensions>
      </trkpt>
      <trkpt lat="28.234038676434743" lon="112.90495234176501">
        <ele>62.63383143488318</ele>
        <time>2026-09-17T13:02:47.100000Z</time>
        <extensions>
          <gpxtpx:TrackPointExtension>
            <gpxtpx:hr>141</gpxtpx:hr>
          </gpxtpx:TrackPointExtension>
        </extensions>
      </trkpt>
      <trkpt lat="28.234039340857365" lon="112.90498208980937">
        <ele>62.660658836364746</ele>
        <time>2026-09-17T13:02:48.100000Z</time>
        <extensions>
          <gpxtpx:TrackPointExtension>
            <gpxtpx:hr>141</gpxtpx:hr>
          </gpxtpx:TrackPointExtension>
        </extensions>
      </trkpt>
      <trkpt lat="28.234040003236004" lon="112.90501226705103">
        <ele>62.69577428512275</ele>
        <time>2026-09-17T13:02:49.100000Z</time>
        <extensions>
          <gpxtpx:TrackPointExtension>
            <gpxtpx:hr>141</gpxtpx:hr>
          </gpxtpx:TrackPointExtension>
        </extensions>
      </trkpt>
      <trkpt lat="28.2340402408683" lon="112.90504254845804">
        <ele>62.73966626636684</ele>
        <time>2026-09-17T13:02:50.100000Z</time>
        <extensions>
          <gpxtpx:TrackPointExtension>
            <gpxtpx:hr>141</gpxtpx:hr>
          </gpxtpx:TrackPointExtension>
        </extensions>
      </trkpt>
      <trkpt lat="28.234040109150456" lon="112.9050727934074">
        <ele>62.79264622554183</ele>
        <time>2026-09-17T13:02:51.100000Z</time>
        <extensions>
          <gpxtpx:TrackPointExtension>
            <gpxtpx:hr>141</gpxtpx:hr>
          </gpxtpx:TrackPointExtension>
        </extensions>
      </trkpt>
      <trkpt lat="28.234039545055946" lon="112.90510309732167">
        <ele>62.85464793257415</ele>
        <time>2026-09-17T13:02:52.100000Z</time>
        <extensions>
          <gpxtpx:TrackPointExtension>
            <gpxtpx:hr>141</gpxtpx:hr>
          </gpxtpx:TrackPointExtension>
        </extensions>
      </trkpt>
      <trkpt lat="28.234038159243692" lon="112.9051335448003">
        <ele>62.92554026655853</ele>
        <time>2026-09-17T13:02:53.100000Z</time>
        <extensions>
          <gpxtpx:TrackPointExtension>
            <gpxtpx:hr>142</gpxtpx:hr>
          </gpxtpx:TrackPointExtension>
        </extensions>
      </trkpt>
      <trkpt lat="28.234035821948492" lon="112.9051639013923">
        <ele>63.00486158207059</ele>
        <time>2026-09-17T13:02:54.100000Z</time>
        <extensions>
          <gpxtpx:TrackPointExtension>
            <gpxtpx:hr>142</gpxtpx:hr>
          </gpxtpx:TrackPointExtension>
        </extensions>
      </trkpt>
      <trkpt lat="28.234032516750357" lon="112.90519378111492">
        <ele>63.09183545503765</ele>
        <time>2026-09-17T13:02:55.100000Z</time>
        <extensions>
          <gpxtpx:TrackPointExtension>
            <gpxtpx:hr>142</gpxtpx:hr>
          </gpxtpx:TrackPointExtension>
        </extensions>
      </trkpt>
      <trkpt lat="28.234027986261978" lon="112.90522288031326">
        <ele>63.18529530521482</ele>
        <time>2026-09-17T13:02:56.100000Z</time>
        <extensions>
          <gpxtpx:TrackPointExtension>
            <gpxtpx:hr>142</gpxtpx:hr>
          </gpxtpx:TrackPointExtension>
        </extensions>
      </trkpt>
      <trkpt lat="28.23402205598262" lon="112.90525094289822">
        <ele>63.28387007582933</ele>
        <time>2026-09-17T13:02:57.100000Z</time>
        <extensions>
          <gpxtpx:TrackPointExtension>
            <gpxtpx:hr>142</gpxtpx:hr>
          </gpxtpx:TrackPointExtension>
        </extensions>
      </trkpt>
      <trkpt lat="28.23401496129757" lon="112.90527747632761">
        <ele>63.3862230759114</ele>
        <time>2026-09-17T13:02:58.100000Z</time>
        <extensions>
          <gpxtpx:TrackPointExtension>
            <gpxtpx:hr>144</gpxtpx:hr>
          </gpxtpx:TrackPointExtension>
        </extensions>
      </trkpt>
      <trkpt lat="28.23400733290389" lon="112.90530192964847">
        <ele>63.49112063460052</ele>
        <time>2026-09-17T13:02:59.100000Z</time>
        <extensions>
          <gpxtpx:TrackPointExtension>
            <gpxtpx:hr>144</gpxtpx:hr>
          </gpxtpx:TrackPointExtension>
        </extensions>
      </trkpt>
      <trkpt lat="28.23399960253565" lon="112.9053235158174">
        <ele>63.597501929849386</ele>
        <time>2026-09-17T13:03:00.100000Z</time>
        <extensions>
          <gpxtpx:TrackPointExtension>
            <gpxtpx:hr>144</gpxtpx:hr>
          </gpxtpx:TrackPointExtension>
        </extensions>
      </trkpt>
      <trkpt lat="28.233992311998136" lon="112.90534164711094">
        <ele>63.70437362138182</ele>
        <time>2026-09-17T13:03:01.100000Z</time>
        <extensions>
          <gpxtpx:TrackPointExtension>
            <gpxtpx:hr>144</gpxtpx:hr>
          </gpxtpx:TrackPointExtension>
        </extensions>
      </trkpt>
      <trkpt lat="28.23398648998089" lon="112.90535666075353">
        <ele>63.81083350908011</ele>
        <time>2026-09-17T13:03:02.100000Z</time>
        <extensions>
          <gpxtpx:TrackPointExtension>
            <gpxtpx:hr>145</gpxtpx:hr>
          </gpxtpx:TrackPointExtension>
        </extensions>
      </trkpt>
      <trkpt lat="28.233982458862226" lon="112.9053692937327">
        <ele>63.91600753646344</ele>
        <time>2026-09-17T13:03:03.100000Z</time>
        <extensions>
          <gpxtpx:TrackPointExtension>
            <gpxtpx:hr>145</gpxtpx:hr>
          </gpxtpx:TrackPointExtension>
        </extensions>
      </trkpt>
      <trkpt lat="28.23397974984164" lon="112.9053805500302">
        <ele>64.01901084277779</ele>
        <time>2026-09-17T13:03:04.100000Z</time>
        <extensions>
          <gpxtpx:TrackPointExtension>
            <gpxtpx:hr>145</gpxtpx:hr>
          </gpxtpx:TrackPointExtension>
        </extensions>
      </trkpt>
      <trkpt lat="28.233977844693793" lon="112.90539126372595">
        <ele>64.11879860423505</ele>
        <time>2026-09-17T13:03:05.100000Z</time>
        <extensions>
          <gpxtpx:TrackPointExtension>
            <gpxtpx:hr>145</gpxtpx:hr>
          </gpxtpx:TrackPointExtension>
        </extensions>
      </trkpt>
      <trkpt lat="28.233976209120467" lon="112.90540172901721">
        <ele>64.21408093906939</ele>
        <time>2026-09-17T13:03:06Z</time>
        <extensions>
          <gpxtpx:TrackPointExtension>
            <gpxtpx:hr>145</gpxtpx:hr>
          </gpxtpx:TrackPointExtension>
        </extensions>
      </trkpt>
      <trkpt lat="28.23397504751651" lon="112.9054117928213">
        <ele>64.30338402837515</ele>
        <time>2026-09-17T13:03:07Z</time>
        <extensions>
          <gpxtpx:TrackPointExtension>
            <gpxtpx:hr>145</gpxtpx:hr>
          </gpxtpx:TrackPointExtension>
        </extensions>
      </trkpt>
      <trkpt lat="28.23397572040018" lon="112.90542163334214">
        <ele>64.38503301050514</ele>
        <time>2026-09-17T13:03:08Z</time>
        <extensions>
          <gpxtpx:TrackPointExtension>
            <gpxtpx:hr>145</gpxtpx:hr>
          </gpxtpx:TrackPointExtension>
        </extensions>
      </trkpt>
      <trkpt lat="28.233977279690443" lon="112.90542890127328">
        <ele>64.43859426490963</ele>
        <time>2026-09-17T13:03:08.800000Z</time>
        <extensions>
          <gpxtpx:TrackPointExtension>
            <gpxtpx:hr>145</gpxtpx:hr>
          </gpxtpx:TrackPointExtension>
        </extensions>
      </trkpt>
      <trkpt lat="28.233979509758825" lon="112.90543963628221">
        <ele>64.50582475587726</ele>
        <time>2026-09-17T13:03:09.800000Z</time>
        <extensions>
          <gpxtpx:TrackPointExtension>
            <gpxtpx:hr>145</gpxtpx:hr>
          </gpxtpx:TrackPointExtension>
        </extensions>
      </trkpt>
      <trkpt lat="28.233981090017945" lon="112.90545122524755">
        <ele>64.56364283990115</ele>
        <time>2026-09-17T13:03:10.800000Z</time>
        <extensions>
          <gpxtpx:TrackPointExtension>
            <gpxtpx:hr>145</gpxtpx:hr>
          </gpxtpx:TrackPointExtension>
        </extensions>
      </trkpt>
      <trkpt lat="28.233981962352015" lon="112.90546377659471">
        <ele>64.61362745333463</ele>
        <time>2026-09-17T13:03:11.800000Z</time>
        <extensions>
          <gpxtpx:TrackPointExtension>
            <gpxtpx:hr>146</gpxtpx:hr>
          </gpxtpx:TrackPointExtension>
        </extensions>
      </trkpt>
      <trkpt lat="28.233982165245195" lon="112.90547737802432">
        <ele>64.65834434889257</ele>
        <time>2026-09-17T13:03:12.800000Z</time>
        <extensions>
          <gpxtpx:TrackPointExtension>
            <gpxtpx:hr>146</gpxtpx:hr>
          </gpxtpx:TrackPointExtension>
        </extensions>
      </trkpt>
      <trkpt lat="28.233981627643274" lon="112.90549204820034">
        <ele>64.70089227799326</ele>
        <time>2026-09-17T13:03:13.800000Z</time>
        <extensions>
          <gpxtpx:TrackPointExtension>
            <gpxtpx:hr>146</gpxtpx:hr>
          </gpxtpx:TrackPointExtension>
        </extensions>
      </trkpt>
      <trkpt lat="28.233980674867617" lon="112.90550765903124">
        <ele>64.74456334114075</ele>
        <time>2026-09-17T13:03:14.800000Z</time>
        <extensions>
          <gpxtpx:TrackPointExtension>
            <gpxtpx:hr>146</gpxtpx:hr>
          </gpxtpx:TrackPointExtension>
        </extensions>
      </trkpt>
      <trkpt lat="28.233979447383966" lon="112.90552447346339">
        <ele>64.79274353943765</ele>
        <time>2026-09-17T13:03:15.800000Z</time>
        <extensions>
          <gpxtpx:TrackPointExtension>
            <gpxtpx:hr>146</gpxtpx:hr>
          </gpxtpx:TrackPointExtension>
        </extensions>
      </trkpt>
      <trkpt lat="28.233978124234827" lon="112.90554240189131">
        <ele>64.84870943054557</ele>
        <time>2026-09-17T13:03:16.800000Z</time>
        <extensions>
          <gpxtpx:TrackPointExtension>
            <gpxtpx:hr>147</gpxtpx:hr>
          </gpxtpx:TrackPointExtension>
        </extensions>
      </trkpt>
      <trkpt lat="28.23397675720012" lon="112.90556122012057">
        <ele>64.91554599348456</ele>
        <time>2026-09-17T13:03:17.800000Z</time>
        <extensions>
          <gpxtpx:TrackPointExtension>
            <gpxtpx:hr>147</gpxtpx:hr>
          </gpxtpx:TrackPointExtension>
        </extensions>
      </trkpt>
      <trkpt lat="28.233975145365008" lon="112.90558063919579">
        <ele>64.99563228525221</ele>
        <time>2026-09-17T13:03:18.800000Z</time>
        <extensions>
          <gpxtpx:TrackPointExtension>
            <gpxtpx:hr>147</gpxtpx:hr>
          </gpxtpx:TrackPointExtension>
        </extensions>
      </trkpt>
      <trkpt lat="28.233972949616877" lon="112.90560050849362">
        <ele>65.09004823397845</ele>
        <time>2026-09-17T13:03:19.800000Z</time>
        <extensions>
          <gpxtpx:TrackPointExtension>
            <gpxtpx:hr>147</gpxtpx:hr>
          </gpxtpx:TrackPointExtension>
        </extensions>
      </trkpt>
      <trkpt lat="28.233969070588692" lon="112.90562789158267">
        <ele>65.22804147284478</ele>
        <time>2026-09-17T13:03:21Z</time>
        <extensions>
          <gpxtpx:TrackPointExtension>
            <gpxtpx:hr>147</gpxtpx:hr>
          </gpxtpx:TrackPointExtension>
        </extensions>
      </trkpt>
      <trkpt lat="28.23396510927357" lon="112.90565201463129">
        <ele>65.34809926338494</ele>
        <time>2026-09-17T13:03:22Z</time>
        <extensions>
          <gpxtpx:TrackPointExtension>
            <gpxtpx:hr>148</gpxtpx:hr>
          </gpxtpx:TrackPointExtension>
        </extensions>
      </trkpt>
      <trkpt lat="28.233960434330015" lon="112.90567732074607">
        <ele>65.47242559026927</ele>
        <time>2026-09-17T13:03:23Z</time>
        <extensions>
          <gpxtpx:TrackPointExtension>
            <gpxtpx:hr>148</gpxtpx:hr>
          </gpxtpx:TrackPointExtension>
        </extensions>
      </trkpt>
      <trkpt lat="28.233955529153977" lon="112.90570292966785">
        <ele>65.59859535936266</ele>
        <time>2026-09-17T13:03:24Z</time>
        <extensions>
          <gpxtpx:TrackPointExtension>
            <gpxtpx:hr>148</gpxtpx:hr>
          </gpxtpx:TrackPointExtension>
        </extensions>
      </trkpt>
      <trkpt lat="28.233951067517186" lon="112.90572834867133">
        <ele>65.72475824132562</ele>
        <time>2026-09-17T13:03:25Z</time>
        <extensions>
          <gpxtpx:TrackPointExtension>
            <gpxtpx:hr>148</gpxtpx:hr>
          </gpxtpx:TrackPointExtension>
        </extensions>
      </trkpt>
      <trkpt lat="28.233947310270565" lon="112.90575364450609">
        <ele>65.84939752425998</ele>
        <time>2026-09-17T13:03:26Z</time>
        <extensions>
          <gpxtpx:TrackPointExtension>
            <gpxtpx:hr>148</gpxtpx:hr>
          </gpxtpx:TrackPointExtension>
        </extensions>
      </trkpt>
      <trkpt lat="28.233944035436455" lon="112.90577963284571">
        <ele>65.9715783931315</ele>
        <time>2026-09-17T13:03:27Z</time>
        <extensions>
          <gpxtpx:TrackPointExtension>
            <gpxtpx:hr>149</gpxtpx:hr>
          </gpxtpx:TrackPointExtension>
        </extensions>
      </trkpt>
      <trkpt lat="28.233940968764454" lon="112.90580669516339">
        <ele>66.09062322974205</ele>
        <time>2026-09-17T13:03:28Z</time>
        <extensions>
          <gpxtpx:TrackPointExtension>
            <gpxtpx:hr>149</gpxtpx:hr>
          </gpxtpx:TrackPointExtension>
        </extensions>
      </trkpt>
      <trkpt lat="28.23393804870184" lon="112.90583421669254">
        <ele>66.20592636056244</ele>
        <time>2026-09-17T13:03:29Z</time>
        <extensions>
          <gpxtpx:TrackPointExtension>
            <gpxtpx:hr>149</gpxtpx:hr>
          </gpxtpx:TrackPointExtension>
        </extensions>
      </trkpt>
      <trkpt lat="28.233935360516824" lon="112.9058616870684">
        <ele>66.31503164768219</ele>
        <time>2026-09-17T13:03:30Z</time>
        <extensions>
          <gpxtpx:TrackPointExtension>
            <gpxtpx:hr>149</gpxtpx:hr>
          </gpxtpx:TrackPointExtension>
        </extensions>
      </trkpt>
      <trkpt lat="28.233933090090083" lon="112.90588903389698">
        <ele>66.42199795041233</ele>
        <time>2026-09-17T13:03:31Z</time>
        <extensions>
          <gpxtpx:TrackPointExtension>
            <gpxtpx:hr>149</gpxtpx:hr>
          </gpxtpx:TrackPointExtension>
        </extensions>
      </trkpt>
      <trkpt lat="28.233931502912807" lon="112.9059164633786">
        <ele>66.5246379589662</ele>
        <time>2026-09-17T13:03:32Z</time>
        <extensions>
          <gpxtpx:TrackPointExtension>
            <gpxtpx:hr>148</gpxtpx:hr>
          </gpxtpx:TrackPointExtension>
        </extensions>
      </trkpt>
      <trkpt lat="28.233930364631167" lon="112.90594411927145">
        <ele>66.62259402498603</ele>
        <time>2026-09-17T13:03:33Z</time>
        <extensions>
          <gpxtpx:TrackPointExtension>
            <gpxtpx:hr>148</gpxtpx:hr>
          </gpxtpx:TrackPointExtension>
        </extensions>
      </trkpt>
      <trkpt lat="28.233929293714088" lon="112.90597198251004">
        <ele>66.71564421057701</ele>
        <time>2026-09-17T13:03:34Z</time>
        <extensions>
          <gpxtpx:TrackPointExtension>
            <gpxtpx:hr>148</gpxtpx:hr>
          </gpxtpx:TrackPointExtension>
        </extensions>
      </trkpt>
      <trkpt lat="28.233928239682037" lon="112.90599997968252">
        <ele>66.80362442974001</ele>
        <time>2026-09-17T13:03:35Z</time>
        <extensions>
          <gpxtpx:TrackPointExtension>
            <gpxtpx:hr>147</gpxtpx:hr>
          </gpxtpx:TrackPointExtension>
        </extensions>
      </trkpt>
      <trkpt lat="28.23392711806924" lon="112.90602815469894">
        <ele>66.88631108682603</ele>
        <time>2026-09-17T13:03:36Z</time>
        <extensions>
          <gpxtpx:TrackPointExtension>
            <gpxtpx:hr>147</gpxtpx:hr>
          </gpxtpx:TrackPointExtension>
        </extensions>
      </trkpt>
      <trkpt lat="28.23392568344529" lon="112.90605657068461">
        <ele>66.96346790716052</ele>
        <time>2026-09-17T13:03:37Z</time>
        <extensions>
          <gpxtpx:TrackPointExtension>
            <gpxtpx:hr>147</gpxtpx:hr>
          </gpxtpx:TrackPointExtension>
        </extensions>
      </trkpt>
      <trkpt lat="28.23392372913904" lon="112.90608510595665">
        <ele>67.03492303192616</ele>
        <time>2026-09-17T13:03:38Z</time>
        <extensions>
          <gpxtpx:TrackPointExtension>
            <gpxtpx:hr>147</gpxtpx:hr>
          </gpxtpx:TrackPointExtension>
        </extensions>
      </trkpt>
      <trkpt lat="28.23392151975072" lon="112.90611354412356">
        <ele>67.10069582238793</ele>
        <time>2026-09-17T13:03:39Z</time>
        <extensions>
          <gpxtpx:TrackPointExtension>
            <gpxtpx:hr>147</gpxtpx:hr>
          </gpxtpx:TrackPointExtension>
        </extensions>
      </trkpt>
      <trkpt lat="28.23391915077083" lon="112.90614197625256">
        <ele>67.16106662992388</ele>
        <time>2026-09-17T13:03:40Z</time>
        <extensions>
          <gpxtpx:TrackPointExtension>
            <gpxtpx:hr>147</gpxtpx:hr>
          </gpxtpx:TrackPointExtension>
        </extensions>
      </trkpt>
      <trkpt lat="28.233916546871217" lon="112.90617045816606">
        <ele>67.21640911418945</ele>
        <time>2026-09-17T13:03:41Z</time>
        <extensions>
          <gpxtpx:TrackPointExtension>
            <gpxtpx:hr>147</gpxtpx:hr>
          </gpxtpx:TrackPointExtension>
        </extensions>
      </trkpt>
      <trkpt lat="28.233913890791474" lon="112.90619883619291">
        <ele>67.26709498651326</ele>
        <time>2026-09-17T13:03:42Z</time>
        <extensions>
          <gpxtpx:TrackPointExtension>
            <gpxtpx:hr>147</gpxtpx:hr>
          </gpxtpx:TrackPointExtension>
        </extensions>
      </trkpt>
      <trkpt lat="28.233911131972757" lon="112.90622714363433">
        <ele>67.3134887618944</ele>
        <time>2026-09-17T13:03:43Z</time>
        <extensions>
          <gpxtpx:TrackPointExtension>
            <gpxtpx:hr>147</gpxtpx:hr>
          </gpxtpx:TrackPointExtension>
        </extensions>
      </trkpt>
      <trkpt lat="28.23390795278393" lon="112.90625547031377">
        <ele>67.35603150259703</ele>
        <time>2026-09-17T13:03:44Z</time>
        <extensions>
          <gpxtpx:TrackPointExtension>
            <gpxtpx:hr>147</gpxtpx:hr>
          </gpxtpx:TrackPointExtension>
        </extensions>
      </trkpt>
      <trkpt lat="28.233904993830457" lon="112.90628382267744">
        <ele>67.39530220534652</ele>
        <time>2026-09-17T13:03:45Z</time>
        <extensions>
          <gpxtpx:TrackPointExtension>
            <gpxtpx:hr>147</gpxtpx:hr>
          </gpxtpx:TrackPointExtension>
        </extensions>
      </trkpt>
      <trkpt lat="28.23390266339837" lon="112.90631183610961">
        <ele>67.4319403944537</ele>
        <time>2026-09-17T13:03:46Z</time>
        <extensions>
          <gpxtpx:TrackPointExtension>
            <gpxtpx:hr>145</gpxtpx:hr>
          </gpxtpx:TrackPointExtension>
        </extensions>
      </trkpt>
      <trkpt lat="28.23390053876391" lon="112.90633930475319">
        <ele>67.46649366430938</ele>
        <time>2026-09-17T13:03:47Z</time>
        <extensions>
          <gpxtpx:TrackPointExtension>
            <gpxtpx:hr>145</gpxtpx:hr>
          </gpxtpx:TrackPointExtension>
        </extensions>
      </trkpt>
      <trkpt lat="28.233897951447272" lon="112.90636634159888">
        <ele>67.4993659388274</ele>
        <time>2026-09-17T13:03:48Z</time>
        <extensions>
          <gpxtpx:TrackPointExtension>
            <gpxtpx:hr>145</gpxtpx:hr>
          </gpxtpx:TrackPointExtension>
        </extensions>
      </trkpt>
      <trkpt lat="28.23389417708229" lon="112.90639290834393">
        <ele>67.53091419674456</ele>
        <time>2026-09-17T13:03:49Z</time>
        <extensions>
          <gpxtpx:TrackPointExtension>
            <gpxtpx:hr>145</gpxtpx:hr>
          </gpxtpx:TrackPointExtension>
        </extensions>
      </trkpt>
      <trkpt lat="28.233888838875536" lon="112.90641914145105">
        <ele>67.56152023281902</ele>
        <time>2026-09-17T13:03:50Z</time>
        <extensions>
          <gpxtpx:TrackPointExtension>
            <gpxtpx:hr>145</gpxtpx:hr>
          </gpxtpx:TrackPointExtension>
        </extensions>
      </trkpt>
      <trkpt lat="28.23388312077154" lon="112.90644541278373">
        <ele>67.5916209295392</ele>
        <time>2026-09-17T13:03:51Z</time>
        <extensions>
          <gpxtpx:TrackPointExtension>
            <gpxtpx:hr>145</gpxtpx:hr>
          </gpxtpx:TrackPointExtension>
        </extensions>
      </trkpt>
      <trkpt lat="28.23387884555448" lon="112.90647167755797">
        <ele>67.6216998109594</ele>
        <time>2026-09-17T13:03:52Z</time>
        <extensions>
          <gpxtpx:TrackPointExtension>
            <gpxtpx:hr>149</gpxtpx:hr>
          </gpxtpx:TrackPointExtension>
        </extensions>
      </trkpt>
      <trkpt lat="28.233876278435435" lon="112.90649767635136">
        <ele>67.65220935177058</ele>
        <time>2026-09-17T13:03:53Z</time>
        <extensions>
          <gpxtpx:TrackPointExtension>
            <gpxtpx:hr>149</gpxtpx:hr>
          </gpxtpx:TrackPointExtension>
        </extensions>
      </trkpt>
      <trkpt lat="28.233874939934303" lon="112.90652353891434">
        <ele>67.68348758015782</ele>
        <time>2026-09-17T13:03:54Z</time>
        <extensions>
          <gpxtpx:TrackPointExtension>
            <gpxtpx:hr>149</gpxtpx:hr>
          </gpxtpx:TrackPointExtension>
        </extensions>
      </trkpt>
      <trkpt lat="28.233874269700628" lon="112.90654961315428">
        <ele>67.71571812964976</ele>
        <time>2026-09-17T13:03:55Z</time>
        <extensions>
          <gpxtpx:TrackPointExtension>
            <gpxtpx:hr>149</gpxtpx:hr>
          </gpxtpx:TrackPointExtension>
        </extensions>
      </trkpt>
      <trkpt lat="28.23387388159152" lon="112.90657611631363">
        <ele>67.74886898137629</ele>
        <time>2026-09-17T13:03:56Z</time>
        <extensions>
          <gpxtpx:TrackPointExtension>
            <gpxtpx:hr>149</gpxtpx:hr>
          </gpxtpx:TrackPointExtension>
        </extensions>
      </trkpt>
      <trkpt lat="28.23387350873019" lon="112.90660333149506">
        <ele>67.78263623267412</ele>
        <time>2026-09-17T13:03:57Z</time>
        <extensions>
          <gpxtpx:TrackPointExtension>
            <gpxtpx:hr>149</gpxtpx:hr>
          </gpxtpx:TrackPointExtension>
        </extensions>
      </trkpt>
      <trkpt lat="28.23387295176697" lon="112.90663124228583">
        <ele>67.81647128425539</ele>
        <time>2026-09-17T13:03:58Z</time>
        <extensions>
          <gpxtpx:TrackPointExtension>
            <gpxtpx:hr>148</gpxtpx:hr>
          </gpxtpx:TrackPointExtension>
        </extensions>
      </trkpt>
      <trkpt lat="28.233872328378315" lon="112.90665945018335">
        <ele>67.84973185323179</ele>
        <time>2026-09-17T13:03:58.900000Z</time>
        <extensions>
          <gpxtpx:TrackPointExtension>
            <gpxtpx:hr>148</gpxtpx:hr>
          </gpxtpx:TrackPointExtension>
        </extensions>
      </trkpt>
      <trkpt lat="28.23387200982048" lon="112.9066875288344">
        <ele>67.88191016577184</ele>
        <time>2026-09-17T13:03:59.900000Z</time>
        <extensions>
          <gpxtpx:TrackPointExtension>
            <gpxtpx:hr>148</gpxtpx:hr>
          </gpxtpx:TrackPointExtension>
        </extensions>
      </trkpt>
      <trkpt lat="28.233872072229513" lon="112.90671517038504">
        <ele>67.9126579137519</ele>
        <time>2026-09-17T13:04:00.900000Z</time>
        <extensions>
          <gpxtpx:TrackPointExtension>
            <gpxtpx:hr>148</gpxtpx:hr>
          </gpxtpx:TrackPointExtension>
        </extensions>
      </trkpt>
      <trkpt lat="28.23387244593414" lon="112.90674242936585">
        <ele>67.94162574689835</ele>
        <time>2026-09-17T13:04:01.900000Z</time>
        <extensions>
          <gpxtpx:TrackPointExtension>
            <gpxtpx:hr>148</gpxtpx:hr>
          </gpxtpx:TrackPointExtension>
        </extensions>
      </trkpt>
      <trkpt lat="28.233872890847277" lon="112.90676977384449">
        <ele>67.9683481240645</ele>
        <time>2026-09-17T13:04:02.900000Z</time>
        <extensions>
          <gpxtpx:TrackPointExtension>
            <gpxtpx:hr>148</gpxtpx:hr>
          </gpxtpx:TrackPointExtension>
        </extensions>
      </trkpt>
      <trkpt lat="28.233873269377227" lon="112.90679769655571">
        <ele>67.99224382825196</ele>
        <time>2026-09-17T13:04:03.900000Z</time>
        <extensions>
          <gpxtpx:TrackPointExtension>
            <gpxtpx:hr>148</gpxtpx:hr>
          </gpxtpx:TrackPointExtension>
        </extensions>
      </trkpt>
      <trkpt lat="28.233873673897072" lon="112.90682609201221">
        <ele>68.01268173567951</ele>
        <time>2026-09-17T13:04:04.900000Z</time>
        <extensions>
          <gpxtpx:TrackPointExtension>
            <gpxtpx:hr>148</gpxtpx:hr>
          </gpxtpx:TrackPointExtension>
        </extensions>
      </trkpt>
      <trkpt lat="28.233874318489818" lon="112.90685444763557">
        <ele>68.02902727853507</ele>
        <time>2026-09-17T13:04:05.900000Z</time>
        <extensions>
          <gpxtpx:TrackPointExtension>
            <gpxtpx:hr>148</gpxtpx:hr>
          </gpxtpx:TrackPointExtension>
        </extensions>
      </trkpt>
      <trkpt lat="28.23387529557889" lon="112.90688254488614">
        <ele>68.0407555187121</ele>
        <time>2026-09-17T13:04:06.900000Z</time>
        <extensions>
          <gpxtpx:TrackPointExtension>
            <gpxtpx:hr>149</gpxtpx:hr>
          </gpxtpx:TrackPointExtension>
        </extensions>
      </trkpt>
      <trkpt lat="28.23387647461159" lon="112.90691059808533">
        <ele>68.047551529482</ele>
        <time>2026-09-17T13:04:07.900000Z</time>
        <extensions>
          <gpxtpx:TrackPointExtension>
            <gpxtpx:hr>149</gpxtpx:hr>
          </gpxtpx:TrackPointExtension>
        </extensions>
      </trkpt>
      <trkpt lat="28.23387764623552" lon="112.90693865941708">
        <ele>68.04930365644395</ele>
        <time>2026-09-17T13:04:08.900000Z</time>
        <extensions>
          <gpxtpx:TrackPointExtension>
            <gpxtpx:hr>149</gpxtpx:hr>
          </gpxtpx:TrackPointExtension>
        </extensions>
      </trkpt>
      <trkpt lat="28.233878666298153" lon="112.90696665925903">
        <ele>68.04613799322397</ele>
        <time>2026-09-17T13:04:09.900000Z</time>
        <extensions>
          <gpxtpx:TrackPointExtension>
            <gpxtpx:hr>149</gpxtpx:hr>
          </gpxtpx:TrackPointExtension>
        </extensions>
      </trkpt>
      <trkpt lat="28.233879579283165" lon="112.90699457075475">
        <ele>68.03841062448919</ele>
        <time>2026-09-17T13:04:10.900000Z</time>
        <extensions>
          <gpxtpx:TrackPointExtension>
            <gpxtpx:hr>149</gpxtpx:hr>
          </gpxtpx:TrackPointExtension>
        </extensions>
      </trkpt>
      <trkpt lat="28.233880257748346" lon="112.90702250799026">
        <ele>68.02665124926716</ele>
        <time>2026-09-17T13:04:11.900000Z</time>
        <extensions>
          <gpxtpx:TrackPointExtension>
            <gpxtpx:hr>149</gpxtpx:hr>
          </gpxtpx:TrackPointExtension>
        </extensions>
      </trkpt>
      <trkpt lat="28.233880624289007" lon="112.90705055556305">
        <ele>68.01146886497736</ele>
        <time>2026-09-17T13:04:12.900000Z</time>
        <extensions>
          <gpxtpx:TrackPointExtension>
            <gpxtpx:hr>149</gpxtpx:hr>
          </gpxtpx:TrackPointExtension>
        </extensions>
      </trkpt>
      <trkpt lat="28.23388095604741" lon="112.90707888546342">
        <ele>67.993448369205</ele>
        <time>2026-09-17T13:04:13.900000Z</time>
        <extensions>
          <gpxtpx:TrackPointExtension>
            <gpxtpx:hr>150</gpxtpx:hr>
          </gpxtpx:TrackPointExtension>
        </extensions>
      </trkpt>
      <trkpt lat="28.233881782531817" lon="112.90710758591649">
        <ele>67.97326114960015</ele>
        <time>2026-09-17T13:04:14.900000Z</time>
        <extensions>
          <gpxtpx:TrackPointExtension>
            <gpxtpx:hr>150</gpxtpx:hr>
          </gpxtpx:TrackPointExtension>
        </extensions>
      </trkpt>
      <trkpt lat="28.233883017575685" lon="112.90713640085731">
        <ele>67.9517990667373</ele>
        <time>2026-09-17T13:04:15.900000Z</time>
        <extensions>
          <gpxtpx:TrackPointExtension>
            <gpxtpx:hr>150</gpxtpx:hr>
          </gpxtpx:TrackPointExtension>
        </extensions>
      </trkpt>
      <trkpt lat="28.23388403130103" lon="112.90716513513199">
        <ele>67.9301254954189</ele>
        <time>2026-09-17T13:04:16.900000Z</time>
        <extensions>
          <gpxtpx:TrackPointExtension>
            <gpxtpx:hr>150</gpxtpx:hr>
          </gpxtpx:TrackPointExtension>
        </extensions>
      </trkpt>
      <trkpt lat="28.233884326400393" lon="112.90719391647767">
        <ele>67.90935978479683</ele>
        <time>2026-09-17T13:04:17.900000Z</time>
        <extensions>
          <gpxtpx:TrackPointExtension>
            <gpxtpx:hr>150</gpxtpx:hr>
          </gpxtpx:TrackPointExtension>
        </extensions>
      </trkpt>
      <trkpt lat="28.233883747651905" lon="112.90722302657456">
        <ele>67.89060185197741</ele>
        <time>2026-09-17T13:04:18.900000Z</time>
        <extensions>
          <gpxtpx:TrackPointExtension>
            <gpxtpx:hr>150</gpxtpx:hr>
          </gpxtpx:TrackPointExtension>
        </extensions>
      </trkpt>
      <trkpt lat="28.23388271594793" lon="112.90724810328328">
        <ele>67.87671007029712</ele>
        <time>2026-09-17T13:04:19.800000Z</time>
        <extensions>
          <gpxtpx:TrackPointExtension>
            <gpxtpx:hr>151</gpxtpx:hr>
          </gpxtpx:TrackPointExtension>
        </extensions>
      </trkpt>
      <trkpt lat="28.23388119904994" lon="112.90727748948412">
        <ele>67.86355252657086</ele>
        <time>2026-09-17T13:04:20.800000Z</time>
        <extensions>
          <gpxtpx:TrackPointExtension>
            <gpxtpx:hr>151</gpxtpx:hr>
          </gpxtpx:TrackPointExtension>
        </extensions>
      </trkpt>
      <trkpt lat="28.233879575901334" lon="112.90730677751604">
        <ele>67.85391023661941</ele>
        <time>2026-09-17T13:04:21.800000Z</time>
        <extensions>
          <gpxtpx:TrackPointExtension>
            <gpxtpx:hr>151</gpxtpx:hr>
          </gpxtpx:TrackPointExtension>
        </extensions>
      </trkpt>
      <trkpt lat="28.233877626225294" lon="112.90733575336684">
        <ele>67.84717406891286</ele>
        <time>2026-09-17T13:04:22.800000Z</time>
        <extensions>
          <gpxtpx:TrackPointExtension>
            <gpxtpx:hr>151</gpxtpx:hr>
          </gpxtpx:TrackPointExtension>
        </extensions>
      </trkpt>
      <trkpt lat="28.233874970531062" lon="112.90736455926647">
        <ele>67.84240171220154</ele>
        <time>2026-09-17T13:04:23.800000Z</time>
        <extensions>
          <gpxtpx:TrackPointExtension>
            <gpxtpx:hr>151</gpxtpx:hr>
          </gpxtpx:TrackPointExtension>
        </extensions>
      </trkpt>
      <trkpt lat="28.23387135063363" lon="112.9073936646034">
        <ele>67.83854690473527</ele>
        <time>2026-09-17T13:04:24.800000Z</time>
        <extensions>
          <gpxtpx:TrackPointExtension>
            <gpxtpx:hr>152</gpxtpx:hr>
          </gpxtpx:TrackPointExtension>
        </extensions>
      </trkpt>
      <trkpt lat="28.233866816402884" lon="112.90742314948008">
        <ele>67.83461645524949</ele>
        <time>2026-09-17T13:04:25.800000Z</time>
        <extensions>
          <gpxtpx:TrackPointExtension>
            <gpxtpx:hr>152</gpxtpx:hr>
          </gpxtpx:TrackPointExtension>
        </extensions>
      </trkpt>
      <trkpt lat="28.233861609972617" lon="112.90745255814758">
        <ele>67.82975011318922</ele>
        <time>2026-09-17T13:04:26.800000Z</time>
        <extensions>
          <gpxtpx:TrackPointExtension>
            <gpxtpx:hr>152</gpxtpx:hr>
          </gpxtpx:TrackPointExtension>
        </extensions>
      </trkpt>
      <trkpt lat="28.233856445348714" lon="112.907481598871">
        <ele>67.82326081488281</ele>
        <time>2026-09-17T13:04:27.800000Z</time>
        <extensions>
          <gpxtpx:TrackPointExtension>
            <gpxtpx:hr>152</gpxtpx:hr>
          </gpxtpx:TrackPointExtension>
        </extensions>
      </trkpt>
      <trkpt lat="28.233852230539448" lon="112.90751040178971">
        <ele>67.81464473996311</ele>
        <time>2026-09-17T13:04:28.800000Z</time>
        <extensions>
          <gpxtpx:TrackPointExtension>
            <gpxtpx:hr>152</gpxtpx:hr>
          </gpxtpx:TrackPointExtension>
        </extensions>
      </trkpt>
      <trkpt lat="28.233849238674303" lon="112.90753924433339">
        <ele>67.80356398876756</ele>
        <time>2026-09-17T13:04:29.800000Z</time>
        <extensions>
          <gpxtpx:TrackPointExtension>
            <gpxtpx:hr>152</gpxtpx:hr>
          </gpxtpx:TrackPointExtension>
        </extensions>
      </trkpt>
      <trkpt lat="28.23384725156434" lon="112.90756824581891">
        <ele>67.78983302228153</ele>
        <time>2026-09-17T13:04:30.800000Z</time>
        <extensions>
          <gpxtpx:TrackPointExtension>
            <gpxtpx:hr>152</gpxtpx:hr>
          </gpxtpx:TrackPointExtension>
        </extensions>
      </trkpt>
      <trkpt lat="28.23384587297543" lon="112.90759743499626">
        <ele>67.77341428771615</ele>
        <time>2026-09-17T13:04:31.800000Z</time>
        <extensions>
          <gpxtpx:TrackPointExtension>
            <gpxtpx:hr>154</gpxtpx:hr>
          </gpxtpx:TrackPointExtension>
        </extensions>
      </trkpt>
      <trkpt lat="28.233844721125347" lon="112.90762665194967">
        <ele>67.75443317275494</ele>
        <time>2026-09-17T13:04:32.800000Z</time>
        <extensions>
          <gpxtpx:TrackPointExtension>
            <gpxtpx:hr>154</gpxtpx:hr>
          </gpxtpx:TrackPointExtension>
        </extensions>
      </trkpt>
      <trkpt lat="28.233843611687806" lon="112.90765590979049">
        <ele>67.73319217469543</ele>
        <time>2026-09-17T13:04:33.800000Z</time>
        <extensions>
          <gpxtpx:TrackPointExtension>
            <gpxtpx:hr>154</gpxtpx:hr>
          </gpxtpx:TrackPointExtension>
        </extensions>
      </trkpt>
      <trkpt lat="28.23384252478413" lon="112.90768514347413">
        <ele>67.71015801094472</ele>
        <time>2026-09-17T13:04:34.800000Z</time>
        <extensions>
          <gpxtpx:TrackPointExtension>
            <gpxtpx:hr>154</gpxtpx:hr>
          </gpxtpx:TrackPointExtension>
        </extensions>
      </trkpt>
      <trkpt lat="28.233841388294564" lon="112.90771417567042">
        <ele>67.6859211968258</ele>
        <time>2026-09-17T13:04:35.800000Z</time>
        <extensions>
          <gpxtpx:TrackPointExtension>
            <gpxtpx:hr>154</gpxtpx:hr>
          </gpxtpx:TrackPointExtension>
        </extensions>
      </trkpt>
      <trkpt lat="28.233840283092622" lon="112.90774282885248">
        <ele>67.66108713392168</ele>
        <time>2026-09-17T13:04:36.800000Z</time>
        <extensions>
          <gpxtpx:TrackPointExtension>
            <gpxtpx:hr>154</gpxtpx:hr>
          </gpxtpx:TrackPointExtension>
        </extensions>
      </trkpt>
      <trkpt lat="28.233839584757835" lon="112.90777088766433">
        <ele>67.63610243331641</ele>
        <time>2026-09-17T13:04:37.800000Z</time>
        <extensions>
          <gpxtpx:TrackPointExtension>
            <gpxtpx:hr>154</gpxtpx:hr>
          </gpxtpx:TrackPointExtension>
        </extensions>
      </trkpt>
      <trkpt lat="28.233839804896103" lon="112.90779848048217">
        <ele>67.61114795319736</ele>
        <time>2026-09-17T13:04:38.800000Z</time>
        <extensions>
          <gpxtpx:TrackPointExtension>
            <gpxtpx:hr>154</gpxtpx:hr>
          </gpxtpx:TrackPointExtension>
        </extensions>
      </trkpt>
      <trkpt lat="28.233841056876386" lon="112.90782587304601">
        <ele>67.58618240151554</ele>
        <time>2026-09-17T13:04:39.800000Z</time>
        <extensions>
          <gpxtpx:TrackPointExtension>
            <gpxtpx:hr>154</gpxtpx:hr>
          </gpxtpx:TrackPointExtension>
        </extensions>
      </trkpt>
      <trkpt lat="28.233842937464015" lon="112.90785334963746">
        <ele>67.56105305440724</ele>
        <time>2026-09-17T13:04:40.800000Z</time>
        <extensions>
          <gpxtpx:TrackPointExtension>
            <gpxtpx:hr>154</gpxtpx:hr>
          </gpxtpx:TrackPointExtension>
        </extensions>
      </trkpt>
      <trkpt lat="28.233844730413963" lon="112.90788101450175">
        <ele>67.53560970164835</ele>
        <time>2026-09-17T13:04:41.800000Z</time>
        <extensions>
          <gpxtpx:TrackPointExtension>
            <gpxtpx:hr>155</gpxtpx:hr>
          </gpxtpx:TrackPointExtension>
        </extensions>
      </trkpt>
      <trkpt lat="28.233846091909705" lon="112.9079090052982">
        <ele>67.5098332921043</ele>
        <time>2026-09-17T13:04:42.800000Z</time>
        <extensions>
          <gpxtpx:TrackPointExtension>
            <gpxtpx:hr>155</gpxtpx:hr>
          </gpxtpx:TrackPointExtension>
        </extensions>
      </trkpt>
      <trkpt lat="28.233847209999755" lon="112.90793729368994">
        <ele>67.4839093554765</ele>
        <time>2026-09-17T13:04:43.800000Z</time>
        <extensions>
          <gpxtpx:TrackPointExtension>
            <gpxtpx:hr>155</gpxtpx:hr>
          </gpxtpx:TrackPointExtension>
        </extensions>
      </trkpt>
      <trkpt lat="28.23384821919944" lon="112.90796561896492">
        <ele>67.45817143749446</ele>
        <time>2026-09-17T13:04:44.800000Z</time>
        <extensions>
          <gpxtpx:TrackPointExtension>
            <gpxtpx:hr>155</gpxtpx:hr>
          </gpxtpx:TrackPointExtension>
        </extensions>
      </trkpt>
      <trkpt lat="28.23384914308899" lon="112.9079939748938">
        <ele>67.43298022262752</ele>
        <time>2026-09-17T13:04:45.800000Z</time>
        <extensions>
          <gpxtpx:TrackPointExtension>
            <gpxtpx:hr>157</gpxtpx:hr>
          </gpxtpx:TrackPointExtension>
        </extensions>
      </trkpt>
      <trkpt lat="28.233849825770555" lon="112.90802262431826">
        <ele>67.40861029084772</ele>
        <time>2026-09-17T13:04:46.800000Z</time>
        <extensions>
          <gpxtpx:TrackPointExtension>
            <gpxtpx:hr>157</gpxtpx:hr>
          </gpxtpx:TrackPointExtension>
        </extensions>
      </trkpt>
      <trkpt lat="28.233850363192325" lon="112.9080517885455">
        <ele>67.38513398170471</ele>
        <time>2026-09-17T13:04:47.800000Z</time>
        <extensions>
          <gpxtpx:TrackPointExtension>
            <gpxtpx:hr>157</gpxtpx:hr>
          </gpxtpx:TrackPointExtension>
        </extensions>
      </trkpt>
      <trkpt lat="28.23385083328409" lon="112.90808152596549">
        <ele>67.36233145184815</ele>
        <time>2026-09-17T13:04:48.800000Z</time>
        <extensions>
          <gpxtpx:TrackPointExtension>
            <gpxtpx:hr>157</gpxtpx:hr>
          </gpxtpx:TrackPointExtension>
        </extensions>
      </trkpt>
      <trkpt lat="28.233850955411597" lon="112.90811178059501">
        <ele>67.33967591263354</ele>
        <time>2026-09-17T13:04:49.800000Z</time>
        <extensions>
          <gpxtpx:TrackPointExtension>
            <gpxtpx:hr>158</gpxtpx:hr>
          </gpxtpx:TrackPointExtension>
        </extensions>
      </trkpt>
      <trkpt lat="28.23385054290347" lon="112.90814241903155">
        <ele>67.31636849697679</ele>
        <time>2026-09-17T13:04:50.800000Z</time>
        <extensions>
          <gpxtpx:TrackPointExtension>
            <gpxtpx:hr>158</gpxtpx:hr>
          </gpxtpx:TrackPointExtension>
        </extensions>
      </trkpt>
      <trkpt lat="28.233849657314195" lon="112.90817345948125">
        <ele>67.29142131377012</ele>
        <time>2026-09-17T13:04:51.800000Z</time>
        <extensions>
          <gpxtpx:TrackPointExtension>
            <gpxtpx:hr>158</gpxtpx:hr>
          </gpxtpx:TrackPointExtension>
        </extensions>
      </trkpt>
      <trkpt lat="28.233848487515136" lon="112.90820488165637">
        <ele>67.26382210478187</ele>
        <time>2026-09-17T13:04:52.800000Z</time>
        <extensions>
          <gpxtpx:TrackPointExtension>
            <gpxtpx:hr>158</gpxtpx:hr>
          </gpxtpx:TrackPointExtension>
        </extensions>
      </trkpt>
      <trkpt lat="28.23384712424076" lon="112.90823650539996">
        <ele>67.23273600079119</ele>
        <time>2026-09-17T13:04:53.800000Z</time>
        <extensions>
          <gpxtpx:TrackPointExtension>
            <gpxtpx:hr>158</gpxtpx:hr>
          </gpxtpx:TrackPointExtension>
        </extensions>
      </trkpt>
      <trkpt lat="28.23384584181186" lon="112.90826801452978">
        <ele>67.19770268443972</ele>
        <time>2026-09-17T13:04:54.800000Z</time>
        <extensions>
          <gpxtpx:TrackPointExtension>
            <gpxtpx:hr>158</gpxtpx:hr>
          </gpxtpx:TrackPointExtension>
        </extensions>
      </trkpt>
      <trkpt lat="28.233845049159832" lon="112.90829926767121">
        <ele>67.1588487913832</ele>
        <time>2026-09-17T13:04:55.800000Z</time>
        <extensions>
          <gpxtpx:TrackPointExtension>
            <gpxtpx:hr>157</gpxtpx:hr>
          </gpxtpx:TrackPointExtension>
        </extensions>
      </trkpt>
      <trkpt lat="28.233845019843024" lon="112.90833038897432">
        <ele>67.11698824726045</ele>
        <time>2026-09-17T13:04:56.800000Z</time>
        <extensions>
          <gpxtpx:TrackPointExtension>
            <gpxtpx:hr>157</gpxtpx:hr>
          </gpxtpx:TrackPointExtension>
        </extensions>
      </trkpt>
      <trkpt lat="28.233845654991956" lon="112.90836149304532">
        <ele>67.0734953545034</ele>
        <time>2026-09-17T13:04:57.800000Z</time>
        <extensions>
          <gpxtpx:TrackPointExtension>
            <gpxtpx:hr>157</gpxtpx:hr>
          </gpxtpx:TrackPointExtension>
        </extensions>
      </trkpt>
      <trkpt lat="28.233846842695907" lon="112.90839253425675">
        <ele>67.03006173111498</ele>
        <time>2026-09-17T13:04:58.800000Z</time>
        <extensions>
          <gpxtpx:TrackPointExtension>
            <gpxtpx:hr>157</gpxtpx:hr>
          </gpxtpx:TrackPointExtension>
        </extensions>
      </trkpt>
      <trkpt lat="28.233848413995336" lon="112.9084232596115">
        <ele>66.98835978563875</ele>
        <time>2026-09-17T13:04:59.800000Z</time>
        <extensions>
          <gpxtpx:TrackPointExtension>
            <gpxtpx:hr>157</gpxtpx:hr>
          </gpxtpx:TrackPointExtension>
        </extensions>
      </trkpt>
      <trkpt lat="28.23384998945871" lon="112.90845364000091">
        <ele>66.94958146568388</ele>
        <time>2026-09-17T13:05:00.800000Z</time>
        <extensions>
          <gpxtpx:TrackPointExtension>
            <gpxtpx:hr>155</gpxtpx:hr>
          </gpxtpx:TrackPointExtension>
        </extensions>
      </trkpt>
      <trkpt lat="28.23385138014027" lon="112.90848379494528">
        <ele>66.91410640999675</ele>
        <time>2026-09-17T13:05:01.800000Z</time>
        <extensions>
          <gpxtpx:TrackPointExtension>
            <gpxtpx:hr>155</gpxtpx:hr>
          </gpxtpx:TrackPointExtension>
        </extensions>
      </trkpt>
      <trkpt lat="28.23385228048592" lon="112.90851393447605">
        <ele>66.88149224128574</ele>
        <time>2026-09-17T13:05:02.800000Z</time>
        <extensions>
          <gpxtpx:TrackPointExtension>
            <gpxtpx:hr>155</gpxtpx:hr>
          </gpxtpx:TrackPointExtension>
        </extensions>
      </trkpt>
      <trkpt lat="28.233852505487857" lon="112.90854413485793">
        <ele>66.85063612367958</ele>
        <time>2026-09-17T13:05:03.800000Z</time>
        <extensions>
          <gpxtpx:TrackPointExtension>
            <gpxtpx:hr>155</gpxtpx:hr>
          </gpxtpx:TrackPointExtension>
        </extensions>
      </trkpt>
      <trkpt lat="28.23385216630885" lon="112.90857436751939">
        <ele>66.82008542027324</ele>
        <time>2026-09-17T13:05:04.800000Z</time>
        <extensions>
          <gpxtpx:TrackPointExtension>
            <gpxtpx:hr>155</gpxtpx:hr>
          </gpxtpx:TrackPointExtension>
        </extensions>
      </trkpt>
      <trkpt lat="28.233851302359092" lon="112.90860444677341">
        <ele>66.7885453030467</ele>
        <time>2026-09-17T13:05:05.800000Z</time>
        <extensions>
          <gpxtpx:TrackPointExtension>
            <gpxtpx:hr>153</gpxtpx:hr>
          </gpxtpx:TrackPointExtension>
        </extensions>
      </trkpt>
      <trkpt lat="28.23384997585404" lon="112.90863420132337">
        <ele>66.75527491234243</ele>
        <time>2026-09-17T13:05:06.800000Z</time>
        <extensions>
          <gpxtpx:TrackPointExtension>
            <gpxtpx:hr>153</gpxtpx:hr>
          </gpxtpx:TrackPointExtension>
        </extensions>
      </trkpt>
      <trkpt lat="28.233848398777827" lon="112.908663911277">
        <ele>66.72012174781412</ele>
        <time>2026-09-17T13:05:07.800000Z</time>
        <extensions>
          <gpxtpx:TrackPointExtension>
            <gpxtpx:hr>153</gpxtpx:hr>
          </gpxtpx:TrackPointExtension>
        </extensions>
      </trkpt>
      <trkpt lat="28.233846594499962" lon="112.90869392482881">
        <ele>66.68337363842875</ele>
        <time>2026-09-17T13:05:08.800000Z</time>
        <extensions>
          <gpxtpx:TrackPointExtension>
            <gpxtpx:hr>153</gpxtpx:hr>
          </gpxtpx:TrackPointExtension>
        </extensions>
      </trkpt>
      <trkpt lat="28.233844379682118" lon="112.9087245201849">
        <ele>66.64557061064988</ele>
        <time>2026-09-17T13:05:09.800000Z</time>
        <extensions>
          <gpxtpx:TrackPointExtension>
            <gpxtpx:hr>153</gpxtpx:hr>
          </gpxtpx:TrackPointExtension>
        </extensions>
      </trkpt>
      <trkpt lat="28.23384173182627" lon="112.90875550093413">
        <ele>66.60725670028478</ele>
        <time>2026-09-17T13:05:10.800000Z</time>
        <extensions>
          <gpxtpx:TrackPointExtension>
            <gpxtpx:hr>152</gpxtpx:hr>
          </gpxtpx:TrackPointExtension>
        </extensions>
      </trkpt>
      <trkpt lat="28.233838810241156" lon="112.90878640857626">
        <ele>66.56878058891743</ele>
        <time>2026-09-17T13:05:11.800000Z</time>
        <extensions>
          <gpxtpx:TrackPointExtension>
            <gpxtpx:hr>152</gpxtpx:hr>
          </gpxtpx:TrackPointExtension>
        </extensions>
      </trkpt>
      <trkpt lat="28.233835680476428" lon="112.90881691011137">
        <ele>66.53025051951408</ele>
        <time>2026-09-17T13:05:12.800000Z</time>
        <extensions>
          <gpxtpx:TrackPointExtension>
            <gpxtpx:hr>152</gpxtpx:hr>
          </gpxtpx:TrackPointExtension>
        </extensions>
      </trkpt>
      <trkpt lat="28.233832394593705" lon="112.90884686331873">
        <ele>66.49160520359874</ele>
        <time>2026-09-17T13:05:13.800000Z</time>
        <extensions>
          <gpxtpx:TrackPointExtension>
            <gpxtpx:hr>152</gpxtpx:hr>
          </gpxtpx:TrackPointExtension>
        </extensions>
      </trkpt>
      <trkpt lat="28.233829359415957" lon="112.90887628877404">
        <ele>66.4528479995206</ele>
        <time>2026-09-17T13:05:14.800000Z</time>
        <extensions>
          <gpxtpx:TrackPointExtension>
            <gpxtpx:hr>152</gpxtpx:hr>
          </gpxtpx:TrackPointExtension>
        </extensions>
      </trkpt>
      <trkpt lat="28.233826607893803" lon="112.90890633691589">
        <ele>66.41316238045692</ele>
        <time>2026-09-17T13:05:15.800000Z</time>
        <extensions>
          <gpxtpx:TrackPointExtension>
            <gpxtpx:hr>150</gpxtpx:hr>
          </gpxtpx:TrackPointExtension>
        </extensions>
      </trkpt>
      <trkpt lat="28.233824268631864" lon="112.90893515719348">
        <ele>66.37645736336708</ele>
        <time>2026-09-17T13:05:16.800000Z</time>
        <extensions>
          <gpxtpx:TrackPointExtension>
            <gpxtpx:hr>150</gpxtpx:hr>
          </gpxtpx:TrackPointExtension>
        </extensions>
      </trkpt>
      <trkpt lat="28.23382232861956" lon="112.90896437017551">
        <ele>66.34169292543083</ele>
        <time>2026-09-17T13:05:17.800000Z</time>
        <extensions>
          <gpxtpx:TrackPointExtension>
            <gpxtpx:hr>150</gpxtpx:hr>
          </gpxtpx:TrackPointExtension>
        </extensions>
      </trkpt>
      <trkpt lat="28.23382095275131" lon="112.90899335740937">
        <ele>66.30929454509169</ele>
        <time>2026-09-17T13:05:18.800000Z</time>
        <extensions>
          <gpxtpx:TrackPointExtension>
            <gpxtpx:hr>150</gpxtpx:hr>
          </gpxtpx:TrackPointExtension>
        </extensions>
      </trkpt>
      <trkpt lat="28.233820182270694" lon="112.90902400946166">
        <ele>66.27568208239973</ele>
        <time>2026-09-17T13:05:19.800000Z</time>
        <extensions>
          <gpxtpx:TrackPointExtension>
            <gpxtpx:hr>150</gpxtpx:hr>
          </gpxtpx:TrackPointExtension>
        </extensions>
      </trkpt>
      <trkpt lat="28.23382002134831" lon="112.90905501749072">
        <ele>66.24123205058277</ele>
        <time>2026-09-17T13:05:20.800000Z</time>
        <extensions>
          <gpxtpx:TrackPointExtension>
            <gpxtpx:hr>150</gpxtpx:hr>
          </gpxtpx:TrackPointExtension>
        </extensions>
      </trkpt>
      <trkpt lat="28.233820046162425" lon="112.90908575819608">
        <ele>66.20598075073212</ele>
        <time>2026-09-17T13:05:21.800000Z</time>
        <extensions>
          <gpxtpx:TrackPointExtension>
            <gpxtpx:hr>148</gpxtpx:hr>
          </gpxtpx:TrackPointExtension>
        </extensions>
      </trkpt>
      <trkpt lat="28.23382000887779" lon="112.90911588072711">
        <ele>66.17044443730265</ele>
        <time>2026-09-17T13:05:22.800000Z</time>
        <extensions>
          <gpxtpx:TrackPointExtension>
            <gpxtpx:hr>148</gpxtpx:hr>
          </gpxtpx:TrackPointExtension>
        </extensions>
      </trkpt>
      <trkpt lat="28.23382030365629" lon="112.90914550070919">
        <ele>66.13524995464832</ele>
        <time>2026-09-17T13:05:23.800000Z</time>
        <extensions>
          <gpxtpx:TrackPointExtension>
            <gpxtpx:hr>148</gpxtpx:hr>
          </gpxtpx:TrackPointExtension>
        </extensions>
      </trkpt>
      <trkpt lat="28.233821010511917" lon="112.90917489583639">
        <ele>66.10085320007056</ele>
        <time>2026-09-17T13:05:24.800000Z</time>
        <extensions>
          <gpxtpx:TrackPointExtension>
            <gpxtpx:hr>148</gpxtpx:hr>
          </gpxtpx:TrackPointExtension>
        </extensions>
      </trkpt>
      <trkpt lat="28.23382179527036" lon="112.90920447527324">
        <ele>66.06744642090052</ele>
        <time>2026-09-17T13:05:25.800000Z</time>
        <extensions>
          <gpxtpx:TrackPointExtension>
            <gpxtpx:hr>148</gpxtpx:hr>
          </gpxtpx:TrackPointExtension>
        </extensions>
      </trkpt>
      <trkpt lat="28.233822538127033" lon="112.9092345519626">
        <ele>66.03498070687056</ele>
        <time>2026-09-17T13:05:26.800000Z</time>
        <extensions>
          <gpxtpx:TrackPointExtension>
            <gpxtpx:hr>148</gpxtpx:hr>
          </gpxtpx:TrackPointExtension>
        </extensions>
      </trkpt>
      <trkpt lat="28.233823648426128" lon="112.90926496433802">
        <ele>66.00333117321134</ele>
        <time>2026-09-17T13:05:27.800000Z</time>
        <extensions>
          <gpxtpx:TrackPointExtension>
            <gpxtpx:hr>148</gpxtpx:hr>
          </gpxtpx:TrackPointExtension>
        </extensions>
      </trkpt>
      <trkpt lat="28.233825500297673" lon="112.90929511653601">
        <ele>65.97260566242039</ele>
        <time>2026-09-17T13:05:28.800000Z</time>
        <extensions>
          <gpxtpx:TrackPointExtension>
            <gpxtpx:hr>148</gpxtpx:hr>
          </gpxtpx:TrackPointExtension>
        </extensions>
      </trkpt>
      <trkpt lat="28.233828193501672" lon="112.90932474493957">
        <ele>65.9433827502653</ele>
        <time>2026-09-17T13:05:29.800000Z</time>
        <extensions>
          <gpxtpx:TrackPointExtension>
            <gpxtpx:hr>148</gpxtpx:hr>
          </gpxtpx:TrackPointExtension>
        </extensions>
      </trkpt>
      <trkpt lat="28.233831780486536" lon="112.90935387215563">
        <ele>65.91666779108346</ele>
        <time>2026-09-17T13:05:30.800000Z</time>
        <extensions>
          <gpxtpx:TrackPointExtension>
            <gpxtpx:hr>151</gpxtpx:hr>
          </gpxtpx:TrackPointExtension>
        </extensions>
      </trkpt>
      <trkpt lat="28.23383622302823" lon="112.90938248839934">
        <ele>65.89369153603911</ele>
        <time>2026-09-17T13:05:31.800000Z</time>
        <extensions>
          <gpxtpx:TrackPointExtension>
            <gpxtpx:hr>151</gpxtpx:hr>
          </gpxtpx:TrackPointExtension>
        </extensions>
      </trkpt>
      <trkpt lat="28.23384134259861" lon="112.90941064034473">
        <ele>65.8757340554148</ele>
        <time>2026-09-17T13:05:32.800000Z</time>
        <extensions>
          <gpxtpx:TrackPointExtension>
            <gpxtpx:hr>151</gpxtpx:hr>
          </gpxtpx:TrackPointExtension>
        </extensions>
      </trkpt>
      <trkpt lat="28.23384692091776" lon="112.90943846623702">
        <ele>65.86399271618575</ele>
        <time>2026-09-17T13:05:33.800000Z</time>
        <extensions>
          <gpxtpx:TrackPointExtension>
            <gpxtpx:hr>151</gpxtpx:hr>
          </gpxtpx:TrackPointExtension>
        </extensions>
      </trkpt>
      <trkpt lat="28.23385251040586" lon="112.90946636997742">
        <ele>65.85941682755947</ele>
        <time>2026-09-17T13:05:34.800000Z</time>
        <extensions>
          <gpxtpx:TrackPointExtension>
            <gpxtpx:hr>151</gpxtpx:hr>
          </gpxtpx:TrackPointExtension>
        </extensions>
      </trkpt>
      <trkpt lat="28.23385760243084" lon="112.90949463758339">
        <ele>65.86263305414468</ele>
        <time>2026-09-17T13:05:35.800000Z</time>
        <extensions>
          <gpxtpx:TrackPointExtension>
            <gpxtpx:hr>151</gpxtpx:hr>
          </gpxtpx:TrackPointExtension>
        </extensions>
      </trkpt>
      <trkpt lat="28.233862023081436" lon="112.90952339887941">
        <ele>65.8739921450615</ele>
        <time>2026-09-17T13:05:36.800000Z</time>
        <extensions>
          <gpxtpx:TrackPointExtension>
            <gpxtpx:hr>151</gpxtpx:hr>
          </gpxtpx:TrackPointExtension>
        </extensions>
      </trkpt>
      <trkpt lat="28.233865654196283" lon="112.9095524552763">
        <ele>65.89367059804499</ele>
        <time>2026-09-17T13:05:37.800000Z</time>
        <extensions>
          <gpxtpx:TrackPointExtension>
            <gpxtpx:hr>151</gpxtpx:hr>
          </gpxtpx:TrackPointExtension>
        </extensions>
      </trkpt>
      <trkpt lat="28.233868677474305" lon="112.90958153067696">
        <ele>65.92227280698717</ele>
        <time>2026-09-17T13:05:38.800000Z</time>
        <extensions>
          <gpxtpx:TrackPointExtension>
            <gpxtpx:hr>151</gpxtpx:hr>
          </gpxtpx:TrackPointExtension>
        </extensions>
      </trkpt>
      <trkpt lat="28.23387158877282" lon="112.90961054322113">
        <ele>65.95979811064899</ele>
        <time>2026-09-17T13:05:39.800000Z</time>
        <extensions>
          <gpxtpx:TrackPointExtension>
            <gpxtpx:hr>153</gpxtpx:hr>
          </gpxtpx:TrackPointExtension>
        </extensions>
      </trkpt>
      <trkpt lat="28.233874660198" lon="112.9096395441482">
        <ele>66.00603378098458</ele>
        <time>2026-09-17T13:05:40.800000Z</time>
        <extensions>
          <gpxtpx:TrackPointExtension>
            <gpxtpx:hr>153</gpxtpx:hr>
          </gpxtpx:TrackPointExtension>
        </extensions>
      </trkpt>
      <trkpt lat="28.23387777944574" lon="112.90966850968208">
        <ele>66.06065084785223</ele>
        <time>2026-09-17T13:05:41.800000Z</time>
        <extensions>
          <gpxtpx:TrackPointExtension>
            <gpxtpx:hr>153</gpxtpx:hr>
          </gpxtpx:TrackPointExtension>
        </extensions>
      </trkpt>
      <trkpt lat="28.233880955891177" lon="112.90969711147925">
        <ele>66.12262750882655</ele>
        <time>2026-09-17T13:05:42.700000Z</time>
        <extensions>
          <gpxtpx:TrackPointExtension>
            <gpxtpx:hr>153</gpxtpx:hr>
          </gpxtpx:TrackPointExtension>
        </extensions>
      </trkpt>
      <trkpt lat="28.233884317052645" lon="112.90972462542292">
        <ele>66.19076983164996</ele>
        <time>2026-09-17T13:05:43.700000Z</time>
        <extensions>
          <gpxtpx:TrackPointExtension>
            <gpxtpx:hr>153</gpxtpx:hr>
          </gpxtpx:TrackPointExtension>
        </extensions>
      </trkpt>
      <trkpt lat="28.23388763993012" lon="112.90975017810784">
        <ele>66.26365412492305</ele>
        <time>2026-09-17T13:05:44.700000Z</time>
        <extensions>
          <gpxtpx:TrackPointExtension>
            <gpxtpx:hr>154</gpxtpx:hr>
          </gpxtpx:TrackPointExtension>
        </extensions>
      </trkpt>
      <trkpt lat="28.233890471903035" lon="112.90977336041081">
        <ele>66.33966633118689</ele>
        <time>2026-09-17T13:05:45.700000Z</time>
        <extensions>
          <gpxtpx:TrackPointExtension>
            <gpxtpx:hr>154</gpxtpx:hr>
          </gpxtpx:TrackPointExtension>
        </extensions>
      </trkpt>
      <trkpt lat="28.233892446027262" lon="112.90979372077179">
        <ele>66.41706481482834</ele>
        <time>2026-09-17T13:05:46.700000Z</time>
        <extensions>
          <gpxtpx:TrackPointExtension>
            <gpxtpx:hr>154</gpxtpx:hr>
          </gpxtpx:TrackPointExtension>
        </extensions>
      </trkpt>
      <trkpt lat="28.233893553957078" lon="112.90981055434773">
        <ele>66.49374200124294</ele>
        <time>2026-09-17T13:05:47.700000Z</time>
        <extensions>
          <gpxtpx:TrackPointExtension>
            <gpxtpx:hr>154</gpxtpx:hr>
          </gpxtpx:TrackPointExtension>
        </extensions>
      </trkpt>
      <trkpt lat="28.233894186738567" lon="112.9098243662331">
        <ele>66.56765168253332</ele>
        <time>2026-09-17T13:05:48.700000Z</time>
        <extensions>
          <gpxtpx:TrackPointExtension>
            <gpxtpx:hr>154</gpxtpx:hr>
          </gpxtpx:TrackPointExtension>
        </extensions>
      </trkpt>
      <trkpt lat="28.233894616087273" lon="112.90983654199745">
        <ele>66.63712033070624</ele>
        <time>2026-09-17T13:05:49.700000Z</time>
        <extensions>
          <gpxtpx:TrackPointExtension>
            <gpxtpx:hr>154</gpxtpx:hr>
          </gpxtpx:TrackPointExtension>
        </extensions>
      </trkpt>
      <trkpt lat="28.233894819224172" lon="112.90984791352642">
        <ele>66.6999383373186</ele>
        <time>2026-09-17T13:05:50.700000Z</time>
        <extensions>
          <gpxtpx:TrackPointExtension>
            <gpxtpx:hr>154</gpxtpx:hr>
          </gpxtpx:TrackPointExtension>
        </extensions>
      </trkpt>
      <trkpt lat="28.233894682244063" lon="112.90985881360798">
        <ele>66.75422216858715</ele>
        <time>2026-09-17T13:05:51.700000Z</time>
        <extensions>
          <gpxtpx:TrackPointExtension>
            <gpxtpx:hr>156</gpxtpx:hr>
          </gpxtpx:TrackPointExtension>
        </extensions>
      </trkpt>
      <trkpt lat="28.233893952784967" lon="112.90986966558647">
        <ele>66.79810906946659</ele>
        <time>2026-09-17T13:05:52.700000Z</time>
        <extensions>
          <gpxtpx:TrackPointExtension>
            <gpxtpx:hr>156</gpxtpx:hr>
          </gpxtpx:TrackPointExtension>
        </extensions>
      </trkpt>
      <trkpt lat="28.233892263938614" lon="112.90988076913654">
        <ele>66.83010504301637</ele>
        <time>2026-09-17T13:05:53.700000Z</time>
        <extensions>
          <gpxtpx:TrackPointExtension>
            <gpxtpx:hr>156</gpxtpx:hr>
          </gpxtpx:TrackPointExtension>
        </extensions>
      </trkpt>
      <trkpt lat="28.23388957636482" lon="112.90989201431346">
        <ele>66.84836620744318</ele>
        <time>2026-09-17T13:05:54.700000Z</time>
        <extensions>
          <gpxtpx:TrackPointExtension>
            <gpxtpx:hr>156</gpxtpx:hr>
          </gpxtpx:TrackPointExtension>
        </extensions>
      </trkpt>
      <trkpt lat="28.233886377035653" lon="112.9099031646809">
        <ele>66.8512934083119</ele>
        <time>2026-09-17T13:05:55.700000Z</time>
        <extensions>
          <gpxtpx:TrackPointExtension>
            <gpxtpx:hr>156</gpxtpx:hr>
          </gpxtpx:TrackPointExtension>
        </extensions>
      </trkpt>
      <trkpt lat="28.233883316931777" lon="112.9099140391273">
        <ele>66.83729236386716</ele>
        <time>2026-09-17T13:05:56.700000Z</time>
        <extensions>
          <gpxtpx:TrackPointExtension>
            <gpxtpx:hr>156</gpxtpx:hr>
          </gpxtpx:TrackPointExtension>
        </extensions>
      </trkpt>
      <trkpt lat="28.233880904022993" lon="112.90992476342257">
        <ele>66.80507188476622</ele>
        <time>2026-09-17T13:05:57.700000Z</time>
        <extensions>
          <gpxtpx:TrackPointExtension>
            <gpxtpx:hr>157</gpxtpx:hr>
          </gpxtpx:TrackPointExtension>
        </extensions>
      </trkpt>
      <trkpt lat="28.23387904514957" lon="112.90993550037176">
        <ele>66.75357245747</ele>
        <time>2026-09-17T13:05:58.700000Z</time>
        <extensions>
          <gpxtpx:TrackPointExtension>
            <gpxtpx:hr>157</gpxtpx:hr>
          </gpxtpx:TrackPointExtension>
        </extensions>
      </trkpt>
      <trkpt lat="28.233877044570928" lon="112.90994643504007">
        <ele>66.682357782498</ele>
        <time>2026-09-17T13:05:59.700000Z</time>
        <extensions>
          <gpxtpx:TrackPointExtension>
            <gpxtpx:hr>157</gpxtpx:hr>
          </gpxtpx:TrackPointExtension>
        </extensions>
      </trkpt>
      <trkpt lat="28.233874531099374" lon="112.90995790423845">
        <ele>66.59137537609786</ele>
        <time>2026-09-17T13:06:00.700000Z</time>
        <extensions>
          <gpxtpx:TrackPointExtension>
            <gpxtpx:hr>157</gpxtpx:hr>
          </gpxtpx:TrackPointExtension>
        </extensions>
      </trkpt>
      <trkpt lat="28.23387156976784" lon="112.90996998324277">
        <ele>66.48107507452369</ele>
        <time>2026-09-17T13:06:01.700000Z</time>
        <extensions>
          <gpxtpx:TrackPointExtension>
            <gpxtpx:hr>157</gpxtpx:hr>
          </gpxtpx:TrackPointExtension>
        </extensions>
      </trkpt>
      <trkpt lat="28.233868128451004" lon="112.90998260630714">
        <ele>66.35249631479383</ele>
        <time>2026-09-17T13:06:02.700000Z</time>
        <extensions>
          <gpxtpx:TrackPointExtension>
            <gpxtpx:hr>157</gpxtpx:hr>
          </gpxtpx:TrackPointExtension>
        </extensions>
      </trkpt>
      <trkpt lat="28.2338641412392" lon="112.90999558831307">
        <ele>66.20770951360464</ele>
        <time>2026-09-17T13:06:03.700000Z</time>
        <extensions>
          <gpxtpx:TrackPointExtension>
            <gpxtpx:hr>157</gpxtpx:hr>
          </gpxtpx:TrackPointExtension>
        </extensions>
      </trkpt>
      <trkpt lat="28.233859693187252" lon="112.9100084107794">
        <ele>66.05011541210115</ele>
        <time>2026-09-17T13:06:04.700000Z</time>
        <extensions>
          <gpxtpx:TrackPointExtension>
            <gpxtpx:hr>157</gpxtpx:hr>
          </gpxtpx:TrackPointExtension>
        </extensions>
      </trkpt>
      <trkpt lat="28.233855206784497" lon="112.91002082242436">
        <ele>65.88527764566243</ele>
        <time>2026-09-17T13:06:05.700000Z</time>
        <extensions>
          <gpxtpx:TrackPointExtension>
            <gpxtpx:hr>156</gpxtpx:hr>
          </gpxtpx:TrackPointExtension>
        </extensions>
      </trkpt>
      <trkpt lat="28.233851156780997" lon="112.91003328057205">
        <ele>65.72156492713839</ele>
        <time>2026-09-17T13:06:06.700000Z</time>
        <extensions>
          <gpxtpx:TrackPointExtension>
            <gpxtpx:hr>156</gpxtpx:hr>
          </gpxtpx:TrackPointExtension>
        </extensions>
      </trkpt>
      <trkpt lat="28.23384780740748" lon="112.91004616787909">
        <ele>65.570740012452</ele>
        <time>2026-09-17T13:06:07.700000Z</time>
        <extensions>
          <gpxtpx:TrackPointExtension>
            <gpxtpx:hr>156</gpxtpx:hr>
          </gpxtpx:TrackPointExtension>
        </extensions>
      </trkpt>
      <trkpt lat="28.23384554622586" lon="112.91006050533858">
        <ele>65.44376819673926</ele>
        <time>2026-09-17T13:06:08.800000Z</time>
        <extensions>
          <gpxtpx:TrackPointExtension>
            <gpxtpx:hr>156</gpxtpx:hr>
          </gpxtpx:TrackPointExtension>
        </extensions>
      </trkpt>
      <trkpt lat="28.23384437627966" lon="112.91007468955043">
        <ele>65.37255522143096</ele>
        <time>2026-09-17T13:06:09.800000Z</time>
        <extensions>
          <gpxtpx:TrackPointExtension>
            <gpxtpx:hr>155</gpxtpx:hr>
          </gpxtpx:TrackPointExtension>
        </extensions>
      </trkpt>
      <trkpt lat="28.233843180563078" lon="112.91008930889295">
        <ele>65.35410957690328</ele>
        <time>2026-09-17T13:06:10.800000Z</time>
        <extensions>
          <gpxtpx:TrackPointExtension>
            <gpxtpx:hr>155</gpxtpx:hr>
          </gpxtpx:TrackPointExtension>
        </extensions>
      </trkpt>
      <trkpt lat="28.233841287040114" lon="112.91010306548604">
        <ele>65.3780931159854</ele>
        <time>2026-09-17T13:06:11.700000Z</time>
        <extensions>
          <gpxtpx:TrackPointExtension>
            <gpxtpx:hr>155</gpxtpx:hr>
          </gpxtpx:TrackPointExtension>
        </extensions>
      </trkpt>
      <trkpt lat="28.233837776347148" lon="112.91011806156325">
        <ele>65.43457478564233</ele>
        <time>2026-09-17T13:06:12.700000Z</time>
        <extensions>
          <gpxtpx:TrackPointExtension>
            <gpxtpx:hr>155</gpxtpx:hr>
          </gpxtpx:TrackPointExtension>
        </extensions>
      </trkpt>
      <trkpt lat="28.233832823684455" lon="112.91013316860533">
        <ele>65.51062752027065</ele>
        <time>2026-09-17T13:06:13.700000Z</time>
        <extensions>
          <gpxtpx:TrackPointExtension>
            <gpxtpx:hr>155</gpxtpx:hr>
          </gpxtpx:TrackPointExtension>
        </extensions>
      </trkpt>
      <trkpt lat="28.233826833430115" lon="112.91014813347068">
        <ele>65.59598419535905</ele>
        <time>2026-09-17T13:06:14.700000Z</time>
        <extensions>
          <gpxtpx:TrackPointExtension>
            <gpxtpx:hr>155</gpxtpx:hr>
          </gpxtpx:TrackPointExtension>
        </extensions>
      </trkpt>
      <trkpt lat="28.233820283092868" lon="112.91016295031892">
        <ele>65.68318802583963</ele>
        <time>2026-09-17T13:06:15.700000Z</time>
        <extensions>
          <gpxtpx:TrackPointExtension>
            <gpxtpx:hr>155</gpxtpx:hr>
          </gpxtpx:TrackPointExtension>
        </extensions>
      </trkpt>
      <trkpt lat="28.233813935086626" lon="112.91017811462198">
        <ele>65.7666951129213</ele>
        <time>2026-09-17T13:06:16.700000Z</time>
        <extensions>
          <gpxtpx:TrackPointExtension>
            <gpxtpx:hr>155</gpxtpx:hr>
          </gpxtpx:TrackPointExtension>
        </extensions>
      </trkpt>
      <trkpt lat="28.233808923636026" lon="112.91019454427935">
        <ele>65.84255934227258</ele>
        <time>2026-09-17T13:06:17.700000Z</time>
        <extensions>
          <gpxtpx:TrackPointExtension>
            <gpxtpx:hr>155</gpxtpx:hr>
          </gpxtpx:TrackPointExtension>
        </extensions>
      </trkpt>
      <trkpt lat="28.233805832248706" lon="112.91021228740526">
        <ele>65.90802391245961</ele>
        <time>2026-09-17T13:06:18.700000Z</time>
        <extensions>
          <gpxtpx:TrackPointExtension>
            <gpxtpx:hr>155</gpxtpx:hr>
          </gpxtpx:TrackPointExtension>
        </extensions>
      </trkpt>
      <trkpt lat="28.233804253520784" lon="112.9102308132441">
        <ele>65.96176508441567</ele>
        <time>2026-09-17T13:06:19.700000Z</time>
        <extensions>
          <gpxtpx:TrackPointExtension>
            <gpxtpx:hr>155</gpxtpx:hr>
          </gpxtpx:TrackPointExtension>
        </extensions>
      </trkpt>
      <trkpt lat="28.23380360508874" lon="112.91024995418806">
        <ele>66.00294578168541</ele>
        <time>2026-09-17T13:06:20.700000Z</time>
        <extensions>
          <gpxtpx:TrackPointExtension>
            <gpxtpx:hr>155</gpxtpx:hr>
          </gpxtpx:TrackPointExtension>
        </extensions>
      </trkpt>
      <trkpt lat="28.233803573319268" lon="112.91026974754814">
        <ele>66.03157255519181</ele>
        <time>2026-09-17T13:06:21.700000Z</time>
        <extensions>
          <gpxtpx:TrackPointExtension>
            <gpxtpx:hr>155</gpxtpx:hr>
          </gpxtpx:TrackPointExtension>
        </extensions>
      </trkpt>
      <trkpt lat="28.233804093113523" lon="112.91029071459529">
        <ele>66.04802368953824</ele>
        <time>2026-09-17T13:06:22.700000Z</time>
        <extensions>
          <gpxtpx:TrackPointExtension>
            <gpxtpx:hr>155</gpxtpx:hr>
          </gpxtpx:TrackPointExtension>
        </extensions>
      </trkpt>
      <trkpt lat="28.233805083899142" lon="112.91031402705848">
        <ele>66.05273474752903</ele>
        <time>2026-09-17T13:06:23.700000Z</time>
        <extensions>
          <gpxtpx:TrackPointExtension>
            <gpxtpx:hr>156</gpxtpx:hr>
          </gpxtpx:TrackPointExtension>
        </extensions>
      </trkpt>
      <trkpt lat="28.233806310817776" lon="112.91034053041736">
        <ele>66.04640190675855</ele>
        <time>2026-09-17T13:06:24.700000Z</time>
        <extensions>
          <gpxtpx:TrackPointExtension>
            <gpxtpx:hr>156</gpxtpx:hr>
          </gpxtpx:TrackPointExtension>
        </extensions>
      </trkpt>
      <trkpt lat="28.233807731156947" lon="112.91036971315418">
        <ele>66.0296689029783</ele>
        <time>2026-09-17T13:06:25.700000Z</time>
        <extensions>
          <gpxtpx:TrackPointExtension>
            <gpxtpx:hr>156</gpxtpx:hr>
          </gpxtpx:TrackPointExtension>
        </extensions>
      </trkpt>
      <trkpt lat="28.233809283937788" lon="112.91040046488577">
        <ele>66.00342752877623</ele>
        <time>2026-09-17T13:06:26.700000Z</time>
        <extensions>
          <gpxtpx:TrackPointExtension>
            <gpxtpx:hr>156</gpxtpx:hr>
          </gpxtpx:TrackPointExtension>
        </extensions>
      </trkpt>
      <trkpt lat="28.233810809681408" lon="112.91043181251074">
        <ele>65.96867341082543</ele>
        <time>2026-09-17T13:06:27.700000Z</time>
        <extensions>
          <gpxtpx:TrackPointExtension>
            <gpxtpx:hr>156</gpxtpx:hr>
          </gpxtpx:TrackPointExtension>
        </extensions>
      </trkpt>
      <trkpt lat="28.233812199286636" lon="112.91046317144685">
        <ele>65.92687797453254</ele>
        <time>2026-09-17T13:06:28.700000Z</time>
        <extensions>
          <gpxtpx:TrackPointExtension>
            <gpxtpx:hr>158</gpxtpx:hr>
          </gpxtpx:TrackPointExtension>
        </extensions>
      </trkpt>
      <trkpt lat="28.233813278320746" lon="112.91049447930406">
        <ele>65.87937596812844</ele>
        <time>2026-09-17T13:06:29.700000Z</time>
        <extensions>
          <gpxtpx:TrackPointExtension>
            <gpxtpx:hr>158</gpxtpx:hr>
          </gpxtpx:TrackPointExtension>
        </extensions>
      </trkpt>
      <trkpt lat="28.23381410122055" lon="112.9105258886415">
        <ele>65.82771748956293</ele>
        <time>2026-09-17T13:06:30.700000Z</time>
        <extensions>
          <gpxtpx:TrackPointExtension>
            <gpxtpx:hr>158</gpxtpx:hr>
          </gpxtpx:TrackPointExtension>
        </extensions>
      </trkpt>
      <trkpt lat="28.233814890805732" lon="112.91055751662634">
        <ele>65.77335291076452</ele>
        <time>2026-09-17T13:06:31.700000Z</time>
        <extensions>
          <gpxtpx:TrackPointExtension>
            <gpxtpx:hr>158</gpxtpx:hr>
          </gpxtpx:TrackPointExtension>
        </extensions>
      </trkpt>
      <trkpt lat="28.233815885421738" lon="112.91058949414573">
        <ele>65.7166992733255</ele>
        <time>2026-09-17T13:06:32.700000Z</time>
        <extensions>
          <gpxtpx:TrackPointExtension>
            <gpxtpx:hr>158</gpxtpx:hr>
          </gpxtpx:TrackPointExtension>
        </extensions>
      </trkpt>
      <trkpt lat="28.233817295370013" lon="112.91062185872475">
        <ele>65.65844635292888</ele>
        <time>2026-09-17T13:06:33.700000Z</time>
        <extensions>
          <gpxtpx:TrackPointExtension>
            <gpxtpx:hr>158</gpxtpx:hr>
          </gpxtpx:TrackPointExtension>
        </extensions>
      </trkpt>
      <trkpt lat="28.23381906542668" lon="112.91065449512503">
        <ele>65.59922162629664</ele>
        <time>2026-09-17T13:06:34.600000Z</time>
        <extensions>
          <gpxtpx:TrackPointExtension>
            <gpxtpx:hr>158</gpxtpx:hr>
          </gpxtpx:TrackPointExtension>
        </extensions>
      </trkpt>
      <trkpt lat="28.233820841866155" lon="112.91068732475286">
        <ele>65.53975634556264</ele>
        <time>2026-09-17T13:06:35.600000Z</time>
        <extensions>
          <gpxtpx:TrackPointExtension>
            <gpxtpx:hr>159</gpxtpx:hr>
          </gpxtpx:TrackPointExtension>
        </extensions>
      </trkpt>
      <trkpt lat="28.233822268602182" lon="112.9107201231874">
        <ele>65.48099204804748</ele>
        <time>2026-09-17T13:06:36.600000Z</time>
        <extensions>
          <gpxtpx:TrackPointExtension>
            <gpxtpx:hr>159</gpxtpx:hr>
          </gpxtpx:TrackPointExtension>
        </extensions>
      </trkpt>
      <trkpt lat="28.233823500957186" lon="112.91075270840186">
        <ele>65.42332882527262</ele>
        <time>2026-09-17T13:06:37.600000Z</time>
        <extensions>
          <gpxtpx:TrackPointExtension>
            <gpxtpx:hr>159</gpxtpx:hr>
          </gpxtpx:TrackPointExtension>
        </extensions>
      </trkpt>
      <trkpt lat="28.23382481387459" lon="112.91078509030442">
        <ele>65.36720233689994</ele>
        <time>2026-09-17T13:06:38.600000Z</time>
        <extensions>
          <gpxtpx:TrackPointExtension>
            <gpxtpx:hr>159</gpxtpx:hr>
          </gpxtpx:TrackPointExtension>
        </extensions>
      </trkpt>
      <trkpt lat="28.23382628995711" lon="112.91081743586874">
        <ele>65.31243457365781</ele>
        <time>2026-09-17T13:06:39.600000Z</time>
        <extensions>
          <gpxtpx:TrackPointExtension>
            <gpxtpx:hr>159</gpxtpx:hr>
          </gpxtpx:TrackPointExtension>
        </extensions>
      </trkpt>
      <trkpt lat="28.23382781170469" lon="112.91084984600818">
        <ele>65.2583882547915</ele>
        <time>2026-09-17T13:06:40.600000Z</time>
        <extensions>
          <gpxtpx:TrackPointExtension>
            <gpxtpx:hr>159</gpxtpx:hr>
          </gpxtpx:TrackPointExtension>
        </extensions>
      </trkpt>
      <trkpt lat="28.23382945506235" lon="112.91088201911272">
        <ele>65.20484930183738</ele>
        <time>2026-09-17T13:06:41.600000Z</time>
        <extensions>
          <gpxtpx:TrackPointExtension>
            <gpxtpx:hr>159</gpxtpx:hr>
          </gpxtpx:TrackPointExtension>
        </extensions>
      </trkpt>
      <trkpt lat="28.233831494504663" lon="112.91091365043968">
        <ele>65.15143399965018</ele>
        <time>2026-09-17T13:06:42.600000Z</time>
        <extensions>
          <gpxtpx:TrackPointExtension>
            <gpxtpx:hr>159</gpxtpx:hr>
          </gpxtpx:TrackPointExtension>
        </extensions>
      </trkpt>
      <trkpt lat="28.233833820797617" lon="112.91094487493189">
        <ele>65.0981958033517</ele>
        <time>2026-09-17T13:06:43.600000Z</time>
        <extensions>
          <gpxtpx:TrackPointExtension>
            <gpxtpx:hr>159</gpxtpx:hr>
          </gpxtpx:TrackPointExtension>
        </extensions>
      </trkpt>
      <trkpt lat="28.23383618327746" lon="112.91097619416378">
        <ele>65.04547310434282</ele>
        <time>2026-09-17T13:06:44.600000Z</time>
        <extensions>
          <gpxtpx:TrackPointExtension>
            <gpxtpx:hr>159</gpxtpx:hr>
          </gpxtpx:TrackPointExtension>
        </extensions>
      </trkpt>
      <trkpt lat="28.23383859525002" lon="112.91100788140754">
        <ele>64.99426076095551</ele>
        <time>2026-09-17T13:06:45.600000Z</time>
        <extensions>
          <gpxtpx:TrackPointExtension>
            <gpxtpx:hr>159</gpxtpx:hr>
          </gpxtpx:TrackPointExtension>
        </extensions>
      </trkpt>
      <trkpt lat="28.23384108299473" lon="112.91103985277041">
        <ele>64.94518107920885</ele>
        <time>2026-09-17T13:06:46.600000Z</time>
        <extensions>
          <gpxtpx:TrackPointExtension>
            <gpxtpx:hr>159</gpxtpx:hr>
          </gpxtpx:TrackPointExtension>
        </extensions>
      </trkpt>
      <trkpt lat="28.23384349572128" lon="112.91107185379245">
        <ele>64.89877509977669</ele>
        <time>2026-09-17T13:06:47.600000Z</time>
        <extensions>
          <gpxtpx:TrackPointExtension>
            <gpxtpx:hr>159</gpxtpx:hr>
          </gpxtpx:TrackPointExtension>
        </extensions>
      </trkpt>
      <trkpt lat="28.233845516928398" lon="112.91110364363647">
        <ele>64.85526025295258</ele>
        <time>2026-09-17T13:06:48.600000Z</time>
        <extensions>
          <gpxtpx:TrackPointExtension>
            <gpxtpx:hr>159</gpxtpx:hr>
          </gpxtpx:TrackPointExtension>
        </extensions>
      </trkpt>
      <trkpt lat="28.23384682275922" lon="112.91113500693002">
        <ele>64.81438406277448</ele>
        <time>2026-09-17T13:06:49.600000Z</time>
        <extensions>
          <gpxtpx:TrackPointExtension>
            <gpxtpx:hr>159</gpxtpx:hr>
          </gpxtpx:TrackPointExtension>
        </extensions>
      </trkpt>
      <trkpt lat="28.233847798847552" lon="112.91116599533116">
        <ele>64.77544878702611</ele>
        <time>2026-09-17T13:06:50.600000Z</time>
        <extensions>
          <gpxtpx:TrackPointExtension>
            <gpxtpx:hr>160</gpxtpx:hr>
          </gpxtpx:TrackPointExtension>
        </extensions>
      </trkpt>
      <trkpt lat="28.23384888688814" lon="112.91119693855288">
        <ele>64.7373124724254</ele>
        <time>2026-09-17T13:06:51.600000Z</time>
        <extensions>
          <gpxtpx:TrackPointExtension>
            <gpxtpx:hr>160</gpxtpx:hr>
          </gpxtpx:TrackPointExtension>
        </extensions>
      </trkpt>
      <trkpt lat="28.233849917025292" lon="112.91122756143555">
        <ele>64.6986004281789</ele>
        <time>2026-09-17T13:06:52.600000Z</time>
        <extensions>
          <gpxtpx:TrackPointExtension>
            <gpxtpx:hr>160</gpxtpx:hr>
          </gpxtpx:TrackPointExtension>
        </extensions>
      </trkpt>
      <trkpt lat="28.233850841569257" lon="112.91125734734032">
        <ele>64.6576633816585</ele>
        <time>2026-09-17T13:06:53.600000Z</time>
        <extensions>
          <gpxtpx:TrackPointExtension>
            <gpxtpx:hr>160</gpxtpx:hr>
          </gpxtpx:TrackPointExtension>
        </extensions>
      </trkpt>
      <trkpt lat="28.23385175741794" lon="112.91128635904212">
        <ele>64.61362190451473</ele>
        <time>2026-09-17T13:06:54.600000Z</time>
        <extensions>
          <gpxtpx:TrackPointExtension>
            <gpxtpx:hr>160</gpxtpx:hr>
          </gpxtpx:TrackPointExtension>
        </extensions>
      </trkpt>
      <trkpt lat="28.233852546595656" lon="112.91131496395188">
        <ele>64.56561954598874</ele>
        <time>2026-09-17T13:06:55.600000Z</time>
        <extensions>
          <gpxtpx:TrackPointExtension>
            <gpxtpx:hr>160</gpxtpx:hr>
          </gpxtpx:TrackPointExtension>
        </extensions>
      </trkpt>
      <trkpt lat="28.2338530471697" lon="112.9113436619426">
        <ele>64.5125231295824</ele>
        <time>2026-09-17T13:06:56.600000Z</time>
        <extensions>
          <gpxtpx:TrackPointExtension>
            <gpxtpx:hr>161</gpxtpx:hr>
          </gpxtpx:TrackPointExtension>
        </extensions>
      </trkpt>
      <trkpt lat="28.233853176123187" lon="112.91137298340419">
        <ele>64.45393868908286</ele>
        <time>2026-09-17T13:06:57.600000Z</time>
        <extensions>
          <gpxtpx:TrackPointExtension>
            <gpxtpx:hr>161</gpxtpx:hr>
          </gpxtpx:TrackPointExtension>
        </extensions>
      </trkpt>
      <trkpt lat="28.23385295118653" lon="112.91140310833573">
        <ele>64.3886129623279</ele>
        <time>2026-09-17T13:06:58.600000Z</time>
        <extensions>
          <gpxtpx:TrackPointExtension>
            <gpxtpx:hr>161</gpxtpx:hr>
          </gpxtpx:TrackPointExtension>
        </extensions>
      </trkpt>
      <trkpt lat="28.233852400848367" lon="112.91143366412972">
        <ele>64.31596454977989</ele>
        <time>2026-09-17T13:06:59.600000Z</time>
        <extensions>
          <gpxtpx:TrackPointExtension>
            <gpxtpx:hr>161</gpxtpx:hr>
          </gpxtpx:TrackPointExtension>
        </extensions>
      </trkpt>
      <trkpt lat="28.23385166864234" lon="112.91146413529124">
        <ele>64.23573841154575</ele>
        <time>2026-09-17T13:07:00.600000Z</time>
        <extensions>
          <gpxtpx:TrackPointExtension>
            <gpxtpx:hr>161</gpxtpx:hr>
          </gpxtpx:TrackPointExtension>
        </extensions>
      </trkpt>
      <trkpt lat="28.233850916901545" lon="112.91149438310262">
        <ele>64.14790194295347</ele>
        <time>2026-09-17T13:07:01.600000Z</time>
        <extensions>
          <gpxtpx:TrackPointExtension>
            <gpxtpx:hr>161</gpxtpx:hr>
          </gpxtpx:TrackPointExtension>
        </extensions>
      </trkpt>
      <trkpt lat="28.233850220987307" lon="112.91152457098899">
        <ele>64.05276130139828</ele>
        <time>2026-09-17T13:07:02.600000Z</time>
        <extensions>
          <gpxtpx:TrackPointExtension>
            <gpxtpx:hr>160</gpxtpx:hr>
          </gpxtpx:TrackPointExtension>
        </extensions>
      </trkpt>
      <trkpt lat="28.233849365621733" lon="112.91155485782859">
        <ele>63.95127434190363</ele>
        <time>2026-09-17T13:07:03.600000Z</time>
        <extensions>
          <gpxtpx:TrackPointExtension>
            <gpxtpx:hr>160</gpxtpx:hr>
          </gpxtpx:TrackPointExtension>
        </extensions>
      </trkpt>
      <trkpt lat="28.23384794475957" lon="112.91158537931506">
        <ele>63.84498111344874</ele>
        <time>2026-09-17T13:07:04.600000Z</time>
        <extensions>
          <gpxtpx:TrackPointExtension>
            <gpxtpx:hr>160</gpxtpx:hr>
          </gpxtpx:TrackPointExtension>
        </extensions>
      </trkpt>
      <trkpt lat="28.23384587185205" lon="112.91161621739145">
        <ele>63.73557543288916</ele>
        <time>2026-09-17T13:07:05.600000Z</time>
        <extensions>
          <gpxtpx:TrackPointExtension>
            <gpxtpx:hr>161</gpxtpx:hr>
          </gpxtpx:TrackPointExtension>
        </extensions>
      </trkpt>
      <trkpt lat="28.233843355521664" lon="112.91164709034103">
        <ele>63.624516166746616</ele>
        <time>2026-09-17T13:07:06.600000Z</time>
        <extensions>
          <gpxtpx:TrackPointExtension>
            <gpxtpx:hr>161</gpxtpx:hr>
          </gpxtpx:TrackPointExtension>
        </extensions>
      </trkpt>
      <trkpt lat="28.23384078029053" lon="112.91167758676548">
        <ele>63.513102260418236</ele>
        <time>2026-09-17T13:07:07.600000Z</time>
        <extensions>
          <gpxtpx:TrackPointExtension>
            <gpxtpx:hr>161</gpxtpx:hr>
          </gpxtpx:TrackPointExtension>
        </extensions>
      </trkpt>
      <trkpt lat="28.233838428005146" lon="112.91170756353937">
        <ele>63.402817954309285</ele>
        <time>2026-09-17T13:07:08.600000Z</time>
        <extensions>
          <gpxtpx:TrackPointExtension>
            <gpxtpx:hr>161</gpxtpx:hr>
          </gpxtpx:TrackPointExtension>
        </extensions>
      </trkpt>
      <trkpt lat="28.233836567694407" lon="112.9117370952068">
        <ele>63.29478331748396</ele>
        <time>2026-09-17T13:07:09.600000Z</time>
        <extensions>
          <gpxtpx:TrackPointExtension>
            <gpxtpx:hr>161</gpxtpx:hr>
          </gpxtpx:TrackPointExtension>
        </extensions>
      </trkpt>
      <trkpt lat="28.233835502681316" lon="112.91176637586341">
        <ele>63.189975135959685</ele>
        <time>2026-09-17T13:07:10.600000Z</time>
        <extensions>
          <gpxtpx:TrackPointExtension>
            <gpxtpx:hr>163</gpxtpx:hr>
          </gpxtpx:TrackPointExtension>
        </extensions>
      </trkpt>
      <trkpt lat="28.23383526160798" lon="112.91179584505979">
        <ele>63.089080781675875</ele>
        <time>2026-09-17T13:07:11.600000Z</time>
        <extensions>
          <gpxtpx:TrackPointExtension>
            <gpxtpx:hr>163</gpxtpx:hr>
          </gpxtpx:TrackPointExtension>
        </extensions>
      </trkpt>
      <trkpt lat="28.233835653183558" lon="112.91182594527024">
        <ele>62.992607722990215</ele>
        <time>2026-09-17T13:07:12.600000Z</time>
        <extensions>
          <gpxtpx:TrackPointExtension>
            <gpxtpx:hr>163</gpxtpx:hr>
          </gpxtpx:TrackPointExtension>
        </extensions>
      </trkpt>
      <trkpt lat="28.233836103492607" lon="112.91185666085414">
        <ele>62.90079381130636</ele>
        <time>2026-09-17T13:07:13.600000Z</time>
        <extensions>
          <gpxtpx:TrackPointExtension>
            <gpxtpx:hr>163</gpxtpx:hr>
          </gpxtpx:TrackPointExtension>
        </extensions>
      </trkpt>
      <trkpt lat="28.233836099336227" lon="112.91188782124401">
        <ele>62.81363965012133</ele>
        <time>2026-09-17T13:07:14.600000Z</time>
        <extensions>
          <gpxtpx:TrackPointExtension>
            <gpxtpx:hr>163</gpxtpx:hr>
          </gpxtpx:TrackPointExtension>
        </extensions>
      </trkpt>
      <trkpt lat="28.233835740673722" lon="112.91191896096427">
        <ele>62.73093679267913</ele>
        <time>2026-09-17T13:07:15.600000Z</time>
        <extensions>
          <gpxtpx:TrackPointExtension>
            <gpxtpx:hr>163</gpxtpx:hr>
          </gpxtpx:TrackPointExtension>
        </extensions>
      </trkpt>
      <trkpt lat="28.233835533038764" lon="112.91194931719251">
        <ele>62.652515032328665</ele>
        <time>2026-09-17T13:07:16.600000Z</time>
        <extensions>
          <gpxtpx:TrackPointExtension>
            <gpxtpx:hr>163</gpxtpx:hr>
          </gpxtpx:TrackPointExtension>
        </extensions>
      </trkpt>
      <trkpt lat="28.233835787909012" lon="112.91197835373231">
        <ele>62.57806088216603</ele>
        <time>2026-09-17T13:07:17.600000Z</time>
        <extensions>
          <gpxtpx:TrackPointExtension>
            <gpxtpx:hr>163</gpxtpx:hr>
          </gpxtpx:TrackPointExtension>
        </extensions>
      </trkpt>
      <trkpt lat="28.233836561315" lon="112.912006201564">
        <ele>62.50719383824617</ele>
        <time>2026-09-17T13:07:18.600000Z</time>
        <extensions>
          <gpxtpx:TrackPointExtension>
            <gpxtpx:hr>163</gpxtpx:hr>
          </gpxtpx:TrackPointExtension>
        </extensions>
      </trkpt>
      <trkpt lat="28.233837835767588" lon="112.91203352044239">
        <ele>62.43953539803624</ele>
        <time>2026-09-17T13:07:19.600000Z</time>
        <extensions>
          <gpxtpx:TrackPointExtension>
            <gpxtpx:hr>163</gpxtpx:hr>
          </gpxtpx:TrackPointExtension>
        </extensions>
      </trkpt>
      <trkpt lat="28.23383945142708" lon="112.91206055516226">
        <ele>62.37445788644254</ele>
        <time>2026-09-17T13:07:20.600000Z</time>
        <extensions>
          <gpxtpx:TrackPointExtension>
            <gpxtpx:hr>163</gpxtpx:hr>
          </gpxtpx:TrackPointExtension>
        </extensions>
      </trkpt>
      <trkpt lat="28.23384122049357" lon="112.91208757984087">
        <ele>62.310976849868894</ele>
        <time>2026-09-17T13:07:21.600000Z</time>
        <extensions>
          <gpxtpx:TrackPointExtension>
            <gpxtpx:hr>164</gpxtpx:hr>
          </gpxtpx:TrackPointExtension>
        </extensions>
      </trkpt>
      <trkpt lat="28.233842919339033" lon="112.91211508934987">
        <ele>62.24830692727119</ele>
        <time>2026-09-17T13:07:22.600000Z</time>
        <extensions>
          <gpxtpx:TrackPointExtension>
            <gpxtpx:hr>164</gpxtpx:hr>
          </gpxtpx:TrackPointExtension>
        </extensions>
      </trkpt>
      <trkpt lat="28.23384437747584" lon="112.91214327485233">
        <ele>62.18553389515728</ele>
        <time>2026-09-17T13:07:23.600000Z</time>
        <extensions>
          <gpxtpx:TrackPointExtension>
            <gpxtpx:hr>164</gpxtpx:hr>
          </gpxtpx:TrackPointExtension>
        </extensions>
      </trkpt>
      <trkpt lat="28.233845479752148" lon="112.91217213367771">
        <ele>62.122049478814006</ele>
        <time>2026-09-17T13:07:24.600000Z</time>
        <extensions>
          <gpxtpx:TrackPointExtension>
            <gpxtpx:hr>164</gpxtpx:hr>
          </gpxtpx:TrackPointExtension>
        </extensions>
      </trkpt>
      <trkpt lat="28.233846306780535" lon="112.91220183270667">
        <ele>62.057106513530016</ele>
        <time>2026-09-17T13:07:25.600000Z</time>
        <extensions>
          <gpxtpx:TrackPointExtension>
            <gpxtpx:hr>164</gpxtpx:hr>
          </gpxtpx:TrackPointExtension>
        </extensions>
      </trkpt>
      <trkpt lat="28.23384695968266" lon="112.912232602532">
        <ele>61.98980878200382</ele>
        <time>2026-09-17T13:07:26.500000Z</time>
        <extensions>
          <gpxtpx:TrackPointExtension>
            <gpxtpx:hr>164</gpxtpx:hr>
          </gpxtpx:TrackPointExtension>
        </extensions>
      </trkpt>
      <trkpt lat="28.233847633540808" lon="112.91226412378512">
        <ele>61.919725466519594</ele>
        <time>2026-09-17T13:07:27.500000Z</time>
        <extensions>
          <gpxtpx:TrackPointExtension>
            <gpxtpx:hr>164</gpxtpx:hr>
          </gpxtpx:TrackPointExtension>
        </extensions>
      </trkpt>
      <trkpt lat="28.233848341666" lon="112.91229581329398">
        <ele>61.84645259287208</ele>
        <time>2026-09-17T13:07:28.500000Z</time>
        <extensions>
          <gpxtpx:TrackPointExtension>
            <gpxtpx:hr>164</gpxtpx:hr>
          </gpxtpx:TrackPointExtension>
        </extensions>
      </trkpt>
      <trkpt lat="28.233848947931552" lon="112.91232718264789">
        <ele>61.77006223704666</ele>
        <time>2026-09-17T13:07:29.500000Z</time>
        <extensions>
          <gpxtpx:TrackPointExtension>
            <gpxtpx:hr>164</gpxtpx:hr>
          </gpxtpx:TrackPointExtension>
        </extensions>
      </trkpt>
      <trkpt lat="28.233849513138523" lon="112.91235781848472">
        <ele>61.690529207699</ele>
        <time>2026-09-17T13:07:30.500000Z</time>
        <extensions>
          <gpxtpx:TrackPointExtension>
            <gpxtpx:hr>164</gpxtpx:hr>
          </gpxtpx:TrackPointExtension>
        </extensions>
      </trkpt>
      <trkpt lat="28.233850090674284" lon="112.91238783635742">
        <ele>61.607978341169655</ele>
        <time>2026-09-17T13:07:31.500000Z</time>
        <extensions>
          <gpxtpx:TrackPointExtension>
            <gpxtpx:hr>164</gpxtpx:hr>
          </gpxtpx:TrackPointExtension>
        </extensions>
      </trkpt>
      <trkpt lat="28.233850460204174" lon="112.91241769980284">
        <ele>61.52289658226073</ele>
        <time>2026-09-17T13:07:32.500000Z</time>
        <extensions>
          <gpxtpx:TrackPointExtension>
            <gpxtpx:hr>164</gpxtpx:hr>
          </gpxtpx:TrackPointExtension>
        </extensions>
      </trkpt>
      <trkpt lat="28.233850208099657" lon="112.91244775139042">
        <ele>61.43565980065614</ele>
        <time>2026-09-17T13:07:33.500000Z</time>
        <extensions>
          <gpxtpx:TrackPointExtension>
            <gpxtpx:hr>164</gpxtpx:hr>
          </gpxtpx:TrackPointExtension>
        </extensions>
      </trkpt>
      <trkpt lat="28.233849131877342" lon="112.91247796306713">
        <ele>61.34691905230284</ele>
        <time>2026-09-17T13:07:34.500000Z</time>
        <extensions>
          <gpxtpx:TrackPointExtension>
            <gpxtpx:hr>164</gpxtpx:hr>
          </gpxtpx:TrackPointExtension>
        </extensions>
      </trkpt>
      <trkpt lat="28.233847399291612" lon="112.91250798206613">
        <ele>61.257725512608886</ele>
        <time>2026-09-17T13:07:35.500000Z</time>
        <extensions>
          <gpxtpx:TrackPointExtension>
            <gpxtpx:hr>164</gpxtpx:hr>
          </gpxtpx:TrackPointExtension>
        </extensions>
      </trkpt>
      <trkpt lat="28.233845172057407" lon="112.91253769767275">
        <ele>61.16914303973317</ele>
        <time>2026-09-17T13:07:36.500000Z</time>
        <extensions>
          <gpxtpx:TrackPointExtension>
            <gpxtpx:hr>163</gpxtpx:hr>
          </gpxtpx:TrackPointExtension>
        </extensions>
      </trkpt>
      <trkpt lat="28.23384247390025" lon="112.91256715431244">
        <ele>61.08203556854278</ele>
        <time>2026-09-17T13:07:37.500000Z</time>
        <extensions>
          <gpxtpx:TrackPointExtension>
            <gpxtpx:hr>163</gpxtpx:hr>
          </gpxtpx:TrackPointExtension>
        </extensions>
      </trkpt>
      <trkpt lat="28.23383936351482" lon="112.91259629741059">
        <ele>60.99774984177202</ele>
        <time>2026-09-17T13:07:38.500000Z</time>
        <extensions>
          <gpxtpx:TrackPointExtension>
            <gpxtpx:hr>163</gpxtpx:hr>
          </gpxtpx:TrackPointExtension>
        </extensions>
      </trkpt>
      <trkpt lat="28.233836195865628" lon="112.91262500515094">
        <ele>60.917246711440384</ele>
        <time>2026-09-17T13:07:39.500000Z</time>
        <extensions>
          <gpxtpx:TrackPointExtension>
            <gpxtpx:hr>163</gpxtpx:hr>
          </gpxtpx:TrackPointExtension>
        </extensions>
      </trkpt>
      <trkpt lat="28.233833768442366" lon="112.91265320433453">
        <ele>60.841422473080456</ele>
        <time>2026-09-17T13:07:40.500000Z</time>
        <extensions>
          <gpxtpx:TrackPointExtension>
            <gpxtpx:hr>163</gpxtpx:hr>
          </gpxtpx:TrackPointExtension>
        </extensions>
      </trkpt>
      <trkpt lat="28.23383271642641" lon="112.91268086308263">
        <ele>60.7705739447847</ele>
        <time>2026-09-17T13:07:41.500000Z</time>
        <extensions>
          <gpxtpx:TrackPointExtension>
            <gpxtpx:hr>163</gpxtpx:hr>
          </gpxtpx:TrackPointExtension>
        </extensions>
      </trkpt>
      <trkpt lat="28.233833099031692" lon="112.9127077280981">
        <ele>60.70524334721267</ele>
        <time>2026-09-17T13:07:42.500000Z</time>
        <extensions>
          <gpxtpx:TrackPointExtension>
            <gpxtpx:hr>161</gpxtpx:hr>
          </gpxtpx:TrackPointExtension>
        </extensions>
      </trkpt>
      <trkpt lat="28.23383437712432" lon="112.91273397256772">
        <ele>60.645840995013714</ele>
        <time>2026-09-17T13:07:43.500000Z</time>
        <extensions>
          <gpxtpx:TrackPointExtension>
            <gpxtpx:hr>161</gpxtpx:hr>
          </gpxtpx:TrackPointExtension>
        </extensions>
      </trkpt>
      <trkpt lat="28.233835014158085" lon="112.91276003252815">
        <ele>60.59313375502825</ele>
        <time>2026-09-17T13:07:44.500000Z</time>
        <extensions>
          <gpxtpx:TrackPointExtension>
            <gpxtpx:hr>161</gpxtpx:hr>
          </gpxtpx:TrackPointExtension>
        </extensions>
      </trkpt>
      <trkpt lat="28.23383269486062" lon="112.91278594408932">
        <ele>60.54711657203734</ele>
        <time>2026-09-17T13:07:45.500000Z</time>
        <extensions>
          <gpxtpx:TrackPointExtension>
            <gpxtpx:hr>161</gpxtpx:hr>
          </gpxtpx:TrackPointExtension>
        </extensions>
      </trkpt>
      <trkpt lat="28.233826717113512" lon="112.91281144831434">
        <ele>60.50847046542913</ele>
        <time>2026-09-17T13:07:46.500000Z</time>
        <extensions>
          <gpxtpx:TrackPointExtension>
            <gpxtpx:hr>160</gpxtpx:hr>
          </gpxtpx:TrackPointExtension>
        </extensions>
      </trkpt>
      <trkpt lat="28.233819011672445" lon="112.91283709008617">
        <ele>60.47694631945342</ele>
        <time>2026-09-17T13:07:47.500000Z</time>
        <extensions>
          <gpxtpx:TrackPointExtension>
            <gpxtpx:hr>160</gpxtpx:hr>
          </gpxtpx:TrackPointExtension>
        </extensions>
      </trkpt>
      <trkpt lat="28.233812073808405" lon="112.91286351022252">
        <ele>60.452319297008216</ele>
        <time>2026-09-17T13:07:48.500000Z</time>
        <extensions>
          <gpxtpx:TrackPointExtension>
            <gpxtpx:hr>160</gpxtpx:hr>
          </gpxtpx:TrackPointExtension>
        </extensions>
      </trkpt>
      <trkpt lat="28.233807164313777" lon="112.91289099997624">
        <ele>60.43480825051665</ele>
        <time>2026-09-17T13:07:49.500000Z</time>
        <extensions>
          <gpxtpx:TrackPointExtension>
            <gpxtpx:hr>160</gpxtpx:hr>
          </gpxtpx:TrackPointExtension>
        </extensions>
      </trkpt>
      <trkpt lat="28.23380444573027" lon="112.91291950787094">
        <ele>60.4234060915187</ele>
        <time>2026-09-17T13:07:50.500000Z</time>
        <extensions>
          <gpxtpx:TrackPointExtension>
            <gpxtpx:hr>154</gpxtpx:hr>
          </gpxtpx:TrackPointExtension>
        </extensions>
      </trkpt>
      <trkpt lat="28.233803532548258" lon="112.91294860461424">
        <ele>60.41867363359779</ele>
        <time>2026-09-17T13:07:51.500000Z</time>
        <extensions>
          <gpxtpx:TrackPointExtension>
            <gpxtpx:hr>154</gpxtpx:hr>
          </gpxtpx:TrackPointExtension>
        </extensions>
      </trkpt>
      <trkpt lat="28.23380389399859" lon="112.91297815454074">
        <ele>60.41877318266779</ele>
        <time>2026-09-17T13:07:52.500000Z</time>
        <extensions>
          <gpxtpx:TrackPointExtension>
            <gpxtpx:hr>154</gpxtpx:hr>
          </gpxtpx:TrackPointExtension>
        </extensions>
      </trkpt>
      <trkpt lat="28.233805150928877" lon="112.91300795107186">
        <ele>60.42232446093112</ele>
        <time>2026-09-17T13:07:53.500000Z</time>
        <extensions>
          <gpxtpx:TrackPointExtension>
            <gpxtpx:hr>154</gpxtpx:hr>
          </gpxtpx:TrackPointExtension>
        </extensions>
      </trkpt>
      <trkpt lat="28.233807093205968" lon="112.91303805446303">
        <ele>60.42814754135907</ele>
        <time>2026-09-17T13:07:54.500000Z</time>
        <extensions>
          <gpxtpx:TrackPointExtension>
            <gpxtpx:hr>154</gpxtpx:hr>
          </gpxtpx:TrackPointExtension>
        </extensions>
      </trkpt>
      <trkpt lat="28.233809728365323" lon="112.9130681003718">
        <ele>60.43553043529391</ele>
        <time>2026-09-17T13:07:55.500000Z</time>
        <extensions>
          <gpxtpx:TrackPointExtension>
            <gpxtpx:hr>154</gpxtpx:hr>
          </gpxtpx:TrackPointExtension>
        </extensions>
      </trkpt>
      <trkpt lat="28.233812957962172" lon="112.91309793058193">
        <ele>60.44314816966653</ele>
        <time>2026-09-17T13:07:56.500000Z</time>
        <extensions>
          <gpxtpx:TrackPointExtension>
            <gpxtpx:hr>154</gpxtpx:hr>
          </gpxtpx:TrackPointExtension>
        </extensions>
      </trkpt>
      <trkpt lat="28.23381646482637" lon="112.91312746129823">
        <ele>60.4514956464991</ele>
        <time>2026-09-17T13:07:57.500000Z</time>
        <extensions>
          <gpxtpx:TrackPointExtension>
            <gpxtpx:hr>150</gpxtpx:hr>
          </gpxtpx:TrackPointExtension>
        </extensions>
      </trkpt>
      <trkpt lat="28.233820122129895" lon="112.91315669353581">
        <ele>60.459620588459074</ele>
        <time>2026-09-17T13:07:58.500000Z</time>
        <extensions>
          <gpxtpx:TrackPointExtension>
            <gpxtpx:hr>150</gpxtpx:hr>
          </gpxtpx:TrackPointExtension>
        </extensions>
      </trkpt>
      <trkpt lat="28.233824041743347" lon="112.9131857239963">
        <ele>60.466685448773205</ele>
        <time>2026-09-17T13:07:59.500000Z</time>
        <extensions>
          <gpxtpx:TrackPointExtension>
            <gpxtpx:hr>150</gpxtpx:hr>
          </gpxtpx:TrackPointExtension>
        </extensions>
      </trkpt>
      <trkpt lat="28.233827824885143" lon="112.91321484164679">
        <ele>60.47275901120156</ele>
        <time>2026-09-17T13:08:00.500000Z</time>
        <extensions>
          <gpxtpx:TrackPointExtension>
            <gpxtpx:hr>150</gpxtpx:hr>
          </gpxtpx:TrackPointExtension>
        </extensions>
      </trkpt>
      <trkpt lat="28.233830857266312" lon="112.9132443870265">
        <ele>60.477691068314016</ele>
        <time>2026-09-17T13:08:01.500000Z</time>
        <extensions>
          <gpxtpx:TrackPointExtension>
            <gpxtpx:hr>149</gpxtpx:hr>
          </gpxtpx:TrackPointExtension>
        </extensions>
      </trkpt>
      <trkpt lat="28.233832929012806" lon="112.91327443534743">
        <ele>60.48227925784886</ele>
        <time>2026-09-17T13:08:02.500000Z</time>
        <extensions>
          <gpxtpx:TrackPointExtension>
            <gpxtpx:hr>149</gpxtpx:hr>
          </gpxtpx:TrackPointExtension>
        </extensions>
      </trkpt>
      <trkpt lat="28.23383449364117" lon="112.91330474371729">
        <ele>60.487047095783055</ele>
        <time>2026-09-17T13:08:03.500000Z</time>
        <extensions>
          <gpxtpx:TrackPointExtension>
            <gpxtpx:hr>149</gpxtpx:hr>
          </gpxtpx:TrackPointExtension>
        </extensions>
      </trkpt>
      <trkpt lat="28.233835693880106" lon="112.91333512005833">
        <ele>60.49119430407882</ele>
        <time>2026-09-17T13:08:04.500000Z</time>
        <extensions>
          <gpxtpx:TrackPointExtension>
            <gpxtpx:hr>149</gpxtpx:hr>
          </gpxtpx:TrackPointExtension>
        </extensions>
      </trkpt>
      <trkpt lat="28.233836272106863" lon="112.91336545931563">
        <ele>60.49660961702466</ele>
        <time>2026-09-17T13:08:05.500000Z</time>
        <extensions>
          <gpxtpx:TrackPointExtension>
            <gpxtpx:hr>149</gpxtpx:hr>
          </gpxtpx:TrackPointExtension>
        </extensions>
      </trkpt>
      <trkpt lat="28.233836277626015" lon="112.91339553835132">
        <ele>60.502984433434904</ele>
        <time>2026-09-17T13:08:06.500000Z</time>
        <extensions>
          <gpxtpx:TrackPointExtension>
            <gpxtpx:hr>145</gpxtpx:hr>
          </gpxtpx:TrackPointExtension>
        </extensions>
      </trkpt>
      <trkpt lat="28.233835462826544" lon="112.9134251057478">
        <ele>60.510924755595624</ele>
        <time>2026-09-17T13:08:07.500000Z</time>
        <extensions>
          <gpxtpx:TrackPointExtension>
            <gpxtpx:hr>145</gpxtpx:hr>
          </gpxtpx:TrackPointExtension>
        </extensions>
      </trkpt>
      <trkpt lat="28.233833415388215" lon="112.91345415336527">
        <ele>60.52099955640733</ele>
        <time>2026-09-17T13:08:08.500000Z</time>
        <extensions>
          <gpxtpx:TrackPointExtension>
            <gpxtpx:hr>145</gpxtpx:hr>
          </gpxtpx:TrackPointExtension>
        </extensions>
      </trkpt>
      <trkpt lat="28.233829940208587" lon="112.9134827340022">
        <ele>60.53287240676582</ele>
        <time>2026-09-17T13:08:09.500000Z</time>
        <extensions>
          <gpxtpx:TrackPointExtension>
            <gpxtpx:hr>145</gpxtpx:hr>
          </gpxtpx:TrackPointExtension>
        </extensions>
      </trkpt>
      <trkpt lat="28.233824771557313" lon="112.91351089394915">
        <ele>60.54618120100349</ele>
        <time>2026-09-17T13:08:10.500000Z</time>
        <extensions>
          <gpxtpx:TrackPointExtension>
            <gpxtpx:hr>145</gpxtpx:hr>
          </gpxtpx:TrackPointExtension>
        </extensions>
      </trkpt>
      <trkpt lat="28.233817600705034" lon="112.91353860919627">
        <ele>60.55881360080093</ele>
        <time>2026-09-17T13:08:11.500000Z</time>
        <extensions>
          <gpxtpx:TrackPointExtension>
            <gpxtpx:hr>144</gpxtpx:hr>
          </gpxtpx:TrackPointExtension>
        </extensions>
      </trkpt>
      <trkpt lat="28.23380857355858" lon="112.9135658231582">
        <ele>60.57334283925593</ele>
        <time>2026-09-17T13:08:12.500000Z</time>
        <extensions>
          <gpxtpx:TrackPointExtension>
            <gpxtpx:hr>144</gpxtpx:hr>
          </gpxtpx:TrackPointExtension>
        </extensions>
      </trkpt>
      <trkpt lat="28.233797784434643" lon="112.91359236786393">
        <ele>60.5864328071475</ele>
        <time>2026-09-17T13:08:13.500000Z</time>
        <extensions>
          <gpxtpx:TrackPointExtension>
            <gpxtpx:hr>144</gpxtpx:hr>
          </gpxtpx:TrackPointExtension>
        </extensions>
      </trkpt>
      <trkpt lat="28.233785290503103" lon="112.91361790309888">
        <ele>60.59859750326723</ele>
        <time>2026-09-17T13:08:14.500000Z</time>
        <extensions>
          <gpxtpx:TrackPointExtension>
            <gpxtpx:hr>141</gpxtpx:hr>
          </gpxtpx:TrackPointExtension>
        </extensions>
      </trkpt>
      <trkpt lat="28.23377118016675" lon="112.91364201334311">
        <ele>60.6106933504343</ele>
        <time>2026-09-17T13:08:15.500000Z</time>
        <extensions>
          <gpxtpx:TrackPointExtension>
            <gpxtpx:hr>141</gpxtpx:hr>
          </gpxtpx:TrackPointExtension>
        </extensions>
      </trkpt>
      <trkpt lat="28.23375533929856" lon="112.91366430154922">
        <ele>60.620158871635795</ele>
        <time>2026-09-17T13:08:16.500000Z</time>
        <extensions>
          <gpxtpx:TrackPointExtension>
            <gpxtpx:hr>141</gpxtpx:hr>
          </gpxtpx:TrackPointExtension>
        </extensions>
      </trkpt>
      <trkpt lat="28.233737696125953" lon="112.91368465859114">
        <ele>60.628491166979074</ele>
        <time>2026-09-17T13:08:17.500000Z</time>
        <extensions>
          <gpxtpx:TrackPointExtension>
            <gpxtpx:hr>141</gpxtpx:hr>
          </gpxtpx:TrackPointExtension>
        </extensions>
      </trkpt>
      <trkpt lat="28.233718316767295" lon="112.9137033102092">
        <ele>60.635220495052636</ele>
        <time>2026-09-17T13:08:18.400000Z</time>
        <extensions>
          <gpxtpx:TrackPointExtension>
            <gpxtpx:hr>141</gpxtpx:hr>
          </gpxtpx:TrackPointExtension>
        </extensions>
      </trkpt>
      <trkpt lat="28.23369751576079" lon="112.91372027855068">
        <ele>60.63968110457063</ele>
        <time>2026-09-17T13:08:19.400000Z</time>
        <extensions>
          <gpxtpx:TrackPointExtension>
            <gpxtpx:hr>141</gpxtpx:hr>
          </gpxtpx:TrackPointExtension>
        </extensions>
      </trkpt>
      <trkpt lat="28.23367586360089" lon="112.91373542909545">
        <ele>60.64367190748453</ele>
        <time>2026-09-17T13:08:20.400000Z</time>
        <extensions>
          <gpxtpx:TrackPointExtension>
            <gpxtpx:hr>141</gpxtpx:hr>
          </gpxtpx:TrackPointExtension>
        </extensions>
      </trkpt>
      <trkpt lat="28.23365386376897" lon="112.91374876540833">
        <ele>60.64675392862409</ele>
        <time>2026-09-17T13:08:21.400000Z</time>
        <extensions>
          <gpxtpx:TrackPointExtension>
            <gpxtpx:hr>147</gpxtpx:hr>
          </gpxtpx:TrackPointExtension>
        </extensions>
      </trkpt>
      <trkpt lat="28.233631751730844" lon="112.91376023905887">
        <ele>60.64904498588294</ele>
        <time>2026-09-17T13:08:22.400000Z</time>
        <extensions>
          <gpxtpx:TrackPointExtension>
            <gpxtpx:hr>147</gpxtpx:hr>
          </gpxtpx:TrackPointExtension>
        </extensions>
      </trkpt>
      <trkpt lat="28.233609548997997" lon="112.91376961736306">
        <ele>60.651701412163675</ele>
        <time>2026-09-17T13:08:23.400000Z</time>
        <extensions>
          <gpxtpx:TrackPointExtension>
            <gpxtpx:hr>147</gpxtpx:hr>
          </gpxtpx:TrackPointExtension>
        </extensions>
      </trkpt>
      <trkpt lat="28.233586846789667" lon="112.91377647765471">
        <ele>60.653963948599994</ele>
        <time>2026-09-17T13:08:24.400000Z</time>
        <extensions>
          <gpxtpx:TrackPointExtension>
            <gpxtpx:hr>147</gpxtpx:hr>
          </gpxtpx:TrackPointExtension>
        </extensions>
      </trkpt>
      <trkpt lat="28.233563341331887" lon="112.91378062885236">
        <ele>60.65627684444189</ele>
        <time>2026-09-17T13:08:25.400000Z</time>
        <extensions>
          <gpxtpx:TrackPointExtension>
            <gpxtpx:hr>147</gpxtpx:hr>
          </gpxtpx:TrackPointExtension>
        </extensions>
      </trkpt>
      <trkpt lat="28.233539077219696" lon="112.91378220012854">
        <ele>60.65934393275529</ele>
        <time>2026-09-17T13:08:26.400000Z</time>
        <extensions>
          <gpxtpx:TrackPointExtension>
            <gpxtpx:hr>147</gpxtpx:hr>
          </gpxtpx:TrackPointExtension>
        </extensions>
      </trkpt>
      <trkpt lat="28.233514415501137" lon="112.91378140306855">
        <ele>60.6618371354416</ele>
        <time>2026-09-17T13:08:27.400000Z</time>
        <extensions>
          <gpxtpx:TrackPointExtension>
            <gpxtpx:hr>147</gpxtpx:hr>
          </gpxtpx:TrackPointExtension>
        </extensions>
      </trkpt>
      <trkpt lat="28.233489507841266" lon="112.91377841469601">
        <ele>60.66501639969647</ele>
        <time>2026-09-17T13:08:28.400000Z</time>
        <extensions>
          <gpxtpx:TrackPointExtension>
            <gpxtpx:hr>147</gpxtpx:hr>
          </gpxtpx:TrackPointExtension>
        </extensions>
      </trkpt>
      <trkpt lat="28.233464141421216" lon="112.9137734461858">
        <ele>60.66784564498812</ele>
        <time>2026-09-17T13:08:29.400000Z</time>
        <extensions>
          <gpxtpx:TrackPointExtension>
            <gpxtpx:hr>147</gpxtpx:hr>
          </gpxtpx:TrackPointExtension>
        </extensions>
      </trkpt>
      <trkpt lat="28.23343835988336" lon="112.91376690646345">
        <ele>60.67039170861244</ele>
        <time>2026-09-17T13:08:30.400000Z</time>
        <extensions>
          <gpxtpx:TrackPointExtension>
            <gpxtpx:hr>147</gpxtpx:hr>
          </gpxtpx:TrackPointExtension>
        </extensions>
      </trkpt>
      <trkpt lat="28.233412397581485" lon="112.91375906254065">
        <ele>60.672407005913556</ele>
        <time>2026-09-17T13:08:31.400000Z</time>
        <extensions>
          <gpxtpx:TrackPointExtension>
            <gpxtpx:hr>149</gpxtpx:hr>
          </gpxtpx:TrackPointExtension>
        </extensions>
      </trkpt>
      <trkpt lat="28.23338649327491" lon="112.91375031997646">
        <ele>60.673252899199724</ele>
        <time>2026-09-17T13:08:32.400000Z</time>
        <extensions>
          <gpxtpx:TrackPointExtension>
            <gpxtpx:hr>149</gpxtpx:hr>
          </gpxtpx:TrackPointExtension>
        </extensions>
      </trkpt>
      <trkpt lat="28.233360868510562" lon="112.9137413546478">
        <ele>60.67315180134028</ele>
        <time>2026-09-17T13:08:33.400000Z</time>
        <extensions>
          <gpxtpx:TrackPointExtension>
            <gpxtpx:hr>149</gpxtpx:hr>
          </gpxtpx:TrackPointExtension>
        </extensions>
      </trkpt>
      <trkpt lat="28.233335713516453" lon="112.91373229889098">
        <ele>60.67157293111086</ele>
        <time>2026-09-17T13:08:34.400000Z</time>
        <extensions>
          <gpxtpx:TrackPointExtension>
            <gpxtpx:hr>149</gpxtpx:hr>
          </gpxtpx:TrackPointExtension>
        </extensions>
      </trkpt>
      <trkpt lat="28.2333112379197" lon="112.91372234913503">
        <ele>60.66805529873818</ele>
        <time>2026-09-17T13:08:35.400000Z</time>
        <extensions>
          <gpxtpx:TrackPointExtension>
            <gpxtpx:hr>149</gpxtpx:hr>
          </gpxtpx:TrackPointExtension>
        </extensions>
      </trkpt>
      <trkpt lat="28.233287387356924" lon="112.9137110919429">
        <ele>60.66303468029946</ele>
        <time>2026-09-17T13:08:36.400000Z</time>
        <extensions>
          <gpxtpx:TrackPointExtension>
            <gpxtpx:hr>149</gpxtpx:hr>
          </gpxtpx:TrackPointExtension>
        </extensions>
      </trkpt>
      <trkpt lat="28.233263495253844" lon="112.91369904758533">
        <ele>60.656396691687405</ele>
        <time>2026-09-17T13:08:37.400000Z</time>
        <extensions>
          <gpxtpx:TrackPointExtension>
            <gpxtpx:hr>149</gpxtpx:hr>
          </gpxtpx:TrackPointExtension>
        </extensions>
      </trkpt>
      <trkpt lat="28.23323882453553" lon="112.91368675543858">
        <ele>60.64793376903981</ele>
        <time>2026-09-17T13:08:38.400000Z</time>
        <extensions>
          <gpxtpx:TrackPointExtension>
            <gpxtpx:hr>150</gpxtpx:hr>
          </gpxtpx:TrackPointExtension>
        </extensions>
      </trkpt>
      <trkpt lat="28.233213420208873" lon="112.91367468834059">
        <ele>60.63704775646329</ele>
        <time>2026-09-17T13:08:39.400000Z</time>
        <extensions>
          <gpxtpx:TrackPointExtension>
            <gpxtpx:hr>150</gpxtpx:hr>
          </gpxtpx:TrackPointExtension>
        </extensions>
      </trkpt>
      <trkpt lat="28.233187893216137" lon="112.91366315976425">
        <ele>60.62362137809396</ele>
        <time>2026-09-17T13:08:40.400000Z</time>
        <extensions>
          <gpxtpx:TrackPointExtension>
            <gpxtpx:hr>150</gpxtpx:hr>
          </gpxtpx:TrackPointExtension>
        </extensions>
      </trkpt>
      <trkpt lat="28.233162594912297" lon="112.91365240297772">
        <ele>60.60742923989892</ele>
        <time>2026-09-17T13:08:41.400000Z</time>
        <extensions>
          <gpxtpx:TrackPointExtension>
            <gpxtpx:hr>150</gpxtpx:hr>
          </gpxtpx:TrackPointExtension>
        </extensions>
      </trkpt>
      <trkpt lat="28.23313745044155" lon="112.91364246868437">
        <ele>60.58808672148734</ele>
        <time>2026-09-17T13:08:42.400000Z</time>
        <extensions>
          <gpxtpx:TrackPointExtension>
            <gpxtpx:hr>150</gpxtpx:hr>
          </gpxtpx:TrackPointExtension>
        </extensions>
      </trkpt>
      <trkpt lat="28.233112259749294" lon="112.91363348867573">
        <ele>60.56550539378077</ele>
        <time>2026-09-17T13:08:43.400000Z</time>
        <extensions>
          <gpxtpx:TrackPointExtension>
            <gpxtpx:hr>150</gpxtpx:hr>
          </gpxtpx:TrackPointExtension>
        </extensions>
      </trkpt>
      <trkpt lat="28.233087144034513" lon="112.91362478451953">
        <ele>60.54013668373227</ele>
        <time>2026-09-17T13:08:44.400000Z</time>
        <extensions>
          <gpxtpx:TrackPointExtension>
            <gpxtpx:hr>150</gpxtpx:hr>
          </gpxtpx:TrackPointExtension>
        </extensions>
      </trkpt>
      <trkpt lat="28.233062317483494" lon="112.91361575323846">
        <ele>60.51193151343614</ele>
        <time>2026-09-17T13:08:45.400000Z</time>
        <extensions>
          <gpxtpx:TrackPointExtension>
            <gpxtpx:hr>150</gpxtpx:hr>
          </gpxtpx:TrackPointExtension>
        </extensions>
      </trkpt>
      <trkpt lat="28.23303761871627" lon="112.91360662597157">
        <ele>60.48082158807665</ele>
        <time>2026-09-17T13:08:46.400000Z</time>
        <extensions>
          <gpxtpx:TrackPointExtension>
            <gpxtpx:hr>150</gpxtpx:hr>
          </gpxtpx:TrackPointExtension>
        </extensions>
      </trkpt>
      <trkpt lat="28.233012848974138" lon="112.91359720302493">
        <ele>60.446695709601045</ele>
        <time>2026-09-17T13:08:47.400000Z</time>
        <extensions>
          <gpxtpx:TrackPointExtension>
            <gpxtpx:hr>154</gpxtpx:hr>
          </gpxtpx:TrackPointExtension>
        </extensions>
      </trkpt>
      <trkpt lat="28.232987733558986" lon="112.91358736803714">
        <ele>60.40929786302149</ele>
        <time>2026-09-17T13:08:48.400000Z</time>
        <extensions>
          <gpxtpx:TrackPointExtension>
            <gpxtpx:hr>154</gpxtpx:hr>
          </gpxtpx:TrackPointExtension>
        </extensions>
      </trkpt>
      <trkpt lat="28.232962005933615" lon="112.91357727994748">
        <ele>60.36823626514524</ele>
        <time>2026-09-17T13:08:49.400000Z</time>
        <extensions>
          <gpxtpx:TrackPointExtension>
            <gpxtpx:hr>154</gpxtpx:hr>
          </gpxtpx:TrackPointExtension>
        </extensions>
      </trkpt>
      <trkpt lat="28.23293587417417" lon="112.91356704265083">
        <ele>60.32330287620425</ele>
        <time>2026-09-17T13:08:50.400000Z</time>
        <extensions>
          <gpxtpx:TrackPointExtension>
            <gpxtpx:hr>154</gpxtpx:hr>
          </gpxtpx:TrackPointExtension>
        </extensions>
      </trkpt>
      <trkpt lat="28.23290974470253" lon="112.91355660193314">
        <ele>60.27461054734886</ele>
        <time>2026-09-17T13:08:51.400000Z</time>
        <extensions>
          <gpxtpx:TrackPointExtension>
            <gpxtpx:hr>154</gpxtpx:hr>
          </gpxtpx:TrackPointExtension>
        </extensions>
      </trkpt>
      <trkpt lat="28.232883776860863" lon="112.91354599108872">
        <ele>60.22221670392901</ele>
        <time>2026-09-17T13:08:52.400000Z</time>
        <extensions>
          <gpxtpx:TrackPointExtension>
            <gpxtpx:hr>154</gpxtpx:hr>
          </gpxtpx:TrackPointExtension>
        </extensions>
      </trkpt>
      <trkpt lat="28.232857938745394" lon="112.91353549292351">
        <ele>60.166499202139676</ele>
        <time>2026-09-17T13:08:53.400000Z</time>
        <extensions>
          <gpxtpx:TrackPointExtension>
            <gpxtpx:hr>154</gpxtpx:hr>
          </gpxtpx:TrackPointExtension>
        </extensions>
      </trkpt>
      <trkpt lat="28.232832293779" lon="112.91352526499969">
        <ele>60.10819801595062</ele>
        <time>2026-09-17T13:08:54.400000Z</time>
        <extensions>
          <gpxtpx:TrackPointExtension>
            <gpxtpx:hr>154</gpxtpx:hr>
          </gpxtpx:TrackPointExtension>
        </extensions>
      </trkpt>
      <trkpt lat="28.232806998415555" lon="112.91351510854312">
        <ele>60.047733147628605</ele>
        <time>2026-09-17T13:08:55.400000Z</time>
        <extensions>
          <gpxtpx:TrackPointExtension>
            <gpxtpx:hr>154</gpxtpx:hr>
          </gpxtpx:TrackPointExtension>
        </extensions>
      </trkpt>
      <trkpt lat="28.23278195200694" lon="112.91350471699295">
        <ele>59.986296703107655</ele>
        <time>2026-09-17T13:08:56.400000Z</time>
        <extensions>
          <gpxtpx:TrackPointExtension>
            <gpxtpx:hr>153</gpxtpx:hr>
          </gpxtpx:TrackPointExtension>
        </extensions>
      </trkpt>
      <trkpt lat="28.23275678258107" lon="112.91349407942184">
        <ele>59.924368678592145</ele>
        <time>2026-09-17T13:08:57.400000Z</time>
        <extensions>
          <gpxtpx:TrackPointExtension>
            <gpxtpx:hr>153</gpxtpx:hr>
          </gpxtpx:TrackPointExtension>
        </extensions>
      </trkpt>
      <trkpt lat="28.232731280529773" lon="112.91348326794827">
        <ele>59.86243615299463</ele>
        <time>2026-09-17T13:08:58.400000Z</time>
        <extensions>
          <gpxtpx:TrackPointExtension>
            <gpxtpx:hr>153</gpxtpx:hr>
          </gpxtpx:TrackPointExtension>
        </extensions>
      </trkpt>
      <trkpt lat="28.232705440181256" lon="112.91347250774145">
        <ele>59.80030065588653</ele>
        <time>2026-09-17T13:08:59.400000Z</time>
        <extensions>
          <gpxtpx:TrackPointExtension>
            <gpxtpx:hr>153</gpxtpx:hr>
          </gpxtpx:TrackPointExtension>
        </extensions>
      </trkpt>
      <trkpt lat="28.232679394448397" lon="112.91346217047524">
        <ele>59.738029804080725</ele>
        <time>2026-09-17T13:09:00.400000Z</time>
        <extensions>
          <gpxtpx:TrackPointExtension>
            <gpxtpx:hr>153</gpxtpx:hr>
          </gpxtpx:TrackPointExtension>
        </extensions>
      </trkpt>
      <trkpt lat="28.23265333867903" lon="112.9134522273768">
        <ele>59.67579354252666</ele>
        <time>2026-09-17T13:09:01.400000Z</time>
        <extensions>
          <gpxtpx:TrackPointExtension>
            <gpxtpx:hr>157</gpxtpx:hr>
          </gpxtpx:TrackPointExtension>
        </extensions>
      </trkpt>
      <trkpt lat="28.23262754393315" lon="112.9134424445491">
        <ele>59.61341570224613</ele>
        <time>2026-09-17T13:09:02.400000Z</time>
        <extensions>
          <gpxtpx:TrackPointExtension>
            <gpxtpx:hr>157</gpxtpx:hr>
          </gpxtpx:TrackPointExtension>
        </extensions>
      </trkpt>
      <trkpt lat="28.232601984676" lon="112.91343255566424">
        <ele>59.55120966397226</ele>
        <time>2026-09-17T13:09:03.400000Z</time>
        <extensions>
          <gpxtpx:TrackPointExtension>
            <gpxtpx:hr>157</gpxtpx:hr>
          </gpxtpx:TrackPointExtension>
        </extensions>
      </trkpt>
      <trkpt lat="28.232576407262286" lon="112.9134225061251">
        <ele>59.48958324827254</ele>
        <time>2026-09-17T13:09:04.400000Z</time>
        <extensions>
          <gpxtpx:TrackPointExtension>
            <gpxtpx:hr>157</gpxtpx:hr>
          </gpxtpx:TrackPointExtension>
        </extensions>
      </trkpt>
      <trkpt lat="28.232550709905208" lon="112.91341249270269">
        <ele>59.42825826071203</ele>
        <time>2026-09-17T13:09:05.400000Z</time>
        <extensions>
          <gpxtpx:TrackPointExtension>
            <gpxtpx:hr>157</gpxtpx:hr>
          </gpxtpx:TrackPointExtension>
        </extensions>
      </trkpt>
      <trkpt lat="28.232524751937177" lon="112.91340278715396">
        <ele>59.366894447244704</ele>
        <time>2026-09-17T13:09:06.400000Z</time>
        <extensions>
          <gpxtpx:TrackPointExtension>
            <gpxtpx:hr>157</gpxtpx:hr>
          </gpxtpx:TrackPointExtension>
        </extensions>
      </trkpt>
      <trkpt lat="28.232498573385925" lon="112.91339354764034">
        <ele>59.30683711729944</ele>
        <time>2026-09-17T13:09:07.400000Z</time>
        <extensions>
          <gpxtpx:TrackPointExtension>
            <gpxtpx:hr>157</gpxtpx:hr>
          </gpxtpx:TrackPointExtension>
        </extensions>
      </trkpt>
      <trkpt lat="28.232472199809155" lon="112.9133847258152">
        <ele>59.24713054019958</ele>
        <time>2026-09-17T13:09:08.400000Z</time>
        <extensions>
          <gpxtpx:TrackPointExtension>
            <gpxtpx:hr>157</gpxtpx:hr>
          </gpxtpx:TrackPointExtension>
        </extensions>
      </trkpt>
      <trkpt lat="28.23244569801172" lon="112.91337625897458">
        <ele>59.1868316270411</ele>
        <time>2026-09-17T13:09:09.300000Z</time>
        <extensions>
          <gpxtpx:TrackPointExtension>
            <gpxtpx:hr>157</gpxtpx:hr>
          </gpxtpx:TrackPointExtension>
        </extensions>
      </trkpt>
      <trkpt lat="28.232419335463224" lon="112.9133681268589">
        <ele>59.12667697947472</ele>
        <time>2026-09-17T13:09:10.300000Z</time>
        <extensions>
          <gpxtpx:TrackPointExtension>
            <gpxtpx:hr>157</gpxtpx:hr>
          </gpxtpx:TrackPointExtension>
        </extensions>
      </trkpt>
      <trkpt lat="28.232393262517764" lon="112.91336030263275">
        <ele>59.0651933029294</ele>
        <time>2026-09-17T13:09:11.300000Z</time>
        <extensions>
          <gpxtpx:TrackPointExtension>
            <gpxtpx:hr>159</gpxtpx:hr>
          </gpxtpx:TrackPointExtension>
        </extensions>
      </trkpt>
      <trkpt lat="28.23236742967068" lon="112.91335277415281">
        <ele>59.00284221675247</ele>
        <time>2026-09-17T13:09:12.300000Z</time>
        <extensions>
          <gpxtpx:TrackPointExtension>
            <gpxtpx:hr>159</gpxtpx:hr>
          </gpxtpx:TrackPointExtension>
        </extensions>
      </trkpt>
      <trkpt lat="28.232341803427868" lon="112.913345539015">
        <ele>58.94000520464033</ele>
        <time>2026-09-17T13:09:13.300000Z</time>
        <extensions>
          <gpxtpx:TrackPointExtension>
            <gpxtpx:hr>159</gpxtpx:hr>
          </gpxtpx:TrackPointExtension>
        </extensions>
      </trkpt>
      <trkpt lat="28.232316580381084" lon="112.91333813248002">
        <ele>58.87641327921301</ele>
        <time>2026-09-17T13:09:14.300000Z</time>
        <extensions>
          <gpxtpx:TrackPointExtension>
            <gpxtpx:hr>159</gpxtpx:hr>
          </gpxtpx:TrackPointExtension>
        </extensions>
      </trkpt>
      <trkpt lat="28.23229191486595" lon="112.91332971840316">
        <ele>58.81128407642245</ele>
        <time>2026-09-17T13:09:15.300000Z</time>
        <extensions>
          <gpxtpx:TrackPointExtension>
            <gpxtpx:hr>159</gpxtpx:hr>
          </gpxtpx:TrackPointExtension>
        </extensions>
      </trkpt>
      <trkpt lat="28.232267820754522" lon="112.91331975885443">
        <ele>58.74584845546633</ele>
        <time>2026-09-17T13:09:16.300000Z</time>
        <extensions>
          <gpxtpx:TrackPointExtension>
            <gpxtpx:hr>159</gpxtpx:hr>
          </gpxtpx:TrackPointExtension>
        </extensions>
      </trkpt>
      <trkpt lat="28.232244575178562" lon="112.91330767372129">
        <ele>58.67960909102112</ele>
        <time>2026-09-17T13:09:17.300000Z</time>
        <extensions>
          <gpxtpx:TrackPointExtension>
            <gpxtpx:hr>159</gpxtpx:hr>
          </gpxtpx:TrackPointExtension>
        </extensions>
      </trkpt>
      <trkpt lat="28.232222652430153" lon="112.91329296678963">
        <ele>58.612658868543804</ele>
        <time>2026-09-17T13:09:18.300000Z</time>
        <extensions>
          <gpxtpx:TrackPointExtension>
            <gpxtpx:hr>159</gpxtpx:hr>
          </gpxtpx:TrackPointExtension>
        </extensions>
      </trkpt>
      <trkpt lat="28.232202066705877" lon="112.91327604233109">
        <ele>58.54602339491248</ele>
        <time>2026-09-17T13:09:19.300000Z</time>
        <extensions>
          <gpxtpx:TrackPointExtension>
            <gpxtpx:hr>159</gpxtpx:hr>
          </gpxtpx:TrackPointExtension>
        </extensions>
      </trkpt>
      <trkpt lat="28.232181720408004" lon="112.91325870450197">
        <ele>58.479308530688286</ele>
        <time>2026-09-17T13:09:20.300000Z</time>
        <extensions>
          <gpxtpx:TrackPointExtension>
            <gpxtpx:hr>159</gpxtpx:hr>
          </gpxtpx:TrackPointExtension>
        </extensions>
      </trkpt>
      <trkpt lat="28.23215982903281" lon="112.91324351963384">
        <ele>58.41283473931253</ele>
        <time>2026-09-17T13:09:21.300000Z</time>
        <extensions>
          <gpxtpx:TrackPointExtension>
            <gpxtpx:hr>159</gpxtpx:hr>
          </gpxtpx:TrackPointExtension>
        </extensions>
      </trkpt>
      <trkpt lat="28.23213587638524" lon="112.91323120608988">
        <ele>58.347343323752284</ele>
        <time>2026-09-17T13:09:22.300000Z</time>
        <extensions>
          <gpxtpx:TrackPointExtension>
            <gpxtpx:hr>159</gpxtpx:hr>
          </gpxtpx:TrackPointExtension>
        </extensions>
      </trkpt>
      <trkpt lat="28.232110392056203" lon="112.91322090917652">
        <ele>58.282598769292235</ele>
        <time>2026-09-17T13:09:23.300000Z</time>
        <extensions>
          <gpxtpx:TrackPointExtension>
            <gpxtpx:hr>159</gpxtpx:hr>
          </gpxtpx:TrackPointExtension>
        </extensions>
      </trkpt>
      <trkpt lat="28.232083709944295" lon="112.91321202858524">
        <ele>58.218125401996076</ele>
        <time>2026-09-17T13:09:24.300000Z</time>
        <extensions>
          <gpxtpx:TrackPointExtension>
            <gpxtpx:hr>159</gpxtpx:hr>
          </gpxtpx:TrackPointExtension>
        </extensions>
      </trkpt>
      <trkpt lat="28.23205616633612" lon="112.91320378472486">
        <ele>58.154879074543715</ele>
        <time>2026-09-17T13:09:25.300000Z</time>
        <extensions>
          <gpxtpx:TrackPointExtension>
            <gpxtpx:hr>159</gpxtpx:hr>
          </gpxtpx:TrackPointExtension>
        </extensions>
      </trkpt>
      <trkpt lat="28.232028156192275" lon="112.91319559591788">
        <ele>58.09294332936406</ele>
        <time>2026-09-17T13:09:26.300000Z</time>
        <extensions>
          <gpxtpx:TrackPointExtension>
            <gpxtpx:hr>159</gpxtpx:hr>
          </gpxtpx:TrackPointExtension>
        </extensions>
      </trkpt>
      <trkpt lat="28.23199999531423" lon="112.91318727392085">
        <ele>58.03299755509943</ele>
        <time>2026-09-17T13:09:27.300000Z</time>
        <extensions>
          <gpxtpx:TrackPointExtension>
            <gpxtpx:hr>159</gpxtpx:hr>
          </gpxtpx:TrackPointExtension>
        </extensions>
      </trkpt>
      <trkpt lat="28.231971766355745" lon="112.91317893273258">
        <ele>57.972903362475336</ele>
        <time>2026-09-17T13:09:28.300000Z</time>
        <extensions>
          <gpxtpx:TrackPointExtension>
            <gpxtpx:hr>159</gpxtpx:hr>
          </gpxtpx:TrackPointExtension>
        </extensions>
      </trkpt>
      <trkpt lat="28.23194342067562" lon="112.91317072920272">
        <ele>57.91426640935242</ele>
        <time>2026-09-17T13:09:29.300000Z</time>
        <extensions>
          <gpxtpx:TrackPointExtension>
            <gpxtpx:hr>159</gpxtpx:hr>
          </gpxtpx:TrackPointExtension>
        </extensions>
      </trkpt>
      <trkpt lat="28.231914841123523" lon="112.91316229532477">
        <ele>57.857385833747685</ele>
        <time>2026-09-17T13:09:30.300000Z</time>
        <extensions>
          <gpxtpx:TrackPointExtension>
            <gpxtpx:hr>159</gpxtpx:hr>
          </gpxtpx:TrackPointExtension>
        </extensions>
      </trkpt>
      <trkpt lat="28.23188600554525" lon="112.91315340854435">
        <ele>57.802293446846306</ele>
        <time>2026-09-17T13:09:31.300000Z</time>
        <extensions>
          <gpxtpx:TrackPointExtension>
            <gpxtpx:hr>159</gpxtpx:hr>
          </gpxtpx:TrackPointExtension>
        </extensions>
      </trkpt>
      <trkpt lat="28.23185703854869" lon="112.91314407541995">
        <ele>57.74975701421499</ele>
        <time>2026-09-17T13:09:32.300000Z</time>
        <extensions>
          <gpxtpx:TrackPointExtension>
            <gpxtpx:hr>159</gpxtpx:hr>
          </gpxtpx:TrackPointExtension>
        </extensions>
      </trkpt>
      <trkpt lat="28.231828030655052" lon="112.91313423992361">
        <ele>57.70076862256974</ele>
        <time>2026-09-17T13:09:33.300000Z</time>
        <extensions>
          <gpxtpx:TrackPointExtension>
            <gpxtpx:hr>159</gpxtpx:hr>
          </gpxtpx:TrackPointExtension>
        </extensions>
      </trkpt>
      <trkpt lat="28.23179901910118" lon="112.9131239568179">
        <ele>57.65473436843604</ele>
        <time>2026-09-17T13:09:34.300000Z</time>
        <extensions>
          <gpxtpx:TrackPointExtension>
            <gpxtpx:hr>159</gpxtpx:hr>
          </gpxtpx:TrackPointExtension>
        </extensions>
      </trkpt>
      <trkpt lat="28.231770017603225" lon="112.9131133083139">
        <ele>57.61039359681308</ele>
        <time>2026-09-17T13:09:35.300000Z</time>
        <extensions>
          <gpxtpx:TrackPointExtension>
            <gpxtpx:hr>159</gpxtpx:hr>
          </gpxtpx:TrackPointExtension>
        </extensions>
      </trkpt>
      <trkpt lat="28.23174126597467" lon="112.9131023549776">
        <ele>57.570138732902706</ele>
        <time>2026-09-17T13:09:36.300000Z</time>
        <extensions>
          <gpxtpx:TrackPointExtension>
            <gpxtpx:hr>159</gpxtpx:hr>
          </gpxtpx:TrackPointExtension>
        </extensions>
      </trkpt>
      <trkpt lat="28.231713042039857" lon="112.91309100625537">
        <ele>57.53310116752982</ele>
        <time>2026-09-17T13:09:37.300000Z</time>
        <extensions>
          <gpxtpx:TrackPointExtension>
            <gpxtpx:hr>159</gpxtpx:hr>
          </gpxtpx:TrackPointExtension>
        </extensions>
      </trkpt>
      <trkpt lat="28.231685286107282" lon="112.9130791808228">
        <ele>57.499649899080396</ele>
        <time>2026-09-17T13:09:38.300000Z</time>
        <extensions>
          <gpxtpx:TrackPointExtension>
            <gpxtpx:hr>159</gpxtpx:hr>
          </gpxtpx:TrackPointExtension>
        </extensions>
      </trkpt>
      <trkpt lat="28.231657882190472" lon="112.91306681562375">
        <ele>57.46944342646748</ele>
        <time>2026-09-17T13:09:39.300000Z</time>
        <extensions>
          <gpxtpx:TrackPointExtension>
            <gpxtpx:hr>159</gpxtpx:hr>
          </gpxtpx:TrackPointExtension>
        </extensions>
      </trkpt>
      <trkpt lat="28.231630700485788" lon="112.91305388306141">
        <ele>57.44102252367884</ele>
        <time>2026-09-17T13:09:40.300000Z</time>
        <extensions>
          <gpxtpx:TrackPointExtension>
            <gpxtpx:hr>159</gpxtpx:hr>
          </gpxtpx:TrackPointExtension>
        </extensions>
      </trkpt>
      <trkpt lat="28.231603689191335" lon="112.91304042781917">
        <ele>57.41568102966994</ele>
        <time>2026-09-17T13:09:41.300000Z</time>
        <extensions>
          <gpxtpx:TrackPointExtension>
            <gpxtpx:hr>159</gpxtpx:hr>
          </gpxtpx:TrackPointExtension>
        </extensions>
      </trkpt>
      <trkpt lat="28.231576831779844" lon="112.91302643226335">
        <ele>57.392629445530474</ele>
        <time>2026-09-17T13:09:42.300000Z</time>
        <extensions>
          <gpxtpx:TrackPointExtension>
            <gpxtpx:hr>159</gpxtpx:hr>
          </gpxtpx:TrackPointExtension>
        </extensions>
      </trkpt>
      <trkpt lat="28.231550130985973" lon="112.91301198597087">
        <ele>57.371518961153924</ele>
        <time>2026-09-17T13:09:43.300000Z</time>
        <extensions>
          <gpxtpx:TrackPointExtension>
            <gpxtpx:hr>159</gpxtpx:hr>
          </gpxtpx:TrackPointExtension>
        </extensions>
      </trkpt>
      <trkpt lat="28.231523516283502" lon="112.91299687611732">
        <ele>57.3518951209262</ele>
        <time>2026-09-17T13:09:44.300000Z</time>
        <extensions>
          <gpxtpx:TrackPointExtension>
            <gpxtpx:hr>159</gpxtpx:hr>
          </gpxtpx:TrackPointExtension>
        </extensions>
      </trkpt>
      <trkpt lat="28.231496819814463" lon="112.91298070254076">
        <ele>57.3345832452178</ele>
        <time>2026-09-17T13:09:45.300000Z</time>
        <extensions>
          <gpxtpx:TrackPointExtension>
            <gpxtpx:hr>159</gpxtpx:hr>
          </gpxtpx:TrackPointExtension>
        </extensions>
      </trkpt>
      <trkpt lat="28.231469889599563" lon="112.91296338147393">
        <ele>57.3192447219044</ele>
        <time>2026-09-17T13:09:46.300000Z</time>
        <extensions>
          <gpxtpx:TrackPointExtension>
            <gpxtpx:hr>158</gpxtpx:hr>
          </gpxtpx:TrackPointExtension>
        </extensions>
      </trkpt>
      <trkpt lat="28.23144286082102" lon="112.9129449799774">
        <ele>57.30583821423352</ele>
        <time>2026-09-17T13:09:47.300000Z</time>
        <extensions>
          <gpxtpx:TrackPointExtension>
            <gpxtpx:hr>158</gpxtpx:hr>
          </gpxtpx:TrackPointExtension>
        </extensions>
      </trkpt>
      <trkpt lat="28.2314160601166" lon="112.9129258597023">
        <ele>57.293785088695586</ele>
        <time>2026-09-17T13:09:48.300000Z</time>
        <extensions>
          <gpxtpx:TrackPointExtension>
            <gpxtpx:hr>158</gpxtpx:hr>
          </gpxtpx:TrackPointExtension>
        </extensions>
      </trkpt>
      <trkpt lat="28.2313897488204" lon="112.91290637952976">
        <ele>57.28382696211338</ele>
        <time>2026-09-17T13:09:49.300000Z</time>
        <extensions>
          <gpxtpx:TrackPointExtension>
            <gpxtpx:hr>158</gpxtpx:hr>
          </gpxtpx:TrackPointExtension>
        </extensions>
      </trkpt>
      <trkpt lat="28.231363724764286" lon="112.9128866663399">
        <ele>57.27512276172638</ele>
        <time>2026-09-17T13:09:50.300000Z</time>
        <extensions>
          <gpxtpx:TrackPointExtension>
            <gpxtpx:hr>158</gpxtpx:hr>
          </gpxtpx:TrackPointExtension>
        </extensions>
      </trkpt>
      <trkpt lat="28.231337993277837" lon="112.91286688100968">
        <ele>57.268178356811404</ele>
        <time>2026-09-17T13:09:51.300000Z</time>
        <extensions>
          <gpxtpx:TrackPointExtension>
            <gpxtpx:hr>158</gpxtpx:hr>
          </gpxtpx:TrackPointExtension>
        </extensions>
      </trkpt>
      <trkpt lat="28.231312630145037" lon="112.91284693630234">
        <ele>57.26224758382887</ele>
        <time>2026-09-17T13:09:52.300000Z</time>
        <extensions>
          <gpxtpx:TrackPointExtension>
            <gpxtpx:hr>158</gpxtpx:hr>
          </gpxtpx:TrackPointExtension>
        </extensions>
      </trkpt>
      <trkpt lat="28.231287712584997" lon="112.91282668802079">
        <ele>57.25825033057481</ele>
        <time>2026-09-17T13:09:53.300000Z</time>
        <extensions>
          <gpxtpx:TrackPointExtension>
            <gpxtpx:hr>158</gpxtpx:hr>
          </gpxtpx:TrackPointExtension>
        </extensions>
      </trkpt>
      <trkpt lat="28.231263230613216" lon="112.91280641021807">
        <ele>57.25644430425018</ele>
        <time>2026-09-17T13:09:54.300000Z</time>
        <extensions>
          <gpxtpx:TrackPointExtension>
            <gpxtpx:hr>158</gpxtpx:hr>
          </gpxtpx:TrackPointExtension>
        </extensions>
      </trkpt>
      <trkpt lat="28.231239055172395" lon="112.91278609072263">
        <ele>57.256927023641765</ele>
        <time>2026-09-17T13:09:55.300000Z</time>
        <extensions>
          <gpxtpx:TrackPointExtension>
            <gpxtpx:hr>158</gpxtpx:hr>
          </gpxtpx:TrackPointExtension>
        </extensions>
      </trkpt>
      <trkpt lat="28.231214975130783" lon="112.91276526409307">
        <ele>57.25921303965151</ele>
        <time>2026-09-17T13:09:56.300000Z</time>
        <extensions>
          <gpxtpx:TrackPointExtension>
            <gpxtpx:hr>159</gpxtpx:hr>
          </gpxtpx:TrackPointExtension>
        </extensions>
      </trkpt>
      <trkpt lat="28.231190925441638" lon="112.91274379152304">
        <ele>57.26349998731166</ele>
        <time>2026-09-17T13:09:57.300000Z</time>
        <extensions>
          <gpxtpx:TrackPointExtension>
            <gpxtpx:hr>159</gpxtpx:hr>
          </gpxtpx:TrackPointExtension>
        </extensions>
      </trkpt>
      <trkpt lat="28.231166874493436" lon="112.91272208557552">
        <ele>57.26983941625804</ele>
        <time>2026-09-17T13:09:58.300000Z</time>
        <extensions>
          <gpxtpx:TrackPointExtension>
            <gpxtpx:hr>159</gpxtpx:hr>
          </gpxtpx:TrackPointExtension>
        </extensions>
      </trkpt>
      <trkpt lat="28.23114284098572" lon="112.91270030776042">
        <ele>57.277898226864636</ele>
        <time>2026-09-17T13:09:59.300000Z</time>
        <extensions>
          <gpxtpx:TrackPointExtension>
            <gpxtpx:hr>159</gpxtpx:hr>
          </gpxtpx:TrackPointExtension>
        </extensions>
      </trkpt>
      <trkpt lat="28.231118834091724" lon="112.91267829387317">
        <ele>57.287190571427345</ele>
        <time>2026-09-17T13:10:00.200000Z</time>
        <extensions>
          <gpxtpx:TrackPointExtension>
            <gpxtpx:hr>158</gpxtpx:hr>
          </gpxtpx:TrackPointExtension>
        </extensions>
      </trkpt>
      <trkpt lat="28.231094845158676" lon="112.91265597392685">
        <ele>57.29737938940525</ele>
        <time>2026-09-17T13:10:01.200000Z</time>
        <extensions>
          <gpxtpx:TrackPointExtension>
            <gpxtpx:hr>158</gpxtpx:hr>
          </gpxtpx:TrackPointExtension>
        </extensions>
      </trkpt>
      <trkpt lat="28.23107081850788" lon="112.91263345102409">
        <ele>57.308802909217775</ele>
        <time>2026-09-17T13:10:02.200000Z</time>
        <extensions>
          <gpxtpx:TrackPointExtension>
            <gpxtpx:hr>158</gpxtpx:hr>
          </gpxtpx:TrackPointExtension>
        </extensions>
      </trkpt>
      <trkpt lat="28.23104686252462" lon="112.9126107969334">
        <ele>57.32028033118695</ele>
        <time>2026-09-17T13:10:03.200000Z</time>
        <extensions>
          <gpxtpx:TrackPointExtension>
            <gpxtpx:hr>158</gpxtpx:hr>
          </gpxtpx:TrackPointExtension>
        </extensions>
      </trkpt>
      <trkpt lat="28.231023069465515" lon="112.91258788526827">
        <ele>57.33188943285495</ele>
        <time>2026-09-17T13:10:04.200000Z</time>
        <extensions>
          <gpxtpx:TrackPointExtension>
            <gpxtpx:hr>158</gpxtpx:hr>
          </gpxtpx:TrackPointExtension>
        </extensions>
      </trkpt>
      <trkpt lat="28.230999357367928" lon="112.9125645772239">
        <ele>57.342675648629665</ele>
        <time>2026-09-17T13:10:05.200000Z</time>
        <extensions>
          <gpxtpx:TrackPointExtension>
            <gpxtpx:hr>158</gpxtpx:hr>
          </gpxtpx:TrackPointExtension>
        </extensions>
      </trkpt>
      <trkpt lat="28.230975704814565" lon="112.91254094028514">
        <ele>57.35274416394532</ele>
        <time>2026-09-17T13:10:06.200000Z</time>
        <extensions>
          <gpxtpx:TrackPointExtension>
            <gpxtpx:hr>158</gpxtpx:hr>
          </gpxtpx:TrackPointExtension>
        </extensions>
      </trkpt>
      <trkpt lat="28.230952192155165" lon="112.91251697118061">
        <ele>57.36191717442125</ele>
        <time>2026-09-17T13:10:07.200000Z</time>
        <extensions>
          <gpxtpx:TrackPointExtension>
            <gpxtpx:hr>158</gpxtpx:hr>
          </gpxtpx:TrackPointExtension>
        </extensions>
      </trkpt>
      <trkpt lat="28.23092895468076" lon="112.91249269950512">
        <ele>57.37019205559045</ele>
        <time>2026-09-17T13:10:08.200000Z</time>
        <extensions>
          <gpxtpx:TrackPointExtension>
            <gpxtpx:hr>158</gpxtpx:hr>
          </gpxtpx:TrackPointExtension>
        </extensions>
      </trkpt>
      <trkpt lat="28.230906105100694" lon="112.91246815254321">
        <ele>57.37727421335876</ele>
        <time>2026-09-17T13:10:09.200000Z</time>
        <extensions>
          <gpxtpx:TrackPointExtension>
            <gpxtpx:hr>158</gpxtpx:hr>
          </gpxtpx:TrackPointExtension>
        </extensions>
      </trkpt>
      <trkpt lat="28.230883910183696" lon="112.91244327753707">
        <ele>57.38298282306641</ele>
        <time>2026-09-17T13:10:10.200000Z</time>
        <extensions>
          <gpxtpx:TrackPointExtension>
            <gpxtpx:hr>158</gpxtpx:hr>
          </gpxtpx:TrackPointExtension>
        </extensions>
      </trkpt>
      <trkpt lat="28.230862761892894" lon="112.91241797549712">
        <ele>57.387561299838126</ele>
        <time>2026-09-17T13:10:11.200000Z</time>
        <extensions>
          <gpxtpx:TrackPointExtension>
            <gpxtpx:hr>156</gpxtpx:hr>
          </gpxtpx:TrackPointExtension>
        </extensions>
      </trkpt>
      <trkpt lat="28.230842819763076" lon="112.91239214431047">
        <ele>57.39047444798052</ele>
        <time>2026-09-17T13:10:12.200000Z</time>
        <extensions>
          <gpxtpx:TrackPointExtension>
            <gpxtpx:hr>156</gpxtpx:hr>
          </gpxtpx:TrackPointExtension>
        </extensions>
      </trkpt>
      <trkpt lat="28.230824097198898" lon="112.9123658724621">
        <ele>57.392252936027944</ele>
        <time>2026-09-17T13:10:13.200000Z</time>
        <extensions>
          <gpxtpx:TrackPointExtension>
            <gpxtpx:hr>156</gpxtpx:hr>
          </gpxtpx:TrackPointExtension>
        </extensions>
      </trkpt>
      <trkpt lat="28.230806674356984" lon="112.91233899156829">
        <ele>57.39346678648144</ele>
        <time>2026-09-17T13:10:14.200000Z</time>
        <extensions>
          <gpxtpx:TrackPointExtension>
            <gpxtpx:hr>156</gpxtpx:hr>
          </gpxtpx:TrackPointExtension>
        </extensions>
      </trkpt>
      <trkpt lat="28.230790286329015" lon="112.91231132570884">
        <ele>57.394360647536814</ele>
        <time>2026-09-17T13:10:15.200000Z</time>
        <extensions>
          <gpxtpx:TrackPointExtension>
            <gpxtpx:hr>156</gpxtpx:hr>
          </gpxtpx:TrackPointExtension>
        </extensions>
      </trkpt>
      <trkpt lat="28.23077402268673" lon="112.91228332308818">
        <ele>57.39536885544658</ele>
        <time>2026-09-17T13:10:16.200000Z</time>
        <extensions>
          <gpxtpx:TrackPointExtension>
            <gpxtpx:hr>156</gpxtpx:hr>
          </gpxtpx:TrackPointExtension>
        </extensions>
      </trkpt>
      <trkpt lat="28.230757570555582" lon="112.91225513213568">
        <ele>57.39641198609024</ele>
        <time>2026-09-17T13:10:17.200000Z</time>
        <extensions>
          <gpxtpx:TrackPointExtension>
            <gpxtpx:hr>157</gpxtpx:hr>
          </gpxtpx:TrackPointExtension>
        </extensions>
      </trkpt>
      <trkpt lat="28.230741296630864" lon="112.91222661933375">
        <ele>57.3980258051306</ele>
        <time>2026-09-17T13:10:18.200000Z</time>
        <extensions>
          <gpxtpx:TrackPointExtension>
            <gpxtpx:hr>157</gpxtpx:hr>
          </gpxtpx:TrackPointExtension>
        </extensions>
      </trkpt>
      <trkpt lat="28.230725290923463" lon="112.91219776702809">
        <ele>57.39993127807975</ele>
        <time>2026-09-17T13:10:19.200000Z</time>
        <extensions>
          <gpxtpx:TrackPointExtension>
            <gpxtpx:hr>157</gpxtpx:hr>
          </gpxtpx:TrackPointExtension>
        </extensions>
      </trkpt>
      <trkpt lat="28.23070982000935" lon="112.91216872808138">
        <ele>57.403708923608065</ele>
        <time>2026-09-17T13:10:20.200000Z</time>
        <extensions>
          <gpxtpx:TrackPointExtension>
            <gpxtpx:hr>157</gpxtpx:hr>
          </gpxtpx:TrackPointExtension>
        </extensions>
      </trkpt>
      <trkpt lat="28.230695015938792" lon="112.91213973985029">
        <ele>57.40851837489754</ele>
        <time>2026-09-17T13:10:21.200000Z</time>
        <extensions>
          <gpxtpx:TrackPointExtension>
            <gpxtpx:hr>157</gpxtpx:hr>
          </gpxtpx:TrackPointExtension>
        </extensions>
      </trkpt>
      <trkpt lat="28.23068072910938" lon="112.91211075703427">
        <ele>57.414785077795386</ele>
        <time>2026-09-17T13:10:22.200000Z</time>
        <extensions>
          <gpxtpx:TrackPointExtension>
            <gpxtpx:hr>159</gpxtpx:hr>
          </gpxtpx:TrackPointExtension>
        </extensions>
      </trkpt>
      <trkpt lat="28.230666729721488" lon="112.91208159606681">
        <ele>57.4233672330156</ele>
        <time>2026-09-17T13:10:23.200000Z</time>
        <extensions>
          <gpxtpx:TrackPointExtension>
            <gpxtpx:hr>159</gpxtpx:hr>
          </gpxtpx:TrackPointExtension>
        </extensions>
      </trkpt>
      <trkpt lat="28.230652833675897" lon="112.9120523501947">
        <ele>57.43433286435902</ele>
        <time>2026-09-17T13:10:24.200000Z</time>
        <extensions>
          <gpxtpx:TrackPointExtension>
            <gpxtpx:hr>159</gpxtpx:hr>
          </gpxtpx:TrackPointExtension>
        </extensions>
      </trkpt>
      <trkpt lat="28.230639064006816" lon="112.91202318919431">
        <ele>57.44843071512878</ele>
        <time>2026-09-17T13:10:25.200000Z</time>
        <extensions>
          <gpxtpx:TrackPointExtension>
            <gpxtpx:hr>159</gpxtpx:hr>
          </gpxtpx:TrackPointExtension>
        </extensions>
      </trkpt>
      <trkpt lat="28.230625625098224" lon="112.91199410013716">
        <ele>57.46491388976574</ele>
        <time>2026-09-17T13:10:26.200000Z</time>
        <extensions>
          <gpxtpx:TrackPointExtension>
            <gpxtpx:hr>159</gpxtpx:hr>
          </gpxtpx:TrackPointExtension>
        </extensions>
      </trkpt>
      <trkpt lat="28.230612819806584" lon="112.91196513964316">
        <ele>57.48451530653983</ele>
        <time>2026-09-17T13:10:27.200000Z</time>
        <extensions>
          <gpxtpx:TrackPointExtension>
            <gpxtpx:hr>162</gpxtpx:hr>
          </gpxtpx:TrackPointExtension>
        </extensions>
      </trkpt>
      <trkpt lat="28.230600909151043" lon="112.91193645387807">
        <ele>57.50716953072697</ele>
        <time>2026-09-17T13:10:28.200000Z</time>
        <extensions>
          <gpxtpx:TrackPointExtension>
            <gpxtpx:hr>162</gpxtpx:hr>
          </gpxtpx:TrackPointExtension>
        </extensions>
      </trkpt>
      <trkpt lat="28.230589877710628" lon="112.91190792348864">
        <ele>57.53174879588187</ele>
        <time>2026-09-17T13:10:29.200000Z</time>
        <extensions>
          <gpxtpx:TrackPointExtension>
            <gpxtpx:hr>162</gpxtpx:hr>
          </gpxtpx:TrackPointExtension>
        </extensions>
      </trkpt>
      <trkpt lat="28.23057962427272" lon="112.91187943529133">
        <ele>57.557975286617875</ele>
        <time>2026-09-17T13:10:30.200000Z</time>
        <extensions>
          <gpxtpx:TrackPointExtension>
            <gpxtpx:hr>162</gpxtpx:hr>
          </gpxtpx:TrackPointExtension>
        </extensions>
      </trkpt>
      <trkpt lat="28.23057080891013" lon="112.91185102346935">
        <ele>57.58566299267113</ele>
        <time>2026-09-17T13:10:31.200000Z</time>
        <extensions>
          <gpxtpx:TrackPointExtension>
            <gpxtpx:hr>162</gpxtpx:hr>
          </gpxtpx:TrackPointExtension>
        </extensions>
      </trkpt>
      <trkpt lat="28.230564310105848" lon="112.91182303068494">
        <ele>57.613682590425014</ele>
        <time>2026-09-17T13:10:32.200000Z</time>
        <extensions>
          <gpxtpx:TrackPointExtension>
            <gpxtpx:hr>161</gpxtpx:hr>
          </gpxtpx:TrackPointExtension>
        </extensions>
      </trkpt>
      <trkpt lat="28.230560468862162" lon="112.91179601487815">
        <ele>57.64243471715599</ele>
        <time>2026-09-17T13:10:33.200000Z</time>
        <extensions>
          <gpxtpx:TrackPointExtension>
            <gpxtpx:hr>161</gpxtpx:hr>
          </gpxtpx:TrackPointExtension>
        </extensions>
      </trkpt>
      <trkpt lat="28.23056019722876" lon="112.91177056101283">
        <ele>57.671832342632115</ele>
        <time>2026-09-17T13:10:34.200000Z</time>
        <extensions>
          <gpxtpx:TrackPointExtension>
            <gpxtpx:hr>161</gpxtpx:hr>
          </gpxtpx:TrackPointExtension>
        </extensions>
      </trkpt>
      <trkpt lat="28.230563144782902" lon="112.91174710617676">
        <ele>57.7021475629881</ele>
        <time>2026-09-17T13:10:35.200000Z</time>
        <extensions>
          <gpxtpx:TrackPointExtension>
            <gpxtpx:hr>161</gpxtpx:hr>
          </gpxtpx:TrackPointExtension>
        </extensions>
      </trkpt>
      <trkpt lat="28.230566652631477" lon="112.91172569188171">
        <ele>57.73303180374205</ele>
        <time>2026-09-17T13:10:36.200000Z</time>
        <extensions>
          <gpxtpx:TrackPointExtension>
            <gpxtpx:hr>162</gpxtpx:hr>
          </gpxtpx:TrackPointExtension>
        </extensions>
      </trkpt>
      <trkpt lat="28.230568849308696" lon="112.91170622412963">
        <ele>57.764190159738064</ele>
        <time>2026-09-17T13:10:37.200000Z</time>
        <extensions>
          <gpxtpx:TrackPointExtension>
            <gpxtpx:hr>162</gpxtpx:hr>
          </gpxtpx:TrackPointExtension>
        </extensions>
      </trkpt>
      <trkpt lat="28.230568464746526" lon="112.9116887815923">
        <ele>57.796565112657845</ele>
        <time>2026-09-17T13:10:38.200000Z</time>
        <extensions>
          <gpxtpx:TrackPointExtension>
            <gpxtpx:hr>162</gpxtpx:hr>
          </gpxtpx:TrackPointExtension>
        </extensions>
      </trkpt>
      <trkpt lat="28.23056391371353" lon="112.91167410800288">
        <ele>57.829567704349756</ele>
        <time>2026-09-17T13:10:39.200000Z</time>
        <extensions>
          <gpxtpx:TrackPointExtension>
            <gpxtpx:hr>162</gpxtpx:hr>
          </gpxtpx:TrackPointExtension>
        </extensions>
      </trkpt>
      <trkpt lat="28.230555615202025" lon="112.91166227016025">
        <ele>57.863426491618156</ele>
        <time>2026-09-17T13:10:40.200000Z</time>
        <extensions>
          <gpxtpx:TrackPointExtension>
            <gpxtpx:hr>162</gpxtpx:hr>
          </gpxtpx:TrackPointExtension>
        </extensions>
      </trkpt>
      <trkpt lat="28.230545438935014" lon="112.91165221761425">
        <ele>57.89895991701633</ele>
        <time>2026-09-17T13:10:41.200000Z</time>
        <extensions>
          <gpxtpx:TrackPointExtension>
            <gpxtpx:hr>162</gpxtpx:hr>
          </gpxtpx:TrackPointExtension>
        </extensions>
      </trkpt>
      <trkpt lat="28.23053486950795" lon="112.91164287434216">
        <ele>57.93581239506602</ele>
        <time>2026-09-17T13:10:42.200000Z</time>
        <extensions>
          <gpxtpx:TrackPointExtension>
            <gpxtpx:hr>165</gpxtpx:hr>
          </gpxtpx:TrackPointExtension>
        </extensions>
      </trkpt>
      <trkpt lat="28.230525494621933" lon="112.91163334442246">
        <ele>57.97421561833471</ele>
        <time>2026-09-17T13:10:43.200000Z</time>
        <extensions>
          <gpxtpx:TrackPointExtension>
            <gpxtpx:hr>165</gpxtpx:hr>
          </gpxtpx:TrackPointExtension>
        </extensions>
      </trkpt>
      <trkpt lat="28.23051909738019" lon="112.91162307449773">
        <ele>58.014325252734125</ele>
        <time>2026-09-17T13:10:44.200000Z</time>
        <extensions>
          <gpxtpx:TrackPointExtension>
            <gpxtpx:hr>165</gpxtpx:hr>
          </gpxtpx:TrackPointExtension>
        </extensions>
      </trkpt>
      <trkpt lat="28.230515786984824" lon="112.91161230438776">
        <ele>58.05630729254335</ele>
        <time>2026-09-17T13:10:45.200000Z</time>
        <extensions>
          <gpxtpx:TrackPointExtension>
            <gpxtpx:hr>165</gpxtpx:hr>
          </gpxtpx:TrackPointExtension>
        </extensions>
      </trkpt>
      <trkpt lat="28.23051408710063" lon="112.91160182706041">
        <ele>58.099475055933</ele>
        <time>2026-09-17T13:10:46.200000Z</time>
        <extensions>
          <gpxtpx:TrackPointExtension>
            <gpxtpx:hr>165</gpxtpx:hr>
          </gpxtpx:TrackPointExtension>
        </extensions>
      </trkpt>
      <trkpt lat="28.230513156456244" lon="112.9115918961383">
        <ele>58.1433476889506</ele>
        <time>2026-09-17T13:10:47.200000Z</time>
        <extensions>
          <gpxtpx:TrackPointExtension>
            <gpxtpx:hr>165</gpxtpx:hr>
          </gpxtpx:TrackPointExtension>
        </extensions>
      </trkpt>
      <trkpt lat="28.230512570714918" lon="112.9115819924388">
        <ele>58.18870132602751</ele>
        <time>2026-09-17T13:10:48.200000Z</time>
        <extensions>
          <gpxtpx:TrackPointExtension>
            <gpxtpx:hr>165</gpxtpx:hr>
          </gpxtpx:TrackPointExtension>
        </extensions>
      </trkpt>
      <trkpt lat="28.230511948682654" lon="112.91157143249258">
        <ele>58.235260979272425</ele>
        <time>2026-09-17T13:10:49.200000Z</time>
        <extensions>
          <gpxtpx:TrackPointExtension>
            <gpxtpx:hr>165</gpxtpx:hr>
          </gpxtpx:TrackPointExtension>
        </extensions>
      </trkpt>
      <trkpt lat="28.23051101816692" lon="112.91156006646706">
        <ele>58.282065557315946</ele>
        <time>2026-09-17T13:10:50.200000Z</time>
        <extensions>
          <gpxtpx:TrackPointExtension>
            <gpxtpx:hr>165</gpxtpx:hr>
          </gpxtpx:TrackPointExtension>
        </extensions>
      </trkpt>
      <trkpt lat="28.230509755225455" lon="112.91154785689106">
        <ele>58.329392093233764</ele>
        <time>2026-09-17T13:10:51.100000Z</time>
        <extensions>
          <gpxtpx:TrackPointExtension>
            <gpxtpx:hr>165</gpxtpx:hr>
          </gpxtpx:TrackPointExtension>
        </extensions>
      </trkpt>
      <trkpt lat="28.230508334698552" lon="112.91153479839294">
        <ele>58.376288540661335</ele>
        <time>2026-09-17T13:10:52.100000Z</time>
        <extensions>
          <gpxtpx:TrackPointExtension>
            <gpxtpx:hr>166</gpxtpx:hr>
          </gpxtpx:TrackPointExtension>
        </extensions>
      </trkpt>
      <trkpt lat="28.230507043514976" lon="112.91152106844811">
        <ele>58.42311825416982</ele>
        <time>2026-09-17T13:10:53.100000Z</time>
        <extensions>
          <gpxtpx:TrackPointExtension>
            <gpxtpx:hr>166</gpxtpx:hr>
          </gpxtpx:TrackPointExtension>
        </extensions>
      </trkpt>
      <trkpt lat="28.230506099233033" lon="112.91150699149125">
        <ele>58.46906428318471</ele>
        <time>2026-09-17T13:10:54.100000Z</time>
        <extensions>
          <gpxtpx:TrackPointExtension>
            <gpxtpx:hr>166</gpxtpx:hr>
          </gpxtpx:TrackPointExtension>
        </extensions>
      </trkpt>
      <trkpt lat="28.230505437135434" lon="112.91149319816296">
        <ele>58.51343410369009</ele>
        <time>2026-09-17T13:10:55.100000Z</time>
        <extensions>
          <gpxtpx:TrackPointExtension>
            <gpxtpx:hr>166</gpxtpx:hr>
          </gpxtpx:TrackPointExtension>
        </extensions>
      </trkpt>
      <trkpt lat="28.230504813391505" lon="112.9114799082339">
        <ele>58.55790909565985</ele>
        <time>2026-09-17T13:10:56.100000Z</time>
        <extensions>
          <gpxtpx:TrackPointExtension>
            <gpxtpx:hr>166</gpxtpx:hr>
          </gpxtpx:TrackPointExtension>
        </extensions>
      </trkpt>
      <trkpt lat="28.23050417466604" lon="112.91146684046784">
        <ele>58.60185795929283</ele>
        <time>2026-09-17T13:10:57.100000Z</time>
        <extensions>
          <gpxtpx:TrackPointExtension>
            <gpxtpx:hr>166</gpxtpx:hr>
          </gpxtpx:TrackPointExtension>
        </extensions>
      </trkpt>
      <trkpt lat="28.230503527098076" lon="112.9114537330315">
        <ele>58.644571559503675</ele>
        <time>2026-09-17T13:10:58.100000Z</time>
        <extensions>
          <gpxtpx:TrackPointExtension>
            <gpxtpx:hr>165</gpxtpx:hr>
          </gpxtpx:TrackPointExtension>
        </extensions>
      </trkpt>
      <trkpt lat="28.230502796675037" lon="112.91144045594955">
        <ele>58.68656558543444</ele>
        <time>2026-09-17T13:10:59.100000Z</time>
        <extensions>
          <gpxtpx:TrackPointExtension>
            <gpxtpx:hr>165</gpxtpx:hr>
          </gpxtpx:TrackPointExtension>
        </extensions>
      </trkpt>
      <trkpt lat="28.23050207806422" lon="112.91142704494092">
        <ele>58.72774426173419</ele>
        <time>2026-09-17T13:11:00.100000Z</time>
        <extensions>
          <gpxtpx:TrackPointExtension>
            <gpxtpx:hr>165</gpxtpx:hr>
          </gpxtpx:TrackPointExtension>
        </extensions>
      </trkpt>
      <trkpt lat="28.230500930527338" lon="112.9114130084747">
        <ele>58.76870486419648</ele>
        <time>2026-09-17T13:11:01.100000Z</time>
        <extensions>
          <gpxtpx:TrackPointExtension>
            <gpxtpx:hr>165</gpxtpx:hr>
          </gpxtpx:TrackPointExtension>
        </extensions>
      </trkpt>
      <trkpt lat="28.23049862034722" lon="112.91139777005986">
        <ele>58.809213971719146</ele>
        <time>2026-09-17T13:11:02.100000Z</time>
        <extensions>
          <gpxtpx:TrackPointExtension>
            <gpxtpx:hr>165</gpxtpx:hr>
          </gpxtpx:TrackPointExtension>
        </extensions>
      </trkpt>
      <trkpt lat="28.230494604345253" lon="112.91138145915934">
        <ele>58.849380411207676</ele>
        <time>2026-09-17T13:11:03.100000Z</time>
        <extensions>
          <gpxtpx:TrackPointExtension>
            <gpxtpx:hr>166</gpxtpx:hr>
          </gpxtpx:TrackPointExtension>
        </extensions>
      </trkpt>
      <trkpt lat="28.230487859515552" lon="112.9113644391006">
        <ele>58.89074340928346</ele>
        <time>2026-09-17T13:11:04.100000Z</time>
        <extensions>
          <gpxtpx:TrackPointExtension>
            <gpxtpx:hr>166</gpxtpx:hr>
          </gpxtpx:TrackPointExtension>
        </extensions>
      </trkpt>
      <trkpt lat="28.23047848146871" lon="112.91134735597579">
        <ele>58.9324353588745</ele>
        <time>2026-09-17T13:11:05.100000Z</time>
        <extensions>
          <gpxtpx:TrackPointExtension>
            <gpxtpx:hr>166</gpxtpx:hr>
          </gpxtpx:TrackPointExtension>
        </extensions>
      </trkpt>
      <trkpt lat="28.23046724209882" lon="112.91133003508314">
        <ele>58.974936394020915</ele>
        <time>2026-09-17T13:11:06.100000Z</time>
        <extensions>
          <gpxtpx:TrackPointExtension>
            <gpxtpx:hr>166</gpxtpx:hr>
          </gpxtpx:TrackPointExtension>
        </extensions>
      </trkpt>
      <trkpt lat="28.23045486678389" lon="112.91131245723653">
        <ele>59.020308531820774</ele>
        <time>2026-09-17T13:11:07.100000Z</time>
        <extensions>
          <gpxtpx:TrackPointExtension>
            <gpxtpx:hr>166</gpxtpx:hr>
          </gpxtpx:TrackPointExtension>
        </extensions>
      </trkpt>
      <trkpt lat="28.230441628035077" lon="112.91129454906687">
        <ele>59.06566888000816</ele>
        <time>2026-09-17T13:11:08.100000Z</time>
        <extensions>
          <gpxtpx:TrackPointExtension>
            <gpxtpx:hr>165</gpxtpx:hr>
          </gpxtpx:TrackPointExtension>
        </extensions>
      </trkpt>
      <trkpt lat="28.230427521555047" lon="112.91127608840131">
        <ele>59.11230773944408</ele>
        <time>2026-09-17T13:11:09.100000Z</time>
        <extensions>
          <gpxtpx:TrackPointExtension>
            <gpxtpx:hr>165</gpxtpx:hr>
          </gpxtpx:TrackPointExtension>
        </extensions>
      </trkpt>
      <trkpt lat="28.230412178310676" lon="112.91125629355537">
        <ele>59.16276192571968</ele>
        <time>2026-09-17T13:11:10.100000Z</time>
        <extensions>
          <gpxtpx:TrackPointExtension>
            <gpxtpx:hr>165</gpxtpx:hr>
          </gpxtpx:TrackPointExtension>
        </extensions>
      </trkpt>
      <trkpt lat="28.2303951554229" lon="112.911234198636">
        <ele>59.21708725579083</ele>
        <time>2026-09-17T13:11:11.100000Z</time>
        <extensions>
          <gpxtpx:TrackPointExtension>
            <gpxtpx:hr>165</gpxtpx:hr>
          </gpxtpx:TrackPointExtension>
        </extensions>
      </trkpt>
      <trkpt lat="28.230377366028634" lon="112.9112106070432">
        <ele>59.27637731283903</ele>
        <time>2026-09-17T13:11:12.100000Z</time>
        <extensions>
          <gpxtpx:TrackPointExtension>
            <gpxtpx:hr>165</gpxtpx:hr>
          </gpxtpx:TrackPointExtension>
        </extensions>
      </trkpt>
      <trkpt lat="28.23035938593627" lon="112.91118639885154">
        <ele>59.3377444203943</ele>
        <time>2026-09-17T13:11:13.100000Z</time>
        <extensions>
          <gpxtpx:TrackPointExtension>
            <gpxtpx:hr>165</gpxtpx:hr>
          </gpxtpx:TrackPointExtension>
        </extensions>
      </trkpt>
      <trkpt lat="28.23034156477665" lon="112.91116192095002">
        <ele>59.40307402983308</ele>
        <time>2026-09-17T13:11:14.100000Z</time>
        <extensions>
          <gpxtpx:TrackPointExtension>
            <gpxtpx:hr>165</gpxtpx:hr>
          </gpxtpx:TrackPointExtension>
        </extensions>
      </trkpt>
      <trkpt lat="28.23032448154569" lon="112.91113710075696">
        <ele>59.472238374873996</ele>
        <time>2026-09-17T13:11:15.100000Z</time>
        <extensions>
          <gpxtpx:TrackPointExtension>
            <gpxtpx:hr>165</gpxtpx:hr>
          </gpxtpx:TrackPointExtension>
        </extensions>
      </trkpt>
      <trkpt lat="28.230308512445838" lon="112.91111190422296">
        <ele>59.546124215237796</ele>
        <time>2026-09-17T13:11:16.100000Z</time>
        <extensions>
          <gpxtpx:TrackPointExtension>
            <gpxtpx:hr>165</gpxtpx:hr>
          </gpxtpx:TrackPointExtension>
        </extensions>
      </trkpt>
      <trkpt lat="28.230292509180895" lon="112.91108739421645">
        <ele>59.62134719826281</ele>
        <time>2026-09-17T13:11:17.100000Z</time>
        <extensions>
          <gpxtpx:TrackPointExtension>
            <gpxtpx:hr>165</gpxtpx:hr>
          </gpxtpx:TrackPointExtension>
        </extensions>
      </trkpt>
      <trkpt lat="28.23027528275982" lon="112.91106467326706">
        <ele>59.6996525619179</ele>
        <time>2026-09-17T13:11:18.100000Z</time>
        <extensions>
          <gpxtpx:TrackPointExtension>
            <gpxtpx:hr>165</gpxtpx:hr>
          </gpxtpx:TrackPointExtension>
        </extensions>
      </trkpt>
      <trkpt lat="28.230257016761716" lon="112.91104325465555">
        <ele>59.7807440739125</ele>
        <time>2026-09-17T13:11:19.100000Z</time>
        <extensions>
          <gpxtpx:TrackPointExtension>
            <gpxtpx:hr>165</gpxtpx:hr>
          </gpxtpx:TrackPointExtension>
        </extensions>
      </trkpt>
      <trkpt lat="28.230237887989553" lon="112.9110219187122">
        <ele>59.86164756771177</ele>
        <time>2026-09-17T13:11:20.100000Z</time>
        <extensions>
          <gpxtpx:TrackPointExtension>
            <gpxtpx:hr>165</gpxtpx:hr>
          </gpxtpx:TrackPointExtension>
        </extensions>
      </trkpt>
      <trkpt lat="28.23021829731629" lon="112.91099999017486">
        <ele>59.94446605630219</ele>
        <time>2026-09-17T13:11:21.100000Z</time>
        <extensions>
          <gpxtpx:TrackPointExtension>
            <gpxtpx:hr>166</gpxtpx:hr>
          </gpxtpx:TrackPointExtension>
        </extensions>
      </trkpt>
      <trkpt lat="28.23019862439632" lon="112.91097774860535">
        <ele>60.028297304175794</ele>
        <time>2026-09-17T13:11:22.100000Z</time>
        <extensions>
          <gpxtpx:TrackPointExtension>
            <gpxtpx:hr>166</gpxtpx:hr>
          </gpxtpx:TrackPointExtension>
        </extensions>
      </trkpt>
      <trkpt lat="28.230178841616215" lon="112.91095563851711">
        <ele>60.112131053581834</ele>
        <time>2026-09-17T13:11:23.100000Z</time>
        <extensions>
          <gpxtpx:TrackPointExtension>
            <gpxtpx:hr>166</gpxtpx:hr>
          </gpxtpx:TrackPointExtension>
        </extensions>
      </trkpt>
      <trkpt lat="28.23015884500527" lon="112.910933665237">
        <ele>60.19691495411098</ele>
        <time>2026-09-17T13:11:24.100000Z</time>
        <extensions>
          <gpxtpx:TrackPointExtension>
            <gpxtpx:hr>166</gpxtpx:hr>
          </gpxtpx:TrackPointExtension>
        </extensions>
      </trkpt>
      <trkpt lat="28.2301385907028" lon="112.9109116278852">
        <ele>60.27959556505084</ele>
        <time>2026-09-17T13:11:25.100000Z</time>
        <extensions>
          <gpxtpx:TrackPointExtension>
            <gpxtpx:hr>166</gpxtpx:hr>
          </gpxtpx:TrackPointExtension>
        </extensions>
      </trkpt>
      <trkpt lat="28.230118134113876" lon="112.91088952433202">
        <ele>60.36263674031943</ele>
        <time>2026-09-17T13:11:26.100000Z</time>
        <extensions>
          <gpxtpx:TrackPointExtension>
            <gpxtpx:hr>166</gpxtpx:hr>
          </gpxtpx:TrackPointExtension>
        </extensions>
      </trkpt>
      <trkpt lat="28.23009755824525" lon="112.91086720499734">
        <ele>60.44550704304129</ele>
        <time>2026-09-17T13:11:27.100000Z</time>
        <extensions>
          <gpxtpx:TrackPointExtension>
            <gpxtpx:hr>166</gpxtpx:hr>
          </gpxtpx:TrackPointExtension>
        </extensions>
      </trkpt>
      <trkpt lat="28.230076928422477" lon="112.91084468857571">
        <ele>60.52833490353078</ele>
        <time>2026-09-17T13:11:28.100000Z</time>
        <extensions>
          <gpxtpx:TrackPointExtension>
            <gpxtpx:hr>166</gpxtpx:hr>
          </gpxtpx:TrackPointExtension>
        </extensions>
      </trkpt>
      <trkpt lat="28.230056293097014" lon="112.91082206950787">
        <ele>60.61128442082554</ele>
        <time>2026-09-17T13:11:29.100000Z</time>
        <extensions>
          <gpxtpx:TrackPointExtension>
            <gpxtpx:hr>166</gpxtpx:hr>
          </gpxtpx:TrackPointExtension>
        </extensions>
      </trkpt>
      <trkpt lat="28.230035713235402" lon="112.91079953226361">
        <ele>60.69406783860177</ele>
        <time>2026-09-17T13:11:30.100000Z</time>
        <extensions>
          <gpxtpx:TrackPointExtension>
            <gpxtpx:hr>166</gpxtpx:hr>
          </gpxtpx:TrackPointExtension>
        </extensions>
      </trkpt>
      <trkpt lat="28.230015130656547" lon="112.91077747850002">
        <ele>60.77693058736622</ele>
        <time>2026-09-17T13:11:31.100000Z</time>
        <extensions>
          <gpxtpx:TrackPointExtension>
            <gpxtpx:hr>166</gpxtpx:hr>
          </gpxtpx:TrackPointExtension>
        </extensions>
      </trkpt>
      <trkpt lat="28.229994357417517" lon="112.91075601067463">
        <ele>60.8588303104043</ele>
        <time>2026-09-17T13:11:32.100000Z</time>
        <extensions>
          <gpxtpx:TrackPointExtension>
            <gpxtpx:hr>166</gpxtpx:hr>
          </gpxtpx:TrackPointExtension>
        </extensions>
      </trkpt>
      <trkpt lat="28.22997324653191" lon="112.9107352228078">
        <ele>60.93819037824869</ele>
        <time>2026-09-17T13:11:33.100000Z</time>
        <extensions>
          <gpxtpx:TrackPointExtension>
            <gpxtpx:hr>166</gpxtpx:hr>
          </gpxtpx:TrackPointExtension>
        </extensions>
      </trkpt>
      <trkpt lat="28.229951670520467" lon="112.91071513009827">
        <ele>61.015137310139835</ele>
        <time>2026-09-17T13:11:34.100000Z</time>
        <extensions>
          <gpxtpx:TrackPointExtension>
            <gpxtpx:hr>166</gpxtpx:hr>
          </gpxtpx:TrackPointExtension>
        </extensions>
      </trkpt>
      <trkpt lat="28.229929774845246" lon="112.91069546289135">
        <ele>61.08987401239574</ele>
        <time>2026-09-17T13:11:35.100000Z</time>
        <extensions>
          <gpxtpx:TrackPointExtension>
            <gpxtpx:hr>166</gpxtpx:hr>
          </gpxtpx:TrackPointExtension>
        </extensions>
      </trkpt>
      <trkpt lat="28.229907978895152" lon="112.91067601344331">
        <ele>61.16042014490813</ele>
        <time>2026-09-17T13:11:36.100000Z</time>
        <extensions>
          <gpxtpx:TrackPointExtension>
            <gpxtpx:hr>166</gpxtpx:hr>
          </gpxtpx:TrackPointExtension>
        </extensions>
      </trkpt>
      <trkpt lat="28.229886490076733" lon="112.91065679123021">
        <ele>61.225851314142346</ele>
        <time>2026-09-17T13:11:37.100000Z</time>
        <extensions>
          <gpxtpx:TrackPointExtension>
            <gpxtpx:hr>167</gpxtpx:hr>
          </gpxtpx:TrackPointExtension>
        </extensions>
      </trkpt>
      <trkpt lat="28.229865238515483" lon="112.9106379723397">
        <ele>61.286250052042305</ele>
        <time>2026-09-17T13:11:38.100000Z</time>
        <extensions>
          <gpxtpx:TrackPointExtension>
            <gpxtpx:hr>167</gpxtpx:hr>
          </gpxtpx:TrackPointExtension>
        </extensions>
      </trkpt>
      <trkpt lat="28.22984403426868" lon="112.91061968496324">
        <ele>61.33994188439101</ele>
        <time>2026-09-17T13:11:39.100000Z</time>
        <extensions>
          <gpxtpx:TrackPointExtension>
            <gpxtpx:hr>167</gpxtpx:hr>
          </gpxtpx:TrackPointExtension>
        </extensions>
      </trkpt>
      <trkpt lat="28.229822687054828" lon="112.91060215749299">
        <ele>61.387753180228174</ele>
        <time>2026-09-17T13:11:40.100000Z</time>
        <extensions>
          <gpxtpx:TrackPointExtension>
            <gpxtpx:hr>167</gpxtpx:hr>
          </gpxtpx:TrackPointExtension>
        </extensions>
      </trkpt>
      <trkpt lat="28.229801387105272" lon="112.91058521347213">
        <ele>61.42830712720752</ele>
        <time>2026-09-17T13:11:41.100000Z</time>
        <extensions>
          <gpxtpx:TrackPointExtension>
            <gpxtpx:hr>167</gpxtpx:hr>
          </gpxtpx:TrackPointExtension>
        </extensions>
      </trkpt>
      <trkpt lat="28.22978076662027" lon="112.91056814768669">
        <ele>61.462711434811354</ele>
        <time>2026-09-17T13:11:42Z</time>
        <extensions>
          <gpxtpx:TrackPointExtension>
            <gpxtpx:hr>167</gpxtpx:hr>
          </gpxtpx:TrackPointExtension>
        </extensions>
      </trkpt>
      <trkpt lat="28.229761416914627" lon="112.91055020826622">
        <ele>61.49104977399111</ele>
        <time>2026-09-17T13:11:43Z</time>
        <extensions>
          <gpxtpx:TrackPointExtension>
            <gpxtpx:hr>167</gpxtpx:hr>
          </gpxtpx:TrackPointExtension>
        </extensions>
      </trkpt>
      <trkpt lat="28.22974379724171" lon="112.91053055522075">
        <ele>61.51173074264079</ele>
        <time>2026-09-17T13:11:44Z</time>
        <extensions>
          <gpxtpx:TrackPointExtension>
            <gpxtpx:hr>167</gpxtpx:hr>
          </gpxtpx:TrackPointExtension>
        </extensions>
      </trkpt>
      <trkpt lat="28.229728405942584" lon="112.91050901589762">
        <ele>61.52676705829799</ele>
        <time>2026-09-17T13:11:45Z</time>
        <extensions>
          <gpxtpx:TrackPointExtension>
            <gpxtpx:hr>167</gpxtpx:hr>
          </gpxtpx:TrackPointExtension>
        </extensions>
      </trkpt>
      <trkpt lat="28.229715647372878" lon="112.91048578804958">
        <ele>61.53603077027947</ele>
        <time>2026-09-17T13:11:46Z</time>
        <extensions>
          <gpxtpx:TrackPointExtension>
            <gpxtpx:hr>167</gpxtpx:hr>
          </gpxtpx:TrackPointExtension>
        </extensions>
      </trkpt>
      <trkpt lat="28.229705091783554" lon="112.91046170567654">
        <ele>61.53839331958443</ele>
        <time>2026-09-17T13:11:47Z</time>
        <extensions>
          <gpxtpx:TrackPointExtension>
            <gpxtpx:hr>167</gpxtpx:hr>
          </gpxtpx:TrackPointExtension>
        </extensions>
      </trkpt>
      <trkpt lat="28.229693127595407" lon="112.91043863399354">
        <ele>61.53617755044252</ele>
        <time>2026-09-17T13:11:48Z</time>
        <extensions>
          <gpxtpx:TrackPointExtension>
            <gpxtpx:hr>167</gpxtpx:hr>
          </gpxtpx:TrackPointExtension>
        </extensions>
      </trkpt>
      <trkpt lat="28.22967761114528" lon="112.91041750478342">
        <ele>61.52821972966194</ele>
        <time>2026-09-17T13:11:49Z</time>
        <extensions>
          <gpxtpx:TrackPointExtension>
            <gpxtpx:hr>167</gpxtpx:hr>
          </gpxtpx:TrackPointExtension>
        </extensions>
      </trkpt>
      <trkpt lat="28.22966012602388" lon="112.91039760357235">
        <ele>61.51535257138312</ele>
        <time>2026-09-17T13:11:50Z</time>
        <extensions>
          <gpxtpx:TrackPointExtension>
            <gpxtpx:hr>167</gpxtpx:hr>
          </gpxtpx:TrackPointExtension>
        </extensions>
      </trkpt>
      <trkpt lat="28.22964174559787" lon="112.91037805750055">
        <ele>61.49696702416986</ele>
        <time>2026-09-17T13:11:51Z</time>
        <extensions>
          <gpxtpx:TrackPointExtension>
            <gpxtpx:hr>167</gpxtpx:hr>
          </gpxtpx:TrackPointExtension>
        </extensions>
      </trkpt>
      <trkpt lat="28.22962271446483" lon="112.91035886795981">
        <ele>61.47358465846628</ele>
        <time>2026-09-17T13:11:52Z</time>
        <extensions>
          <gpxtpx:TrackPointExtension>
            <gpxtpx:hr>167</gpxtpx:hr>
          </gpxtpx:TrackPointExtension>
        </extensions>
      </trkpt>
      <trkpt lat="28.229603153821476" lon="112.9103402183032">
        <ele>61.445536594837904</ele>
        <time>2026-09-17T13:11:53Z</time>
        <extensions>
          <gpxtpx:TrackPointExtension>
            <gpxtpx:hr>167</gpxtpx:hr>
          </gpxtpx:TrackPointExtension>
        </extensions>
      </trkpt>
      <trkpt lat="28.229583518492362" lon="112.91032179922526">
        <ele>61.41310218721628</ele>
        <time>2026-09-17T13:11:54Z</time>
        <extensions>
          <gpxtpx:TrackPointExtension>
            <gpxtpx:hr>167</gpxtpx:hr>
          </gpxtpx:TrackPointExtension>
        </extensions>
      </trkpt>
      <trkpt lat="28.22956390425781" lon="112.91030340034868">
        <ele>61.37619583401829</ele>
        <time>2026-09-17T13:11:55Z</time>
        <extensions>
          <gpxtpx:TrackPointExtension>
            <gpxtpx:hr>167</gpxtpx:hr>
          </gpxtpx:TrackPointExtension>
        </extensions>
      </trkpt>
      <trkpt lat="28.229544217612688" lon="112.91028519101049">
        <ele>61.335635252296925</ele>
        <time>2026-09-17T13:11:56Z</time>
        <extensions>
          <gpxtpx:TrackPointExtension>
            <gpxtpx:hr>167</gpxtpx:hr>
          </gpxtpx:TrackPointExtension>
        </extensions>
      </trkpt>
      <trkpt lat="28.22952460523996" lon="112.91026711547778">
        <ele>61.29103830922395</ele>
        <time>2026-09-17T13:11:57Z</time>
        <extensions>
          <gpxtpx:TrackPointExtension>
            <gpxtpx:hr>168</gpxtpx:hr>
          </gpxtpx:TrackPointExtension>
        </extensions>
      </trkpt>
      <trkpt lat="28.229505330969708" lon="112.91024893973623">
        <ele>61.24308561068028</ele>
        <time>2026-09-17T13:11:58Z</time>
        <extensions>
          <gpxtpx:TrackPointExtension>
            <gpxtpx:hr>168</gpxtpx:hr>
          </gpxtpx:TrackPointExtension>
        </extensions>
      </trkpt>
      <trkpt lat="28.229486641471574" lon="112.9102304649075">
        <ele>61.19259195122868</ele>
        <time>2026-09-17T13:11:59Z</time>
        <extensions>
          <gpxtpx:TrackPointExtension>
            <gpxtpx:hr>168</gpxtpx:hr>
          </gpxtpx:TrackPointExtension>
        </extensions>
      </trkpt>
      <trkpt lat="28.229468983310753" lon="112.91021112023039">
        <ele>61.140092360787094</ele>
        <time>2026-09-17T13:12:00Z</time>
        <extensions>
          <gpxtpx:TrackPointExtension>
            <gpxtpx:hr>168</gpxtpx:hr>
          </gpxtpx:TrackPointExtension>
        </extensions>
      </trkpt>
      <trkpt lat="28.229452421568848" lon="112.91019063762556">
        <ele>61.085493724793196</ele>
        <time>2026-09-17T13:12:01Z</time>
        <extensions>
          <gpxtpx:TrackPointExtension>
            <gpxtpx:hr>168</gpxtpx:hr>
          </gpxtpx:TrackPointExtension>
        </extensions>
      </trkpt>
      <trkpt lat="28.229436925149784" lon="112.91016910264935">
        <ele>61.03062795381993</ele>
        <time>2026-09-17T13:12:02Z</time>
        <extensions>
          <gpxtpx:TrackPointExtension>
            <gpxtpx:hr>168</gpxtpx:hr>
          </gpxtpx:TrackPointExtension>
        </extensions>
      </trkpt>
      <trkpt lat="28.229421739966373" lon="112.9101474683952">
        <ele>60.974790713749826</ele>
        <time>2026-09-17T13:12:03Z</time>
        <extensions>
          <gpxtpx:TrackPointExtension>
            <gpxtpx:hr>168</gpxtpx:hr>
          </gpxtpx:TrackPointExtension>
        </extensions>
      </trkpt>
      <trkpt lat="28.229405267542237" lon="112.91012747040473">
        <ele>60.91940130200237</ele>
        <time>2026-09-17T13:12:04Z</time>
        <extensions>
          <gpxtpx:TrackPointExtension>
            <gpxtpx:hr>168</gpxtpx:hr>
          </gpxtpx:TrackPointExtension>
        </extensions>
      </trkpt>
      <trkpt lat="28.229387066712427" lon="112.91010986705155">
        <ele>60.865585278719664</ele>
        <time>2026-09-17T13:12:05Z</time>
        <extensions>
          <gpxtpx:TrackPointExtension>
            <gpxtpx:hr>168</gpxtpx:hr>
          </gpxtpx:TrackPointExtension>
        </extensions>
      </trkpt>
      <trkpt lat="28.229367566558807" lon="112.91009412018542">
        <ele>60.81215690821409</ele>
        <time>2026-09-17T13:12:06Z</time>
        <extensions>
          <gpxtpx:TrackPointExtension>
            <gpxtpx:hr>168</gpxtpx:hr>
          </gpxtpx:TrackPointExtension>
        </extensions>
      </trkpt>
      <trkpt lat="28.229347350337488" lon="112.91007930122448">
        <ele>60.76091498695314</ele>
        <time>2026-09-17T13:12:07Z</time>
        <extensions>
          <gpxtpx:TrackPointExtension>
            <gpxtpx:hr>168</gpxtpx:hr>
          </gpxtpx:TrackPointExtension>
        </extensions>
      </trkpt>
      <trkpt lat="28.229327080603984" lon="112.91006505529695">
        <ele>60.71219655126333</ele>
        <time>2026-09-17T13:12:08Z</time>
        <extensions>
          <gpxtpx:TrackPointExtension>
            <gpxtpx:hr>168</gpxtpx:hr>
          </gpxtpx:TrackPointExtension>
        </extensions>
      </trkpt>
      <trkpt lat="28.22930690707884" lon="112.91005140966543">
        <ele>60.664934202097356</ele>
        <time>2026-09-17T13:12:09Z</time>
        <extensions>
          <gpxtpx:TrackPointExtension>
            <gpxtpx:hr>168</gpxtpx:hr>
          </gpxtpx:TrackPointExtension>
        </extensions>
      </trkpt>
      <trkpt lat="28.229286633490453" lon="112.91003830035683">
        <ele>60.61877498216927</ele>
        <time>2026-09-17T13:12:10Z</time>
        <extensions>
          <gpxtpx:TrackPointExtension>
            <gpxtpx:hr>168</gpxtpx:hr>
          </gpxtpx:TrackPointExtension>
        </extensions>
      </trkpt>
      <trkpt lat="28.229266180351356" lon="112.91002544984022">
        <ele>60.574501673690975</ele>
        <time>2026-09-17T13:12:11Z</time>
        <extensions>
          <gpxtpx:TrackPointExtension>
            <gpxtpx:hr>169</gpxtpx:hr>
          </gpxtpx:TrackPointExtension>
        </extensions>
      </trkpt>
      <trkpt lat="28.22924554172238" lon="112.91001275111743">
        <ele>60.542334139347076</ele>
        <time>2026-09-17T13:12:12Z</time>
        <extensions>
          <gpxtpx:TrackPointExtension>
            <gpxtpx:hr>169</gpxtpx:hr>
          </gpxtpx:TrackPointExtension>
        </extensions>
      </trkpt>
      <trkpt lat="28.229224713462845" lon="112.91000036865749">
        <ele>60.504198904149234</ele>
        <time>2026-09-17T13:12:13Z</time>
        <extensions>
          <gpxtpx:TrackPointExtension>
            <gpxtpx:hr>169</gpxtpx:hr>
          </gpxtpx:TrackPointExtension>
        </extensions>
      </trkpt>
      <trkpt lat="28.229203651336057" lon="112.90998833551326">
        <ele>60.467301649972796</ele>
        <time>2026-09-17T13:12:14Z</time>
        <extensions>
          <gpxtpx:TrackPointExtension>
            <gpxtpx:hr>169</gpxtpx:hr>
          </gpxtpx:TrackPointExtension>
        </extensions>
      </trkpt>
      <trkpt lat="28.229182526506545" lon="112.90997617949698">
        <ele>60.432474264875054</ele>
        <time>2026-09-17T13:12:15Z</time>
        <extensions>
          <gpxtpx:TrackPointExtension>
            <gpxtpx:hr>169</gpxtpx:hr>
          </gpxtpx:TrackPointExtension>
        </extensions>
      </trkpt>
      <trkpt lat="28.2291614909151" lon="112.90996339659566">
        <ele>60.40053367987275</ele>
        <time>2026-09-17T13:12:16Z</time>
        <extensions>
          <gpxtpx:TrackPointExtension>
            <gpxtpx:hr>169</gpxtpx:hr>
          </gpxtpx:TrackPointExtension>
        </extensions>
      </trkpt>
      <trkpt lat="28.22914068082239" lon="112.90994970848317">
        <ele>60.37161350995302</ele>
        <time>2026-09-17T13:12:17Z</time>
        <extensions>
          <gpxtpx:TrackPointExtension>
            <gpxtpx:hr>169</gpxtpx:hr>
          </gpxtpx:TrackPointExtension>
        </extensions>
      </trkpt>
      <trkpt lat="28.229120075622234" lon="112.9099349562235">
        <ele>60.345799777656794</ele>
        <time>2026-09-17T13:12:18Z</time>
        <extensions>
          <gpxtpx:TrackPointExtension>
            <gpxtpx:hr>169</gpxtpx:hr>
          </gpxtpx:TrackPointExtension>
        </extensions>
      </trkpt>
      <trkpt lat="28.229099659899926" lon="112.90991906665477">
        <ele>60.32288754079491</ele>
        <time>2026-09-17T13:12:19Z</time>
        <extensions>
          <gpxtpx:TrackPointExtension>
            <gpxtpx:hr>169</gpxtpx:hr>
          </gpxtpx:TrackPointExtension>
        </extensions>
      </trkpt>
      <trkpt lat="28.22907961146121" lon="112.90990184976492">
        <ele>60.30270634312183</ele>
        <time>2026-09-17T13:12:20Z</time>
        <extensions>
          <gpxtpx:TrackPointExtension>
            <gpxtpx:hr>169</gpxtpx:hr>
          </gpxtpx:TrackPointExtension>
        </extensions>
      </trkpt>
      <trkpt lat="28.229059777589654" lon="112.90988339634676">
        <ele>60.28474572207779</ele>
        <time>2026-09-17T13:12:21Z</time>
        <extensions>
          <gpxtpx:TrackPointExtension>
            <gpxtpx:hr>169</gpxtpx:hr>
          </gpxtpx:TrackPointExtension>
        </extensions>
      </trkpt>
      <trkpt lat="28.229039766724128" lon="112.90986405797199">
        <ele>60.268376669846475</ele>
        <time>2026-09-17T13:12:22Z</time>
        <extensions>
          <gpxtpx:TrackPointExtension>
            <gpxtpx:hr>169</gpxtpx:hr>
          </gpxtpx:TrackPointExtension>
        </extensions>
      </trkpt>
      <trkpt lat="28.229019503475413" lon="112.90984423859136">
        <ele>60.25292088184506</ele>
        <time>2026-09-17T13:12:23Z</time>
        <extensions>
          <gpxtpx:TrackPointExtension>
            <gpxtpx:hr>168</gpxtpx:hr>
          </gpxtpx:TrackPointExtension>
        </extensions>
      </trkpt>
      <trkpt lat="28.228999324149115" lon="112.90982415097571">
        <ele>60.238176537677646</ele>
        <time>2026-09-17T13:12:24Z</time>
        <extensions>
          <gpxtpx:TrackPointExtension>
            <gpxtpx:hr>168</gpxtpx:hr>
          </gpxtpx:TrackPointExtension>
        </extensions>
      </trkpt>
      <trkpt lat="28.228979624367817" lon="112.90980378863365">
        <ele>60.22354393079877</ele>
        <time>2026-09-17T13:12:25Z</time>
        <extensions>
          <gpxtpx:TrackPointExtension>
            <gpxtpx:hr>168</gpxtpx:hr>
          </gpxtpx:TrackPointExtension>
        </extensions>
      </trkpt>
      <trkpt lat="28.22896073862348" lon="112.90978301299963">
        <ele>60.20861529186368</ele>
        <time>2026-09-17T13:12:26Z</time>
        <extensions>
          <gpxtpx:TrackPointExtension>
            <gpxtpx:hr>168</gpxtpx:hr>
          </gpxtpx:TrackPointExtension>
        </extensions>
      </trkpt>
      <trkpt lat="28.228942603527628" lon="112.90976161446993">
        <ele>60.193221002817154</ele>
        <time>2026-09-17T13:12:27Z</time>
        <extensions>
          <gpxtpx:TrackPointExtension>
            <gpxtpx:hr>169</gpxtpx:hr>
          </gpxtpx:TrackPointExtension>
        </extensions>
      </trkpt>
      <trkpt lat="28.228925053594292" lon="112.90973948498306">
        <ele>60.17734212242067</ele>
        <time>2026-09-17T13:12:28Z</time>
        <extensions>
          <gpxtpx:TrackPointExtension>
            <gpxtpx:hr>169</gpxtpx:hr>
          </gpxtpx:TrackPointExtension>
        </extensions>
      </trkpt>
      <trkpt lat="28.228908072533663" lon="112.90971663247193">
        <ele>60.161265555769205</ele>
        <time>2026-09-17T13:12:29Z</time>
        <extensions>
          <gpxtpx:TrackPointExtension>
            <gpxtpx:hr>169</gpxtpx:hr>
          </gpxtpx:TrackPointExtension>
        </extensions>
      </trkpt>
      <trkpt lat="28.228891534743664" lon="112.90969328210565">
        <ele>60.145397496409714</ele>
        <time>2026-09-17T13:12:30Z</time>
        <extensions>
          <gpxtpx:TrackPointExtension>
            <gpxtpx:hr>169</gpxtpx:hr>
          </gpxtpx:TrackPointExtension>
        </extensions>
      </trkpt>
      <trkpt lat="28.228875203577353" lon="112.90966970638249">
        <ele>60.13022739905864</ele>
        <time>2026-09-17T13:12:31Z</time>
        <extensions>
          <gpxtpx:TrackPointExtension>
            <gpxtpx:hr>169</gpxtpx:hr>
          </gpxtpx:TrackPointExtension>
        </extensions>
      </trkpt>
      <trkpt lat="28.228859107290923" lon="112.90964614005796">
        <ele>60.11589862778783</ele>
        <time>2026-09-17T13:12:32Z</time>
        <extensions>
          <gpxtpx:TrackPointExtension>
            <gpxtpx:hr>168</gpxtpx:hr>
          </gpxtpx:TrackPointExtension>
        </extensions>
      </trkpt>
      <trkpt lat="28.22884358063999" lon="112.90962252116182">
        <ele>60.102972673252225</ele>
        <time>2026-09-17T13:12:32.900000Z</time>
        <extensions>
          <gpxtpx:TrackPointExtension>
            <gpxtpx:hr>168</gpxtpx:hr>
          </gpxtpx:TrackPointExtension>
        </extensions>
      </trkpt>
      <trkpt lat="28.228828810978133" lon="112.90959844226566">
        <ele>60.09169375523925</ele>
        <time>2026-09-17T13:12:33.900000Z</time>
        <extensions>
          <gpxtpx:TrackPointExtension>
            <gpxtpx:hr>168</gpxtpx:hr>
          </gpxtpx:TrackPointExtension>
        </extensions>
      </trkpt>
      <trkpt lat="28.228815127802896" lon="112.90957346258392">
        <ele>60.0825740871951</ele>
        <time>2026-09-17T13:12:34.900000Z</time>
        <extensions>
          <gpxtpx:TrackPointExtension>
            <gpxtpx:hr>168</gpxtpx:hr>
          </gpxtpx:TrackPointExtension>
        </extensions>
      </trkpt>
      <trkpt lat="28.228802973730474" lon="112.90954743931813">
        <ele>60.07570858951658</ele>
        <time>2026-09-17T13:12:35.900000Z</time>
        <extensions>
          <gpxtpx:TrackPointExtension>
            <gpxtpx:hr>167</gpxtpx:hr>
          </gpxtpx:TrackPointExtension>
        </extensions>
      </trkpt>
      <trkpt lat="28.228792852816298" lon="112.90952079981886">
        <ele>60.07138524670154</ele>
        <time>2026-09-17T13:12:36.900000Z</time>
        <extensions>
          <gpxtpx:TrackPointExtension>
            <gpxtpx:hr>167</gpxtpx:hr>
          </gpxtpx:TrackPointExtension>
        </extensions>
      </trkpt>
      <trkpt lat="28.22878548961383" lon="112.90949390288358">
        <ele>60.06971649080515</ele>
        <time>2026-09-17T13:12:37.900000Z</time>
        <extensions>
          <gpxtpx:TrackPointExtension>
            <gpxtpx:hr>167</gpxtpx:hr>
          </gpxtpx:TrackPointExtension>
        </extensions>
      </trkpt>
      <trkpt lat="28.228781147474336" lon="112.90946692882906">
        <ele>60.07085513975471</ele>
        <time>2026-09-17T13:12:38.900000Z</time>
        <extensions>
          <gpxtpx:TrackPointExtension>
            <gpxtpx:hr>167</gpxtpx:hr>
          </gpxtpx:TrackPointExtension>
        </extensions>
      </trkpt>
      <trkpt lat="28.228779380585202" lon="112.909440165786">
        <ele>60.075058999471366</ele>
        <time>2026-09-17T13:12:39.900000Z</time>
        <extensions>
          <gpxtpx:TrackPointExtension>
            <gpxtpx:hr>162</gpxtpx:hr>
          </gpxtpx:TrackPointExtension>
        </extensions>
      </trkpt>
      <trkpt lat="28.228778391019585" lon="112.90941391998216">
        <ele>60.08243522234261</ele>
        <time>2026-09-17T13:12:40.900000Z</time>
        <extensions>
          <gpxtpx:TrackPointExtension>
            <gpxtpx:hr>162</gpxtpx:hr>
          </gpxtpx:TrackPointExtension>
        </extensions>
      </trkpt>
      <trkpt lat="28.228775872972832" lon="112.90938826429827">
        <ele>60.0932776927948</ele>
        <time>2026-09-17T13:12:41.900000Z</time>
        <extensions>
          <gpxtpx:TrackPointExtension>
            <gpxtpx:hr>162</gpxtpx:hr>
          </gpxtpx:TrackPointExtension>
        </extensions>
      </trkpt>
      <trkpt lat="28.22877101103984" lon="112.90936286356646">
        <ele>60.10777591262013</ele>
        <time>2026-09-17T13:12:42.900000Z</time>
        <extensions>
          <gpxtpx:TrackPointExtension>
            <gpxtpx:hr>162</gpxtpx:hr>
          </gpxtpx:TrackPointExtension>
        </extensions>
      </trkpt>
      <trkpt lat="28.228764186087492" lon="112.90933694537881">
        <ele>60.12606317549944</ele>
        <time>2026-09-17T13:12:43.900000Z</time>
        <extensions>
          <gpxtpx:TrackPointExtension>
            <gpxtpx:hr>162</gpxtpx:hr>
          </gpxtpx:TrackPointExtension>
        </extensions>
      </trkpt>
      <trkpt lat="28.22875601859544" lon="112.90931004664795">
        <ele>60.148194678127766</ele>
        <time>2026-09-17T13:12:44.900000Z</time>
        <extensions>
          <gpxtpx:TrackPointExtension>
            <gpxtpx:hr>162</gpxtpx:hr>
          </gpxtpx:TrackPointExtension>
        </extensions>
      </trkpt>
      <trkpt lat="28.228747820386833" lon="112.90928238806772">
        <ele>60.173699812963605</ele>
        <time>2026-09-17T13:12:45.900000Z</time>
        <extensions>
          <gpxtpx:TrackPointExtension>
            <gpxtpx:hr>162</gpxtpx:hr>
          </gpxtpx:TrackPointExtension>
        </extensions>
      </trkpt>
      <trkpt lat="28.228740476565495" lon="112.9092544591103">
        <ele>60.20248354412615</ele>
        <time>2026-09-17T13:12:46.900000Z</time>
        <extensions>
          <gpxtpx:TrackPointExtension>
            <gpxtpx:hr>156</gpxtpx:hr>
          </gpxtpx:TrackPointExtension>
        </extensions>
      </trkpt>
      <trkpt lat="28.228733745482565" lon="112.90922667825481">
        <ele>60.234347430057824</ele>
        <time>2026-09-17T13:12:47.900000Z</time>
        <extensions>
          <gpxtpx:TrackPointExtension>
            <gpxtpx:hr>156</gpxtpx:hr>
          </gpxtpx:TrackPointExtension>
        </extensions>
      </trkpt>
      <trkpt lat="28.22872743615689" lon="112.90919893280625">
        <ele>60.269391662441194</ele>
        <time>2026-09-17T13:12:48.900000Z</time>
        <extensions>
          <gpxtpx:TrackPointExtension>
            <gpxtpx:hr>156</gpxtpx:hr>
          </gpxtpx:TrackPointExtension>
        </extensions>
      </trkpt>
      <trkpt lat="28.22872140999041" lon="112.90917086015295">
        <ele>60.30744990892708</ele>
        <time>2026-09-17T13:12:49.900000Z</time>
        <extensions>
          <gpxtpx:TrackPointExtension>
            <gpxtpx:hr>156</gpxtpx:hr>
          </gpxtpx:TrackPointExtension>
        </extensions>
      </trkpt>
      <trkpt lat="28.228715746552805" lon="112.90914246369466">
        <ele>60.348066293634474</ele>
        <time>2026-09-17T13:12:50.900000Z</time>
        <extensions>
          <gpxtpx:TrackPointExtension>
            <gpxtpx:hr>156</gpxtpx:hr>
          </gpxtpx:TrackPointExtension>
        </extensions>
      </trkpt>
      <trkpt lat="28.22871056141396" lon="112.90911396210615">
        <ele>60.391392012126744</ele>
        <time>2026-09-17T13:12:51.900000Z</time>
        <extensions>
          <gpxtpx:TrackPointExtension>
            <gpxtpx:hr>153</gpxtpx:hr>
          </gpxtpx:TrackPointExtension>
        </extensions>
      </trkpt>
      <trkpt lat="28.22870608993484" lon="112.90908547305973">
        <ele>60.4375719986856</ele>
        <time>2026-09-17T13:12:52.900000Z</time>
        <extensions>
          <gpxtpx:TrackPointExtension>
            <gpxtpx:hr>153</gpxtpx:hr>
          </gpxtpx:TrackPointExtension>
        </extensions>
      </trkpt>
      <trkpt lat="28.22870257501033" lon="112.90905695971918">
        <ele>60.48627228848636</ele>
        <time>2026-09-17T13:12:53.900000Z</time>
        <extensions>
          <gpxtpx:TrackPointExtension>
            <gpxtpx:hr>153</gpxtpx:hr>
          </gpxtpx:TrackPointExtension>
        </extensions>
      </trkpt>
      <trkpt lat="28.22870015264065" lon="112.90902839377173">
        <ele>60.53712217416614</ele>
        <time>2026-09-17T13:12:54.900000Z</time>
        <extensions>
          <gpxtpx:TrackPointExtension>
            <gpxtpx:hr>153</gpxtpx:hr>
          </gpxtpx:TrackPointExtension>
        </extensions>
      </trkpt>
      <trkpt lat="28.228698972750305" lon="112.9089998731005">
        <ele>60.589446200057864</ele>
        <time>2026-09-17T13:12:55.900000Z</time>
        <extensions>
          <gpxtpx:TrackPointExtension>
            <gpxtpx:hr>153</gpxtpx:hr>
          </gpxtpx:TrackPointExtension>
        </extensions>
      </trkpt>
      <trkpt lat="28.228699187451245" lon="112.90897161579686">
        <ele>60.64226898457855</ele>
        <time>2026-09-17T13:12:56.900000Z</time>
        <extensions>
          <gpxtpx:TrackPointExtension>
            <gpxtpx:hr>150</gpxtpx:hr>
          </gpxtpx:TrackPointExtension>
        </extensions>
      </trkpt>
      <trkpt lat="28.228701463482164" lon="112.90894410053014">
        <ele>60.69437778741121</ele>
        <time>2026-09-17T13:12:57.900000Z</time>
        <extensions>
          <gpxtpx:TrackPointExtension>
            <gpxtpx:hr>150</gpxtpx:hr>
          </gpxtpx:TrackPointExtension>
        </extensions>
      </trkpt>
      <trkpt lat="28.228706731129282" lon="112.90891801841667">
        <ele>60.7439374262467</ele>
        <time>2026-09-17T13:12:58.900000Z</time>
        <extensions>
          <gpxtpx:TrackPointExtension>
            <gpxtpx:hr>150</gpxtpx:hr>
          </gpxtpx:TrackPointExtension>
        </extensions>
      </trkpt>
      <trkpt lat="28.228715219122336" lon="112.90889382120343">
        <ele>60.78891782462597</ele>
        <time>2026-09-17T13:12:59.900000Z</time>
        <extensions>
          <gpxtpx:TrackPointExtension>
            <gpxtpx:hr>150</gpxtpx:hr>
          </gpxtpx:TrackPointExtension>
        </extensions>
      </trkpt>
      <trkpt lat="28.22872575800688" lon="112.90887102793872">
        <ele>60.82667365949601</ele>
        <time>2026-09-17T13:13:00.900000Z</time>
        <extensions>
          <gpxtpx:TrackPointExtension>
            <gpxtpx:hr>150</gpxtpx:hr>
          </gpxtpx:TrackPointExtension>
        </extensions>
      </trkpt>
      <trkpt lat="28.228734900401452" lon="112.90885153629729">
        <ele>60.85160612128675</ele>
        <time>2026-09-17T13:13:01.800000Z</time>
        <extensions>
          <gpxtpx:TrackPointExtension>
            <gpxtpx:hr>150</gpxtpx:hr>
          </gpxtpx:TrackPointExtension>
        </extensions>
      </trkpt>
      <trkpt lat="28.228743075493927" lon="112.90882883348463">
        <ele>60.86714110895991</ele>
        <time>2026-09-17T13:13:02.800000Z</time>
        <extensions>
          <gpxtpx:TrackPointExtension>
            <gpxtpx:hr>150</gpxtpx:hr>
          </gpxtpx:TrackPointExtension>
        </extensions>
      </trkpt>
      <trkpt lat="28.228747896796182" lon="112.90880562201752">
        <ele>60.86489577777684</ele>
        <time>2026-09-17T13:13:03.800000Z</time>
        <extensions>
          <gpxtpx:TrackPointExtension>
            <gpxtpx:hr>150</gpxtpx:hr>
          </gpxtpx:TrackPointExtension>
        </extensions>
      </trkpt>
      <trkpt lat="28.228749863965266" lon="112.90878217242688">
        <ele>60.84717438556254</ele>
        <time>2026-09-17T13:13:04.800000Z</time>
        <extensions>
          <gpxtpx:TrackPointExtension>
            <gpxtpx:hr>150</gpxtpx:hr>
          </gpxtpx:TrackPointExtension>
        </extensions>
      </trkpt>
      <trkpt lat="28.228748942805076" lon="112.90875521700207">
        <ele>60.80462012626231</ele>
        <time>2026-09-17T13:13:05.900000Z</time>
        <extensions>
          <gpxtpx:TrackPointExtension>
            <gpxtpx:hr>152</gpxtpx:hr>
          </gpxtpx:TrackPointExtension>
        </extensions>
      </trkpt>
      <trkpt lat="28.228745457567285" lon="112.908730305096">
        <ele>60.7537097139284</ele>
        <time>2026-09-17T13:13:06.900000Z</time>
        <extensions>
          <gpxtpx:TrackPointExtension>
            <gpxtpx:hr>152</gpxtpx:hr>
          </gpxtpx:TrackPointExtension>
        </extensions>
      </trkpt>
      <trkpt lat="28.228740047675444" lon="112.90870517956938">
        <ele>60.69678418058902</ele>
        <time>2026-09-17T13:13:07.900000Z</time>
        <extensions>
          <gpxtpx:TrackPointExtension>
            <gpxtpx:hr>152</gpxtpx:hr>
          </gpxtpx:TrackPointExtension>
        </extensions>
      </trkpt>
      <trkpt lat="28.228734493008865" lon="112.90868002711825">
        <ele>60.63734434451908</ele>
        <time>2026-09-17T13:13:08.900000Z</time>
        <extensions>
          <gpxtpx:TrackPointExtension>
            <gpxtpx:hr>152</gpxtpx:hr>
          </gpxtpx:TrackPointExtension>
        </extensions>
      </trkpt>
      <trkpt lat="28.228730337189106" lon="112.90865467502651">
        <ele>60.57796934619546</ele>
        <time>2026-09-17T13:13:09.900000Z</time>
        <extensions>
          <gpxtpx:TrackPointExtension>
            <gpxtpx:hr>152</gpxtpx:hr>
          </gpxtpx:TrackPointExtension>
        </extensions>
      </trkpt>
      <trkpt lat="28.228727411491967" lon="112.90862895734884">
        <ele>60.52066255360842</ele>
        <time>2026-09-17T13:13:10.900000Z</time>
        <extensions>
          <gpxtpx:TrackPointExtension>
            <gpxtpx:hr>152</gpxtpx:hr>
          </gpxtpx:TrackPointExtension>
        </extensions>
      </trkpt>
      <trkpt lat="28.228725286253955" lon="112.90860246354057">
        <ele>60.46694968268275</ele>
        <time>2026-09-17T13:13:11.900000Z</time>
        <extensions>
          <gpxtpx:TrackPointExtension>
            <gpxtpx:hr>152</gpxtpx:hr>
          </gpxtpx:TrackPointExtension>
        </extensions>
      </trkpt>
      <trkpt lat="28.22872362268259" lon="112.90857523976575">
        <ele>60.417867249809206</ele>
        <time>2026-09-17T13:13:12.900000Z</time>
        <extensions>
          <gpxtpx:TrackPointExtension>
            <gpxtpx:hr>152</gpxtpx:hr>
          </gpxtpx:TrackPointExtension>
        </extensions>
      </trkpt>
      <trkpt lat="28.228722093031685" lon="112.90854779196725">
        <ele>60.37400249764323</ele>
        <time>2026-09-17T13:13:13.900000Z</time>
        <extensions>
          <gpxtpx:TrackPointExtension>
            <gpxtpx:hr>152</gpxtpx:hr>
          </gpxtpx:TrackPointExtension>
        </extensions>
      </trkpt>
      <trkpt lat="28.228720559911597" lon="112.90852034750831">
        <ele>60.33569767139852</ele>
        <time>2026-09-17T13:13:14.900000Z</time>
        <extensions>
          <gpxtpx:TrackPointExtension>
            <gpxtpx:hr>152</gpxtpx:hr>
          </gpxtpx:TrackPointExtension>
        </extensions>
      </trkpt>
      <trkpt lat="28.228718891986382" lon="112.90849273142197">
        <ele>60.303088336251676</ele>
        <time>2026-09-17T13:13:15.900000Z</time>
        <extensions>
          <gpxtpx:TrackPointExtension>
            <gpxtpx:hr>152</gpxtpx:hr>
          </gpxtpx:TrackPointExtension>
        </extensions>
      </trkpt>
      <trkpt lat="28.228717256885734" lon="112.90846495724202">
        <ele>60.27603037562221</ele>
        <time>2026-09-17T13:13:16.900000Z</time>
        <extensions>
          <gpxtpx:TrackPointExtension>
            <gpxtpx:hr>153</gpxtpx:hr>
          </gpxtpx:TrackPointExtension>
        </extensions>
      </trkpt>
      <trkpt lat="28.228715905280424" lon="112.9084369378031">
        <ele>60.25443775486201</ele>
        <time>2026-09-17T13:13:17.900000Z</time>
        <extensions>
          <gpxtpx:TrackPointExtension>
            <gpxtpx:hr>153</gpxtpx:hr>
          </gpxtpx:TrackPointExtension>
        </extensions>
      </trkpt>
      <trkpt lat="28.228714619562627" lon="112.90840864128243">
        <ele>60.23808007501066</ele>
        <time>2026-09-17T13:13:18.900000Z</time>
        <extensions>
          <gpxtpx:TrackPointExtension>
            <gpxtpx:hr>153</gpxtpx:hr>
          </gpxtpx:TrackPointExtension>
        </extensions>
      </trkpt>
      <trkpt lat="28.228713256255563" lon="112.90838052579886">
        <ele>60.22672611568123</ele>
        <time>2026-09-17T13:13:19.900000Z</time>
        <extensions>
          <gpxtpx:TrackPointExtension>
            <gpxtpx:hr>153</gpxtpx:hr>
          </gpxtpx:TrackPointExtension>
        </extensions>
      </trkpt>
      <trkpt lat="28.22871177788671" lon="112.90835271297912">
        <ele>60.2201607581228</ele>
        <time>2026-09-17T13:13:20.900000Z</time>
        <extensions>
          <gpxtpx:TrackPointExtension>
            <gpxtpx:hr>153</gpxtpx:hr>
          </gpxtpx:TrackPointExtension>
        </extensions>
      </trkpt>
      <trkpt lat="28.22871027844342" lon="112.90832485155987">
        <ele>60.21811918541789</ele>
        <time>2026-09-17T13:13:21.900000Z</time>
        <extensions>
          <gpxtpx:TrackPointExtension>
            <gpxtpx:hr>153</gpxtpx:hr>
          </gpxtpx:TrackPointExtension>
        </extensions>
      </trkpt>
      <trkpt lat="28.228708784655208" lon="112.90829670186642">
        <ele>60.22032479662448</ele>
        <time>2026-09-17T13:13:22.900000Z</time>
        <extensions>
          <gpxtpx:TrackPointExtension>
            <gpxtpx:hr>153</gpxtpx:hr>
          </gpxtpx:TrackPointExtension>
        </extensions>
      </trkpt>
      <trkpt lat="28.228707308555443" lon="112.90826832566262">
        <ele>60.22655731998384</ele>
        <time>2026-09-17T13:13:23.800000Z</time>
        <extensions>
          <gpxtpx:TrackPointExtension>
            <gpxtpx:hr>153</gpxtpx:hr>
          </gpxtpx:TrackPointExtension>
        </extensions>
      </trkpt>
      <trkpt lat="28.228705890961407" lon="112.90823996981257">
        <ele>60.23674704413861</ele>
        <time>2026-09-17T13:13:24.800000Z</time>
        <extensions>
          <gpxtpx:TrackPointExtension>
            <gpxtpx:hr>153</gpxtpx:hr>
          </gpxtpx:TrackPointExtension>
        </extensions>
      </trkpt>
      <trkpt lat="28.228704242370583" lon="112.9082120389065">
        <ele>60.250863971188664</ele>
        <time>2026-09-17T13:13:25.800000Z</time>
        <extensions>
          <gpxtpx:TrackPointExtension>
            <gpxtpx:hr>153</gpxtpx:hr>
          </gpxtpx:TrackPointExtension>
        </extensions>
      </trkpt>
      <trkpt lat="28.22870196870613" lon="112.90818462191518">
        <ele>60.26892396900803</ele>
        <time>2026-09-17T13:13:26.800000Z</time>
        <extensions>
          <gpxtpx:TrackPointExtension>
            <gpxtpx:hr>153</gpxtpx:hr>
          </gpxtpx:TrackPointExtension>
        </extensions>
      </trkpt>
      <trkpt lat="28.22869897796276" lon="112.90815706054254">
        <ele>60.290856442414224</ele>
        <time>2026-09-17T13:13:27.800000Z</time>
        <extensions>
          <gpxtpx:TrackPointExtension>
            <gpxtpx:hr>156</gpxtpx:hr>
          </gpxtpx:TrackPointExtension>
        </extensions>
      </trkpt>
      <trkpt lat="28.228695453764395" lon="112.9081285497317">
        <ele>60.316478153690696</ele>
        <time>2026-09-17T13:13:28.800000Z</time>
        <extensions>
          <gpxtpx:TrackPointExtension>
            <gpxtpx:hr>156</gpxtpx:hr>
          </gpxtpx:TrackPointExtension>
        </extensions>
      </trkpt>
      <trkpt lat="28.228691768929494" lon="112.90809897467996">
        <ele>60.34569687675685</ele>
        <time>2026-09-17T13:13:29.800000Z</time>
        <extensions>
          <gpxtpx:TrackPointExtension>
            <gpxtpx:hr>156</gpxtpx:hr>
          </gpxtpx:TrackPointExtension>
        </extensions>
      </trkpt>
      <trkpt lat="28.22868858635398" lon="112.90806901193834">
        <ele>60.378420745022595</ele>
        <time>2026-09-17T13:13:30.800000Z</time>
        <extensions>
          <gpxtpx:TrackPointExtension>
            <gpxtpx:hr>156</gpxtpx:hr>
          </gpxtpx:TrackPointExtension>
        </extensions>
      </trkpt>
      <trkpt lat="28.228686573256937" lon="112.90803948872095">
        <ele>60.414561598561704</ele>
        <time>2026-09-17T13:13:31.800000Z</time>
        <extensions>
          <gpxtpx:TrackPointExtension>
            <gpxtpx:hr>156</gpxtpx:hr>
          </gpxtpx:TrackPointExtension>
        </extensions>
      </trkpt>
      <trkpt lat="28.228686077865046" lon="112.90801074657257">
        <ele>60.45405705925077</ele>
        <time>2026-09-17T13:13:32.800000Z</time>
        <extensions>
          <gpxtpx:TrackPointExtension>
            <gpxtpx:hr>157</gpxtpx:hr>
          </gpxtpx:TrackPointExtension>
        </extensions>
      </trkpt>
      <trkpt lat="28.228686858561474" lon="112.90798271556214">
        <ele>60.49683430418372</ele>
        <time>2026-09-17T13:13:33.800000Z</time>
        <extensions>
          <gpxtpx:TrackPointExtension>
            <gpxtpx:hr>157</gpxtpx:hr>
          </gpxtpx:TrackPointExtension>
        </extensions>
      </trkpt>
      <trkpt lat="28.2286882169693" lon="112.90795490829966">
        <ele>60.54293427430093</ele>
        <time>2026-09-17T13:13:34.800000Z</time>
        <extensions>
          <gpxtpx:TrackPointExtension>
            <gpxtpx:hr>157</gpxtpx:hr>
          </gpxtpx:TrackPointExtension>
        </extensions>
      </trkpt>
      <trkpt lat="28.228689624693214" lon="112.9079267618276">
        <ele>60.592311734333634</ele>
        <time>2026-09-17T13:13:35.800000Z</time>
        <extensions>
          <gpxtpx:TrackPointExtension>
            <gpxtpx:hr>157</gpxtpx:hr>
          </gpxtpx:TrackPointExtension>
        </extensions>
      </trkpt>
      <trkpt lat="28.228690434900905" lon="112.9078987210888">
        <ele>60.644856268540025</ele>
        <time>2026-09-17T13:13:36.800000Z</time>
        <extensions>
          <gpxtpx:TrackPointExtension>
            <gpxtpx:hr>158</gpxtpx:hr>
          </gpxtpx:TrackPointExtension>
        </extensions>
      </trkpt>
      <trkpt lat="28.228689566165325" lon="112.90787193807202">
        <ele>60.70039652008563</ele>
        <time>2026-09-17T13:13:37.800000Z</time>
        <extensions>
          <gpxtpx:TrackPointExtension>
            <gpxtpx:hr>158</gpxtpx:hr>
          </gpxtpx:TrackPointExtension>
        </extensions>
      </trkpt>
      <trkpt lat="28.228686894158677" lon="112.90784770663582">
        <ele>60.758859562687576</ele>
        <time>2026-09-17T13:13:38.800000Z</time>
        <extensions>
          <gpxtpx:TrackPointExtension>
            <gpxtpx:hr>158</gpxtpx:hr>
          </gpxtpx:TrackPointExtension>
        </extensions>
      </trkpt>
      <trkpt lat="28.228684398340587" lon="112.9078265452551">
        <ele>60.82016667537391</ele>
        <time>2026-09-17T13:13:39.800000Z</time>
        <extensions>
          <gpxtpx:TrackPointExtension>
            <gpxtpx:hr>158</gpxtpx:hr>
          </gpxtpx:TrackPointExtension>
        </extensions>
      </trkpt>
      <trkpt lat="28.22868308986619" lon="112.9078075172985">
        <ele>60.88406544178724</ele>
        <time>2026-09-17T13:13:40.800000Z</time>
        <extensions>
          <gpxtpx:TrackPointExtension>
            <gpxtpx:hr>158</gpxtpx:hr>
          </gpxtpx:TrackPointExtension>
        </extensions>
      </trkpt>
      <trkpt lat="28.22868273468359" lon="112.90778935932134">
        <ele>60.950020865537226</ele>
        <time>2026-09-17T13:13:41.800000Z</time>
        <extensions>
          <gpxtpx:TrackPointExtension>
            <gpxtpx:hr>160</gpxtpx:hr>
          </gpxtpx:TrackPointExtension>
        </extensions>
      </trkpt>
      <trkpt lat="28.228683365266576" lon="112.90777122968699">
        <ele>61.017435831949115</ele>
        <time>2026-09-17T13:13:42.800000Z</time>
        <extensions>
          <gpxtpx:TrackPointExtension>
            <gpxtpx:hr>160</gpxtpx:hr>
          </gpxtpx:TrackPointExtension>
        </extensions>
      </trkpt>
      <trkpt lat="28.228684325170533" lon="112.90775265495597">
        <ele>61.08586118929088</ele>
        <time>2026-09-17T13:13:43.800000Z</time>
        <extensions>
          <gpxtpx:TrackPointExtension>
            <gpxtpx:hr>160</gpxtpx:hr>
          </gpxtpx:TrackPointExtension>
        </extensions>
      </trkpt>
      <trkpt lat="28.22868543948901" lon="112.90773370683124">
        <ele>61.154893836937845</ele>
        <time>2026-09-17T13:13:44.800000Z</time>
        <extensions>
          <gpxtpx:TrackPointExtension>
            <gpxtpx:hr>160</gpxtpx:hr>
          </gpxtpx:TrackPointExtension>
        </extensions>
      </trkpt>
      <trkpt lat="28.228687138058817" lon="112.90771492424383">
        <ele>61.224156606942415</ele>
        <time>2026-09-17T13:13:45.800000Z</time>
        <extensions>
          <gpxtpx:TrackPointExtension>
            <gpxtpx:hr>160</gpxtpx:hr>
          </gpxtpx:TrackPointExtension>
        </extensions>
      </trkpt>
      <trkpt lat="28.22868957059091" lon="112.90769693875637">
        <ele>61.29320910666138</ele>
        <time>2026-09-17T13:13:46.800000Z</time>
        <extensions>
          <gpxtpx:TrackPointExtension>
            <gpxtpx:hr>160</gpxtpx:hr>
          </gpxtpx:TrackPointExtension>
        </extensions>
      </trkpt>
      <trkpt lat="28.22869231152907" lon="112.90768048003228">
        <ele>61.36156633589417</ele>
        <time>2026-09-17T13:13:47.800000Z</time>
        <extensions>
          <gpxtpx:TrackPointExtension>
            <gpxtpx:hr>161</gpxtpx:hr>
          </gpxtpx:TrackPointExtension>
        </extensions>
      </trkpt>
      <trkpt lat="28.2286947467973" lon="112.90766582821418">
        <ele>61.42865944560617</ele>
        <time>2026-09-17T13:13:48.800000Z</time>
        <extensions>
          <gpxtpx:TrackPointExtension>
            <gpxtpx:hr>161</gpxtpx:hr>
          </gpxtpx:TrackPointExtension>
        </extensions>
      </trkpt>
      <trkpt lat="28.22869622041071" lon="112.90765309371854">
        <ele>61.49387911334634</ele>
        <time>2026-09-17T13:13:49.800000Z</time>
        <extensions>
          <gpxtpx:TrackPointExtension>
            <gpxtpx:hr>161</gpxtpx:hr>
          </gpxtpx:TrackPointExtension>
        </extensions>
      </trkpt>
      <trkpt lat="28.228695709656954" lon="112.90764325731136">
        <ele>61.556532013230026</ele>
        <time>2026-09-17T13:13:50.800000Z</time>
        <extensions>
          <gpxtpx:TrackPointExtension>
            <gpxtpx:hr>161</gpxtpx:hr>
          </gpxtpx:TrackPointExtension>
        </extensions>
      </trkpt>
      <trkpt lat="28.228694056666985" lon="112.90763537553809">
        <ele>61.61582294292748</ele>
        <time>2026-09-17T13:13:51.800000Z</time>
        <extensions>
          <gpxtpx:TrackPointExtension>
            <gpxtpx:hr>161</gpxtpx:hr>
          </gpxtpx:TrackPointExtension>
        </extensions>
      </trkpt>
      <trkpt lat="28.2286930446941" lon="112.90762689264675">
        <ele>61.670630796812475</ele>
        <time>2026-09-17T13:13:52.800000Z</time>
        <extensions>
          <gpxtpx:TrackPointExtension>
            <gpxtpx:hr>161</gpxtpx:hr>
          </gpxtpx:TrackPointExtension>
        </extensions>
      </trkpt>
      <trkpt lat="28.228693256944005" lon="112.90761681763462">
        <ele>61.71944276522845</ele>
        <time>2026-09-17T13:13:53.800000Z</time>
        <extensions>
          <gpxtpx:TrackPointExtension>
            <gpxtpx:hr>161</gpxtpx:hr>
          </gpxtpx:TrackPointExtension>
        </extensions>
      </trkpt>
      <trkpt lat="28.228694752261433" lon="112.90760527984064">
        <ele>61.75946774147451</ele>
        <time>2026-09-17T13:13:54.800000Z</time>
        <extensions>
          <gpxtpx:TrackPointExtension>
            <gpxtpx:hr>161</gpxtpx:hr>
          </gpxtpx:TrackPointExtension>
        </extensions>
      </trkpt>
      <trkpt lat="28.228697084346965" lon="112.9075918382984">
        <ele>61.79074802994728</ele>
        <time>2026-09-17T13:13:55.800000Z</time>
        <extensions>
          <gpxtpx:TrackPointExtension>
            <gpxtpx:hr>162</gpxtpx:hr>
          </gpxtpx:TrackPointExtension>
        </extensions>
      </trkpt>
      <trkpt lat="28.228699834516693" lon="112.90757737464762">
        <ele>61.811865493655205</ele>
        <time>2026-09-17T13:13:56.800000Z</time>
        <extensions>
          <gpxtpx:TrackPointExtension>
            <gpxtpx:hr>162</gpxtpx:hr>
          </gpxtpx:TrackPointExtension>
        </extensions>
      </trkpt>
      <trkpt lat="28.22870284969498" lon="112.90756257074202">
        <ele>61.82420970033854</ele>
        <time>2026-09-17T13:13:57.800000Z</time>
        <extensions>
          <gpxtpx:TrackPointExtension>
            <gpxtpx:hr>162</gpxtpx:hr>
          </gpxtpx:TrackPointExtension>
        </extensions>
      </trkpt>
      <trkpt lat="28.228705895224056" lon="112.90754769456129">
        <ele>61.829757248051465</ele>
        <time>2026-09-17T13:13:58.800000Z</time>
        <extensions>
          <gpxtpx:TrackPointExtension>
            <gpxtpx:hr>162</gpxtpx:hr>
          </gpxtpx:TrackPointExtension>
        </extensions>
      </trkpt>
      <trkpt lat="28.22870875981399" lon="112.90753280387605">
        <ele>61.830636450089514</ele>
        <time>2026-09-17T13:13:59.800000Z</time>
        <extensions>
          <gpxtpx:TrackPointExtension>
            <gpxtpx:hr>162</gpxtpx:hr>
          </gpxtpx:TrackPointExtension>
        </extensions>
      </trkpt>
      <trkpt lat="28.228711007170237" lon="112.90751809355213">
        <ele>61.82891740556806</ele>
        <time>2026-09-17T13:14:00.800000Z</time>
        <extensions>
          <gpxtpx:TrackPointExtension>
            <gpxtpx:hr>161</gpxtpx:hr>
          </gpxtpx:TrackPointExtension>
        </extensions>
      </trkpt>
      <trkpt lat="28.228712278677808" lon="112.9075039034969">
        <ele>61.82660059630871</ele>
        <time>2026-09-17T13:14:01.800000Z</time>
        <extensions>
          <gpxtpx:TrackPointExtension>
            <gpxtpx:hr>161</gpxtpx:hr>
          </gpxtpx:TrackPointExtension>
        </extensions>
      </trkpt>
      <trkpt lat="28.22871231142353" lon="112.90749059785149">
        <ele>61.825659356079996</ele>
        <time>2026-09-17T13:14:02.800000Z</time>
        <extensions>
          <gpxtpx:TrackPointExtension>
            <gpxtpx:hr>161</gpxtpx:hr>
          </gpxtpx:TrackPointExtension>
        </extensions>
      </trkpt>
      <trkpt lat="28.228710051615405" lon="112.9074783879319">
        <ele>61.82804231997579</ele>
        <time>2026-09-17T13:14:03.800000Z</time>
        <extensions>
          <gpxtpx:TrackPointExtension>
            <gpxtpx:hr>161</gpxtpx:hr>
          </gpxtpx:TrackPointExtension>
        </extensions>
      </trkpt>
      <trkpt lat="28.22870540612151" lon="112.90746704295232">
        <ele>61.835387465544045</ele>
        <time>2026-09-17T13:14:04.800000Z</time>
        <extensions>
          <gpxtpx:TrackPointExtension>
            <gpxtpx:hr>161</gpxtpx:hr>
          </gpxtpx:TrackPointExtension>
        </extensions>
      </trkpt>
      <trkpt lat="28.228699930359706" lon="112.9074563108527">
        <ele>61.84848488587886</ele>
        <time>2026-09-17T13:14:05.800000Z</time>
        <extensions>
          <gpxtpx:TrackPointExtension>
            <gpxtpx:hr>161</gpxtpx:hr>
          </gpxtpx:TrackPointExtension>
        </extensions>
      </trkpt>
      <trkpt lat="28.228696316751055" lon="112.90744486511963">
        <ele>61.86666847392917</ele>
        <time>2026-09-17T13:14:06.800000Z</time>
        <extensions>
          <gpxtpx:TrackPointExtension>
            <gpxtpx:hr>160</gpxtpx:hr>
          </gpxtpx:TrackPointExtension>
        </extensions>
      </trkpt>
      <trkpt lat="28.228696317656553" lon="112.90743184405017">
        <ele>61.88791078235954</ele>
        <time>2026-09-17T13:14:07.800000Z</time>
        <extensions>
          <gpxtpx:TrackPointExtension>
            <gpxtpx:hr>160</gpxtpx:hr>
          </gpxtpx:TrackPointExtension>
        </extensions>
      </trkpt>
      <trkpt lat="28.22869895484219" lon="112.90741806302316">
        <ele>61.909667738713324</ele>
        <time>2026-09-17T13:14:08.800000Z</time>
        <extensions>
          <gpxtpx:TrackPointExtension>
            <gpxtpx:hr>160</gpxtpx:hr>
          </gpxtpx:TrackPointExtension>
        </extensions>
      </trkpt>
      <trkpt lat="28.228702940206823" lon="112.90740395908462">
        <ele>61.93055308237672</ele>
        <time>2026-09-17T13:14:09.800000Z</time>
        <extensions>
          <gpxtpx:TrackPointExtension>
            <gpxtpx:hr>160</gpxtpx:hr>
          </gpxtpx:TrackPointExtension>
        </extensions>
      </trkpt>
      <trkpt lat="28.228707596663824" lon="112.90738972347985">
        <ele>61.94860423915088</ele>
        <time>2026-09-17T13:14:10.800000Z</time>
        <extensions>
          <gpxtpx:TrackPointExtension>
            <gpxtpx:hr>160</gpxtpx:hr>
          </gpxtpx:TrackPointExtension>
        </extensions>
      </trkpt>
      <trkpt lat="28.22871245836096" lon="112.9073754874768">
        <ele>61.96270147152245</ele>
        <time>2026-09-17T13:14:11.800000Z</time>
        <extensions>
          <gpxtpx:TrackPointExtension>
            <gpxtpx:hr>160</gpxtpx:hr>
          </gpxtpx:TrackPointExtension>
        </extensions>
      </trkpt>
      <trkpt lat="28.22871750805451" lon="112.907361259718">
        <ele>61.97159800399095</ele>
        <time>2026-09-17T13:14:12.800000Z</time>
        <extensions>
          <gpxtpx:TrackPointExtension>
            <gpxtpx:hr>160</gpxtpx:hr>
          </gpxtpx:TrackPointExtension>
        </extensions>
      </trkpt>
      <trkpt lat="28.228722870632105" lon="112.90734699428998">
        <ele>61.97298647649586</ele>
        <time>2026-09-17T13:14:13.700000Z</time>
        <extensions>
          <gpxtpx:TrackPointExtension>
            <gpxtpx:hr>160</gpxtpx:hr>
          </gpxtpx:TrackPointExtension>
        </extensions>
      </trkpt>
      <trkpt lat="28.22872853231651" lon="112.90733273189669">
        <ele>61.96729764062911</ele>
        <time>2026-09-17T13:14:14.700000Z</time>
        <extensions>
          <gpxtpx:TrackPointExtension>
            <gpxtpx:hr>160</gpxtpx:hr>
          </gpxtpx:TrackPointExtension>
        </extensions>
      </trkpt>
      <trkpt lat="28.228734340734245" lon="112.90731839395997">
        <ele>61.95102753210813</ele>
        <time>2026-09-17T13:14:15.700000Z</time>
        <extensions>
          <gpxtpx:TrackPointExtension>
            <gpxtpx:hr>159</gpxtpx:hr>
          </gpxtpx:TrackPointExtension>
        </extensions>
      </trkpt>
      <trkpt lat="28.22874010748765" lon="112.90730407118751">
        <ele>61.92693822644651</ele>
        <time>2026-09-17T13:14:16.700000Z</time>
        <extensions>
          <gpxtpx:TrackPointExtension>
            <gpxtpx:hr>159</gpxtpx:hr>
          </gpxtpx:TrackPointExtension>
        </extensions>
      </trkpt>
      <trkpt lat="28.228745746071155" lon="112.90728995155206">
        <ele>61.89230169635266</ele>
        <time>2026-09-17T13:14:17.700000Z</time>
        <extensions>
          <gpxtpx:TrackPointExtension>
            <gpxtpx:hr>159</gpxtpx:hr>
          </gpxtpx:TrackPointExtension>
        </extensions>
      </trkpt>
      <trkpt lat="28.228751276056432" lon="112.90727588066805">
        <ele>61.84702924732119</ele>
        <time>2026-09-17T13:14:18.700000Z</time>
        <extensions>
          <gpxtpx:TrackPointExtension>
            <gpxtpx:hr>159</gpxtpx:hr>
          </gpxtpx:TrackPointExtension>
        </extensions>
      </trkpt>
      <trkpt lat="28.2287567216374" lon="112.90726184152244">
        <ele>61.79377341736108</ele>
        <time>2026-09-17T13:14:19.700000Z</time>
        <extensions>
          <gpxtpx:TrackPointExtension>
            <gpxtpx:hr>159</gpxtpx:hr>
          </gpxtpx:TrackPointExtension>
        </extensions>
      </trkpt>
      <trkpt lat="28.228761983018615" lon="112.9072479080562">
        <ele>61.72906485479325</ele>
        <time>2026-09-17T13:14:20.700000Z</time>
        <extensions>
          <gpxtpx:TrackPointExtension>
            <gpxtpx:hr>160</gpxtpx:hr>
          </gpxtpx:TrackPointExtension>
        </extensions>
      </trkpt>
      <trkpt lat="28.228766827756097" lon="112.90723402945802">
        <ele>61.65590242203325</ele>
        <time>2026-09-17T13:14:21.700000Z</time>
        <extensions>
          <gpxtpx:TrackPointExtension>
            <gpxtpx:hr>160</gpxtpx:hr>
          </gpxtpx:TrackPointExtension>
        </extensions>
      </trkpt>
      <trkpt lat="28.228771002446948" lon="112.90722024401659">
        <ele>61.57263234257698</ele>
        <time>2026-09-17T13:14:22.700000Z</time>
        <extensions>
          <gpxtpx:TrackPointExtension>
            <gpxtpx:hr>160</gpxtpx:hr>
          </gpxtpx:TrackPointExtension>
        </extensions>
      </trkpt>
      <trkpt lat="28.228774646664444" lon="112.9072063548075">
        <ele>61.4814544217661</ele>
        <time>2026-09-17T13:14:23.700000Z</time>
        <extensions>
          <gpxtpx:TrackPointExtension>
            <gpxtpx:hr>160</gpxtpx:hr>
          </gpxtpx:TrackPointExtension>
        </extensions>
      </trkpt>
      <trkpt lat="28.228778037463325" lon="112.90719202765108">
        <ele>61.38167294766754</ele>
        <time>2026-09-17T13:14:24.700000Z</time>
        <extensions>
          <gpxtpx:TrackPointExtension>
            <gpxtpx:hr>160</gpxtpx:hr>
          </gpxtpx:TrackPointExtension>
        </extensions>
      </trkpt>
      <trkpt lat="28.228781271993018" lon="112.90717701772643">
        <ele>61.27225916367024</ele>
        <time>2026-09-17T13:14:25.700000Z</time>
        <extensions>
          <gpxtpx:TrackPointExtension>
            <gpxtpx:hr>160</gpxtpx:hr>
          </gpxtpx:TrackPointExtension>
        </extensions>
      </trkpt>
      <trkpt lat="28.228784414656705" lon="112.9071613263105">
        <ele>61.15454802941531</ele>
        <time>2026-09-17T13:14:26.700000Z</time>
        <extensions>
          <gpxtpx:TrackPointExtension>
            <gpxtpx:hr>163</gpxtpx:hr>
          </gpxtpx:TrackPointExtension>
        </extensions>
      </trkpt>
      <trkpt lat="28.228787606767156" lon="112.90714510634453">
        <ele>61.02858097665012</ele>
        <time>2026-09-17T13:14:27.700000Z</time>
        <extensions>
          <gpxtpx:TrackPointExtension>
            <gpxtpx:hr>163</gpxtpx:hr>
          </gpxtpx:TrackPointExtension>
        </extensions>
      </trkpt>
      <trkpt lat="28.228790745154544" lon="112.90712860789405">
        <ele>60.89570968132466</ele>
        <time>2026-09-17T13:14:28.700000Z</time>
        <extensions>
          <gpxtpx:TrackPointExtension>
            <gpxtpx:hr>163</gpxtpx:hr>
          </gpxtpx:TrackPointExtension>
        </extensions>
      </trkpt>
      <trkpt lat="28.228793839476598" lon="112.90711193327938">
        <ele>60.756090679205954</ele>
        <time>2026-09-17T13:14:29.700000Z</time>
        <extensions>
          <gpxtpx:TrackPointExtension>
            <gpxtpx:hr>163</gpxtpx:hr>
          </gpxtpx:TrackPointExtension>
        </extensions>
      </trkpt>
      <trkpt lat="28.228797055608734" lon="112.90709519430311">
        <ele>60.60988807678223</ele>
        <time>2026-09-17T13:14:30.700000Z</time>
        <extensions>
          <gpxtpx:TrackPointExtension>
            <gpxtpx:hr>163</gpxtpx:hr>
          </gpxtpx:TrackPointExtension>
        </extensions>
      </trkpt>
      <trkpt lat="28.228800761779272" lon="112.9070784979356">
        <ele>60.45505230501294</ele>
        <time>2026-09-17T13:14:31.700000Z</time>
        <extensions>
          <gpxtpx:TrackPointExtension>
            <gpxtpx:hr>163</gpxtpx:hr>
          </gpxtpx:TrackPointExtension>
        </extensions>
      </trkpt>
      <trkpt lat="28.22880505592986" lon="112.90706188058353">
        <ele>60.29343592748046</ele>
        <time>2026-09-17T13:14:32.700000Z</time>
        <extensions>
          <gpxtpx:TrackPointExtension>
            <gpxtpx:hr>163</gpxtpx:hr>
          </gpxtpx:TrackPointExtension>
        </extensions>
      </trkpt>
      <trkpt lat="28.228809575892203" lon="112.90704530772858">
        <ele>60.12569103669375</ele>
        <time>2026-09-17T13:14:33.700000Z</time>
        <extensions>
          <gpxtpx:TrackPointExtension>
            <gpxtpx:hr>163</gpxtpx:hr>
          </gpxtpx:TrackPointExtension>
        </extensions>
      </trkpt>
      <trkpt lat="28.22881414797367" lon="112.90702882685946">
        <ele>59.95156479347497</ele>
        <time>2026-09-17T13:14:34.700000Z</time>
        <extensions>
          <gpxtpx:TrackPointExtension>
            <gpxtpx:hr>163</gpxtpx:hr>
          </gpxtpx:TrackPointExtension>
        </extensions>
      </trkpt>
      <trkpt lat="28.22881873307307" lon="112.90701264442059">
        <ele>59.77177526243031</ele>
        <time>2026-09-17T13:14:35.700000Z</time>
        <extensions>
          <gpxtpx:TrackPointExtension>
            <gpxtpx:hr>164</gpxtpx:hr>
          </gpxtpx:TrackPointExtension>
        </extensions>
      </trkpt>
      <trkpt lat="28.228823296192722" lon="112.90699699887162">
        <ele>59.586035668849945</ele>
        <time>2026-09-17T13:14:36.700000Z</time>
        <extensions>
          <gpxtpx:TrackPointExtension>
            <gpxtpx:hr>164</gpxtpx:hr>
          </gpxtpx:TrackPointExtension>
        </extensions>
      </trkpt>
      <trkpt lat="28.228827946547973" lon="112.9069820830798">
        <ele>59.39630165416747</ele>
        <time>2026-09-17T13:14:37.700000Z</time>
        <extensions>
          <gpxtpx:TrackPointExtension>
            <gpxtpx:hr>164</gpxtpx:hr>
          </gpxtpx:TrackPointExtension>
        </extensions>
      </trkpt>
      <trkpt lat="28.228832713509064" lon="112.90696813883079">
        <ele>59.20273867435753</ele>
        <time>2026-09-17T13:14:38.700000Z</time>
        <extensions>
          <gpxtpx:TrackPointExtension>
            <gpxtpx:hr>164</gpxtpx:hr>
          </gpxtpx:TrackPointExtension>
        </extensions>
      </trkpt>
      <trkpt lat="28.228837264351885" lon="112.90695517853551">
        <ele>59.00687935389578</ele>
        <time>2026-09-17T13:14:39.700000Z</time>
        <extensions>
          <gpxtpx:TrackPointExtension>
            <gpxtpx:hr>164</gpxtpx:hr>
          </gpxtpx:TrackPointExtension>
        </extensions>
      </trkpt>
      <trkpt lat="28.228840554983535" lon="112.90694215345098">
        <ele>58.8100909171626</ele>
        <time>2026-09-17T13:14:40.700000Z</time>
        <extensions>
          <gpxtpx:TrackPointExtension>
            <gpxtpx:hr>164</gpxtpx:hr>
          </gpxtpx:TrackPointExtension>
        </extensions>
      </trkpt>
      <trkpt lat="28.22884222224316" lon="112.90692809534976">
        <ele>58.61266180500388</ele>
        <time>2026-09-17T13:14:41.700000Z</time>
        <extensions>
          <gpxtpx:TrackPointExtension>
            <gpxtpx:hr>164</gpxtpx:hr>
          </gpxtpx:TrackPointExtension>
        </extensions>
      </trkpt>
      <trkpt lat="28.228842783322683" lon="112.90691261243492">
        <ele>58.41606627870351</ele>
        <time>2026-09-17T13:14:42.700000Z</time>
        <extensions>
          <gpxtpx:TrackPointExtension>
            <gpxtpx:hr>164</gpxtpx:hr>
          </gpxtpx:TrackPointExtension>
        </extensions>
      </trkpt>
      <trkpt lat="28.22884291654847" lon="112.90689564143398">
        <ele>58.22134604584426</ele>
        <time>2026-09-17T13:14:43.700000Z</time>
        <extensions>
          <gpxtpx:TrackPointExtension>
            <gpxtpx:hr>164</gpxtpx:hr>
          </gpxtpx:TrackPointExtension>
        </extensions>
      </trkpt>
      <trkpt lat="28.228843163382496" lon="112.90687788998069">
        <ele>58.02857247367501</ele>
        <time>2026-09-17T13:14:44.700000Z</time>
        <extensions>
          <gpxtpx:TrackPointExtension>
            <gpxtpx:hr>164</gpxtpx:hr>
          </gpxtpx:TrackPointExtension>
        </extensions>
      </trkpt>
      <trkpt lat="28.228843685841646" lon="112.9068599303902">
        <ele>57.83808016497642</ele>
        <time>2026-09-17T13:14:45.700000Z</time>
        <extensions>
          <gpxtpx:TrackPointExtension>
            <gpxtpx:hr>166</gpxtpx:hr>
          </gpxtpx:TrackPointExtension>
        </extensions>
      </trkpt>
      <trkpt lat="28.228844159181648" lon="112.90684153322707">
        <ele>57.6492252452299</ele>
        <time>2026-09-17T13:14:46.700000Z</time>
        <extensions>
          <gpxtpx:TrackPointExtension>
            <gpxtpx:hr>166</gpxtpx:hr>
          </gpxtpx:TrackPointExtension>
        </extensions>
      </trkpt>
      <trkpt lat="28.22884390101184" lon="112.90682200691484">
        <ele>57.46206910442561</ele>
        <time>2026-09-17T13:14:47.700000Z</time>
        <extensions>
          <gpxtpx:TrackPointExtension>
            <gpxtpx:hr>166</gpxtpx:hr>
          </gpxtpx:TrackPointExtension>
        </extensions>
      </trkpt>
      <trkpt lat="28.228842654023072" lon="112.90680092105329">
        <ele>57.27543360181153</ele>
        <time>2026-09-17T13:14:48.700000Z</time>
        <extensions>
          <gpxtpx:TrackPointExtension>
            <gpxtpx:hr>166</gpxtpx:hr>
          </gpxtpx:TrackPointExtension>
        </extensions>
      </trkpt>
      <trkpt lat="28.228840660755584" lon="112.90677944040866">
        <ele>57.0902856560424</ele>
        <time>2026-09-17T13:14:49.700000Z</time>
        <extensions>
          <gpxtpx:TrackPointExtension>
            <gpxtpx:hr>166</gpxtpx:hr>
          </gpxtpx:TrackPointExtension>
        </extensions>
      </trkpt>
      <trkpt lat="28.22883829202956" lon="112.90675848949475">
        <ele>56.906706620939076</ele>
        <time>2026-09-17T13:14:50.700000Z</time>
        <extensions>
          <gpxtpx:TrackPointExtension>
            <gpxtpx:hr>165</gpxtpx:hr>
          </gpxtpx:TrackPointExtension>
        </extensions>
      </trkpt>
      <trkpt lat="28.228835730851298" lon="112.9067376255815">
        <ele>56.72413520514965</ele>
        <time>2026-09-17T13:14:51.700000Z</time>
        <extensions>
          <gpxtpx:TrackPointExtension>
            <gpxtpx:hr>165</gpxtpx:hr>
          </gpxtpx:TrackPointExtension>
        </extensions>
      </trkpt>
      <trkpt lat="28.228833046044972" lon="112.9067164606518">
        <ele>56.54318062402308</ele>
        <time>2026-09-17T13:14:52.700000Z</time>
        <extensions>
          <gpxtpx:TrackPointExtension>
            <gpxtpx:hr>165</gpxtpx:hr>
          </gpxtpx:TrackPointExtension>
        </extensions>
      </trkpt>
      <trkpt lat="28.22883037764915" lon="112.90669444713066">
        <ele>56.36395820789039</ele>
        <time>2026-09-17T13:14:53.700000Z</time>
        <extensions>
          <gpxtpx:TrackPointExtension>
            <gpxtpx:hr>165</gpxtpx:hr>
          </gpxtpx:TrackPointExtension>
        </extensions>
      </trkpt>
      <trkpt lat="28.228827694511892" lon="112.90667058948073">
        <ele>56.18665935937315</ele>
        <time>2026-09-17T13:14:54.700000Z</time>
        <extensions>
          <gpxtpx:TrackPointExtension>
            <gpxtpx:hr>165</gpxtpx:hr>
          </gpxtpx:TrackPointExtension>
        </extensions>
      </trkpt>
      <trkpt lat="28.22882503248203" lon="112.9066440823609">
        <ele>56.0119946282357</ele>
        <time>2026-09-17T13:14:55.700000Z</time>
        <extensions>
          <gpxtpx:TrackPointExtension>
            <gpxtpx:hr>165</gpxtpx:hr>
          </gpxtpx:TrackPointExtension>
        </extensions>
      </trkpt>
      <trkpt lat="28.228822502934637" lon="112.90661495485783">
        <ele>55.83950848411769</ele>
        <time>2026-09-17T13:14:56.700000Z</time>
        <extensions>
          <gpxtpx:TrackPointExtension>
            <gpxtpx:hr>166</gpxtpx:hr>
          </gpxtpx:TrackPointExtension>
        </extensions>
      </trkpt>
      <trkpt lat="28.228820242884844" lon="112.90658357185472">
        <ele>55.669331289827824</ele>
        <time>2026-09-17T13:14:57.700000Z</time>
        <extensions>
          <gpxtpx:TrackPointExtension>
            <gpxtpx:hr>166</gpxtpx:hr>
          </gpxtpx:TrackPointExtension>
        </extensions>
      </trkpt>
      <trkpt lat="28.22881851935135" lon="112.90655060392709">
        <ele>55.50138389039785</ele>
        <time>2026-09-17T13:14:58.700000Z</time>
        <extensions>
          <gpxtpx:TrackPointExtension>
            <gpxtpx:hr>166</gpxtpx:hr>
          </gpxtpx:TrackPointExtension>
        </extensions>
      </trkpt>
      <trkpt lat="28.22881783311685" lon="112.90651686087372">
        <ele>55.335379568859935</ele>
        <time>2026-09-17T13:14:59.700000Z</time>
        <extensions>
          <gpxtpx:TrackPointExtension>
            <gpxtpx:hr>166</gpxtpx:hr>
          </gpxtpx:TrackPointExtension>
        </extensions>
      </trkpt>
      <trkpt lat="28.22881868311186" lon="112.90648289899529">
        <ele>55.171314381062984</ele>
        <time>2026-09-17T13:15:00.700000Z</time>
        <extensions>
          <gpxtpx:TrackPointExtension>
            <gpxtpx:hr>166</gpxtpx:hr>
          </gpxtpx:TrackPointExtension>
        </extensions>
      </trkpt>
      <trkpt lat="28.22882105189859" lon="112.90644897878505">
        <ele>55.008623119443655</ele>
        <time>2026-09-17T13:15:01.700000Z</time>
        <extensions>
          <gpxtpx:TrackPointExtension>
            <gpxtpx:hr>166</gpxtpx:hr>
          </gpxtpx:TrackPointExtension>
        </extensions>
      </trkpt>
      <trkpt lat="28.2288242759533" lon="112.90641529118705">
        <ele>54.84642667602748</ele>
        <time>2026-09-17T13:15:02.700000Z</time>
        <extensions>
          <gpxtpx:TrackPointExtension>
            <gpxtpx:hr>166</gpxtpx:hr>
          </gpxtpx:TrackPointExtension>
        </extensions>
      </trkpt>
      <trkpt lat="28.22882714543221" lon="112.90638227906041">
        <ele>54.68435288965702</ele>
        <time>2026-09-17T13:15:03.700000Z</time>
        <extensions>
          <gpxtpx:TrackPointExtension>
            <gpxtpx:hr>166</gpxtpx:hr>
          </gpxtpx:TrackPointExtension>
        </extensions>
      </trkpt>
      <trkpt lat="28.228828415809428" lon="112.90635010203218">
        <ele>54.52204588055611</ele>
        <time>2026-09-17T13:15:04.600000Z</time>
        <extensions>
          <gpxtpx:TrackPointExtension>
            <gpxtpx:hr>166</gpxtpx:hr>
          </gpxtpx:TrackPointExtension>
        </extensions>
      </trkpt>
      <trkpt lat="28.228827693073306" lon="112.9063182844762">
        <ele>54.358847274445</ele>
        <time>2026-09-17T13:15:05.600000Z</time>
        <extensions>
          <gpxtpx:TrackPointExtension>
            <gpxtpx:hr>166</gpxtpx:hr>
          </gpxtpx:TrackPointExtension>
        </extensions>
      </trkpt>
      <trkpt lat="28.22882566272287" lon="112.9062861549723">
        <ele>54.19496861472726</ele>
        <time>2026-09-17T13:15:06.600000Z</time>
        <extensions>
          <gpxtpx:TrackPointExtension>
            <gpxtpx:hr>166</gpxtpx:hr>
          </gpxtpx:TrackPointExtension>
        </extensions>
      </trkpt>
      <trkpt lat="28.22882304490525" lon="112.9062532264473">
        <ele>54.02997098583728</ele>
        <time>2026-09-17T13:15:07.600000Z</time>
        <extensions>
          <gpxtpx:TrackPointExtension>
            <gpxtpx:hr>165</gpxtpx:hr>
          </gpxtpx:TrackPointExtension>
        </extensions>
      </trkpt>
      <trkpt lat="28.228820176272116" lon="112.90621952397045">
        <ele>53.86374277342111</ele>
        <time>2026-09-17T13:15:08.600000Z</time>
        <extensions>
          <gpxtpx:TrackPointExtension>
            <gpxtpx:hr>165</gpxtpx:hr>
          </gpxtpx:TrackPointExtension>
        </extensions>
      </trkpt>
      <trkpt lat="28.228817109549684" lon="112.90618537123228">
        <ele>53.696132658049464</ele>
        <time>2026-09-17T13:15:09.600000Z</time>
        <extensions>
          <gpxtpx:TrackPointExtension>
            <gpxtpx:hr>165</gpxtpx:hr>
          </gpxtpx:TrackPointExtension>
        </extensions>
      </trkpt>
      <trkpt lat="28.228813442149924" lon="112.90615103390648">
        <ele>53.52699679415673</ele>
        <time>2026-09-17T13:15:10.600000Z</time>
        <extensions>
          <gpxtpx:TrackPointExtension>
            <gpxtpx:hr>165</gpxtpx:hr>
          </gpxtpx:TrackPointExtension>
        </extensions>
      </trkpt>
      <trkpt lat="28.22880900883307" lon="112.90611695552703">
        <ele>53.356751441955566</ele>
        <time>2026-09-17T13:15:11.600000Z</time>
        <extensions>
          <gpxtpx:TrackPointExtension>
            <gpxtpx:hr>167</gpxtpx:hr>
          </gpxtpx:TrackPointExtension>
        </extensions>
      </trkpt>
      <trkpt lat="28.228804253240703" lon="112.90608362518714">
        <ele>53.185351956635714</ele>
        <time>2026-09-17T13:15:12.600000Z</time>
        <extensions>
          <gpxtpx:TrackPointExtension>
            <gpxtpx:hr>167</gpxtpx:hr>
          </gpxtpx:TrackPointExtension>
        </extensions>
      </trkpt>
      <trkpt lat="28.228799558868403" lon="112.90605098009317">
        <ele>53.01345358788967</ele>
        <time>2026-09-17T13:15:13.600000Z</time>
        <extensions>
          <gpxtpx:TrackPointExtension>
            <gpxtpx:hr>167</gpxtpx:hr>
          </gpxtpx:TrackPointExtension>
        </extensions>
      </trkpt>
      <trkpt lat="28.228795313169897" lon="112.90601854720647">
        <ele>52.84117262158543</ele>
        <time>2026-09-17T13:15:14.600000Z</time>
        <extensions>
          <gpxtpx:TrackPointExtension>
            <gpxtpx:hr>167</gpxtpx:hr>
          </gpxtpx:TrackPointExtension>
        </extensions>
      </trkpt>
      <trkpt lat="28.22879167747005" lon="112.90598637489292">
        <ele>52.66930572129786</ele>
        <time>2026-09-17T13:15:15.600000Z</time>
        <extensions>
          <gpxtpx:TrackPointExtension>
            <gpxtpx:hr>167</gpxtpx:hr>
          </gpxtpx:TrackPointExtension>
        </extensions>
      </trkpt>
      <trkpt lat="28.228788600085384" lon="112.90595470615288">
        <ele>52.498753990978</ele>
        <time>2026-09-17T13:15:16.600000Z</time>
        <extensions>
          <gpxtpx:TrackPointExtension>
            <gpxtpx:hr>167</gpxtpx:hr>
          </gpxtpx:TrackPointExtension>
        </extensions>
      </trkpt>
      <trkpt lat="28.228785949751945" lon="112.90592339470592">
        <ele>52.330266821198165</ele>
        <time>2026-09-17T13:15:17.600000Z</time>
        <extensions>
          <gpxtpx:TrackPointExtension>
            <gpxtpx:hr>167</gpxtpx:hr>
          </gpxtpx:TrackPointExtension>
        </extensions>
      </trkpt>
      <trkpt lat="28.2287835076816" lon="112.90589193508647">
        <ele>52.16463158559054</ele>
        <time>2026-09-17T13:15:18.600000Z</time>
        <extensions>
          <gpxtpx:TrackPointExtension>
            <gpxtpx:hr>167</gpxtpx:hr>
          </gpxtpx:TrackPointExtension>
        </extensions>
      </trkpt>
      <trkpt lat="28.228781015303383" lon="112.90586009652375">
        <ele>52.00246617756784</ele>
        <time>2026-09-17T13:15:19.600000Z</time>
        <extensions>
          <gpxtpx:TrackPointExtension>
            <gpxtpx:hr>167</gpxtpx:hr>
          </gpxtpx:TrackPointExtension>
        </extensions>
      </trkpt>
      <trkpt lat="28.228778372297153" lon="112.90582824183582">
        <ele>51.843998139724135</ele>
        <time>2026-09-17T13:15:20.600000Z</time>
        <extensions>
          <gpxtpx:TrackPointExtension>
            <gpxtpx:hr>167</gpxtpx:hr>
          </gpxtpx:TrackPointExtension>
        </extensions>
      </trkpt>
      <trkpt lat="28.22877575101641" lon="112.90579645277842">
        <ele>51.69045339059085</ele>
        <time>2026-09-17T13:15:21.600000Z</time>
        <extensions>
          <gpxtpx:TrackPointExtension>
            <gpxtpx:hr>167</gpxtpx:hr>
          </gpxtpx:TrackPointExtension>
        </extensions>
      </trkpt>
      <trkpt lat="28.228773120982495" lon="112.90576433585981">
        <ele>51.54230935219675</ele>
        <time>2026-09-17T13:15:22.600000Z</time>
        <extensions>
          <gpxtpx:TrackPointExtension>
            <gpxtpx:hr>169</gpxtpx:hr>
          </gpxtpx:TrackPointExtension>
        </extensions>
      </trkpt>
      <trkpt lat="28.22877048877751" lon="112.90573153495087">
        <ele>51.40055746585131</ele>
        <time>2026-09-17T13:15:23.600000Z</time>
        <extensions>
          <gpxtpx:TrackPointExtension>
            <gpxtpx:hr>169</gpxtpx:hr>
          </gpxtpx:TrackPointExtension>
        </extensions>
      </trkpt>
      <trkpt lat="28.228767868871145" lon="112.90569820960492">
        <ele>51.26542808674276</ele>
        <time>2026-09-17T13:15:24.600000Z</time>
        <extensions>
          <gpxtpx:TrackPointExtension>
            <gpxtpx:hr>169</gpxtpx:hr>
          </gpxtpx:TrackPointExtension>
        </extensions>
      </trkpt>
      <trkpt lat="28.228765186664745" lon="112.90566486013545">
        <ele>51.13667214103043</ele>
        <time>2026-09-17T13:15:25.600000Z</time>
        <extensions>
          <gpxtpx:TrackPointExtension>
            <gpxtpx:hr>169</gpxtpx:hr>
          </gpxtpx:TrackPointExtension>
        </extensions>
      </trkpt>
      <trkpt lat="28.22876216486818" lon="112.90563192427197">
        <ele>51.01366435084492</ele>
        <time>2026-09-17T13:15:26.600000Z</time>
        <extensions>
          <gpxtpx:TrackPointExtension>
            <gpxtpx:hr>168</gpxtpx:hr>
          </gpxtpx:TrackPointExtension>
        </extensions>
      </trkpt>
      <trkpt lat="28.22875821698785" lon="112.90559946510385">
        <ele>50.8965484444052</ele>
        <time>2026-09-17T13:15:27.600000Z</time>
        <extensions>
          <gpxtpx:TrackPointExtension>
            <gpxtpx:hr>168</gpxtpx:hr>
          </gpxtpx:TrackPointExtension>
        </extensions>
      </trkpt>
      <trkpt lat="28.22875388683781" lon="112.90556739690798">
        <ele>50.78382726572454</ele>
        <time>2026-09-17T13:15:28.600000Z</time>
        <extensions>
          <gpxtpx:TrackPointExtension>
            <gpxtpx:hr>168</gpxtpx:hr>
          </gpxtpx:TrackPointExtension>
        </extensions>
      </trkpt>
      <trkpt lat="28.22875020978365" lon="112.90553547866992">
        <ele>50.67558890581131</ele>
        <time>2026-09-17T13:15:29.600000Z</time>
        <extensions>
          <gpxtpx:TrackPointExtension>
            <gpxtpx:hr>168</gpxtpx:hr>
          </gpxtpx:TrackPointExtension>
        </extensions>
      </trkpt>
      <trkpt lat="28.22874709202526" lon="112.90550343621058">
        <ele>50.571415808051825</ele>
        <time>2026-09-17T13:15:30.600000Z</time>
        <extensions>
          <gpxtpx:TrackPointExtension>
            <gpxtpx:hr>168</gpxtpx:hr>
          </gpxtpx:TrackPointExtension>
        </extensions>
      </trkpt>
      <trkpt lat="28.22874443950328" lon="112.90547147551096">
        <ele>50.47020583320409</ele>
        <time>2026-09-17T13:15:31.600000Z</time>
        <extensions>
          <gpxtpx:TrackPointExtension>
            <gpxtpx:hr>168</gpxtpx:hr>
          </gpxtpx:TrackPointExtension>
        </extensions>
      </trkpt>
      <trkpt lat="28.22874248616198" lon="112.90543987214052">
        <ele>50.372590999118984</ele>
        <time>2026-09-17T13:15:32.600000Z</time>
        <extensions>
          <gpxtpx:TrackPointExtension>
            <gpxtpx:hr>168</gpxtpx:hr>
          </gpxtpx:TrackPointExtension>
        </extensions>
      </trkpt>
      <trkpt lat="28.228741061551677" lon="112.9054085451831">
        <ele>50.277189440093935</ele>
        <time>2026-09-17T13:15:33.600000Z</time>
        <extensions>
          <gpxtpx:TrackPointExtension>
            <gpxtpx:hr>168</gpxtpx:hr>
          </gpxtpx:TrackPointExtension>
        </extensions>
      </trkpt>
      <trkpt lat="28.228739776164964" lon="112.90537734665067">
        <ele>50.18353644665331</ele>
        <time>2026-09-17T13:15:34.600000Z</time>
        <extensions>
          <gpxtpx:TrackPointExtension>
            <gpxtpx:hr>168</gpxtpx:hr>
          </gpxtpx:TrackPointExtension>
        </extensions>
      </trkpt>
      <trkpt lat="28.22873828397943" lon="112.90534603936426">
        <ele>50.09098833054304</ele>
        <time>2026-09-17T13:15:35.600000Z</time>
        <extensions>
          <gpxtpx:TrackPointExtension>
            <gpxtpx:hr>165</gpxtpx:hr>
          </gpxtpx:TrackPointExtension>
        </extensions>
      </trkpt>
      <trkpt lat="28.228736469839372" lon="112.90531436583804">
        <ele>49.999391708523035</ele>
        <time>2026-09-17T13:15:36.600000Z</time>
        <extensions>
          <gpxtpx:TrackPointExtension>
            <gpxtpx:hr>165</gpxtpx:hr>
          </gpxtpx:TrackPointExtension>
        </extensions>
      </trkpt>
      <trkpt lat="28.228734414897637" lon="112.90528234251902">
        <ele>49.909782347269356</ele>
        <time>2026-09-17T13:15:37.600000Z</time>
        <extensions>
          <gpxtpx:TrackPointExtension>
            <gpxtpx:hr>165</gpxtpx:hr>
          </gpxtpx:TrackPointExtension>
        </extensions>
      </trkpt>
      <trkpt lat="28.228732163984905" lon="112.90525029805765">
        <ele>49.82179136760533</ele>
        <time>2026-09-17T13:15:38.600000Z</time>
        <extensions>
          <gpxtpx:TrackPointExtension>
            <gpxtpx:hr>165</gpxtpx:hr>
          </gpxtpx:TrackPointExtension>
        </extensions>
      </trkpt>
      <trkpt lat="28.228729729632178" lon="112.9052187953234">
        <ele>49.73584236577153</ele>
        <time>2026-09-17T13:15:39.600000Z</time>
        <extensions>
          <gpxtpx:TrackPointExtension>
            <gpxtpx:hr>165</gpxtpx:hr>
          </gpxtpx:TrackPointExtension>
        </extensions>
      </trkpt>
      <trkpt lat="28.228727057616904" lon="112.90518804083698">
        <ele>49.6519147483632</ele>
        <time>2026-09-17T13:15:40.600000Z</time>
        <extensions>
          <gpxtpx:TrackPointExtension>
            <gpxtpx:hr>165</gpxtpx:hr>
          </gpxtpx:TrackPointExtension>
        </extensions>
      </trkpt>
      <trkpt lat="28.228724201924646" lon="112.90515787121146">
        <ele>49.57013416849077</ele>
        <time>2026-09-17T13:15:41.600000Z</time>
        <extensions>
          <gpxtpx:TrackPointExtension>
            <gpxtpx:hr>164</gpxtpx:hr>
          </gpxtpx:TrackPointExtension>
        </extensions>
      </trkpt>
      <trkpt lat="28.228721356901044" lon="112.90512778170753">
        <ele>49.49102400895208</ele>
        <time>2026-09-17T13:15:42.600000Z</time>
        <extensions>
          <gpxtpx:TrackPointExtension>
            <gpxtpx:hr>164</gpxtpx:hr>
          </gpxtpx:TrackPointExtension>
        </extensions>
      </trkpt>
      <trkpt lat="28.228718822127544" lon="112.9050973516404">
        <ele>49.41394842695445</ele>
        <time>2026-09-17T13:15:43.600000Z</time>
        <extensions>
          <gpxtpx:TrackPointExtension>
            <gpxtpx:hr>164</gpxtpx:hr>
          </gpxtpx:TrackPointExtension>
        </extensions>
      </trkpt>
      <trkpt lat="28.22871682647671" lon="112.9050666677336">
        <ele>49.33986734133214</ele>
        <time>2026-09-17T13:15:44.600000Z</time>
        <extensions>
          <gpxtpx:TrackPointExtension>
            <gpxtpx:hr>164</gpxtpx:hr>
          </gpxtpx:TrackPointExtension>
        </extensions>
      </trkpt>
      <trkpt lat="28.22871525345941" lon="112.90503576715477">
        <ele>49.269507112912834</ele>
        <time>2026-09-17T13:15:45.600000Z</time>
        <extensions>
          <gpxtpx:TrackPointExtension>
            <gpxtpx:hr>164</gpxtpx:hr>
          </gpxtpx:TrackPointExtension>
        </extensions>
      </trkpt>
      <trkpt lat="28.228714013131533" lon="112.90500472148743">
        <ele>49.20315870922059</ele>
        <time>2026-09-17T13:15:46.600000Z</time>
        <extensions>
          <gpxtpx:TrackPointExtension>
            <gpxtpx:hr>158</gpxtpx:hr>
          </gpxtpx:TrackPointExtension>
        </extensions>
      </trkpt>
      <trkpt lat="28.2287130530813" lon="112.90497367993298">
        <ele>49.14232003968209</ele>
        <time>2026-09-17T13:15:47.600000Z</time>
        <extensions>
          <gpxtpx:TrackPointExtension>
            <gpxtpx:hr>158</gpxtpx:hr>
          </gpxtpx:TrackPointExtension>
        </extensions>
      </trkpt>
      <trkpt lat="28.228712324700442" lon="112.90494281347866">
        <ele>49.086776573210955</ele>
        <time>2026-09-17T13:15:48.600000Z</time>
        <extensions>
          <gpxtpx:TrackPointExtension>
            <gpxtpx:hr>158</gpxtpx:hr>
          </gpxtpx:TrackPointExtension>
        </extensions>
      </trkpt>
      <trkpt lat="28.228711660027276" lon="112.90491223657273">
        <ele>49.03736144769937</ele>
        <time>2026-09-17T13:15:49.600000Z</time>
        <extensions>
          <gpxtpx:TrackPointExtension>
            <gpxtpx:hr>158</gpxtpx:hr>
          </gpxtpx:TrackPointExtension>
        </extensions>
      </trkpt>
      <trkpt lat="28.228711016192225" lon="112.90488205503634">
        <ele>48.9951597051695</ele>
        <time>2026-09-17T13:15:50.600000Z</time>
        <extensions>
          <gpxtpx:TrackPointExtension>
            <gpxtpx:hr>158</gpxtpx:hr>
          </gpxtpx:TrackPointExtension>
        </extensions>
      </trkpt>
      <trkpt lat="28.228710841462274" lon="112.90485203402191">
        <ele>48.95931695681065</ele>
        <time>2026-09-17T13:15:51.600000Z</time>
        <extensions>
          <gpxtpx:TrackPointExtension>
            <gpxtpx:hr>158</gpxtpx:hr>
          </gpxtpx:TrackPointExtension>
        </extensions>
      </trkpt>
      <trkpt lat="28.228711332083723" lon="112.90482166146052">
        <ele>48.930920757353306</ele>
        <time>2026-09-17T13:15:52.600000Z</time>
        <extensions>
          <gpxtpx:TrackPointExtension>
            <gpxtpx:hr>158</gpxtpx:hr>
          </gpxtpx:TrackPointExtension>
        </extensions>
      </trkpt>
      <trkpt lat="28.228712286611945" lon="112.90479075925629">
        <ele>48.91011800803244</ele>
        <time>2026-09-17T13:15:53.600000Z</time>
        <extensions>
          <gpxtpx:TrackPointExtension>
            <gpxtpx:hr>155</gpxtpx:hr>
          </gpxtpx:TrackPointExtension>
        </extensions>
      </trkpt>
      <trkpt lat="28.22871319193611" lon="112.90475952682624">
        <ele>48.895590053871274</ele>
        <time>2026-09-17T13:15:54.600000Z</time>
        <extensions>
          <gpxtpx:TrackPointExtension>
            <gpxtpx:hr>155</gpxtpx:hr>
          </gpxtpx:TrackPointExtension>
        </extensions>
      </trkpt>
      <trkpt lat="28.22871450774969" lon="112.90472846142623">
        <ele>48.88808482233435</ele>
        <time>2026-09-17T13:15:55.500000Z</time>
        <extensions>
          <gpxtpx:TrackPointExtension>
            <gpxtpx:hr>155</gpxtpx:hr>
          </gpxtpx:TrackPointExtension>
        </extensions>
      </trkpt>
      <trkpt lat="28.228716988198915" lon="112.90469765008163">
        <ele>48.88887497037649</ele>
        <time>2026-09-17T13:15:56.500000Z</time>
        <extensions>
          <gpxtpx:TrackPointExtension>
            <gpxtpx:hr>155</gpxtpx:hr>
          </gpxtpx:TrackPointExtension>
        </extensions>
      </trkpt>
      <trkpt lat="28.22872075144499" lon="112.9046667508973">
        <ele>48.8952301889658</ele>
        <time>2026-09-17T13:15:57.500000Z</time>
        <extensions>
          <gpxtpx:TrackPointExtension>
            <gpxtpx:hr>153</gpxtpx:hr>
          </gpxtpx:TrackPointExtension>
        </extensions>
      </trkpt>
      <trkpt lat="28.228725982395485" lon="112.90463559267735">
        <ele>48.90778612438589</ele>
        <time>2026-09-17T13:15:58.500000Z</time>
        <extensions>
          <gpxtpx:TrackPointExtension>
            <gpxtpx:hr>153</gpxtpx:hr>
          </gpxtpx:TrackPointExtension>
        </extensions>
      </trkpt>
      <trkpt lat="28.228732820918168" lon="112.90460440410426">
        <ele>48.92666986398399</ele>
        <time>2026-09-17T13:15:59.500000Z</time>
        <extensions>
          <gpxtpx:TrackPointExtension>
            <gpxtpx:hr>153</gpxtpx:hr>
          </gpxtpx:TrackPointExtension>
        </extensions>
      </trkpt>
      <trkpt lat="28.22874113547236" lon="112.90457369035423">
        <ele>48.95123179908842</ele>
        <time>2026-09-17T13:16:00.500000Z</time>
        <extensions>
          <gpxtpx:TrackPointExtension>
            <gpxtpx:hr>153</gpxtpx:hr>
          </gpxtpx:TrackPointExtension>
        </extensions>
      </trkpt>
      <trkpt lat="28.228750859337538" lon="112.90454403141177">
        <ele>48.98228710703552</ele>
        <time>2026-09-17T13:16:01.500000Z</time>
        <extensions>
          <gpxtpx:TrackPointExtension>
            <gpxtpx:hr>153</gpxtpx:hr>
          </gpxtpx:TrackPointExtension>
        </extensions>
      </trkpt>
      <trkpt lat="28.228762302221057" lon="112.9045156816295">
        <ele>49.018542198464274</ele>
        <time>2026-09-17T13:16:02.500000Z</time>
        <extensions>
          <gpxtpx:TrackPointExtension>
            <gpxtpx:hr>150</gpxtpx:hr>
          </gpxtpx:TrackPointExtension>
        </extensions>
      </trkpt>
      <trkpt lat="28.228775405724658" lon="112.9044884384112">
        <ele>49.06057983264327</ele>
        <time>2026-09-17T13:16:03.500000Z</time>
        <extensions>
          <gpxtpx:TrackPointExtension>
            <gpxtpx:hr>150</gpxtpx:hr>
          </gpxtpx:TrackPointExtension>
        </extensions>
      </trkpt>
      <trkpt lat="28.22878988208202" lon="112.90446209924797">
        <ele>49.10772573389113</ele>
        <time>2026-09-17T13:16:04.500000Z</time>
        <extensions>
          <gpxtpx:TrackPointExtension>
            <gpxtpx:hr>150</gpxtpx:hr>
          </gpxtpx:TrackPointExtension>
        </extensions>
      </trkpt>
      <trkpt lat="28.228805438506733" lon="112.90443681589643">
        <ele>49.16049863025546</ele>
        <time>2026-09-17T13:16:05.500000Z</time>
        <extensions>
          <gpxtpx:TrackPointExtension>
            <gpxtpx:hr>150</gpxtpx:hr>
          </gpxtpx:TrackPointExtension>
        </extensions>
      </trkpt>
      <trkpt lat="28.228822051468864" lon="112.90441280005773">
        <ele>49.21783471945673</ele>
        <time>2026-09-17T13:16:06.500000Z</time>
        <extensions>
          <gpxtpx:TrackPointExtension>
            <gpxtpx:hr>150</gpxtpx:hr>
          </gpxtpx:TrackPointExtension>
        </extensions>
      </trkpt>
      <trkpt lat="28.228839853349093" lon="112.90439018222284">
        <ele>49.279510592110455</ele>
        <time>2026-09-17T13:16:07.500000Z</time>
        <extensions>
          <gpxtpx:TrackPointExtension>
            <gpxtpx:hr>150</gpxtpx:hr>
          </gpxtpx:TrackPointExtension>
        </extensions>
      </trkpt>
      <trkpt lat="28.228858881946493" lon="112.90436944809451">
        <ele>49.34614491183311</ele>
        <time>2026-09-17T13:16:08.500000Z</time>
        <extensions>
          <gpxtpx:TrackPointExtension>
            <gpxtpx:hr>145</gpxtpx:hr>
          </gpxtpx:TrackPointExtension>
        </extensions>
      </trkpt>
      <trkpt lat="28.228879141365923" lon="112.90435096795234">
        <ele>49.417583051137626</ele>
        <time>2026-09-17T13:16:09.500000Z</time>
        <extensions>
          <gpxtpx:TrackPointExtension>
            <gpxtpx:hr>145</gpxtpx:hr>
          </gpxtpx:TrackPointExtension>
        </extensions>
      </trkpt>
      <trkpt lat="28.228900871870806" lon="112.90433493632386">
        <ele>49.494023552164435</ele>
        <time>2026-09-17T13:16:10.500000Z</time>
        <extensions>
          <gpxtpx:TrackPointExtension>
            <gpxtpx:hr>145</gpxtpx:hr>
          </gpxtpx:TrackPointExtension>
        </extensions>
      </trkpt>
      <trkpt lat="28.228924363862973" lon="112.90432167699157">
        <ele>49.57510163541883</ele>
        <time>2026-09-17T13:16:11.500000Z</time>
        <extensions>
          <gpxtpx:TrackPointExtension>
            <gpxtpx:hr>145</gpxtpx:hr>
          </gpxtpx:TrackPointExtension>
        </extensions>
      </trkpt>
      <trkpt lat="28.228949262285276" lon="112.90431134891523">
        <ele>49.66012663859874</ele>
        <time>2026-09-17T13:16:12.500000Z</time>
        <extensions>
          <gpxtpx:TrackPointExtension>
            <gpxtpx:hr>145</gpxtpx:hr>
          </gpxtpx:TrackPointExtension>
        </extensions>
      </trkpt>
      <trkpt lat="28.22897489394598" lon="112.90430320390372">
        <ele>49.74906729068607</ele>
        <time>2026-09-17T13:16:13.500000Z</time>
        <extensions>
          <gpxtpx:TrackPointExtension>
            <gpxtpx:hr>144</gpxtpx:hr>
          </gpxtpx:TrackPointExtension>
        </extensions>
      </trkpt>
      <trkpt lat="28.22900087851143" lon="112.9042960866778">
        <ele>49.842160009779036</ele>
        <time>2026-09-17T13:16:14.500000Z</time>
        <extensions>
          <gpxtpx:TrackPointExtension>
            <gpxtpx:hr>144</gpxtpx:hr>
          </gpxtpx:TrackPointExtension>
        </extensions>
      </trkpt>
      <trkpt lat="28.22902711486173" lon="112.90428955934168">
        <ele>49.939109064638615</ele>
        <time>2026-09-17T13:16:15.500000Z</time>
        <extensions>
          <gpxtpx:TrackPointExtension>
            <gpxtpx:hr>144</gpxtpx:hr>
          </gpxtpx:TrackPointExtension>
        </extensions>
      </trkpt>
      <trkpt lat="28.229053428844146" lon="112.90428370239808">
        <ele>50.0389806535095</ele>
        <time>2026-09-17T13:16:16.500000Z</time>
        <extensions>
          <gpxtpx:TrackPointExtension>
            <gpxtpx:hr>144</gpxtpx:hr>
          </gpxtpx:TrackPointExtension>
        </extensions>
      </trkpt>
      <trkpt lat="28.22907960859202" lon="112.9042784346521">
        <ele>50.14097672048956</ele>
        <time>2026-09-17T13:16:17.500000Z</time>
        <extensions>
          <gpxtpx:TrackPointExtension>
            <gpxtpx:hr>144</gpxtpx:hr>
          </gpxtpx:TrackPointExtension>
        </extensions>
      </trkpt>
      <trkpt lat="28.229105463613582" lon="112.90427338300483">
        <ele>50.24473425839096</ele>
        <time>2026-09-17T13:16:18.500000Z</time>
        <extensions>
          <gpxtpx:TrackPointExtension>
            <gpxtpx:hr>142</gpxtpx:hr>
          </gpxtpx:TrackPointExtension>
        </extensions>
      </trkpt>
      <trkpt lat="28.229131189564384" lon="112.90426813157352">
        <ele>50.35084472876042</ele>
        <time>2026-09-17T13:16:19.500000Z</time>
        <extensions>
          <gpxtpx:TrackPointExtension>
            <gpxtpx:hr>142</gpxtpx:hr>
          </gpxtpx:TrackPointExtension>
        </extensions>
      </trkpt>
      <trkpt lat="28.22915707646512" lon="112.9042624456347">
        <ele>50.45734688360244</ele>
        <time>2026-09-17T13:16:20.500000Z</time>
        <extensions>
          <gpxtpx:TrackPointExtension>
            <gpxtpx:hr>142</gpxtpx:hr>
          </gpxtpx:TrackPointExtension>
        </extensions>
      </trkpt>
      <trkpt lat="28.229183052071026" lon="112.904256279815">
        <ele>50.56236103922129</ele>
        <time>2026-09-17T13:16:21.500000Z</time>
        <extensions>
          <gpxtpx:TrackPointExtension>
            <gpxtpx:hr>142</gpxtpx:hr>
          </gpxtpx:TrackPointExtension>
        </extensions>
      </trkpt>
      <trkpt lat="28.229209118053856" lon="112.9042495654472">
        <ele>50.666085560806096</ele>
        <time>2026-09-17T13:16:22.500000Z</time>
        <extensions>
          <gpxtpx:TrackPointExtension>
            <gpxtpx:hr>141</gpxtpx:hr>
          </gpxtpx:TrackPointExtension>
        </extensions>
      </trkpt>
      <trkpt lat="28.229235412108782" lon="112.90424221058427">
        <ele>50.76806107908487</ele>
        <time>2026-09-17T13:16:23.500000Z</time>
        <extensions>
          <gpxtpx:TrackPointExtension>
            <gpxtpx:hr>141</gpxtpx:hr>
          </gpxtpx:TrackPointExtension>
        </extensions>
      </trkpt>
      <trkpt lat="28.22926191123397" lon="112.90423413621893">
        <ele>50.867417017929256</ele>
        <time>2026-09-17T13:16:24.500000Z</time>
        <extensions>
          <gpxtpx:TrackPointExtension>
            <gpxtpx:hr>141</gpxtpx:hr>
          </gpxtpx:TrackPointExtension>
        </extensions>
      </trkpt>
      <trkpt lat="28.229288310598058" lon="112.90422543507287">
        <ele>50.96378864068538</ele>
        <time>2026-09-17T13:16:25.500000Z</time>
        <extensions>
          <gpxtpx:TrackPointExtension>
            <gpxtpx:hr>139</gpxtpx:hr>
          </gpxtpx:TrackPointExtension>
        </extensions>
      </trkpt>
      <trkpt lat="28.22931400769649" lon="112.90421617736226">
        <ele>51.05726350005716</ele>
        <time>2026-09-17T13:16:26.500000Z</time>
        <extensions>
          <gpxtpx:TrackPointExtension>
            <gpxtpx:hr>139</gpxtpx:hr>
          </gpxtpx:TrackPointExtension>
        </extensions>
      </trkpt>
      <trkpt lat="28.229338634560197" lon="112.90420667882336">
        <ele>51.14873339794576</ele>
        <time>2026-09-17T13:16:27.500000Z</time>
        <extensions>
          <gpxtpx:TrackPointExtension>
            <gpxtpx:hr>139</gpxtpx:hr>
          </gpxtpx:TrackPointExtension>
        </extensions>
      </trkpt>
      <trkpt lat="28.229362549858905" lon="112.90419722339168">
        <ele>51.237112279981375</ele>
        <time>2026-09-17T13:16:28.500000Z</time>
        <extensions>
          <gpxtpx:TrackPointExtension>
            <gpxtpx:hr>139</gpxtpx:hr>
          </gpxtpx:TrackPointExtension>
        </extensions>
      </trkpt>
      <trkpt lat="28.22938620017392" lon="112.90418773930114">
        <ele>51.32383648864925</ele>
        <time>2026-09-17T13:16:29.500000Z</time>
        <extensions>
          <gpxtpx:TrackPointExtension>
            <gpxtpx:hr>139</gpxtpx:hr>
          </gpxtpx:TrackPointExtension>
        </extensions>
      </trkpt>
      <trkpt lat="28.229409769611433" lon="112.90417809960199">
        <ele>51.40816296823323</ele>
        <time>2026-09-17T13:16:30.500000Z</time>
        <extensions>
          <gpxtpx:TrackPointExtension>
            <gpxtpx:hr>136</gpxtpx:hr>
          </gpxtpx:TrackPointExtension>
        </extensions>
      </trkpt>
      <trkpt lat="28.229433270489892" lon="112.90416825279702">
        <ele>51.491176433861256</ele>
        <time>2026-09-17T13:16:31.500000Z</time>
        <extensions>
          <gpxtpx:TrackPointExtension>
            <gpxtpx:hr>136</gpxtpx:hr>
          </gpxtpx:TrackPointExtension>
        </extensions>
      </trkpt>
      <trkpt lat="28.229456727639043" lon="112.90415823782351">
        <ele>51.57320385519415</ele>
        <time>2026-09-17T13:16:32.500000Z</time>
        <extensions>
          <gpxtpx:TrackPointExtension>
            <gpxtpx:hr>136</gpxtpx:hr>
          </gpxtpx:TrackPointExtension>
        </extensions>
      </trkpt>
      <trkpt lat="28.229480365329483" lon="112.90414817383133">
        <ele>51.65409235563129</ele>
        <time>2026-09-17T13:16:33.500000Z</time>
        <extensions>
          <gpxtpx:TrackPointExtension>
            <gpxtpx:hr>136</gpxtpx:hr>
          </gpxtpx:TrackPointExtension>
        </extensions>
      </trkpt>
      <trkpt lat="28.229504424178728" lon="112.90413815147846">
        <ele>51.7345777945593</ele>
        <time>2026-09-17T13:16:34.500000Z</time>
        <extensions>
          <gpxtpx:TrackPointExtension>
            <gpxtpx:hr>136</gpxtpx:hr>
          </gpxtpx:TrackPointExtension>
        </extensions>
      </trkpt>
      <trkpt lat="28.229528953259948" lon="112.90412807362864">
        <ele>51.814715871587396</ele>
        <time>2026-09-17T13:16:35.500000Z</time>
        <extensions>
          <gpxtpx:TrackPointExtension>
            <gpxtpx:hr>136</gpxtpx:hr>
          </gpxtpx:TrackPointExtension>
        </extensions>
      </trkpt>
      <trkpt lat="28.22955376632039" lon="112.90411793352307">
        <ele>51.89436175022274</ele>
        <time>2026-09-17T13:16:36.500000Z</time>
        <extensions>
          <gpxtpx:TrackPointExtension>
            <gpxtpx:hr>135</gpxtpx:hr>
          </gpxtpx:TrackPointExtension>
        </extensions>
      </trkpt>
      <trkpt lat="28.229578491445753" lon="112.90410769173997">
        <ele>51.974038993008435</ele>
        <time>2026-09-17T13:16:37.500000Z</time>
        <extensions>
          <gpxtpx:TrackPointExtension>
            <gpxtpx:hr>135</gpxtpx:hr>
          </gpxtpx:TrackPointExtension>
        </extensions>
      </trkpt>
      <trkpt lat="28.22960282266391" lon="112.90409740709188">
        <ele>52.05334442574531</ele>
        <time>2026-09-17T13:16:38.500000Z</time>
        <extensions>
          <gpxtpx:TrackPointExtension>
            <gpxtpx:hr>135</gpxtpx:hr>
          </gpxtpx:TrackPointExtension>
        </extensions>
      </trkpt>
      <trkpt lat="28.229626852195363" lon="112.90408728562993">
        <ele>52.13315017707646</ele>
        <time>2026-09-17T13:16:39.500000Z</time>
        <extensions>
          <gpxtpx:TrackPointExtension>
            <gpxtpx:hr>135</gpxtpx:hr>
          </gpxtpx:TrackPointExtension>
        </extensions>
      </trkpt>
      <trkpt lat="28.229650851525296" lon="112.9040775999439">
        <ele>52.21298805065453</ele>
        <time>2026-09-17T13:16:40.500000Z</time>
        <extensions>
          <gpxtpx:TrackPointExtension>
            <gpxtpx:hr>135</gpxtpx:hr>
          </gpxtpx:TrackPointExtension>
        </extensions>
      </trkpt>
      <trkpt lat="28.229674972298415" lon="112.904068515767">
        <ele>52.293033964931965</ele>
        <time>2026-09-17T13:16:41.500000Z</time>
        <extensions>
          <gpxtpx:TrackPointExtension>
            <gpxtpx:hr>135</gpxtpx:hr>
          </gpxtpx:TrackPointExtension>
        </extensions>
      </trkpt>
      <trkpt lat="28.229699232840172" lon="112.90406006515526">
        <ele>52.373253773897886</ele>
        <time>2026-09-17T13:16:42.500000Z</time>
        <extensions>
          <gpxtpx:TrackPointExtension>
            <gpxtpx:hr>135</gpxtpx:hr>
          </gpxtpx:TrackPointExtension>
        </extensions>
      </trkpt>
      <trkpt lat="28.22972356074742" lon="112.90405202693242">
        <ele>52.453353139571846</ele>
        <time>2026-09-17T13:16:43.500000Z</time>
        <extensions>
          <gpxtpx:TrackPointExtension>
            <gpxtpx:hr>135</gpxtpx:hr>
          </gpxtpx:TrackPointExtension>
        </extensions>
      </trkpt>
      <trkpt lat="28.229747846990172" lon="112.90404405301753">
        <ele>52.5327662313357</ele>
        <time>2026-09-17T13:16:44.500000Z</time>
        <extensions>
          <gpxtpx:TrackPointExtension>
            <gpxtpx:hr>135</gpxtpx:hr>
          </gpxtpx:TrackPointExtension>
        </extensions>
      </trkpt>
      <trkpt lat="28.229771937804838" lon="112.90403610919392">
        <ele>52.61078425683081</ele>
        <time>2026-09-17T13:16:45.500000Z</time>
        <extensions>
          <gpxtpx:TrackPointExtension>
            <gpxtpx:hr>135</gpxtpx:hr>
          </gpxtpx:TrackPointExtension>
        </extensions>
      </trkpt>
      <trkpt lat="28.229795700184297" lon="112.90402814622232">
        <ele>52.68647249415517</ele>
        <time>2026-09-17T13:16:46.400000Z</time>
        <extensions>
          <gpxtpx:TrackPointExtension>
            <gpxtpx:hr>135</gpxtpx:hr>
          </gpxtpx:TrackPointExtension>
        </extensions>
      </trkpt>
      <trkpt lat="28.229819350441222" lon="112.90401994587891">
        <ele>52.75877318251878</ele>
        <time>2026-09-17T13:16:47.400000Z</time>
        <extensions>
          <gpxtpx:TrackPointExtension>
            <gpxtpx:hr>137</gpxtpx:hr>
          </gpxtpx:TrackPointExtension>
        </extensions>
      </trkpt>
      <trkpt lat="28.229843117626967" lon="112.90401143945974">
        <ele>52.826951410621405</ele>
        <time>2026-09-17T13:16:48.400000Z</time>
        <extensions>
          <gpxtpx:TrackPointExtension>
            <gpxtpx:hr>137</gpxtpx:hr>
          </gpxtpx:TrackPointExtension>
        </extensions>
      </trkpt>
      <trkpt lat="28.22986679262021" lon="112.90400273563824">
        <ele>52.890496102161705</ele>
        <time>2026-09-17T13:16:49.400000Z</time>
        <extensions>
          <gpxtpx:TrackPointExtension>
            <gpxtpx:hr>137</gpxtpx:hr>
          </gpxtpx:TrackPointExtension>
        </extensions>
      </trkpt>
      <trkpt lat="28.229890163777917" lon="112.90399374887348">
        <ele>52.94903017394245</ele>
        <time>2026-09-17T13:16:50.400000Z</time>
        <extensions>
          <gpxtpx:TrackPointExtension>
            <gpxtpx:hr>137</gpxtpx:hr>
          </gpxtpx:TrackPointExtension>
        </extensions>
      </trkpt>
      <trkpt lat="28.229913023398673" lon="112.90398442907076">
        <ele>53.00234573148191</ele>
        <time>2026-09-17T13:16:51.400000Z</time>
        <extensions>
          <gpxtpx:TrackPointExtension>
            <gpxtpx:hr>137</gpxtpx:hr>
          </gpxtpx:TrackPointExtension>
        </extensions>
      </trkpt>
      <trkpt lat="28.22993512762727" lon="112.9039745549441">
        <ele>53.05045112967491</ele>
        <time>2026-09-17T13:16:52.400000Z</time>
        <extensions>
          <gpxtpx:TrackPointExtension>
            <gpxtpx:hr>137</gpxtpx:hr>
          </gpxtpx:TrackPointExtension>
        </extensions>
      </trkpt>
      <trkpt lat="28.22995623441173" lon="112.90396400398713">
        <ele>53.093597444705665</ele>
        <time>2026-09-17T13:16:53.400000Z</time>
        <extensions>
          <gpxtpx:TrackPointExtension>
            <gpxtpx:hr>137</gpxtpx:hr>
          </gpxtpx:TrackPointExtension>
        </extensions>
      </trkpt>
      <trkpt lat="28.22997644502648" lon="112.90395332042705">
        <ele>53.13223952520639</ele>
        <time>2026-09-17T13:16:54.400000Z</time>
        <extensions>
          <gpxtpx:TrackPointExtension>
            <gpxtpx:hr>137</gpxtpx:hr>
          </gpxtpx:TrackPointExtension>
        </extensions>
      </trkpt>
      <trkpt lat="28.229996347627104" lon="112.9039428080666">
        <ele>53.1669699344784</ele>
        <time>2026-09-17T13:16:55.400000Z</time>
        <extensions>
          <gpxtpx:TrackPointExtension>
            <gpxtpx:hr>137</gpxtpx:hr>
          </gpxtpx:TrackPointExtension>
        </extensions>
      </trkpt>
      <trkpt lat="28.230016547115902" lon="112.90393251978723">
        <ele>53.198542025871575</ele>
        <time>2026-09-17T13:16:56.400000Z</time>
        <extensions>
          <gpxtpx:TrackPointExtension>
            <gpxtpx:hr>137</gpxtpx:hr>
          </gpxtpx:TrackPointExtension>
        </extensions>
      </trkpt>
      <trkpt lat="28.230037359326527" lon="112.90392290151595">
        <ele>53.22791929356754</ele>
        <time>2026-09-17T13:16:57.400000Z</time>
        <extensions>
          <gpxtpx:TrackPointExtension>
            <gpxtpx:hr>137</gpxtpx:hr>
          </gpxtpx:TrackPointExtension>
        </extensions>
      </trkpt>
      <trkpt lat="28.230058679435256" lon="112.9039142708801">
        <ele>53.25614847615361</ele>
        <time>2026-09-17T13:16:58.400000Z</time>
        <extensions>
          <gpxtpx:TrackPointExtension>
            <gpxtpx:hr>137</gpxtpx:hr>
          </gpxtpx:TrackPointExtension>
        </extensions>
      </trkpt>
      <trkpt lat="28.230080223135683" lon="112.9039063425966">
        <ele>53.28414441552013</ele>
        <time>2026-09-17T13:16:59.400000Z</time>
        <extensions>
          <gpxtpx:TrackPointExtension>
            <gpxtpx:hr>137</gpxtpx:hr>
          </gpxtpx:TrackPointExtension>
        </extensions>
      </trkpt>
      <trkpt lat="28.23010181208983" lon="112.90389854864058">
        <ele>53.312616598792374</ele>
        <time>2026-09-17T13:17:00.400000Z</time>
        <extensions>
          <gpxtpx:TrackPointExtension>
            <gpxtpx:hr>140</gpxtpx:hr>
          </gpxtpx:TrackPointExtension>
        </extensions>
      </trkpt>
      <trkpt lat="28.23012327674251" lon="112.90389049422787">
        <ele>53.34207406267524</ele>
        <time>2026-09-17T13:17:01.400000Z</time>
        <extensions>
          <gpxtpx:TrackPointExtension>
            <gpxtpx:hr>140</gpxtpx:hr>
          </gpxtpx:TrackPointExtension>
        </extensions>
      </trkpt>
      <trkpt lat="28.23014453143141" lon="112.9038820243083">
        <ele>53.372858898714185</ele>
        <time>2026-09-17T13:17:02.400000Z</time>
        <extensions>
          <gpxtpx:TrackPointExtension>
            <gpxtpx:hr>140</gpxtpx:hr>
          </gpxtpx:TrackPointExtension>
        </extensions>
      </trkpt>
      <trkpt lat="28.23016562440141" lon="112.90387302788474">
        <ele>53.40511100459844</ele>
        <time>2026-09-17T13:17:03.400000Z</time>
        <extensions>
          <gpxtpx:TrackPointExtension>
            <gpxtpx:hr>140</gpxtpx:hr>
          </gpxtpx:TrackPointExtension>
        </extensions>
      </trkpt>
      <trkpt lat="28.23018656644219" lon="112.90386324419738">
        <ele>53.43862729985267</ele>
        <time>2026-09-17T13:17:04.400000Z</time>
        <extensions>
          <gpxtpx:TrackPointExtension>
            <gpxtpx:hr>140</gpxtpx:hr>
          </gpxtpx:TrackPointExtension>
        </extensions>
      </trkpt>
      <trkpt lat="28.230207458110737" lon="112.90385270309713">
        <ele>53.47284482233226</ele>
        <time>2026-09-17T13:17:05.400000Z</time>
        <extensions>
          <gpxtpx:TrackPointExtension>
            <gpxtpx:hr>140</gpxtpx:hr>
          </gpxtpx:TrackPointExtension>
        </extensions>
      </trkpt>
      <trkpt lat="28.230228516327347" lon="112.90384216238358">
        <ele>53.50706071872264</ele>
        <time>2026-09-17T13:17:06.400000Z</time>
        <extensions>
          <gpxtpx:TrackPointExtension>
            <gpxtpx:hr>142</gpxtpx:hr>
          </gpxtpx:TrackPointExtension>
        </extensions>
      </trkpt>
      <trkpt lat="28.230249822532517" lon="112.90383131760996">
        <ele>53.54067671764642</ele>
        <time>2026-09-17T13:17:07.400000Z</time>
        <extensions>
          <gpxtpx:TrackPointExtension>
            <gpxtpx:hr>142</gpxtpx:hr>
          </gpxtpx:TrackPointExtension>
        </extensions>
      </trkpt>
      <trkpt lat="28.230271444198873" lon="112.90381980603776">
        <ele>53.57321627251804</ele>
        <time>2026-09-17T13:17:08.400000Z</time>
        <extensions>
          <gpxtpx:TrackPointExtension>
            <gpxtpx:hr>142</gpxtpx:hr>
          </gpxtpx:TrackPointExtension>
        </extensions>
      </trkpt>
      <trkpt lat="28.23029343322622" lon="112.90380818966968">
        <ele>53.60416255053133</ele>
        <time>2026-09-17T13:17:09.400000Z</time>
        <extensions>
          <gpxtpx:TrackPointExtension>
            <gpxtpx:hr>142</gpxtpx:hr>
          </gpxtpx:TrackPointExtension>
        </extensions>
      </trkpt>
      <trkpt lat="28.23031558810781" lon="112.9037963862243">
        <ele>53.633009602315724</ele>
        <time>2026-09-17T13:17:10.400000Z</time>
        <extensions>
          <gpxtpx:TrackPointExtension>
            <gpxtpx:hr>142</gpxtpx:hr>
          </gpxtpx:TrackPointExtension>
        </extensions>
      </trkpt>
      <trkpt lat="28.230337563326714" lon="112.90378425306578">
        <ele>53.65958345588297</ele>
        <time>2026-09-17T13:17:11.400000Z</time>
        <extensions>
          <gpxtpx:TrackPointExtension>
            <gpxtpx:hr>142</gpxtpx:hr>
          </gpxtpx:TrackPointExtension>
        </extensions>
      </trkpt>
      <trkpt lat="28.230358962263807" lon="112.90377196961815">
        <ele>53.684008655138314</ele>
        <time>2026-09-17T13:17:12.400000Z</time>
        <extensions>
          <gpxtpx:TrackPointExtension>
            <gpxtpx:hr>142</gpxtpx:hr>
          </gpxtpx:TrackPointExtension>
        </extensions>
      </trkpt>
      <trkpt lat="28.23037989881008" lon="112.9037597954673">
        <ele>53.7063206108287</ele>
        <time>2026-09-17T13:17:13.400000Z</time>
        <extensions>
          <gpxtpx:TrackPointExtension>
            <gpxtpx:hr>142</gpxtpx:hr>
          </gpxtpx:TrackPointExtension>
        </extensions>
      </trkpt>
      <trkpt lat="28.230400771408174" lon="112.90374779031565">
        <ele>53.72640616912395</ele>
        <time>2026-09-17T13:17:14.400000Z</time>
        <extensions>
          <gpxtpx:TrackPointExtension>
            <gpxtpx:hr>142</gpxtpx:hr>
          </gpxtpx:TrackPointExtension>
        </extensions>
      </trkpt>
      <trkpt lat="28.23042163225064" lon="112.90373582115271">
        <ele>53.74422957189381</ele>
        <time>2026-09-17T13:17:15.400000Z</time>
        <extensions>
          <gpxtpx:TrackPointExtension>
            <gpxtpx:hr>143</gpxtpx:hr>
          </gpxtpx:TrackPointExtension>
        </extensions>
      </trkpt>
      <trkpt lat="28.23044241382721" lon="112.9037236632246">
        <ele>53.75992416217923</ele>
        <time>2026-09-17T13:17:16.400000Z</time>
        <extensions>
          <gpxtpx:TrackPointExtension>
            <gpxtpx:hr>143</gpxtpx:hr>
          </gpxtpx:TrackPointExtension>
        </extensions>
      </trkpt>
      <trkpt lat="28.230462947838443" lon="112.90371121938993">
        <ele>53.77368270419538</ele>
        <time>2026-09-17T13:17:17.400000Z</time>
        <extensions>
          <gpxtpx:TrackPointExtension>
            <gpxtpx:hr>143</gpxtpx:hr>
          </gpxtpx:TrackPointExtension>
        </extensions>
      </trkpt>
      <trkpt lat="28.23048278874922" lon="112.90369856493943">
        <ele>53.78572711534798</ele>
        <time>2026-09-17T13:17:18.400000Z</time>
        <extensions>
          <gpxtpx:TrackPointExtension>
            <gpxtpx:hr>143</gpxtpx:hr>
          </gpxtpx:TrackPointExtension>
        </extensions>
      </trkpt>
      <trkpt lat="28.23050109583894" lon="112.90368611131504">
        <ele>53.79631245136261</ele>
        <time>2026-09-17T13:17:19.400000Z</time>
        <extensions>
          <gpxtpx:TrackPointExtension>
            <gpxtpx:hr>143</gpxtpx:hr>
          </gpxtpx:TrackPointExtension>
        </extensions>
      </trkpt>
      <trkpt lat="28.230517116774603" lon="112.90367500237907">
        <ele>53.805637679994106</ele>
        <time>2026-09-17T13:17:20.400000Z</time>
        <extensions>
          <gpxtpx:TrackPointExtension>
            <gpxtpx:hr>146</gpxtpx:hr>
          </gpxtpx:TrackPointExtension>
        </extensions>
      </trkpt>
      <trkpt lat="28.230530741143454" lon="112.90366601114484">
        <ele>53.8138323109597</ele>
        <time>2026-09-17T13:17:21.400000Z</time>
        <extensions>
          <gpxtpx:TrackPointExtension>
            <gpxtpx:hr>146</gpxtpx:hr>
          </gpxtpx:TrackPointExtension>
        </extensions>
      </trkpt>
      <trkpt lat="28.230542448953948" lon="112.9036588914851">
        <ele>53.82093668077141</ele>
        <time>2026-09-17T13:17:22.400000Z</time>
        <extensions>
          <gpxtpx:TrackPointExtension>
            <gpxtpx:hr>146</gpxtpx:hr>
          </gpxtpx:TrackPointExtension>
        </extensions>
      </trkpt>
      <trkpt lat="28.230552899832524" lon="112.90365320748154">
        <ele>53.82698815129697</ele>
        <time>2026-09-17T13:17:23.400000Z</time>
        <extensions>
          <gpxtpx:TrackPointExtension>
            <gpxtpx:hr>146</gpxtpx:hr>
          </gpxtpx:TrackPointExtension>
        </extensions>
      </trkpt>
      <trkpt lat="28.23056256970901" lon="112.90364851637175">
        <ele>53.83213612437248</ele>
        <time>2026-09-17T13:17:24.400000Z</time>
        <extensions>
          <gpxtpx:TrackPointExtension>
            <gpxtpx:hr>146</gpxtpx:hr>
          </gpxtpx:TrackPointExtension>
        </extensions>
      </trkpt>
      <trkpt lat="28.2305717781178" lon="112.90364488768184">
        <ele>53.836606479249895</ele>
        <time>2026-09-17T13:17:25.400000Z</time>
        <extensions>
          <gpxtpx:TrackPointExtension>
            <gpxtpx:hr>146</gpxtpx:hr>
          </gpxtpx:TrackPointExtension>
        </extensions>
      </trkpt>
      <trkpt lat="28.23058079656377" lon="112.90364307745894">
        <ele>53.84068554267287</ele>
        <time>2026-09-17T13:17:26.400000Z</time>
        <extensions>
          <gpxtpx:TrackPointExtension>
            <gpxtpx:hr>146</gpxtpx:hr>
          </gpxtpx:TrackPointExtension>
        </extensions>
      </trkpt>
      <trkpt lat="28.230589784164046" lon="112.9036429387299">
        <ele>53.84465755801648</ele>
        <time>2026-09-17T13:17:27.400000Z</time>
        <extensions>
          <gpxtpx:TrackPointExtension>
            <gpxtpx:hr>146</gpxtpx:hr>
          </gpxtpx:TrackPointExtension>
        </extensions>
      </trkpt>
      <trkpt lat="28.230598771114785" lon="112.90364334190765">
        <ele>53.84870417136699</ele>
        <time>2026-09-17T13:17:28.400000Z</time>
        <extensions>
          <gpxtpx:TrackPointExtension>
            <gpxtpx:hr>146</gpxtpx:hr>
          </gpxtpx:TrackPointExtension>
        </extensions>
      </trkpt>
      <trkpt lat="28.230611734244206" lon="112.90364267343854">
        <ele>53.854556653648615</ele>
        <time>2026-09-17T13:17:29.800000Z</time>
        <extensions>
          <gpxtpx:TrackPointExtension>
            <gpxtpx:hr>146</gpxtpx:hr>
          </gpxtpx:TrackPointExtension>
        </extensions>
      </trkpt>
      <trkpt lat="28.230621574973554" lon="112.90364069090948">
        <ele>53.858582152985036</ele>
        <time>2026-09-17T13:17:30.800000Z</time>
        <extensions>
          <gpxtpx:TrackPointExtension>
            <gpxtpx:hr>146</gpxtpx:hr>
          </gpxtpx:TrackPointExtension>
        </extensions>
      </trkpt>
      <trkpt lat="28.230631888999604" lon="112.90363741982351">
        <ele>53.86201954167336</ele>
        <time>2026-09-17T13:17:31.800000Z</time>
        <extensions>
          <gpxtpx:TrackPointExtension>
            <gpxtpx:hr>149</gpxtpx:hr>
          </gpxtpx:TrackPointExtension>
        </extensions>
      </trkpt>
      <trkpt lat="28.230642030723043" lon="112.90363283453149">
        <ele>53.86476989649236</ele>
        <time>2026-09-17T13:17:32.800000Z</time>
        <extensions>
          <gpxtpx:TrackPointExtension>
            <gpxtpx:hr>149</gpxtpx:hr>
          </gpxtpx:TrackPointExtension>
        </extensions>
      </trkpt>
      <trkpt lat="28.23065135077519" lon="112.90362725822972">
        <ele>53.8674954874441</ele>
        <time>2026-09-17T13:17:33.800000Z</time>
        <extensions>
          <gpxtpx:TrackPointExtension>
            <gpxtpx:hr>149</gpxtpx:hr>
          </gpxtpx:TrackPointExtension>
        </extensions>
      </trkpt>
      <trkpt lat="28.23065982289095" lon="112.90362113674706">
        <ele>53.871600608341396</ele>
        <time>2026-09-17T13:17:34.800000Z</time>
        <extensions>
          <gpxtpx:TrackPointExtension>
            <gpxtpx:hr>149</gpxtpx:hr>
          </gpxtpx:TrackPointExtension>
        </extensions>
      </trkpt>
      <trkpt lat="28.230667561784493" lon="112.90361481691694">
        <ele>53.878890071995556</ele>
        <time>2026-09-17T13:17:35.800000Z</time>
        <extensions>
          <gpxtpx:TrackPointExtension>
            <gpxtpx:hr>149</gpxtpx:hr>
          </gpxtpx:TrackPointExtension>
        </extensions>
      </trkpt>
      <trkpt lat="28.23067495104988" lon="112.90360829871302">
        <ele>53.89131567534059</ele>
        <time>2026-09-17T13:17:36.800000Z</time>
        <extensions>
          <gpxtpx:TrackPointExtension>
            <gpxtpx:hr>150</gpxtpx:hr>
          </gpxtpx:TrackPointExtension>
        </extensions>
      </trkpt>
      <trkpt lat="28.230682579649233" lon="112.90360146435404">
        <ele>53.91076193843037</ele>
        <time>2026-09-17T13:17:37.800000Z</time>
        <extensions>
          <gpxtpx:TrackPointExtension>
            <gpxtpx:hr>150</gpxtpx:hr>
          </gpxtpx:TrackPointExtension>
        </extensions>
      </trkpt>
      <trkpt lat="28.23069062201164" lon="112.90359441740407">
        <ele>53.93886047415435</ele>
        <time>2026-09-17T13:17:38.800000Z</time>
        <extensions>
          <gpxtpx:TrackPointExtension>
            <gpxtpx:hr>150</gpxtpx:hr>
          </gpxtpx:TrackPointExtension>
        </extensions>
      </trkpt>
      <trkpt lat="28.230699026858495" lon="112.90358720492563">
        <ele>53.97708406299353</ele>
        <time>2026-09-17T13:17:39.800000Z</time>
        <extensions>
          <gpxtpx:TrackPointExtension>
            <gpxtpx:hr>150</gpxtpx:hr>
          </gpxtpx:TrackPointExtension>
        </extensions>
      </trkpt>
      <trkpt lat="28.23070773634103" lon="112.90357993015807">
        <ele>54.02678157761693</ele>
        <time>2026-09-17T13:17:40.800000Z</time>
        <extensions>
          <gpxtpx:TrackPointExtension>
            <gpxtpx:hr>150</gpxtpx:hr>
          </gpxtpx:TrackPointExtension>
        </extensions>
      </trkpt>
      <trkpt lat="28.230716699045047" lon="112.90357268978696">
        <ele>54.079044580459595</ele>
        <time>2026-09-17T13:17:41.800000Z</time>
        <extensions>
          <gpxtpx:TrackPointExtension>
            <gpxtpx:hr>151</gpxtpx:hr>
          </gpxtpx:TrackPointExtension>
        </extensions>
      </trkpt>
      <trkpt lat="28.23072589406439" lon="112.90356549143614">
        <ele>54.14707612618804</ele>
        <time>2026-09-17T13:17:42.800000Z</time>
        <extensions>
          <gpxtpx:TrackPointExtension>
            <gpxtpx:hr>151</gpxtpx:hr>
          </gpxtpx:TrackPointExtension>
        </extensions>
      </trkpt>
      <trkpt lat="28.230731248231045" lon="112.90356139218311">
        <ele>54.19004560727626</ele>
        <time>2026-09-17T13:17:43.300000Z</time>
        <extensions>
          <gpxtpx:TrackPointExtension>
            <gpxtpx:hr>151</gpxtpx:hr>
          </gpxtpx:TrackPointExtension>
        </extensions>
      </trkpt>
      <trkpt lat="28.23074081983512" lon="112.90355428151113">
        <ele>54.27181620988995</ele>
        <time>2026-09-17T13:17:44.300000Z</time>
        <extensions>
          <gpxtpx:TrackPointExtension>
            <gpxtpx:hr>151</gpxtpx:hr>
          </gpxtpx:TrackPointExtension>
        </extensions>
      </trkpt>
      <trkpt lat="28.230750640511967" lon="112.90354726513283">
        <ele>54.36098266579211</ele>
        <time>2026-09-17T13:17:45.300000Z</time>
        <extensions>
          <gpxtpx:TrackPointExtension>
            <gpxtpx:hr>151</gpxtpx:hr>
          </gpxtpx:TrackPointExtension>
        </extensions>
      </trkpt>
      <trkpt lat="28.230760552522334" lon="112.90354035903407">
        <ele>54.454752784222364</ele>
        <time>2026-09-17T13:17:46.300000Z</time>
        <extensions>
          <gpxtpx:TrackPointExtension>
            <gpxtpx:hr>151</gpxtpx:hr>
          </gpxtpx:TrackPointExtension>
        </extensions>
      </trkpt>
      <trkpt lat="28.230770352935277" lon="112.9035337555129">
        <ele>54.55075039807707</ele>
        <time>2026-09-17T13:17:47.300000Z</time>
        <extensions>
          <gpxtpx:TrackPointExtension>
            <gpxtpx:hr>151</gpxtpx:hr>
          </gpxtpx:TrackPointExtension>
        </extensions>
      </trkpt>
      <trkpt lat="28.23078012537085" lon="112.90352756729808">
        <ele>54.647058207541704</ele>
        <time>2026-09-17T13:17:48.300000Z</time>
        <extensions>
          <gpxtpx:TrackPointExtension>
            <gpxtpx:hr>151</gpxtpx:hr>
          </gpxtpx:TrackPointExtension>
        </extensions>
      </trkpt>
      <trkpt lat="28.230789971384766" lon="112.90352184452932">
        <ele>54.74220320768654</ele>
        <time>2026-09-17T13:17:49.300000Z</time>
        <extensions>
          <gpxtpx:TrackPointExtension>
            <gpxtpx:hr>151</gpxtpx:hr>
          </gpxtpx:TrackPointExtension>
        </extensions>
      </trkpt>
      <trkpt lat="28.230799783911394" lon="112.90351660903939">
        <ele>54.83475612476468</ele>
        <time>2026-09-17T13:17:50.300000Z</time>
        <extensions>
          <gpxtpx:TrackPointExtension>
            <gpxtpx:hr>153</gpxtpx:hr>
          </gpxtpx:TrackPointExtension>
        </extensions>
      </trkpt>
      <trkpt lat="28.230809590936534" lon="112.9035117210357">
        <ele>54.923664529807866</ele>
        <time>2026-09-17T13:17:51.300000Z</time>
        <extensions>
          <gpxtpx:TrackPointExtension>
            <gpxtpx:hr>153</gpxtpx:hr>
          </gpxtpx:TrackPointExtension>
        </extensions>
      </trkpt>
      <trkpt lat="28.230819524496003" lon="112.90350714313696">
        <ele>55.00817809719592</ele>
        <time>2026-09-17T13:17:52.300000Z</time>
        <extensions>
          <gpxtpx:TrackPointExtension>
            <gpxtpx:hr>153</gpxtpx:hr>
          </gpxtpx:TrackPointExtension>
        </extensions>
      </trkpt>
      <trkpt lat="28.230829720366412" lon="112.90350279277116">
        <ele>55.08784812968224</ele>
        <time>2026-09-17T13:17:53.300000Z</time>
        <extensions>
          <gpxtpx:TrackPointExtension>
            <gpxtpx:hr>153</gpxtpx:hr>
          </gpxtpx:TrackPointExtension>
        </extensions>
      </trkpt>
      <trkpt lat="28.230839966847523" lon="112.90349841823351">
        <ele>55.16252080257982</ele>
        <time>2026-09-17T13:17:54.300000Z</time>
        <extensions>
          <gpxtpx:TrackPointExtension>
            <gpxtpx:hr>153</gpxtpx:hr>
          </gpxtpx:TrackPointExtension>
        </extensions>
      </trkpt>
      <trkpt lat="28.23084990040925" lon="112.90349388496885">
        <ele>55.2324155671522</ele>
        <time>2026-09-17T13:17:55.300000Z</time>
        <extensions>
          <gpxtpx:TrackPointExtension>
            <gpxtpx:hr>153</gpxtpx:hr>
          </gpxtpx:TrackPointExtension>
        </extensions>
      </trkpt>
      <trkpt lat="28.23085971913141" lon="112.90348909911609">
        <ele>55.297871343791485</ele>
        <time>2026-09-17T13:17:56.300000Z</time>
        <extensions>
          <gpxtpx:TrackPointExtension>
            <gpxtpx:hr>153</gpxtpx:hr>
          </gpxtpx:TrackPointExtension>
        </extensions>
      </trkpt>
      <trkpt lat="28.230869879809998" lon="112.90348404185828">
        <ele>55.359433258883655</ele>
        <time>2026-09-17T13:17:57.300000Z</time>
        <extensions>
          <gpxtpx:TrackPointExtension>
            <gpxtpx:hr>153</gpxtpx:hr>
          </gpxtpx:TrackPointExtension>
        </extensions>
      </trkpt>
      <trkpt lat="28.230880598290504" lon="112.90347888262004">
        <ele>55.417666306719184</ele>
        <time>2026-09-17T13:17:58.300000Z</time>
        <extensions>
          <gpxtpx:TrackPointExtension>
            <gpxtpx:hr>153</gpxtpx:hr>
          </gpxtpx:TrackPointExtension>
        </extensions>
      </trkpt>
      <trkpt lat="28.230892034071157" lon="112.90347356345472">
        <ele>55.47315686196089</ele>
        <time>2026-09-17T13:17:59.300000Z</time>
        <extensions>
          <gpxtpx:TrackPointExtension>
            <gpxtpx:hr>153</gpxtpx:hr>
          </gpxtpx:TrackPointExtension>
        </extensions>
      </trkpt>
      <trkpt lat="28.230904019852236" lon="112.90346796694303">
        <ele>55.526220438070595</ele>
        <time>2026-09-17T13:18:00.300000Z</time>
        <extensions>
          <gpxtpx:TrackPointExtension>
            <gpxtpx:hr>153</gpxtpx:hr>
          </gpxtpx:TrackPointExtension>
        </extensions>
      </trkpt>
      <trkpt lat="28.23091615052041" lon="112.9034622116773">
        <ele>55.57696567103267</ele>
        <time>2026-09-17T13:18:01.300000Z</time>
        <extensions>
          <gpxtpx:TrackPointExtension>
            <gpxtpx:hr>153</gpxtpx:hr>
          </gpxtpx:TrackPointExtension>
        </extensions>
      </trkpt>
      <trkpt lat="28.230928143400572" lon="112.90345636390163">
        <ele>55.625615435652435</ele>
        <time>2026-09-17T13:18:02.300000Z</time>
        <extensions>
          <gpxtpx:TrackPointExtension>
            <gpxtpx:hr>156</gpxtpx:hr>
          </gpxtpx:TrackPointExtension>
        </extensions>
      </trkpt>
      <trkpt lat="28.23093979328228" lon="112.90345042276562">
        <ele>55.672268404625356</ele>
        <time>2026-09-17T13:18:03.300000Z</time>
        <extensions>
          <gpxtpx:TrackPointExtension>
            <gpxtpx:hr>156</gpxtpx:hr>
          </gpxtpx:TrackPointExtension>
        </extensions>
      </trkpt>
      <trkpt lat="28.230951060258096" lon="112.90344439205501">
        <ele>55.71709655225277</ele>
        <time>2026-09-17T13:18:04.300000Z</time>
        <extensions>
          <gpxtpx:TrackPointExtension>
            <gpxtpx:hr>156</gpxtpx:hr>
          </gpxtpx:TrackPointExtension>
        </extensions>
      </trkpt>
      <trkpt lat="28.230961937043855" lon="112.90343825222244">
        <ele>55.760249990038574</ele>
        <time>2026-09-17T13:18:05.300000Z</time>
        <extensions>
          <gpxtpx:TrackPointExtension>
            <gpxtpx:hr>156</gpxtpx:hr>
          </gpxtpx:TrackPointExtension>
        </extensions>
      </trkpt>
      <trkpt lat="28.230972643687867" lon="112.90343196072806">
        <ele>55.8017964027822</ele>
        <time>2026-09-17T13:18:06.300000Z</time>
        <extensions>
          <gpxtpx:TrackPointExtension>
            <gpxtpx:hr>156</gpxtpx:hr>
          </gpxtpx:TrackPointExtension>
        </extensions>
      </trkpt>
      <trkpt lat="28.230983510182334" lon="112.90342552901899">
        <ele>55.8416691115126</ele>
        <time>2026-09-17T13:18:07.300000Z</time>
        <extensions>
          <gpxtpx:TrackPointExtension>
            <gpxtpx:hr>156</gpxtpx:hr>
          </gpxtpx:TrackPointExtension>
        </extensions>
      </trkpt>
      <trkpt lat="28.230994483698666" lon="112.90341914281281">
        <ele>55.8796302722767</ele>
        <time>2026-09-17T13:18:08.300000Z</time>
        <extensions>
          <gpxtpx:TrackPointExtension>
            <gpxtpx:hr>156</gpxtpx:hr>
          </gpxtpx:TrackPointExtension>
        </extensions>
      </trkpt>
      <trkpt lat="28.23100551111655" lon="112.90341288646724">
        <ele>55.91530108451843</ele>
        <time>2026-09-17T13:18:09.300000Z</time>
        <extensions>
          <gpxtpx:TrackPointExtension>
            <gpxtpx:hr>156</gpxtpx:hr>
          </gpxtpx:TrackPointExtension>
        </extensions>
      </trkpt>
      <trkpt lat="28.231016653799298" lon="112.9034066461208">
        <ele>55.94824817404151</ele>
        <time>2026-09-17T13:18:10.300000Z</time>
        <extensions>
          <gpxtpx:TrackPointExtension>
            <gpxtpx:hr>156</gpxtpx:hr>
          </gpxtpx:TrackPointExtension>
        </extensions>
      </trkpt>
      <trkpt lat="28.231027967143373" lon="112.903400362045">
        <ele>55.97803625278175</ele>
        <time>2026-09-17T13:18:11.300000Z</time>
        <extensions>
          <gpxtpx:TrackPointExtension>
            <gpxtpx:hr>157</gpxtpx:hr>
          </gpxtpx:TrackPointExtension>
        </extensions>
      </trkpt>
      <trkpt lat="28.23103967742372" lon="112.90339413266328">
        <ele>56.004222417250276</ele>
        <time>2026-09-17T13:18:12.300000Z</time>
        <extensions>
          <gpxtpx:TrackPointExtension>
            <gpxtpx:hr>157</gpxtpx:hr>
          </gpxtpx:TrackPointExtension>
        </extensions>
      </trkpt>
      <trkpt lat="28.231051725141295" lon="112.90338822852618">
        <ele>56.02633850555867</ele>
        <time>2026-09-17T13:18:13.300000Z</time>
        <extensions>
          <gpxtpx:TrackPointExtension>
            <gpxtpx:hr>157</gpxtpx:hr>
          </gpxtpx:TrackPointExtension>
        </extensions>
      </trkpt>
      <trkpt lat="28.231063812367108" lon="112.90338278451833">
        <ele>56.04390892200172</ele>
        <time>2026-09-17T13:18:14.300000Z</time>
        <extensions>
          <gpxtpx:TrackPointExtension>
            <gpxtpx:hr>157</gpxtpx:hr>
          </gpxtpx:TrackPointExtension>
        </extensions>
      </trkpt>
      <trkpt lat="28.2310758183582" lon="112.90337764554374">
        <ele>56.05643958039582</ele>
        <time>2026-09-17T13:18:15.300000Z</time>
        <extensions>
          <gpxtpx:TrackPointExtension>
            <gpxtpx:hr>157</gpxtpx:hr>
          </gpxtpx:TrackPointExtension>
        </extensions>
      </trkpt>
      <trkpt lat="28.231087513712257" lon="112.90337274903214">
        <ele>56.06335049960762</ele>
        <time>2026-09-17T13:18:16.300000Z</time>
        <extensions>
          <gpxtpx:TrackPointExtension>
            <gpxtpx:hr>158</gpxtpx:hr>
          </gpxtpx:TrackPointExtension>
        </extensions>
      </trkpt>
      <trkpt lat="28.231098797169754" lon="112.90336810039362">
        <ele>56.063962823711336</ele>
        <time>2026-09-17T13:18:17.300000Z</time>
        <extensions>
          <gpxtpx:TrackPointExtension>
            <gpxtpx:hr>158</gpxtpx:hr>
          </gpxtpx:TrackPointExtension>
        </extensions>
      </trkpt>
      <trkpt lat="28.23110998326906" lon="112.9033634004867">
        <ele>56.05756465997547</ele>
        <time>2026-09-17T13:18:18.300000Z</time>
        <extensions>
          <gpxtpx:TrackPointExtension>
            <gpxtpx:hr>158</gpxtpx:hr>
          </gpxtpx:TrackPointExtension>
        </extensions>
      </trkpt>
      <trkpt lat="28.231121356782268" lon="112.90335847781779">
        <ele>56.04346308019012</ele>
        <time>2026-09-17T13:18:19.300000Z</time>
        <extensions>
          <gpxtpx:TrackPointExtension>
            <gpxtpx:hr>158</gpxtpx:hr>
          </gpxtpx:TrackPointExtension>
        </extensions>
      </trkpt>
      <trkpt lat="28.23113302353483" lon="112.90335345535382">
        <ele>56.0209796121344</ele>
        <time>2026-09-17T13:18:20.300000Z</time>
        <extensions>
          <gpxtpx:TrackPointExtension>
            <gpxtpx:hr>158</gpxtpx:hr>
          </gpxtpx:TrackPointExtension>
        </extensions>
      </trkpt>
      <trkpt lat="28.23114487864303" lon="112.90334857054735">
        <ele>55.98945908434689</ele>
        <time>2026-09-17T13:18:21.300000Z</time>
        <extensions>
          <gpxtpx:TrackPointExtension>
            <gpxtpx:hr>158</gpxtpx:hr>
          </gpxtpx:TrackPointExtension>
        </extensions>
      </trkpt>
      <trkpt lat="28.231156666592437" lon="112.90334400034484">
        <ele>55.94831508398056</ele>
        <time>2026-09-17T13:18:22.300000Z</time>
        <extensions>
          <gpxtpx:TrackPointExtension>
            <gpxtpx:hr>158</gpxtpx:hr>
          </gpxtpx:TrackPointExtension>
        </extensions>
      </trkpt>
      <trkpt lat="28.231168260932726" lon="112.90333960424043">
        <ele>55.89706127624959</ele>
        <time>2026-09-17T13:18:23.300000Z</time>
        <extensions>
          <gpxtpx:TrackPointExtension>
            <gpxtpx:hr>158</gpxtpx:hr>
          </gpxtpx:TrackPointExtension>
        </extensions>
      </trkpt>
      <trkpt lat="28.231179568121743" lon="112.90333500094167">
        <ele>55.83541892282665</ele>
        <time>2026-09-17T13:18:24.300000Z</time>
        <extensions>
          <gpxtpx:TrackPointExtension>
            <gpxtpx:hr>158</gpxtpx:hr>
          </gpxtpx:TrackPointExtension>
        </extensions>
      </trkpt>
      <trkpt lat="28.231190401096253" lon="112.9033299913015">
        <ele>55.76352745946497</ele>
        <time>2026-09-17T13:18:25.300000Z</time>
        <extensions>
          <gpxtpx:TrackPointExtension>
            <gpxtpx:hr>158</gpxtpx:hr>
          </gpxtpx:TrackPointExtension>
        </extensions>
      </trkpt>
      <trkpt lat="28.231200721654293" lon="112.90332462804963">
        <ele>55.68212986923754</ele>
        <time>2026-09-17T13:18:26.300000Z</time>
        <extensions>
          <gpxtpx:TrackPointExtension>
            <gpxtpx:hr>158</gpxtpx:hr>
          </gpxtpx:TrackPointExtension>
        </extensions>
      </trkpt>
      <trkpt lat="28.231210785250045" lon="112.90331888950449">
        <ele>55.59274133760482</ele>
        <time>2026-09-17T13:18:27.200000Z</time>
        <extensions>
          <gpxtpx:TrackPointExtension>
            <gpxtpx:hr>158</gpxtpx:hr>
          </gpxtpx:TrackPointExtension>
        </extensions>
      </trkpt>
      <trkpt lat="28.231220831734024" lon="112.90331295593508">
        <ele>55.49785866215825</ele>
        <time>2026-09-17T13:18:28.200000Z</time>
        <extensions>
          <gpxtpx:TrackPointExtension>
            <gpxtpx:hr>158</gpxtpx:hr>
          </gpxtpx:TrackPointExtension>
        </extensions>
      </trkpt>
      <trkpt lat="28.23123101328013" lon="112.90330697924396">
        <ele>55.40120132919401</ele>
        <time>2026-09-17T13:18:29.200000Z</time>
        <extensions>
          <gpxtpx:TrackPointExtension>
            <gpxtpx:hr>158</gpxtpx:hr>
          </gpxtpx:TrackPointExtension>
        </extensions>
      </trkpt>
      <trkpt lat="28.231241432703012" lon="112.90330105535328">
        <ele>55.30788732506335</ele>
        <time>2026-09-17T13:18:30.200000Z</time>
        <extensions>
          <gpxtpx:TrackPointExtension>
            <gpxtpx:hr>158</gpxtpx:hr>
          </gpxtpx:TrackPointExtension>
        </extensions>
      </trkpt>
      <trkpt lat="28.23124689117372" lon="112.90329805810424">
        <ele>55.2619036892429</ele>
        <time>2026-09-17T13:18:30.800000Z</time>
        <extensions>
          <gpxtpx:TrackPointExtension>
            <gpxtpx:hr>158</gpxtpx:hr>
          </gpxtpx:TrackPointExtension>
        </extensions>
      </trkpt>
      <trkpt lat="28.23125729961514" lon="112.90329258029637">
        <ele>55.18220257759094</ele>
        <time>2026-09-17T13:18:31.800000Z</time>
        <extensions>
          <gpxtpx:TrackPointExtension>
            <gpxtpx:hr>160</gpxtpx:hr>
          </gpxtpx:TrackPointExtension>
        </extensions>
      </trkpt>
      <trkpt lat="28.231267597730284" lon="112.90328751312845">
        <ele>55.11844916269183</ele>
        <time>2026-09-17T13:18:32.800000Z</time>
        <extensions>
          <gpxtpx:TrackPointExtension>
            <gpxtpx:hr>160</gpxtpx:hr>
          </gpxtpx:TrackPointExtension>
        </extensions>
      </trkpt>
      <trkpt lat="28.231278011638526" lon="112.90328274177587">
        <ele>55.07259398512542</ele>
        <time>2026-09-17T13:18:33.800000Z</time>
        <extensions>
          <gpxtpx:TrackPointExtension>
            <gpxtpx:hr>160</gpxtpx:hr>
          </gpxtpx:TrackPointExtension>
        </extensions>
      </trkpt>
      <trkpt lat="28.23128904581609" lon="112.9032780887773">
        <ele>55.04493403155357</ele>
        <time>2026-09-17T13:18:34.800000Z</time>
        <extensions>
          <gpxtpx:TrackPointExtension>
            <gpxtpx:hr>160</gpxtpx:hr>
          </gpxtpx:TrackPointExtension>
        </extensions>
      </trkpt>
      <trkpt lat="28.231300655090223" lon="112.90327353376858">
        <ele>55.0348432706669</ele>
        <time>2026-09-17T13:18:35.800000Z</time>
        <extensions>
          <gpxtpx:TrackPointExtension>
            <gpxtpx:hr>160</gpxtpx:hr>
          </gpxtpx:TrackPointExtension>
        </extensions>
      </trkpt>
      <trkpt lat="28.23131248445435" lon="112.90326895815153">
        <ele>55.040958972647786</ele>
        <time>2026-09-17T13:18:36.800000Z</time>
        <extensions>
          <gpxtpx:TrackPointExtension>
            <gpxtpx:hr>160</gpxtpx:hr>
          </gpxtpx:TrackPointExtension>
        </extensions>
      </trkpt>
      <trkpt lat="28.231324329041044" lon="112.90326418833986">
        <ele>55.061138208955526</ele>
        <time>2026-09-17T13:18:37.800000Z</time>
        <extensions>
          <gpxtpx:TrackPointExtension>
            <gpxtpx:hr>160</gpxtpx:hr>
          </gpxtpx:TrackPointExtension>
        </extensions>
      </trkpt>
      <trkpt lat="28.231335933651348" lon="112.9032593712757">
        <ele>55.0924124000594</ele>
        <time>2026-09-17T13:18:38.800000Z</time>
        <extensions>
          <gpxtpx:TrackPointExtension>
            <gpxtpx:hr>160</gpxtpx:hr>
          </gpxtpx:TrackPointExtension>
        </extensions>
      </trkpt>
      <trkpt lat="28.23134730864657" lon="112.90325471756393">
        <ele>55.13137622177601</ele>
        <time>2026-09-17T13:18:39.800000Z</time>
        <extensions>
          <gpxtpx:TrackPointExtension>
            <gpxtpx:hr>160</gpxtpx:hr>
          </gpxtpx:TrackPointExtension>
        </extensions>
      </trkpt>
      <trkpt lat="28.231358543408575" lon="112.9032503388877">
        <ele>55.17499133851379</ele>
        <time>2026-09-17T13:18:40.800000Z</time>
        <extensions>
          <gpxtpx:TrackPointExtension>
            <gpxtpx:hr>160</gpxtpx:hr>
          </gpxtpx:TrackPointExtension>
        </extensions>
      </trkpt>
      <trkpt lat="28.23136963014665" lon="112.9032462919959">
        <ele>55.220869986340404</ele>
        <time>2026-09-17T13:18:41.800000Z</time>
        <extensions>
          <gpxtpx:TrackPointExtension>
            <gpxtpx:hr>161</gpxtpx:hr>
          </gpxtpx:TrackPointExtension>
        </extensions>
      </trkpt>
      <trkpt lat="28.231380464035055" lon="112.90324296804367">
        <ele>55.26712541282177</ele>
        <time>2026-09-17T13:18:42.800000Z</time>
        <extensions>
          <gpxtpx:TrackPointExtension>
            <gpxtpx:hr>161</gpxtpx:hr>
          </gpxtpx:TrackPointExtension>
        </extensions>
      </trkpt>
      <trkpt lat="28.231391089316457" lon="112.90324092898314">
        <ele>55.31228080205619</ele>
        <time>2026-09-17T13:18:43.800000Z</time>
        <extensions>
          <gpxtpx:TrackPointExtension>
            <gpxtpx:hr>161</gpxtpx:hr>
          </gpxtpx:TrackPointExtension>
        </extensions>
      </trkpt>
      <trkpt lat="28.23140176398354" lon="112.90324074410046">
        <ele>55.355180751532316</ele>
        <time>2026-09-17T13:18:44.800000Z</time>
        <extensions>
          <gpxtpx:TrackPointExtension>
            <gpxtpx:hr>161</gpxtpx:hr>
          </gpxtpx:TrackPointExtension>
        </extensions>
      </trkpt>
      <trkpt lat="28.23141249168147" lon="112.90324276517953">
        <ele>55.39490493759513</ele>
        <time>2026-09-17T13:18:45.800000Z</time>
        <extensions>
          <gpxtpx:TrackPointExtension>
            <gpxtpx:hr>161</gpxtpx:hr>
          </gpxtpx:TrackPointExtension>
        </extensions>
      </trkpt>
      <trkpt lat="28.231422958074344" lon="112.903246914304">
        <ele>55.430739373899996</ele>
        <time>2026-09-17T13:18:46.800000Z</time>
        <extensions>
          <gpxtpx:TrackPointExtension>
            <gpxtpx:hr>161</gpxtpx:hr>
          </gpxtpx:TrackPointExtension>
        </extensions>
      </trkpt>
      <trkpt lat="28.231432687709926" lon="112.90325326739176">
        <ele>55.46230646967888</ele>
        <time>2026-09-17T13:18:47.800000Z</time>
        <extensions>
          <gpxtpx:TrackPointExtension>
            <gpxtpx:hr>162</gpxtpx:hr>
          </gpxtpx:TrackPointExtension>
        </extensions>
      </trkpt>
      <trkpt lat="28.231441267793738" lon="112.90326140809545">
        <ele>55.48977599013597</ele>
        <time>2026-09-17T13:18:48.800000Z</time>
        <extensions>
          <gpxtpx:TrackPointExtension>
            <gpxtpx:hr>162</gpxtpx:hr>
          </gpxtpx:TrackPointExtension>
        </extensions>
      </trkpt>
      <trkpt lat="28.231448800777965" lon="112.90327045410335">
        <ele>55.51392756681889</ele>
        <time>2026-09-17T13:18:49.800000Z</time>
        <extensions>
          <gpxtpx:TrackPointExtension>
            <gpxtpx:hr>162</gpxtpx:hr>
          </gpxtpx:TrackPointExtension>
        </extensions>
      </trkpt>
      <trkpt lat="28.231455713017493" lon="112.90327987040884">
        <ele>55.53596290294081</ele>
        <time>2026-09-17T13:18:50.800000Z</time>
        <extensions>
          <gpxtpx:TrackPointExtension>
            <gpxtpx:hr>162</gpxtpx:hr>
          </gpxtpx:TrackPointExtension>
        </extensions>
      </trkpt>
    </trkseg>
  </trk>
</gpx>